entry,modo,rodada,top1_chamfer,global_chamfer,melhor_rank_chamfer,improvement,n_copias,lambda,tempo_s,envelope_pts,pdbs_avaliados,n_ranks,best_pdb,caminho
SASDA25,packing,rodada_1,8.558052,5.264631,6.4631,YES,3.0,50.0,0.17,1043.0,,3,,SASDA25/packing_result/rodada_1/report.txt
SASDA25,packing,rodada_2,8.547808,2.731394,3.5703,YES,3.0,50.0,0.16,1043.0,,3,,SASDA25/packing_result/rodada_2/report.txt
SASDA25,packing,rodada_3,9.003554,3.216471,3.7347,YES,3.0,50.0,0.16,1043.0,,3,,SASDA25/packing_result/rodada_3/report.txt
SASDA26,single,rodada_1,12.819581,,,,,,0.07,295.0,1.0,,SASDA26_fit1_model1.pdb,SASDA26/single_result/rodada_1/report.txt
SASDA26,single,rodada_2,12.819581,,,,,,0.07,295.0,1.0,,SASDA26_fit1_model1.pdb,SASDA26/single_result/rodada_2/report.txt
SASDA26,single,rodada_3,12.819581,,,,,,0.07,295.0,1.0,,SASDA26_fit1_model1.pdb,SASDA26/single_result/rodada_3/report.txt
SASDA27,packing,rodada_1,20.129651,4.928504,4.9295,YES,2.0,50.0,0.58,975.0,,2,,SASDA27/packing_result/rodada_1/report.txt
SASDA27,packing,rodada_2,15.599817,5.261548,5.2657,YES,2.0,50.0,0.57,975.0,,2,,SASDA27/packing_result/rodada_2/report.txt
SASDA27,packing,rodada_3,19.368817,5.313282,5.3368,YES,2.0,50.0,0.57,975.0,,2,,SASDA27/packing_result/rodada_3/report.txt
SASDA28,single,rodada_1,3.631816,,,,,,0.61,980.0,1.0,,SASDA28_fit1_model1.pdb,SASDA28/single_result/rodada_1/report.txt
SASDA28,single,rodada_2,3.631816,,,,,,0.61,980.0,1.0,,SASDA28_fit1_model1.pdb,SASDA28/single_result/rodada_2/report.txt
SASDA28,single,rodada_3,3.631816,,,,,,0.61,980.0,1.0,,SASDA28_fit1_model1.pdb,SASDA28/single_result/rodada_3/report.txt
SASDA32,packing,rodada_1,12.924775,4.073525,4.0757,YES,2.0,50.0,0.33,1317.0,,2,,SASDA32/packing_result/rodada_1/report.txt
SASDA32,packing,rodada_2,12.886824,4.885704,4.89,YES,2.0,50.0,0.33,1317.0,,2,,SASDA32/packing_result/rodada_2/report.txt
SASDA32,packing,rodada_3,12.830399,5.28682,5.2914,YES,2.0,50.0,0.33,1317.0,,2,,SASDA32/packing_result/rodada_3/report.txt
SASDA35,packing,rodada_1,5.787528,5.787528,5.7875,NO,1.0,50.0,0.06,1108.0,,1,,SASDA35/packing_result/rodada_1/report.txt
SASDA35,packing,rodada_2,4.357066,4.357066,4.3571,NO,1.0,50.0,0.06,1108.0,,1,,SASDA35/packing_result/rodada_2/report.txt
SASDA35,packing,rodada_3,4.293365,4.293365,4.2934,NO,1.0,50.0,0.06,1108.0,,1,,SASDA35/packing_result/rodada_3/report.txt
SASDA37,packing,rodada_1,3.279741,3.296776,3.2797,NO,2.0,50.0,0.15,326.0,,2,,SASDA37/packing_result/rodada_1/report.txt
SASDA37,packing,rodada_2,3.326484,3.296321,3.3265,YES,2.0,50.0,0.15,326.0,,2,,SASDA37/packing_result/rodada_2/report.txt
SASDA37,packing,rodada_3,3.621026,3.712867,3.621,NO,2.0,50.0,0.15,326.0,,2,,SASDA37/packing_result/rodada_3/report.txt
SASDA38,single,rodada_1,13.716578,,,,,,0.77,774.0,1.0,,SASDA38_fit1_model1.pdb,SASDA38/single_result/rodada_1/report.txt
SASDA38,single,rodada_2,13.716578,,,,,,0.77,774.0,1.0,,SASDA38_fit1_model1.pdb,SASDA38/single_result/rodada_2/report.txt
SASDA38,single,rodada_3,13.716578,,,,,,0.77,774.0,1.0,,SASDA38_fit1_model1.pdb,SASDA38/single_result/rodada_3/report.txt
SASDA39,packing,rodada_1,8.344443,3.674582,3.682,YES,2.0,50.0,0.14,2216.0,,2,,SASDA39/packing_result/rodada_1/report.txt
SASDA39,packing,rodada_2,8.350786,3.067016,3.0732,YES,2.0,50.0,0.14,2216.0,,2,,SASDA39/packing_result/rodada_2/report.txt
SASDA39,packing,rodada_3,8.331261,3.590388,3.5992,YES,2.0,50.0,0.14,2216.0,,2,,SASDA39/packing_result/rodada_3/report.txt
SASDA45,single,rodada_1,5.66309,,,,,,3.22,938.0,1.0,,SASDA45_fit1_model1.pdb,SASDA45/single_result/rodada_1/report.txt
SASDA45,single,rodada_2,5.66309,,,,,,3.21,938.0,1.0,,SASDA45_fit1_model1.pdb,SASDA45/single_result/rodada_2/report.txt
SASDA45,single,rodada_3,5.66309,,,,,,3.23,938.0,1.0,,SASDA45_fit1_model1.pdb,SASDA45/single_result/rodada_3/report.txt
SASDA46,packing,rodada_1,5.530884,5.085961,5.5309,YES,2.0,50.0,0.13,1125.0,,2,,SASDA46/packing_result/rodada_1/report.txt
SASDA46,packing,rodada_2,5.386376,5.153052,5.3864,YES,2.0,50.0,0.13,1125.0,,2,,SASDA46/packing_result/rodada_2/report.txt
SASDA46,packing,rodada_3,7.145673,6.284468,7.1457,YES,2.0,50.0,0.14,1125.0,,2,,SASDA46/packing_result/rodada_3/report.txt
SASDA47,packing,rodada_1,6.043943,6.258693,6.0439,NO,2.0,50.0,0.16,133.0,,2,,SASDA47/packing_result/rodada_1/report.txt
SASDA47,packing,rodada_2,5.97006,5.720619,5.9701,YES,2.0,50.0,0.16,133.0,,2,,SASDA47/packing_result/rodada_2/report.txt
SASDA47,packing,rodada_3,6.000218,5.648638,6.0002,YES,2.0,50.0,0.16,133.0,,2,,SASDA47/packing_result/rodada_3/report.txt
SASDA48,packing,rodada_1,6.982766,4.668053,6.9828,YES,2.0,50.0,0.57,1927.0,,2,,SASDA48/packing_result/rodada_1/report.txt
SASDA48,packing,rodada_2,7.624856,5.851857,7.6249,YES,2.0,50.0,0.56,1927.0,,2,,SASDA48/packing_result/rodada_2/report.txt
SASDA48,packing,rodada_3,5.197604,4.1623,5.1976,YES,2.0,50.0,0.57,1927.0,,2,,SASDA48/packing_result/rodada_3/report.txt
SASDA49,packing,rodada_1,24.181719,8.328707,11.1437,YES,3.0,50.0,1.05,804.0,,3,,SASDA49/packing_result/rodada_1/report.txt
SASDA49,packing,rodada_2,24.908447,10.658793,13.907,YES,3.0,50.0,1.04,804.0,,3,,SASDA49/packing_result/rodada_2/report.txt
SASDA49,packing,rodada_3,24.960111,8.196862,11.0995,YES,3.0,50.0,1.06,804.0,,3,,SASDA49/packing_result/rodada_3/report.txt
SASDA52,packing,rodada_1,13.829641,4.153769,4.1648,YES,2.0,50.0,0.7,1279.0,,2,,SASDA52/packing_result/rodada_1/report.txt
SASDA52,packing,rodada_2,13.968938,3.549713,3.5599,YES,2.0,50.0,0.7,1279.0,,2,,SASDA52/packing_result/rodada_2/report.txt
SASDA52,packing,rodada_3,13.732025,3.508394,3.5186,YES,2.0,50.0,0.7,1279.0,,2,,SASDA52/packing_result/rodada_3/report.txt
SASDA54,single,rodada_1,4.7234,,,,,,0.08,341.0,1.0,,SASDA54_fit1_model1.pdb,SASDA54/single_result/rodada_1/report.txt
SASDA54,single,rodada_2,4.7234,,,,,,0.08,341.0,1.0,,SASDA54_fit1_model1.pdb,SASDA54/single_result/rodada_2/report.txt
SASDA54,single,rodada_3,4.7234,,,,,,0.08,341.0,1.0,,SASDA54_fit1_model1.pdb,SASDA54/single_result/rodada_3/report.txt
SASDA55,packing,rodada_1,7.228162,6.982432,7.2282,YES,2.0,50.0,0.31,650.0,,2,,SASDA55/packing_result/rodada_1/report.txt
SASDA55,packing,rodada_2,6.48392,5.892094,6.4839,YES,2.0,50.0,0.32,650.0,,2,,SASDA55/packing_result/rodada_2/report.txt
SASDA55,packing,rodada_3,6.315551,5.928059,6.3156,YES,2.0,50.0,0.32,650.0,,2,,SASDA55/packing_result/rodada_3/report.txt
SASDA56,packing,rodada_1,,,,,,,,,,,,SASDA56/packing_result/rodada_1/report.txt
SASDA56,packing,rodada_2,,,,,,,,,,,,SASDA56/packing_result/rodada_2/report.txt
SASDA56,packing,rodada_3,,,,,,,,,,,,SASDA56/packing_result/rodada_3/report.txt
SASDA57,packing,rodada_1,6.996266,7.154363,6.9963,NO,2.0,50.0,0.19,95.0,,2,,SASDA57/packing_result/rodada_1/report.txt
SASDA57,packing,rodada_2,6.632183,7.056543,6.6322,NO,2.0,50.0,0.19,95.0,,2,,SASDA57/packing_result/rodada_2/report.txt
SASDA57,packing,rodada_3,6.997324,6.942749,6.9973,YES,2.0,50.0,0.19,95.0,,2,,SASDA57/packing_result/rodada_3/report.txt
SASDA58,packing,rodada_1,4.017756,3.375924,4.0178,YES,2.0,50.0,0.29,1035.0,,2,,SASDA58/packing_result/rodada_1/report.txt
SASDA58,packing,rodada_2,8.088892,5.608929,5.8161,YES,2.0,50.0,0.3,1035.0,,2,,SASDA58/packing_result/rodada_2/report.txt
SASDA58,packing,rodada_3,3.558939,2.846439,3.5589,YES,2.0,50.0,0.29,1035.0,,2,,SASDA58/packing_result/rodada_3/report.txt
SASDA59,packing,rodada_1,28.353613,14.163973,9.6272,YES,3.0,50.0,1.0,310.0,,3,,SASDA59/packing_result/rodada_1/report.txt
SASDA59,packing,rodada_2,27.761393,10.026561,12.0019,YES,3.0,50.0,0.98,310.0,,3,,SASDA59/packing_result/rodada_2/report.txt
SASDA59,packing,rodada_3,28.28297,11.406058,16.5476,YES,3.0,50.0,1.01,310.0,,3,,SASDA59/packing_result/rodada_3/report.txt
SASDA62,packing,rodada_1,16.576738,5.385301,5.4261,YES,2.0,50.0,0.87,785.0,,2,,SASDA62/packing_result/rodada_1/report.txt
SASDA62,packing,rodada_2,16.515887,7.768308,7.7983,YES,2.0,50.0,0.89,785.0,,2,,SASDA62/packing_result/rodada_2/report.txt
SASDA62,packing,rodada_3,16.432494,5.510178,5.5452,YES,2.0,50.0,0.87,785.0,,2,,SASDA62/packing_result/rodada_3/report.txt
SASDA67,packing,rodada_1,13.053636,9.891083,13.0536,YES,2.0,50.0,0.23,74.0,,2,,SASDA67/packing_result/rodada_1/report.txt
SASDA67,packing,rodada_2,11.450357,10.712166,11.4504,YES,2.0,50.0,0.23,74.0,,2,,SASDA67/packing_result/rodada_2/report.txt
SASDA67,packing,rodada_3,22.069929,33.915209,22.0699,NO,2.0,50.0,0.23,74.0,,2,,SASDA67/packing_result/rodada_3/report.txt
SASDA68,single,rodada_1,4.60753,,,,,,1.51,785.0,1.0,,SASDA68_fit1_model1.pdb,SASDA68/single_result/rodada_1/report.txt
SASDA68,single,rodada_2,4.60753,,,,,,1.5,785.0,1.0,,SASDA68_fit1_model1.pdb,SASDA68/single_result/rodada_2/report.txt
SASDA68,single,rodada_3,4.60753,,,,,,1.51,785.0,1.0,,SASDA68_fit1_model1.pdb,SASDA68/single_result/rodada_3/report.txt
SASDA69,packing,rodada_1,31.130392,21.664532,16.7806,YES,3.0,50.0,0.99,235.0,,3,,SASDA69/packing_result/rodada_1/report.txt
SASDA69,packing,rodada_2,31.050196,11.181601,14.1204,YES,3.0,50.0,0.94,235.0,,3,,SASDA69/packing_result/rodada_2/report.txt
SASDA69,packing,rodada_3,31.258194,12.657468,13.9267,YES,3.0,50.0,0.95,235.0,,3,,SASDA69/packing_result/rodada_3/report.txt
SASDA77,packing,rodada_1,14.053415,13.261285,14.0534,YES,2.0,50.0,0.28,69.0,,2,,SASDA77/packing_result/rodada_1/report.txt
SASDA77,packing,rodada_2,14.664783,11.817295,14.6648,YES,2.0,50.0,0.27,69.0,,2,,SASDA77/packing_result/rodada_2/report.txt
SASDA77,packing,rodada_3,14.660364,12.214991,14.6604,YES,2.0,50.0,0.27,69.0,,2,,SASDA77/packing_result/rodada_3/report.txt
SASDA78,single,rodada_1,2.780806,,,,,,0.41,886.0,1.0,,SASDA78_fit1_model1.pdb,SASDA78/single_result/rodada_1/report.txt
SASDA78,single,rodada_2,2.780806,,,,,,0.41,886.0,1.0,,SASDA78_fit1_model1.pdb,SASDA78/single_result/rodada_2/report.txt
SASDA78,single,rodada_3,2.780806,,,,,,0.41,886.0,1.0,,SASDA78_fit1_model1.pdb,SASDA78/single_result/rodada_3/report.txt
SASDA82,packing,rodada_1,18.818729,3.915419,3.9408,YES,2.0,50.0,1.84,1078.0,,2,,SASDA82/packing_result/rodada_1/report.txt
SASDA82,packing,rodada_2,19.787318,3.946775,3.9716,YES,2.0,50.0,1.83,1078.0,,2,,SASDA82/packing_result/rodada_2/report.txt
SASDA82,packing,rodada_3,4.03508,4.022754,4.0351,YES,2.0,50.0,1.81,1078.0,,2,,SASDA82/packing_result/rodada_3/report.txt
SASDA84,single,rodada_1,4.931728,,,,,,0.27,3523.0,1.0,,SASDA84_fit1_model1.pdb,SASDA84/single_result/rodada_1/report.txt
SASDA84,single,rodada_2,4.931728,,,,,,0.27,3523.0,1.0,,SASDA84_fit1_model1.pdb,SASDA84/single_result/rodada_2/report.txt
SASDA84,single,rodada_3,4.931728,,,,,,0.27,3523.0,1.0,,SASDA84_fit1_model1.pdb,SASDA84/single_result/rodada_3/report.txt
SASDA85,packing,rodada_1,17.737051,12.058259,11.931,YES,6.0,50.0,0.26,5178.0,,6,,SASDA85/packing_result/rodada_1/report.txt
SASDA85,packing,rodada_2,18.304217,12.191764,11.5895,YES,6.0,50.0,0.26,5178.0,,6,,SASDA85/packing_result/rodada_2/report.txt
SASDA85,packing,rodada_3,21.463812,12.042512,12.8439,YES,6.0,50.0,0.26,5178.0,,6,,SASDA85/packing_result/rodada_3/report.txt
SASDA87,packing,rodada_1,25.500807,20.877089,25.5008,YES,2.0,50.0,0.33,74.0,,2,,SASDA87/packing_result/rodada_1/report.txt
SASDA87,packing,rodada_2,27.650579,22.220404,27.6506,YES,2.0,50.0,0.33,74.0,,2,,SASDA87/packing_result/rodada_2/report.txt
SASDA87,packing,rodada_3,25.528883,27.430673,25.5289,NO,2.0,50.0,0.33,74.0,,2,,SASDA87/packing_result/rodada_3/report.txt
SASDA88,packing,rodada_1,4.43321,3.913192,4.4332,YES,2.0,50.0,0.13,426.0,,2,,SASDA88/packing_result/rodada_1/report.txt
SASDA88,packing,rodada_2,3.9816,3.80814,3.9816,YES,2.0,50.0,0.13,426.0,,2,,SASDA88/packing_result/rodada_2/report.txt
SASDA88,packing,rodada_3,3.948509,3.851674,3.9485,YES,2.0,50.0,0.13,426.0,,2,,SASDA88/packing_result/rodada_3/report.txt
SASDA89,single,rodada_1,5.688082,,,,,,1.91,1161.0,1.0,,SASDA89_fit1_model1.pdb,SASDA89/single_result/rodada_1/report.txt
SASDA89,single,rodada_2,5.688082,,,,,,1.93,1161.0,1.0,,SASDA89_fit1_model1.pdb,SASDA89/single_result/rodada_2/report.txt
SASDA89,single,rodada_3,5.688082,,,,,,1.92,1161.0,1.0,,SASDA89_fit1_model1.pdb,SASDA89/single_result/rodada_3/report.txt
SASDA92,packing,rodada_1,15.500032,3.380456,3.3838,YES,2.0,50.0,0.97,1491.0,,2,,SASDA92/packing_result/rodada_1/report.txt
SASDA92,packing,rodada_2,15.414379,3.912479,3.9158,YES,2.0,50.0,0.97,1491.0,,2,,SASDA92/packing_result/rodada_2/report.txt
SASDA92,packing,rodada_3,15.40991,3.636659,3.6406,YES,2.0,50.0,0.97,1491.0,,2,,SASDA92/packing_result/rodada_3/report.txt
SASDA94,packing,rodada_1,5.08694,3.86068,4.2445,YES,2.0,50.0,0.17,1756.0,,2,,SASDA94/packing_result/rodada_1/report.txt
SASDA94,packing,rodada_2,5.345427,4.095124,4.248,YES,2.0,50.0,0.16,1756.0,,2,,SASDA94/packing_result/rodada_2/report.txt
SASDA94,packing,rodada_3,7.425751,6.796407,7.4258,YES,2.0,50.0,0.17,1756.0,,2,,SASDA94/packing_result/rodada_3/report.txt
SASDA95,single,rodada_1,16.29923,,,,,,0.18,2018.0,1.0,,SASDA95_fit1_model1.pdb,SASDA95/single_result/rodada_1/report.txt
SASDA95,single,rodada_2,16.29923,,,,,,0.18,2018.0,1.0,,SASDA95_fit1_model1.pdb,SASDA95/single_result/rodada_2/report.txt
SASDA95,single,rodada_3,16.29923,,,,,,0.18,2018.0,1.0,,SASDA95_fit1_model1.pdb,SASDA95/single_result/rodada_3/report.txt
SASDA96,packing,rodada_1,2.226998,1.898248,2.227,YES,3.0,50.0,0.15,1466.0,,3,,SASDA96/packing_result/rodada_1/report.txt
SASDA96,packing,rodada_2,2.187025,1.538625,1.934,YES,3.0,50.0,0.16,1466.0,,3,,SASDA96/packing_result/rodada_2/report.txt
SASDA96,packing,rodada_3,1.993802,1.585973,1.9938,YES,3.0,50.0,0.15,1466.0,,3,,SASDA96/packing_result/rodada_3/report.txt
SASDA97,single,rodada_1,7.186102,,,,,,0.16,1251.0,1.0,,SASDA97_fit1_model1.pdb,SASDA97/single_result/rodada_1/report.txt
SASDA97,single,rodada_2,7.186102,,,,,,0.16,1251.0,1.0,,SASDA97_fit1_model1.pdb,SASDA97/single_result/rodada_2/report.txt
SASDA97,single,rodada_3,7.186102,,,,,,0.16,1251.0,1.0,,SASDA97_fit1_model1.pdb,SASDA97/single_result/rodada_3/report.txt
SASDA98,single,rodada_1,17.283157,,,,,,0.1,527.0,1.0,,SASDA98_fit1_model1.pdb,SASDA98/single_result/rodada_1/report.txt
SASDA98,single,rodada_2,17.283157,,,,,,0.1,527.0,1.0,,SASDA98_fit1_model1.pdb,SASDA98/single_result/rodada_2/report.txt
SASDA98,single,rodada_3,17.283157,,,,,,0.1,527.0,1.0,,SASDA98_fit1_model1.pdb,SASDA98/single_result/rodada_3/report.txt
SASDA99,single,rodada_1,6.080235,,,,,,1.87,786.0,1.0,,SASDA99_fit1_model1.pdb,SASDA99/single_result/rodada_1/report.txt
SASDA99,single,rodada_2,6.080235,,,,,,1.89,786.0,1.0,,SASDA99_fit1_model1.pdb,SASDA99/single_result/rodada_2/report.txt
SASDA99,single,rodada_3,6.080235,,,,,,1.88,786.0,1.0,,SASDA99_fit1_model1.pdb,SASDA99/single_result/rodada_3/report.txt
SASDAA2,packing,rodada_1,14.684441,5.156707,5.1617,YES,2.0,50.0,0.35,1627.0,,2,,SASDAA2/packing_result/rodada_1/report.txt
SASDAA2,packing,rodada_2,15.375852,4.704761,4.706,YES,2.0,50.0,0.35,1627.0,,2,,SASDAA2/packing_result/rodada_2/report.txt
SASDAA2,packing,rodada_3,15.885661,6.073749,6.074,YES,2.0,50.0,0.36,1627.0,,2,,SASDAA2/packing_result/rodada_3/report.txt
SASDAA5,single,rodada_1,15.922537,,,,,,0.14,1439.0,1.0,,SASDAA5_fit1_model1.pdb,SASDAA5/single_result/rodada_1/report.txt
SASDAA5,single,rodada_2,15.922537,,,,,,0.14,1439.0,1.0,,SASDAA5_fit1_model1.pdb,SASDAA5/single_result/rodada_2/report.txt
SASDAA5,single,rodada_3,15.922537,,,,,,0.14,1439.0,1.0,,SASDAA5_fit1_model1.pdb,SASDAA5/single_result/rodada_3/report.txt
SASDAA6,packing,rodada_1,3.678588,2.9146,3.6786,YES,3.0,50.0,0.37,1350.0,,3,,SASDAA6/packing_result/rodada_1/report.txt
SASDAA6,packing,rodada_2,3.764058,2.673656,3.6801,YES,3.0,50.0,0.38,1350.0,,3,,SASDAA6/packing_result/rodada_2/report.txt
SASDAA6,packing,rodada_3,4.999367,2.660516,3.6331,YES,3.0,50.0,0.38,1350.0,,3,,SASDAA6/packing_result/rodada_3/report.txt
SASDAA7,single,rodada_1,3.261958,,,,,,2.13,5632.0,1.0,,SASDAA7_fit1_model1.pdb,SASDAA7/single_result/rodada_1/report.txt
SASDAA7,single,rodada_2,3.271112,,,,,,2.13,5632.0,1.0,,SASDAA7_fit1_model1.pdb,SASDAA7/single_result/rodada_2/report.txt
SASDAA7,single,rodada_3,3.261828,,,,,,2.12,5632.0,1.0,,SASDAA7_fit1_model1.pdb,SASDAA7/single_result/rodada_3/report.txt
SASDAA8,single,rodada_1,2.038801,,,,,,0.46,1749.0,1.0,,SASDAA8_fit1_model1.pdb,SASDAA8/single_result/rodada_1/report.txt
SASDAA8,single,rodada_2,2.038801,,,,,,0.46,1749.0,1.0,,SASDAA8_fit1_model1.pdb,SASDAA8/single_result/rodada_2/report.txt
SASDAA8,single,rodada_3,2.038801,,,,,,0.46,1749.0,1.0,,SASDAA8_fit1_model1.pdb,SASDAA8/single_result/rodada_3/report.txt
SASDAA9,packing,rodada_1,4.100799,4.042084,4.1008,YES,2.0,50.0,0.65,1170.0,,2,,SASDAA9/packing_result/rodada_1/report.txt
SASDAA9,packing,rodada_2,4.498059,4.384404,4.4981,YES,2.0,50.0,0.65,1170.0,,2,,SASDAA9/packing_result/rodada_2/report.txt
SASDAA9,packing,rodada_3,3.859197,3.818136,3.8592,YES,2.0,50.0,0.64,1170.0,,2,,SASDAA9/packing_result/rodada_3/report.txt
SASDAB2,single,rodada_1,1.69851,,,,,,0.3,1602.0,1.0,,SASDAB2_fit1_model1.pdb,SASDAB2/single_result/rodada_1/report.txt
SASDAB2,single,rodada_2,1.69851,,,,,,0.3,1602.0,1.0,,SASDAB2_fit1_model1.pdb,SASDAB2/single_result/rodada_2/report.txt
SASDAB2,single,rodada_3,1.69851,,,,,,0.3,1602.0,1.0,,SASDAB2_fit1_model1.pdb,SASDAB2/single_result/rodada_3/report.txt
SASDAB4,packing,rodada_1,16.460257,9.785588,11.3472,YES,2.0,50.0,0.34,805.0,,2,,SASDAB4/packing_result/rodada_1/report.txt
SASDAB4,packing,rodada_2,6.971695,6.771144,6.9717,YES,2.0,50.0,0.34,805.0,,2,,SASDAB4/packing_result/rodada_2/report.txt
SASDAB4,packing,rodada_3,9.338403,8.200022,9.3384,YES,2.0,50.0,0.35,805.0,,2,,SASDAB4/packing_result/rodada_3/report.txt
SASDAB5,single,rodada_1,12.839843,,,,,,0.16,1704.0,1.0,,SASDAB5_fit1_model1.pdb,SASDAB5/single_result/rodada_1/report.txt
SASDAB5,single,rodada_2,12.839843,,,,,,0.16,1704.0,1.0,,SASDAB5_fit1_model1.pdb,SASDAB5/single_result/rodada_2/report.txt
SASDAB5,single,rodada_3,12.839843,,,,,,0.16,1704.0,1.0,,SASDAB5_fit1_model1.pdb,SASDAB5/single_result/rodada_3/report.txt
SASDAB6,packing,rodada_1,13.688826,3.069196,3.0721,YES,2.0,50.0,0.78,1740.0,,2,,SASDAB6/packing_result/rodada_1/report.txt
SASDAB6,packing,rodada_2,13.647185,3.099454,3.1032,YES,2.0,50.0,0.77,1740.0,,2,,SASDAB6/packing_result/rodada_2/report.txt
SASDAB6,packing,rodada_3,13.630575,2.913428,2.9162,YES,2.0,50.0,0.78,1740.0,,2,,SASDAB6/packing_result/rodada_3/report.txt
SASDAB7,single,rodada_1,4.043296,,,,,,0.87,646.0,1.0,,SASDAB7_fit1_model1.pdb,SASDAB7/single_result/rodada_1/report.txt
SASDAB7,single,rodada_2,4.043296,,,,,,0.83,646.0,1.0,,SASDAB7_fit1_model1.pdb,SASDAB7/single_result/rodada_2/report.txt
SASDAB7,single,rodada_3,4.043296,,,,,,0.84,646.0,1.0,,SASDAB7_fit1_model1.pdb,SASDAB7/single_result/rodada_3/report.txt
SASDAB8,packing,rodada_1,14.82626,10.248868,12.8444,YES,3.0,50.0,0.76,184.0,,3,,SASDAB8/packing_result/rodada_1/report.txt
SASDAB8,packing,rodada_2,9.186993,7.829381,9.187,YES,3.0,50.0,0.73,184.0,,3,,SASDAB8/packing_result/rodada_2/report.txt
SASDAB8,packing,rodada_3,14.782453,12.616456,14.7825,YES,3.0,50.0,0.76,184.0,,3,,SASDAB8/packing_result/rodada_3/report.txt
SASDAB9,packing,rodada_1,8.185963,4.873823,5.0844,YES,2.0,50.0,0.39,994.0,,2,,SASDAB9/packing_result/rodada_1/report.txt
SASDAB9,packing,rodada_2,6.906645,4.566149,4.7269,YES,2.0,50.0,0.37,994.0,,2,,SASDAB9/packing_result/rodada_2/report.txt
SASDAB9,packing,rodada_3,7.792859,5.939908,6.2077,YES,2.0,50.0,0.38,994.0,,2,,SASDAB9/packing_result/rodada_3/report.txt
SASDAC2,packing,rodada_1,6.183003,1.972489,1.9803,YES,2.0,50.0,0.15,815.0,,2,,SASDAC2/packing_result/rodada_1/report.txt
SASDAC2,packing,rodada_2,6.31924,2.079187,2.0855,YES,2.0,50.0,0.15,815.0,,2,,SASDAC2/packing_result/rodada_2/report.txt
SASDAC2,packing,rodada_3,6.40567,2.168279,2.175,YES,2.0,50.0,0.15,815.0,,2,,SASDAC2/packing_result/rodada_3/report.txt
SASDAC4,packing,rodada_1,3.784992,3.642615,3.785,YES,2.0,50.0,0.19,424.0,,2,,SASDAC4/packing_result/rodada_1/report.txt
SASDAC4,packing,rodada_2,3.817566,3.640733,3.8176,YES,2.0,50.0,0.2,424.0,,2,,SASDAC4/packing_result/rodada_2/report.txt
SASDAC4,packing,rodada_3,6.560105,5.815212,6.5601,YES,2.0,50.0,0.19,424.0,,2,,SASDAC4/packing_result/rodada_3/report.txt
SASDAC5,packing,rodada_1,31.719232,10.46373,10.5106,YES,2.0,50.0,0.58,1337.0,,2,,SASDAC5/packing_result/rodada_1/report.txt
SASDAC5,packing,rodada_2,34.595035,12.698793,13.3285,YES,2.0,50.0,0.62,1337.0,,2,,SASDAC5/packing_result/rodada_2/report.txt
SASDAC5,packing,rodada_3,33.990825,9.981376,10.1694,YES,2.0,50.0,0.57,1337.0,,2,,SASDAC5/packing_result/rodada_3/report.txt
SASDAC6,packing,rodada_1,3.547348,2.790928,3.5473,YES,2.0,50.0,0.14,889.0,,2,,SASDAC6/packing_result/rodada_1/report.txt
SASDAC6,packing,rodada_2,2.752265,2.188252,2.7523,YES,2.0,50.0,0.14,889.0,,2,,SASDAC6/packing_result/rodada_2/report.txt
SASDAC6,packing,rodada_3,4.49979,3.392679,4.2706,YES,2.0,50.0,0.14,889.0,,2,,SASDAC6/packing_result/rodada_3/report.txt
SASDAC7,single,rodada_1,7.785233,,,,,,0.67,1162.0,1.0,,SASDAC7_fit1_model1.pdb,SASDAC7/single_result/rodada_1/report.txt
SASDAC7,single,rodada_2,7.785233,,,,,,0.67,1162.0,1.0,,SASDAC7_fit1_model1.pdb,SASDAC7/single_result/rodada_2/report.txt
SASDAC7,single,rodada_3,7.785233,,,,,,0.67,1162.0,1.0,,SASDAC7_fit1_model1.pdb,SASDAC7/single_result/rodada_3/report.txt
SASDAC8,single,rodada_1,3.907243,,,,,,1.53,1133.0,1.0,,SASDAC8_fit1_model1.pdb,SASDAC8/single_result/rodada_1/report.txt
SASDAC8,single,rodada_2,3.907243,,,,,,1.53,1133.0,1.0,,SASDAC8_fit1_model1.pdb,SASDAC8/single_result/rodada_2/report.txt
SASDAC8,single,rodada_3,3.907243,,,,,,1.53,1133.0,1.0,,SASDAC8_fit1_model1.pdb,SASDAC8/single_result/rodada_3/report.txt
SASDAC9,packing,rodada_1,7.726311,5.801992,7.7263,YES,2.0,50.0,0.42,1043.0,,2,,SASDAC9/packing_result/rodada_1/report.txt
SASDAC9,packing,rodada_2,7.759313,6.445624,7.7593,YES,2.0,50.0,0.41,1043.0,,2,,SASDAC9/packing_result/rodada_2/report.txt
SASDAC9,packing,rodada_3,7.94962,6.485487,7.9496,YES,2.0,50.0,0.41,1043.0,,2,,SASDAC9/packing_result/rodada_3/report.txt
SASDAD4,packing,rodada_1,14.084242,10.337183,13.2269,YES,2.0,50.0,0.11,574.0,,2,,SASDAD4/packing_result/rodada_1/report.txt
SASDAD4,packing,rodada_2,13.888568,11.763536,13.8886,YES,2.0,50.0,0.12,574.0,,2,,SASDAD4/packing_result/rodada_2/report.txt
SASDAD4,packing,rodada_3,13.264881,9.86424,12.2756,YES,2.0,50.0,0.11,574.0,,2,,SASDAD4/packing_result/rodada_3/report.txt
SASDAD5,packing,rodada_1,23.554253,16.168378,16.6883,YES,2.0,50.0,3.18,609.0,,2,,SASDAD5/packing_result/rodada_1/report.txt
SASDAD5,packing,rodada_2,12.644485,11.959621,12.6445,YES,2.0,50.0,3.12,609.0,,2,,SASDAD5/packing_result/rodada_2/report.txt
SASDAD5,packing,rodada_3,19.248229,19.720256,19.2482,NO,2.0,50.0,3.37,609.0,,2,,SASDAD5/packing_result/rodada_3/report.txt
SASDAD7,packing,rodada_1,7.972157,6.522729,7.9722,YES,2.0,50.0,0.35,1083.0,,2,,SASDAD7/packing_result/rodada_1/report.txt
SASDAD7,packing,rodada_2,9.765132,9.649919,9.7651,YES,2.0,50.0,0.36,1083.0,,2,,SASDAD7/packing_result/rodada_2/report.txt
SASDAD7,packing,rodada_3,7.670891,5.33338,7.6709,YES,2.0,50.0,0.35,1083.0,,2,,SASDAD7/packing_result/rodada_3/report.txt
SASDAE4,packing,rodada_1,8.640099,7.62973,8.6401,YES,2.0,50.0,0.18,577.0,,2,,SASDAE4/packing_result/rodada_1/report.txt
SASDAE4,packing,rodada_2,9.099544,6.673334,9.0995,YES,2.0,50.0,0.18,577.0,,2,,SASDAE4/packing_result/rodada_2/report.txt
SASDAE4,packing,rodada_3,8.592021,6.706528,8.592,YES,2.0,50.0,0.18,577.0,,2,,SASDAE4/packing_result/rodada_3/report.txt
SASDAE5,packing,rodada_1,15.982667,5.367854,5.3806,YES,2.0,50.0,0.45,2007.0,,2,,SASDAE5/packing_result/rodada_1/report.txt
SASDAE5,packing,rodada_2,16.069514,6.356514,6.3772,YES,2.0,50.0,0.45,2007.0,,2,,SASDAE5/packing_result/rodada_2/report.txt
SASDAE5,packing,rodada_3,15.90141,6.363864,6.3875,YES,2.0,50.0,0.45,2007.0,,2,,SASDAE5/packing_result/rodada_3/report.txt
SASDAE6,packing,rodada_1,5.695572,6.48407,5.6956,NO,2.0,50.0,0.13,408.0,,2,,SASDAE6/packing_result/rodada_1/report.txt
SASDAE6,packing,rodada_2,5.17042,6.218583,5.1704,NO,2.0,50.0,0.13,408.0,,2,,SASDAE6/packing_result/rodada_2/report.txt
SASDAE6,packing,rodada_3,4.944132,5.2735,4.9441,NO,2.0,50.0,0.13,408.0,,2,,SASDAE6/packing_result/rodada_3/report.txt
SASDAE7,packing,rodada_1,11.652857,4.884184,5.9988,YES,4.0,50.0,0.45,1038.0,,4,,SASDAE7/packing_result/rodada_1/report.txt
SASDAE7,packing,rodada_2,11.358833,5.554876,6.8379,YES,4.0,50.0,0.47,1038.0,,4,,SASDAE7/packing_result/rodada_2/report.txt
SASDAE7,packing,rodada_3,11.296902,5.514809,5.9878,YES,4.0,50.0,0.47,1038.0,,4,,SASDAE7/packing_result/rodada_3/report.txt
SASDAF5,packing,rodada_1,17.504617,8.668962,8.9778,YES,2.0,50.0,0.48,1694.0,,2,,SASDAF5/packing_result/rodada_1/report.txt
SASDAF5,packing,rodada_2,17.481938,4.935872,4.9508,YES,2.0,50.0,0.43,1694.0,,2,,SASDAF5/packing_result/rodada_2/report.txt
SASDAF5,packing,rodada_3,17.500511,8.819763,8.837,YES,2.0,50.0,0.42,1694.0,,2,,SASDAF5/packing_result/rodada_3/report.txt
SASDAF7,packing,rodada_1,3.186566,2.809223,3.1866,YES,2.0,50.0,0.32,1405.0,,2,,SASDAF7/packing_result/rodada_1/report.txt
SASDAF7,packing,rodada_2,3.204759,2.646186,3.2048,YES,2.0,50.0,0.33,1405.0,,2,,SASDAF7/packing_result/rodada_2/report.txt
SASDAF7,packing,rodada_3,3.933924,3.247201,3.9339,YES,2.0,50.0,0.33,1405.0,,2,,SASDAF7/packing_result/rodada_3/report.txt
SASDAG2,packing,rodada_1,1.973935,1.76031,1.9739,YES,2.0,50.0,0.14,1686.0,,2,,SASDAG2/packing_result/rodada_1/report.txt
SASDAG2,packing,rodada_2,1.90558,1.75664,1.9056,YES,2.0,50.0,0.14,1686.0,,2,,SASDAG2/packing_result/rodada_2/report.txt
SASDAG2,packing,rodada_3,2.137543,1.824969,2.1375,YES,2.0,50.0,0.14,1686.0,,2,,SASDAG2/packing_result/rodada_3/report.txt
SASDAG5,packing,rodada_1,4.091593,3.97266,4.0916,YES,2.0,50.0,0.25,803.0,,2,,SASDAG5/packing_result/rodada_1/report.txt
SASDAG5,packing,rodada_2,4.263929,4.072151,4.2639,YES,2.0,50.0,0.25,803.0,,2,,SASDAG5/packing_result/rodada_2/report.txt
SASDAG5,packing,rodada_3,6.326471,5.147156,6.3265,YES,2.0,50.0,0.25,803.0,,2,,SASDAG5/packing_result/rodada_3/report.txt
SASDAG7,packing,rodada_1,2.449379,2.29779,2.4494,YES,2.0,50.0,0.33,5807.0,,2,,SASDAG7/packing_result/rodada_1/report.txt
SASDAG7,packing,rodada_2,4.23671,2.27516,2.3488,YES,2.0,50.0,0.33,5807.0,,2,,SASDAG7/packing_result/rodada_2/report.txt
SASDAG7,packing,rodada_3,3.872436,2.165114,2.3388,YES,2.0,50.0,0.32,5807.0,,2,,SASDAG7/packing_result/rodada_3/report.txt
SASDAH2,packing,rodada_1,7.66168,2.199293,2.2036,YES,2.0,50.0,0.19,1585.0,,2,,SASDAH2/packing_result/rodada_1/report.txt
SASDAH2,packing,rodada_2,7.669804,2.838912,2.8436,YES,2.0,50.0,0.19,1585.0,,2,,SASDAH2/packing_result/rodada_2/report.txt
SASDAH2,packing,rodada_3,7.704666,2.873213,2.8763,YES,2.0,50.0,0.19,1585.0,,2,,SASDAH2/packing_result/rodada_3/report.txt
SASDAH4,packing,rodada_1,18.395388,5.426418,5.4309,YES,2.0,50.0,0.26,1811.0,,2,,SASDAH4/packing_result/rodada_1/report.txt
SASDAH4,packing,rodada_2,18.40907,3.729215,3.7324,YES,2.0,50.0,0.27,1811.0,,2,,SASDAH4/packing_result/rodada_2/report.txt
SASDAH4,packing,rodada_3,18.802861,4.91329,4.9183,YES,2.0,50.0,0.26,1811.0,,2,,SASDAH4/packing_result/rodada_3/report.txt
SASDAH5,single,rodada_1,12.509358,,,,,,0.6,342.0,1.0,,SASDAH5_fit1_model1.pdb,SASDAH5/single_result/rodada_1/report.txt
SASDAH5,single,rodada_2,12.509358,,,,,,0.63,342.0,1.0,,SASDAH5_fit1_model1.pdb,SASDAH5/single_result/rodada_2/report.txt
SASDAH5,single,rodada_3,12.509358,,,,,,0.62,342.0,1.0,,SASDAH5_fit1_model1.pdb,SASDAH5/single_result/rodada_3/report.txt
SASDAH6,packing,rodada_1,3.477937,3.229422,3.4779,YES,2.0,50.0,0.24,815.0,,2,,SASDAH6/packing_result/rodada_1/report.txt
SASDAH6,packing,rodada_2,5.19159,3.70982,4.6492,YES,2.0,50.0,0.24,815.0,,2,,SASDAH6/packing_result/rodada_2/report.txt
SASDAH6,packing,rodada_3,4.74772,3.520235,4.7477,YES,2.0,50.0,0.24,815.0,,2,,SASDAH6/packing_result/rodada_3/report.txt
SASDAH8,single,rodada_1,8.434237,,,,,,0.15,1101.0,1.0,,SASDAH8_fit1_model1.pdb,SASDAH8/single_result/rodada_1/report.txt
SASDAH8,single,rodada_2,8.434237,,,,,,0.15,1101.0,1.0,,SASDAH8_fit1_model1.pdb,SASDAH8/single_result/rodada_2/report.txt
SASDAH8,single,rodada_3,8.434237,,,,,,0.14,1101.0,1.0,,SASDAH8_fit1_model1.pdb,SASDAH8/single_result/rodada_3/report.txt
SASDAJ5,packing,rodada_1,23.047637,3.503181,3.5088,YES,2.0,50.0,0.24,1165.0,,2,,SASDAJ5/packing_result/rodada_1/report.txt
SASDAJ5,packing,rodada_2,22.295865,3.219945,3.2234,YES,2.0,50.0,0.23,1165.0,,2,,SASDAJ5/packing_result/rodada_2/report.txt
SASDAJ5,packing,rodada_3,22.623261,3.581123,3.5969,YES,2.0,50.0,0.23,1165.0,,2,,SASDAJ5/packing_result/rodada_3/report.txt
SASDAJ6,packing,rodada_1,14.362807,10.261961,11.2605,YES,2.0,50.0,0.82,1493.0,,2,,SASDAJ6/packing_result/rodada_1/report.txt
SASDAJ6,packing,rodada_2,12.822656,10.565809,12.6296,YES,2.0,50.0,0.84,1493.0,,2,,SASDAJ6/packing_result/rodada_2/report.txt
SASDAJ6,packing,rodada_3,13.845735,9.593148,12.7348,YES,2.0,50.0,0.81,1493.0,,2,,SASDAJ6/packing_result/rodada_3/report.txt
SASDAJ8,single,rodada_1,6.415088,,,,,,0.3,4042.0,1.0,,SASDAJ8_fit1_model1.pdb,SASDAJ8/single_result/rodada_1/report.txt
SASDAJ8,single,rodada_2,6.415088,,,,,,0.3,4042.0,1.0,,SASDAJ8_fit1_model1.pdb,SASDAJ8/single_result/rodada_2/report.txt
SASDAJ8,single,rodada_3,6.415088,,,,,,0.3,4042.0,1.0,,SASDAJ8_fit1_model1.pdb,SASDAJ8/single_result/rodada_3/report.txt
SASDAK2,packing,rodada_1,3.294885,2.805897,3.2949,YES,2.0,50.0,0.14,502.0,,2,,SASDAK2/packing_result/rodada_1/report.txt
SASDAK2,packing,rodada_2,4.073874,3.098702,3.7233,YES,2.0,50.0,0.11,502.0,,2,,SASDAK2/packing_result/rodada_2/report.txt
SASDAK2,packing,rodada_3,3.728303,2.904878,3.4427,YES,2.0,50.0,0.11,502.0,,2,,SASDAK2/packing_result/rodada_3/report.txt
SASDAK5,packing,rodada_1,4.379755,3.94837,4.3798,YES,3.0,50.0,0.31,250.0,,3,,SASDAK5/packing_result/rodada_1/report.txt
SASDAK5,packing,rodada_2,4.528524,3.894241,4.5285,YES,3.0,50.0,0.32,250.0,,3,,SASDAK5/packing_result/rodada_2/report.txt
SASDAK5,packing,rodada_3,4.580517,3.690643,4.5805,YES,3.0,50.0,0.32,250.0,,3,,SASDAK5/packing_result/rodada_3/report.txt
SASDAK6,packing,rodada_1,13.934032,2.949004,2.951,YES,2.0,50.0,0.78,1730.0,,2,,SASDAK6/packing_result/rodada_1/report.txt
SASDAK6,packing,rodada_2,13.859994,3.308154,3.3112,YES,2.0,50.0,0.79,1730.0,,2,,SASDAK6/packing_result/rodada_2/report.txt
SASDAK6,packing,rodada_3,13.841062,3.616979,3.6194,YES,2.0,50.0,0.79,1730.0,,2,,SASDAK6/packing_result/rodada_3/report.txt
SASDAK8,single,rodada_1,7.597,,,,,,0.09,596.0,1.0,,SASDAK8_fit1_model1.pdb,SASDAK8/single_result/rodada_1/report.txt
SASDAK8,single,rodada_2,7.597,,,,,,0.09,596.0,1.0,,SASDAK8_fit1_model1.pdb,SASDAK8/single_result/rodada_2/report.txt
SASDAK8,single,rodada_3,7.597,,,,,,0.09,596.0,1.0,,SASDAK8_fit1_model1.pdb,SASDAK8/single_result/rodada_3/report.txt
SASDAL2,packing,rodada_1,3.964999,3.309822,3.965,YES,2.0,50.0,0.25,1393.0,,2,,SASDAL2/packing_result/rodada_1/report.txt
SASDAL2,packing,rodada_2,3.334041,2.31425,2.7507,YES,2.0,50.0,0.25,1393.0,,2,,SASDAL2/packing_result/rodada_2/report.txt
SASDAL2,packing,rodada_3,3.578241,2.405924,2.8099,YES,2.0,50.0,0.25,1393.0,,2,,SASDAL2/packing_result/rodada_3/report.txt
SASDAL5,packing,rodada_1,7.374732,2.370408,5.7073,YES,8.0,50.0,0.9,1521.0,,8,,SASDAL5/packing_result/rodada_1/report.txt
SASDAL5,packing,rodada_2,6.778477,3.51647,5.333,YES,8.0,50.0,0.9,1521.0,,8,,SASDAL5/packing_result/rodada_2/report.txt
SASDAL5,packing,rodada_3,6.990373,2.69886,5.5469,YES,8.0,50.0,0.89,1521.0,,8,,SASDAL5/packing_result/rodada_3/report.txt
SASDAM5,packing,rodada_1,18.831938,4.023117,4.6423,YES,3.0,50.0,0.44,343.0,,3,,SASDAM5/packing_result/rodada_1/report.txt
SASDAM5,packing,rodada_2,18.831682,4.346845,4.5733,YES,3.0,50.0,0.43,343.0,,3,,SASDAM5/packing_result/rodada_2/report.txt
SASDAM5,packing,rodada_3,18.525519,6.93281,8.5125,YES,3.0,50.0,0.43,343.0,,3,,SASDAM5/packing_result/rodada_3/report.txt
SASDAM8,packing,rodada_1,4.877386,4.430135,4.8774,YES,3.0,50.0,0.77,4146.0,,3,,SASDAM8/packing_result/rodada_1/report.txt
SASDAM8,packing,rodada_2,11.192085,9.285247,10.1099,YES,3.0,50.0,0.79,4146.0,,3,,SASDAM8/packing_result/rodada_2/report.txt
SASDAM8,packing,rodada_3,7.199325,5.559448,6.6494,YES,3.0,50.0,0.74,4146.0,,3,,SASDAM8/packing_result/rodada_3/report.txt
SASDAN2,packing,rodada_1,3.066319,2.566219,3.0663,YES,2.0,50.0,0.11,1070.0,,2,,SASDAN2/packing_result/rodada_1/report.txt
SASDAN2,packing,rodada_2,3.059905,2.460578,3.0599,YES,2.0,50.0,0.1,1070.0,,2,,SASDAN2/packing_result/rodada_2/report.txt
SASDAN2,packing,rodada_3,2.807683,2.090283,2.6908,YES,2.0,50.0,0.1,1070.0,,2,,SASDAN2/packing_result/rodada_3/report.txt
SASDAN3,single,rodada_1,19.42997,,,,,,0.14,1018.0,1.0,,SASDAN3_fit1_model1.pdb,SASDAN3/single_result/rodada_1/report.txt
SASDAN3,single,rodada_2,19.42997,,,,,,0.14,1018.0,1.0,,SASDAN3_fit1_model1.pdb,SASDAN3/single_result/rodada_2/report.txt
SASDAN3,single,rodada_3,19.42997,,,,,,0.14,1018.0,1.0,,SASDAN3_fit1_model1.pdb,SASDAN3/single_result/rodada_3/report.txt
SASDAN4,single,rodada_1,3.030835,,,,,,0.23,329.0,1.0,,SASDAN4_fit1_model1.pdb,SASDAN4/single_result/rodada_1/report.txt
SASDAN4,single,rodada_2,3.030835,,,,,,0.23,329.0,1.0,,SASDAN4_fit1_model1.pdb,SASDAN4/single_result/rodada_2/report.txt
SASDAN4,single,rodada_3,3.030835,,,,,,0.23,329.0,1.0,,SASDAN4_fit1_model1.pdb,SASDAN4/single_result/rodada_3/report.txt
SASDAN5,packing,rodada_1,5.122925,5.122925,5.1229,NO,1.0,50.0,0.06,754.0,,1,,SASDAN5/packing_result/rodada_1/report.txt
SASDAN5,packing,rodada_2,4.874395,4.874395,4.8744,NO,1.0,50.0,0.06,754.0,,1,,SASDAN5/packing_result/rodada_2/report.txt
SASDAN5,packing,rodada_3,4.398848,4.398848,4.3988,NO,1.0,50.0,0.06,754.0,,1,,SASDAN5/packing_result/rodada_3/report.txt
SASDAN7,single,rodada_1,96.920238,,,,,,0.05,145.0,1.0,,SASDAN7_fit1_model1.pdb,SASDAN7/single_result/rodada_1/report.txt
SASDAN7,single,rodada_2,96.920238,,,,,,0.05,145.0,1.0,,SASDAN7_fit1_model1.pdb,SASDAN7/single_result/rodada_2/report.txt
SASDAN7,single,rodada_3,96.920238,,,,,,0.05,145.0,1.0,,SASDAN7_fit1_model1.pdb,SASDAN7/single_result/rodada_3/report.txt
SASDAN8,single,rodada_1,3.987269,,,,,,0.39,1114.0,1.0,,SASDAN8_fit1_model1.pdb,SASDAN8/single_result/rodada_1/report.txt
SASDAN8,single,rodada_2,3.987269,,,,,,0.39,1114.0,1.0,,SASDAN8_fit1_model1.pdb,SASDAN8/single_result/rodada_2/report.txt
SASDAN8,single,rodada_3,3.987269,,,,,,0.39,1114.0,1.0,,SASDAN8_fit1_model1.pdb,SASDAN8/single_result/rodada_3/report.txt
SASDAP4,packing,rodada_1,7.888509,6.592992,6.4671,YES,3.0,50.0,0.69,472.0,,3,,SASDAP4/packing_result/rodada_1/report.txt
SASDAP4,packing,rodada_2,3.984828,3.369959,3.9848,YES,3.0,50.0,0.69,472.0,,3,,SASDAP4/packing_result/rodada_2/report.txt
SASDAP4,packing,rodada_3,4.350987,9.073397,4.351,NO,3.0,50.0,0.69,472.0,,3,,SASDAP4/packing_result/rodada_3/report.txt
SASDAP5,packing,rodada_1,4.999,4.367599,4.999,YES,2.0,50.0,0.25,1322.0,,2,,SASDAP5/packing_result/rodada_1/report.txt
SASDAP5,packing,rodada_2,6.039283,4.825494,6.0393,YES,2.0,50.0,0.27,1322.0,,2,,SASDAP5/packing_result/rodada_2/report.txt
SASDAP5,packing,rodada_3,4.305998,3.853024,4.306,YES,2.0,50.0,0.26,1322.0,,2,,SASDAP5/packing_result/rodada_3/report.txt
SASDAP7,single,rodada_1,15.497245,,,,,,0.07,231.0,1.0,,SASDAP7_fit1_model1.pdb,SASDAP7/single_result/rodada_1/report.txt
SASDAP7,single,rodada_2,15.497245,,,,,,0.07,231.0,1.0,,SASDAP7_fit1_model1.pdb,SASDAP7/single_result/rodada_2/report.txt
SASDAP7,single,rodada_3,15.497245,,,,,,0.07,231.0,1.0,,SASDAP7_fit1_model1.pdb,SASDAP7/single_result/rodada_3/report.txt
SASDAP8,single,rodada_1,2.987674,,,,,,0.5,1305.0,1.0,,SASDAP8_fit1_model1.pdb,SASDAP8/single_result/rodada_1/report.txt
SASDAP8,single,rodada_2,2.987674,,,,,,0.49,1305.0,1.0,,SASDAP8_fit1_model1.pdb,SASDAP8/single_result/rodada_2/report.txt
SASDAP8,single,rodada_3,2.987674,,,,,,0.5,1305.0,1.0,,SASDAP8_fit1_model1.pdb,SASDAP8/single_result/rodada_3/report.txt
SASDAQ2,packing,rodada_1,5.801317,1.863192,1.8704,YES,2.0,50.0,0.13,1595.0,,2,,SASDAQ2/packing_result/rodada_1/report.txt
SASDAQ2,packing,rodada_2,5.835459,1.973203,1.9809,YES,2.0,50.0,0.13,1595.0,,2,,SASDAQ2/packing_result/rodada_2/report.txt
SASDAQ2,packing,rodada_3,5.713041,1.836731,1.8451,YES,2.0,50.0,0.13,1595.0,,2,,SASDAQ2/packing_result/rodada_3/report.txt
SASDAQ3,single,rodada_1,30.664936,,,,,,0.11,1017.0,1.0,,SASDAQ3_fit1_model1.pdb,SASDAQ3/single_result/rodada_1/report.txt
SASDAQ3,single,rodada_2,30.664936,,,,,,0.11,1017.0,1.0,,SASDAQ3_fit1_model1.pdb,SASDAQ3/single_result/rodada_2/report.txt
SASDAQ3,single,rodada_3,30.664936,,,,,,0.11,1017.0,1.0,,SASDAQ3_fit1_model1.pdb,SASDAQ3/single_result/rodada_3/report.txt
SASDAQ4,single,rodada_1,9.538173,,,,,,3.87,811.0,1.0,,SASDAQ4_fit1_model1.pdb,SASDAQ4/single_result/rodada_1/report.txt
SASDAQ4,single,rodada_2,9.538173,,,,,,3.89,811.0,1.0,,SASDAQ4_fit1_model1.pdb,SASDAQ4/single_result/rodada_2/report.txt
SASDAQ4,single,rodada_3,9.538173,,,,,,3.89,811.0,1.0,,SASDAQ4_fit1_model1.pdb,SASDAQ4/single_result/rodada_3/report.txt
SASDAQ5,single,rodada_1,7.630728,,,,,,0.3,1480.0,1.0,,SASDAQ5_fit1_model1.pdb,SASDAQ5/single_result/rodada_1/report.txt
SASDAQ5,single,rodada_2,7.630728,,,,,,0.28,1480.0,1.0,,SASDAQ5_fit1_model1.pdb,SASDAQ5/single_result/rodada_2/report.txt
SASDAQ5,single,rodada_3,7.630728,,,,,,0.28,1480.0,1.0,,SASDAQ5_fit1_model1.pdb,SASDAQ5/single_result/rodada_3/report.txt
SASDAQ7,packing,rodada_1,12.566297,15.299649,12.5663,NO,2.0,50.0,0.15,1218.0,,2,,SASDAQ7/packing_result/rodada_1/report.txt
SASDAQ7,packing,rodada_2,13.232287,14.443264,13.2323,NO,2.0,50.0,0.15,1218.0,,2,,SASDAQ7/packing_result/rodada_2/report.txt
SASDAQ7,packing,rodada_3,11.869236,15.542289,11.8692,NO,2.0,50.0,0.15,1218.0,,2,,SASDAQ7/packing_result/rodada_3/report.txt
SASDAQ8,packing,rodada_1,3.513613,2.729869,3.4707,YES,2.0,50.0,0.57,1048.0,,2,,SASDAQ8/packing_result/rodada_1/report.txt
SASDAQ8,packing,rodada_2,2.84558,2.804202,2.8456,YES,2.0,50.0,0.57,1048.0,,2,,SASDAQ8/packing_result/rodada_2/report.txt
SASDAQ8,packing,rodada_3,2.999055,2.613701,2.9991,YES,2.0,50.0,0.56,1048.0,,2,,SASDAQ8/packing_result/rodada_3/report.txt
SASDAR2,packing,rodada_1,7.313913,3.368548,3.377,YES,2.0,50.0,0.14,1103.0,,2,,SASDAR2/packing_result/rodada_1/report.txt
SASDAR2,packing,rodada_2,7.1783,2.223416,2.2316,YES,2.0,50.0,0.14,1103.0,,2,,SASDAR2/packing_result/rodada_2/report.txt
SASDAR2,packing,rodada_3,7.321236,2.790175,2.7972,YES,2.0,50.0,0.14,1103.0,,2,,SASDAR2/packing_result/rodada_3/report.txt
SASDAR3,packing,rodada_1,3.271857,2.19494,3.2719,YES,5.0,50.0,0.21,827.0,,5,,SASDAR3/packing_result/rodada_1/report.txt
SASDAR3,packing,rodada_2,3.556238,2.215218,3.5562,YES,5.0,50.0,0.21,827.0,,5,,SASDAR3/packing_result/rodada_2/report.txt
SASDAR3,packing,rodada_3,3.354064,2.268097,3.3541,YES,5.0,50.0,0.21,827.0,,5,,SASDAR3/packing_result/rodada_3/report.txt
SASDAR4,single,rodada_1,8.238984,,,,,,0.67,1041.0,1.0,,SASDAR4_fit1_model1.pdb,SASDAR4/single_result/rodada_1/report.txt
SASDAR4,single,rodada_2,8.238984,,,,,,0.67,1041.0,1.0,,SASDAR4_fit1_model1.pdb,SASDAR4/single_result/rodada_2/report.txt
SASDAR4,single,rodada_3,8.238984,,,,,,0.66,1041.0,1.0,,SASDAR4_fit1_model1.pdb,SASDAR4/single_result/rodada_3/report.txt
SASDAR5,packing,rodada_1,3.786371,3.255121,3.7864,YES,2.0,50.0,0.18,926.0,,2,,SASDAR5/packing_result/rodada_1/report.txt
SASDAR5,packing,rodada_2,3.852811,3.389136,3.8528,YES,2.0,50.0,0.18,926.0,,2,,SASDAR5/packing_result/rodada_2/report.txt
SASDAR5,packing,rodada_3,4.416171,4.173673,4.4162,YES,2.0,50.0,0.18,926.0,,2,,SASDAR5/packing_result/rodada_3/report.txt
SASDAR6,single,rodada_1,11.094566,,,,,,1.6,1017.0,1.0,,SASDAR6_fit1_model1.pdb,SASDAR6/single_result/rodada_1/report.txt
SASDAR6,single,rodada_2,11.094566,,,,,,1.57,1017.0,1.0,,SASDAR6_fit1_model1.pdb,SASDAR6/single_result/rodada_2/report.txt
SASDAR6,single,rodada_3,11.094566,,,,,,1.58,1017.0,1.0,,SASDAR6_fit1_model1.pdb,SASDAR6/single_result/rodada_3/report.txt
SASDAR7,single,rodada_1,2.688594,,,,,,0.31,3461.0,1.0,,SASDAR7_fit1_model1.pdb,SASDAR7/single_result/rodada_1/report.txt
SASDAR7,single,rodada_2,2.688594,,,,,,0.31,3461.0,1.0,,SASDAR7_fit1_model1.pdb,SASDAR7/single_result/rodada_2/report.txt
SASDAR7,single,rodada_3,2.688594,,,,,,0.31,3461.0,1.0,,SASDAR7_fit1_model1.pdb,SASDAR7/single_result/rodada_3/report.txt
SASDAR8,single,rodada_1,7.178469,,,,,,1.55,1605.0,1.0,,SASDAR8_fit1_model1.pdb,SASDAR8/single_result/rodada_1/report.txt
SASDAR8,single,rodada_2,7.178469,,,,,,1.56,1605.0,1.0,,SASDAR8_fit1_model1.pdb,SASDAR8/single_result/rodada_2/report.txt
SASDAR8,single,rodada_3,7.178469,,,,,,1.56,1605.0,1.0,,SASDAR8_fit1_model1.pdb,SASDAR8/single_result/rodada_3/report.txt
SASDAS3,single,rodada_1,3.10331,,,,,,0.17,1232.0,1.0,,SASDAS3_fit1_model1.pdb,SASDAS3/single_result/rodada_1/report.txt
SASDAS3,single,rodada_2,3.10331,,,,,,0.17,1232.0,1.0,,SASDAS3_fit1_model1.pdb,SASDAS3/single_result/rodada_2/report.txt
SASDAS3,single,rodada_3,3.10331,,,,,,0.17,1232.0,1.0,,SASDAS3_fit1_model1.pdb,SASDAS3/single_result/rodada_3/report.txt
SASDAS4,packing,rodada_1,9.701402,9.701402,9.7014,NO,2.0,50.0,0.27,5409.0,,2,,SASDAS4/packing_result/rodada_1/report.txt
SASDAS4,packing,rodada_2,9.591885,9.591885,9.5919,NO,2.0,50.0,0.27,5409.0,,2,,SASDAS4/packing_result/rodada_2/report.txt
SASDAS4,packing,rodada_3,9.651784,9.651784,9.6518,NO,2.0,50.0,0.27,5409.0,,2,,SASDAS4/packing_result/rodada_3/report.txt
SASDAS5,single,rodada_1,7.808339,,,,,,0.15,942.0,1.0,,SASDAS5_fit1_model1.pdb,SASDAS5/single_result/rodada_1/report.txt
SASDAS5,single,rodada_2,7.808339,,,,,,0.15,942.0,1.0,,SASDAS5_fit1_model1.pdb,SASDAS5/single_result/rodada_2/report.txt
SASDAS5,single,rodada_3,7.808339,,,,,,0.15,942.0,1.0,,SASDAS5_fit1_model1.pdb,SASDAS5/single_result/rodada_3/report.txt
SASDAS6,single,rodada_1,19.971489,,,,,,0.13,1711.0,1.0,,SASDAS6_fit1_model1.pdb,SASDAS6/single_result/rodada_1/report.txt
SASDAS6,single,rodada_2,19.971489,,,,,,0.13,1711.0,1.0,,SASDAS6_fit1_model1.pdb,SASDAS6/single_result/rodada_2/report.txt
SASDAS6,single,rodada_3,19.971489,,,,,,0.13,1711.0,1.0,,SASDAS6_fit1_model1.pdb,SASDAS6/single_result/rodada_3/report.txt
SASDAS7,single,rodada_1,18.746163,,,,,,0.07,146.0,1.0,,SASDAS7_fit1_model1.pdb,SASDAS7/single_result/rodada_1/report.txt
SASDAS7,single,rodada_2,18.746163,,,,,,0.06,146.0,1.0,,SASDAS7_fit1_model1.pdb,SASDAS7/single_result/rodada_2/report.txt
SASDAS7,single,rodada_3,18.746163,,,,,,0.07,146.0,1.0,,SASDAS7_fit1_model1.pdb,SASDAS7/single_result/rodada_3/report.txt
SASDAS8,packing,rodada_1,12.034767,3.542589,4.8296,YES,3.0,50.0,0.92,1910.0,,3,,SASDAS8/packing_result/rodada_1/report.txt
SASDAS8,packing,rodada_2,11.768791,4.091908,4.9695,YES,3.0,50.0,0.91,1910.0,,3,,SASDAS8/packing_result/rodada_2/report.txt
SASDAS8,packing,rodada_3,11.162034,3.64258,5.5657,YES,3.0,50.0,0.93,1910.0,,3,,SASDAS8/packing_result/rodada_3/report.txt
SASDAT3,single,rodada_1,3.209153,,,,,,0.14,793.0,1.0,,SASDAT3_fit1_model1.pdb,SASDAT3/single_result/rodada_1/report.txt
SASDAT3,single,rodada_2,3.209153,,,,,,0.14,793.0,1.0,,SASDAT3_fit1_model1.pdb,SASDAT3/single_result/rodada_2/report.txt
SASDAT3,single,rodada_3,3.209153,,,,,,0.14,793.0,1.0,,SASDAT3_fit1_model1.pdb,SASDAT3/single_result/rodada_3/report.txt
SASDAT4,packing,rodada_1,6.330802,5.053404,5.3084,YES,2.0,50.0,0.23,2211.0,,2,,SASDAT4/packing_result/rodada_1/report.txt
SASDAT4,packing,rodada_2,6.652871,5.123682,5.8608,YES,2.0,50.0,0.23,2211.0,,2,,SASDAT4/packing_result/rodada_2/report.txt
SASDAT4,packing,rodada_3,6.824402,4.921522,5.4715,YES,2.0,50.0,0.23,2211.0,,2,,SASDAT4/packing_result/rodada_3/report.txt
SASDAT5,single,rodada_1,14.416407,,,,,,0.27,4075.0,1.0,,SASDAT5_fit1_model1.pdb,SASDAT5/single_result/rodada_1/report.txt
SASDAT5,single,rodada_2,14.416407,,,,,,0.27,4075.0,1.0,,SASDAT5_fit1_model1.pdb,SASDAT5/single_result/rodada_2/report.txt
SASDAT5,single,rodada_3,14.416407,,,,,,0.27,4075.0,1.0,,SASDAT5_fit1_model1.pdb,SASDAT5/single_result/rodada_3/report.txt
SASDAT6,packing,rodada_1,9.389506,3.334866,3.3441,YES,2.0,50.0,0.19,2157.0,,2,,SASDAT6/packing_result/rodada_1/report.txt
SASDAT6,packing,rodada_2,9.289921,3.270283,3.281,YES,2.0,50.0,0.18,2157.0,,2,,SASDAT6/packing_result/rodada_2/report.txt
SASDAT6,packing,rodada_3,9.552543,3.5248,3.5379,YES,2.0,50.0,0.19,2157.0,,2,,SASDAT6/packing_result/rodada_3/report.txt
SASDAT7,single,rodada_1,23.392589,,,,,,0.06,204.0,1.0,,SASDAT7_fit1_model1.pdb,SASDAT7/single_result/rodada_1/report.txt
SASDAT7,single,rodada_2,23.392589,,,,,,0.06,204.0,1.0,,SASDAT7_fit1_model1.pdb,SASDAT7/single_result/rodada_2/report.txt
SASDAT7,single,rodada_3,23.392589,,,,,,0.06,204.0,1.0,,SASDAT7_fit1_model1.pdb,SASDAT7/single_result/rodada_3/report.txt
SASDAU3,single,rodada_1,7.997171,,,,,,0.14,1241.0,1.0,,SASDAU3_fit1_model1.pdb,SASDAU3/single_result/rodada_1/report.txt
SASDAU3,single,rodada_2,7.997171,,,,,,0.14,1241.0,1.0,,SASDAU3_fit1_model1.pdb,SASDAU3/single_result/rodada_2/report.txt
SASDAU3,single,rodada_3,7.997171,,,,,,0.14,1241.0,1.0,,SASDAU3_fit1_model1.pdb,SASDAU3/single_result/rodada_3/report.txt
SASDAU4,packing,rodada_1,4.279053,3.365523,3.9362,YES,2.0,50.0,0.19,952.0,,2,,SASDAU4/packing_result/rodada_1/report.txt
SASDAU4,packing,rodada_2,4.083389,3.580347,4.0834,YES,2.0,50.0,0.19,952.0,,2,,SASDAU4/packing_result/rodada_2/report.txt
SASDAU4,packing,rodada_3,3.371753,3.051881,3.3718,YES,2.0,50.0,0.19,952.0,,2,,SASDAU4/packing_result/rodada_3/report.txt
SASDAU5,single,rodada_1,17.903605,,,,,,0.2,2852.0,1.0,,SASDAU5_fit1_model1.pdb,SASDAU5/single_result/rodada_1/report.txt
SASDAU5,single,rodada_2,17.903605,,,,,,0.2,2852.0,1.0,,SASDAU5_fit1_model1.pdb,SASDAU5/single_result/rodada_2/report.txt
SASDAU5,single,rodada_3,17.903605,,,,,,0.2,2852.0,1.0,,SASDAU5_fit1_model1.pdb,SASDAU5/single_result/rodada_3/report.txt
SASDAU7,single,rodada_1,11.904684,,,,,,0.07,162.0,1.0,,SASDAU7_fit1_model1.pdb,SASDAU7/single_result/rodada_1/report.txt
SASDAU7,single,rodada_2,11.904684,,,,,,0.07,162.0,1.0,,SASDAU7_fit1_model1.pdb,SASDAU7/single_result/rodada_2/report.txt
SASDAU7,single,rodada_3,11.904684,,,,,,0.07,162.0,1.0,,SASDAU7_fit1_model1.pdb,SASDAU7/single_result/rodada_3/report.txt
SASDAU8,packing,rodada_1,8.079577,6.88928,8.0796,YES,2.0,50.0,0.45,744.0,,2,,SASDAU8/packing_result/rodada_1/report.txt
SASDAU8,packing,rodada_2,6.140737,4.825181,6.1407,YES,2.0,50.0,0.45,744.0,,2,,SASDAU8/packing_result/rodada_2/report.txt
SASDAU8,packing,rodada_3,6.947906,5.519344,6.8482,YES,2.0,50.0,0.45,744.0,,2,,SASDAU8/packing_result/rodada_3/report.txt
SASDAV5,single,rodada_1,6.912395,,,,,,1.74,1446.0,1.0,,SASDAV5_fit1_model1.pdb,SASDAV5/single_result/rodada_1/report.txt
SASDAV5,single,rodada_2,6.912395,,,,,,1.74,1446.0,1.0,,SASDAV5_fit1_model1.pdb,SASDAV5/single_result/rodada_2/report.txt
SASDAV5,single,rodada_3,6.912395,,,,,,1.76,1446.0,1.0,,SASDAV5_fit1_model1.pdb,SASDAV5/single_result/rodada_3/report.txt
SASDAV6,packing,rodada_1,15.387779,3.484969,3.4856,YES,2.0,50.0,0.45,973.0,,2,,SASDAV6/packing_result/rodada_1/report.txt
SASDAV6,packing,rodada_2,13.963941,4.024765,4.0293,YES,2.0,50.0,0.47,973.0,,2,,SASDAV6/packing_result/rodada_2/report.txt
SASDAV6,packing,rodada_3,14.80064,4.91169,4.9236,YES,2.0,50.0,0.48,973.0,,2,,SASDAV6/packing_result/rodada_3/report.txt
SASDAV7,packing,rodada_1,2.182117,2.054985,2.1821,YES,2.0,50.0,0.16,3925.0,,2,,SASDAV7/packing_result/rodada_1/report.txt
SASDAV7,packing,rodada_2,2.759368,1.991138,2.21,YES,2.0,50.0,0.16,3925.0,,2,,SASDAV7/packing_result/rodada_2/report.txt
SASDAV7,packing,rodada_3,2.137692,1.941331,2.1377,YES,2.0,50.0,0.15,3925.0,,2,,SASDAV7/packing_result/rodada_3/report.txt
SASDAV8,packing,rodada_1,3.871248,3.730644,3.8712,YES,2.0,50.0,0.38,1870.0,,2,,SASDAV8/packing_result/rodada_1/report.txt
SASDAV8,packing,rodada_2,6.618788,5.785782,6.6188,YES,2.0,50.0,0.34,1870.0,,2,,SASDAV8/packing_result/rodada_2/report.txt
SASDAV8,packing,rodada_3,4.654771,5.051059,4.6548,NO,2.0,50.0,0.33,1870.0,,2,,SASDAV8/packing_result/rodada_3/report.txt
SASDAW5,single,rodada_1,6.560399,,,,,,2.13,2124.0,1.0,,SASDAW5_fit1_model1.pdb,SASDAW5/single_result/rodada_1/report.txt
SASDAW5,single,rodada_2,6.560399,,,,,,2.13,2124.0,1.0,,SASDAW5_fit1_model1.pdb,SASDAW5/single_result/rodada_2/report.txt
SASDAW5,single,rodada_3,6.560399,,,,,,2.12,2124.0,1.0,,SASDAW5_fit1_model1.pdb,SASDAW5/single_result/rodada_3/report.txt
SASDAW6,packing,rodada_1,8.690039,2.368313,2.3903,YES,2.0,50.0,0.16,1032.0,,2,,SASDAW6/packing_result/rodada_1/report.txt
SASDAW6,packing,rodada_2,8.604388,2.50231,2.5337,YES,2.0,50.0,0.16,1032.0,,2,,SASDAW6/packing_result/rodada_2/report.txt
SASDAW6,packing,rodada_3,9.121989,2.646885,2.6531,YES,2.0,50.0,0.16,1032.0,,2,,SASDAW6/packing_result/rodada_3/report.txt
SASDAW8,packing,rodada_1,27.365112,6.352097,6.4536,YES,2.0,50.0,0.58,852.0,,2,,SASDAW8/packing_result/rodada_1/report.txt
SASDAW8,packing,rodada_2,27.657095,6.198254,6.2022,YES,2.0,50.0,0.56,852.0,,2,,SASDAW8/packing_result/rodada_2/report.txt
SASDAW8,packing,rodada_3,27.657013,5.925049,6.0164,YES,2.0,50.0,0.57,852.0,,2,,SASDAW8/packing_result/rodada_3/report.txt
SASDAX2,single,rodada_1,3.835184,,,,,,2.56,1571.0,1.0,,SASDAX2_fit1_model1.pdb,SASDAX2/single_result/rodada_1/report.txt
SASDAX2,single,rodada_2,3.835184,,,,,,2.56,1571.0,1.0,,SASDAX2_fit1_model1.pdb,SASDAX2/single_result/rodada_2/report.txt
SASDAX2,single,rodada_3,3.835184,,,,,,2.56,1571.0,1.0,,SASDAX2_fit1_model1.pdb,SASDAX2/single_result/rodada_3/report.txt
SASDAX6,packing,rodada_1,8.463432,2.816024,2.833,YES,2.0,50.0,0.14,620.0,,2,,SASDAX6/packing_result/rodada_1/report.txt
SASDAX6,packing,rodada_2,7.983215,2.755464,2.7612,YES,2.0,50.0,0.13,620.0,,2,,SASDAX6/packing_result/rodada_2/report.txt
SASDAX6,packing,rodada_3,2.358562,2.354077,2.3586,YES,2.0,50.0,0.13,620.0,,2,,SASDAX6/packing_result/rodada_3/report.txt
SASDAX8,packing,rodada_1,11.797067,3.565361,3.5699,YES,2.0,50.0,0.42,1341.0,,2,,SASDAX8/packing_result/rodada_1/report.txt
SASDAX8,packing,rodada_2,11.870225,3.244995,3.2497,YES,2.0,50.0,0.41,1341.0,,2,,SASDAX8/packing_result/rodada_2/report.txt
SASDAX8,packing,rodada_3,11.763046,3.615933,3.6246,YES,2.0,50.0,0.41,1341.0,,2,,SASDAX8/packing_result/rodada_3/report.txt
SASDAY4,packing,rodada_1,12.964214,3.261648,4.6289,YES,4.0,50.0,0.3,1217.0,,4,,SASDAY4/packing_result/rodada_1/report.txt
SASDAY4,packing,rodada_2,13.085037,3.47538,5.4318,YES,4.0,50.0,0.29,1217.0,,4,,SASDAY4/packing_result/rodada_2/report.txt
SASDAY4,packing,rodada_3,13.042329,3.302752,5.3417,YES,4.0,50.0,0.29,1217.0,,4,,SASDAY4/packing_result/rodada_3/report.txt
SASDAY6,packing,rodada_1,17.953607,7.745842,7.7492,YES,2.0,50.0,0.6,2093.0,,2,,SASDAY6/packing_result/rodada_1/report.txt
SASDAY6,packing,rodada_2,17.301432,4.602591,4.7159,YES,2.0,50.0,0.56,2093.0,,2,,SASDAY6/packing_result/rodada_2/report.txt
SASDAY6,packing,rodada_3,19.497608,6.205801,6.2148,YES,2.0,50.0,0.56,2093.0,,2,,SASDAY6/packing_result/rodada_3/report.txt
SASDAY7,packing,rodada_1,13.123023,8.977585,10.4467,YES,5.0,50.0,1.22,1351.0,,5,,SASDAY7/packing_result/rodada_1/report.txt
SASDAY7,packing,rodada_2,12.841155,9.263839,10.6565,YES,5.0,50.0,1.2,1351.0,,5,,SASDAY7/packing_result/rodada_2/report.txt
SASDAY7,packing,rodada_3,11.448982,8.965255,10.7907,YES,5.0,50.0,1.23,1351.0,,5,,SASDAY7/packing_result/rodada_3/report.txt
SASDAY8,packing,rodada_1,8.319616,2.913228,2.9183,YES,2.0,50.0,0.16,2635.0,,2,,SASDAY8/packing_result/rodada_1/report.txt
SASDAY8,packing,rodada_2,8.285461,3.518593,3.5258,YES,2.0,50.0,0.16,2635.0,,2,,SASDAY8/packing_result/rodada_2/report.txt
SASDAY8,packing,rodada_3,8.236228,2.712293,2.7168,YES,2.0,50.0,0.17,2635.0,,2,,SASDAY8/packing_result/rodada_3/report.txt
SASDAZ4,packing,rodada_1,14.62092,4.107692,4.4284,YES,3.0,50.0,0.15,292.0,,3,,SASDAZ4/packing_result/rodada_1/report.txt
SASDAZ4,packing,rodada_2,14.574924,5.376385,5.8093,YES,3.0,50.0,0.15,292.0,,3,,SASDAZ4/packing_result/rodada_2/report.txt
SASDAZ4,packing,rodada_3,14.427162,7.366963,6.6972,YES,3.0,50.0,0.14,292.0,,3,,SASDAZ4/packing_result/rodada_3/report.txt
SASDAZ5,single,rodada_1,5.501095,,,,,,0.31,4016.0,1.0,,SASDAZ5_fit1_model1.pdb,SASDAZ5/single_result/rodada_1/report.txt
SASDAZ5,single,rodada_2,5.501095,,,,,,0.32,4016.0,1.0,,SASDAZ5_fit1_model1.pdb,SASDAZ5/single_result/rodada_2/report.txt
SASDAZ5,single,rodada_3,5.501095,,,,,,0.32,4016.0,1.0,,SASDAZ5_fit1_model1.pdb,SASDAZ5/single_result/rodada_3/report.txt
SASDAZ6,packing,rodada_1,18.025123,4.681344,4.6842,YES,2.0,50.0,0.49,1000.0,,2,,SASDAZ6/packing_result/rodada_1/report.txt
SASDAZ6,packing,rodada_2,17.80414,4.069092,4.0866,YES,2.0,50.0,0.48,1000.0,,2,,SASDAZ6/packing_result/rodada_2/report.txt
SASDAZ6,packing,rodada_3,17.658864,5.193837,5.1982,YES,2.0,50.0,0.48,1000.0,,2,,SASDAZ6/packing_result/rodada_3/report.txt
SASDAZ7,packing,rodada_1,9.883488,9.2152,9.8835,YES,2.0,50.0,0.33,643.0,,2,,SASDAZ7/packing_result/rodada_1/report.txt
SASDAZ7,packing,rodada_2,9.987976,9.695209,9.988,YES,2.0,50.0,0.33,643.0,,2,,SASDAZ7/packing_result/rodada_2/report.txt
SASDAZ7,packing,rodada_3,8.268321,7.149944,8.2683,YES,2.0,50.0,0.33,643.0,,2,,SASDAZ7/packing_result/rodada_3/report.txt
SASDB26,single,rodada_1,48.074073,,,,,,1.12,1086.0,1.0,,SASDB26_fit1_model1.pdb,SASDB26/single_result/rodada_1/report.txt
SASDB26,single,rodada_2,48.074073,,,,,,1.12,1086.0,1.0,,SASDB26_fit1_model1.pdb,SASDB26/single_result/rodada_2/report.txt
SASDB26,single,rodada_3,48.074073,,,,,,1.11,1086.0,1.0,,SASDB26_fit1_model1.pdb,SASDB26/single_result/rodada_3/report.txt
SASDB29,packing,rodada_1,4.72926,3.748827,4.7173,YES,20.0,50.0,0.56,224.0,,20,,SASDB29/packing_result/rodada_1/report.txt
SASDB29,packing,rodada_2,3.828405,3.268245,3.8284,YES,20.0,50.0,0.54,224.0,,20,,SASDB29/packing_result/rodada_2/report.txt
SASDB29,packing,rodada_3,5.071428,3.553961,4.4626,YES,20.0,50.0,0.54,224.0,,20,,SASDB29/packing_result/rodada_3/report.txt
SASDB32,single,rodada_1,3.4787,,,,,,0.17,1355.0,1.0,,SASDB32_fit1_model1.pdb,SASDB32/single_result/rodada_1/report.txt
SASDB32,single,rodada_2,3.4787,,,,,,0.17,1355.0,1.0,,SASDB32_fit1_model1.pdb,SASDB32/single_result/rodada_2/report.txt
SASDB32,single,rodada_3,3.4787,,,,,,0.17,1355.0,1.0,,SASDB32_fit1_model1.pdb,SASDB32/single_result/rodada_3/report.txt
SASDB35,single,rodada_1,3.184072,,,,,,1.22,1235.0,1.0,,SASDB35_fit1_model1.pdb,SASDB35/single_result/rodada_1/report.txt
SASDB35,single,rodada_2,3.184072,,,,,,1.22,1235.0,1.0,,SASDB35_fit1_model1.pdb,SASDB35/single_result/rodada_2/report.txt
SASDB35,single,rodada_3,3.184072,,,,,,1.22,1235.0,1.0,,SASDB35_fit1_model1.pdb,SASDB35/single_result/rodada_3/report.txt
SASDB36,single,rodada_1,34.494347,,,,,,1.49,980.0,1.0,,SASDB36_fit1_model1.pdb,SASDB36/single_result/rodada_1/report.txt
SASDB36,single,rodada_2,34.494347,,,,,,1.5,980.0,1.0,,SASDB36_fit1_model1.pdb,SASDB36/single_result/rodada_2/report.txt
SASDB36,single,rodada_3,34.494347,,,,,,1.5,980.0,1.0,,SASDB36_fit1_model1.pdb,SASDB36/single_result/rodada_3/report.txt
SASDB38,packing,rodada_1,36.988882,38.750641,36.9889,NO,3.0,50.0,2.61,1090.0,,3,,SASDB38/packing_result/rodada_1/report.txt
SASDB38,packing,rodada_2,36.691455,38.510719,36.6915,NO,3.0,50.0,2.52,1090.0,,3,,SASDB38/packing_result/rodada_2/report.txt
SASDB38,packing,rodada_3,36.675751,38.443379,36.6758,NO,3.0,50.0,2.51,1090.0,,3,,SASDB38/packing_result/rodada_3/report.txt
SASDB42,single,rodada_1,5.688926,,,,,,0.19,1959.0,1.0,,SASDB42_fit1_model1.pdb,SASDB42/single_result/rodada_1/report.txt
SASDB42,single,rodada_2,5.688926,,,,,,0.19,1959.0,1.0,,SASDB42_fit1_model1.pdb,SASDB42/single_result/rodada_2/report.txt
SASDB42,single,rodada_3,5.688926,,,,,,0.19,1959.0,1.0,,SASDB42_fit1_model1.pdb,SASDB42/single_result/rodada_3/report.txt
SASDB43,single,rodada_1,7.767133,,,,,,0.62,838.0,1.0,,SASDB43_fit1_model1.pdb,SASDB43/single_result/rodada_1/report.txt
SASDB43,single,rodada_2,7.767133,,,,,,0.61,838.0,1.0,,SASDB43_fit1_model1.pdb,SASDB43/single_result/rodada_2/report.txt
SASDB43,single,rodada_3,7.767133,,,,,,0.62,838.0,1.0,,SASDB43_fit1_model1.pdb,SASDB43/single_result/rodada_3/report.txt
SASDB44,single,rodada_1,5.525165,,,,,,0.16,1182.0,1.0,,SASDB44_fit1_model1.pdb,SASDB44/single_result/rodada_1/report.txt
SASDB44,single,rodada_2,5.525165,,,,,,0.16,1182.0,1.0,,SASDB44_fit1_model1.pdb,SASDB44/single_result/rodada_2/report.txt
SASDB44,single,rodada_3,5.525165,,,,,,0.16,1182.0,1.0,,SASDB44_fit1_model1.pdb,SASDB44/single_result/rodada_3/report.txt
SASDB45,packing,rodada_1,9.29982,6.456411,7.1615,YES,3.0,50.0,0.58,1167.0,,3,,SASDB45/packing_result/rodada_1/report.txt
SASDB45,packing,rodada_2,8.601871,6.649449,8.6019,YES,3.0,50.0,0.57,1167.0,,3,,SASDB45/packing_result/rodada_2/report.txt
SASDB45,packing,rodada_3,7.897071,6.978034,7.7859,YES,3.0,50.0,0.58,1167.0,,3,,SASDB45/packing_result/rodada_3/report.txt
SASDB46,single,rodada_1,7.807359,,,,,,0.35,360.0,1.0,,SASDB46_fit1_model1.pdb,SASDB46/single_result/rodada_1/report.txt
SASDB46,single,rodada_2,7.807359,,,,,,0.35,360.0,1.0,,SASDB46_fit1_model1.pdb,SASDB46/single_result/rodada_2/report.txt
SASDB46,single,rodada_3,7.807359,,,,,,0.35,360.0,1.0,,SASDB46_fit1_model1.pdb,SASDB46/single_result/rodada_3/report.txt
SASDB47,packing,rodada_1,12.948232,10.255389,11.4312,YES,4.0,50.0,1.25,668.0,,4,,SASDB47/packing_result/rodada_1/report.txt
SASDB47,packing,rodada_2,16.194019,12.175705,12.2148,YES,4.0,50.0,1.29,668.0,,4,,SASDB47/packing_result/rodada_2/report.txt
SASDB47,packing,rodada_3,15.194302,11.634025,14.0251,YES,4.0,50.0,1.25,668.0,,4,,SASDB47/packing_result/rodada_3/report.txt
SASDB52,packing,rodada_1,3.489127,3.412605,3.4891,YES,2.0,50.0,0.36,1235.0,,2,,SASDB52/packing_result/rodada_1/report.txt
SASDB52,packing,rodada_2,4.15418,3.469274,3.804,YES,2.0,50.0,0.34,1235.0,,2,,SASDB52/packing_result/rodada_2/report.txt
SASDB52,packing,rodada_3,3.708134,2.432466,2.7497,YES,2.0,50.0,0.35,1235.0,,2,,SASDB52/packing_result/rodada_3/report.txt
SASDB53,single,rodada_1,4.300205,,,,,,0.88,1195.0,1.0,,SASDB53_fit1_model1.pdb,SASDB53/single_result/rodada_1/report.txt
SASDB53,single,rodada_2,4.300205,,,,,,0.88,1195.0,1.0,,SASDB53_fit1_model1.pdb,SASDB53/single_result/rodada_2/report.txt
SASDB53,single,rodada_3,4.300205,,,,,,0.87,1195.0,1.0,,SASDB53_fit1_model1.pdb,SASDB53/single_result/rodada_3/report.txt
SASDB54,single,rodada_1,10.858091,,,,,,0.06,174.0,1.0,,SASDB54_fit1_model1.pdb,SASDB54/single_result/rodada_1/report.txt
SASDB54,single,rodada_2,10.858091,,,,,,0.06,174.0,1.0,,SASDB54_fit1_model1.pdb,SASDB54/single_result/rodada_2/report.txt
SASDB54,single,rodada_3,10.858091,,,,,,0.06,174.0,1.0,,SASDB54_fit1_model1.pdb,SASDB54/single_result/rodada_3/report.txt
SASDB55,packing,rodada_1,9.002449,7.628732,9.0024,YES,2.0,50.0,0.62,1030.0,,2,,SASDB55/packing_result/rodada_1/report.txt
SASDB55,packing,rodada_2,9.429114,9.176718,9.4291,YES,2.0,50.0,0.63,1030.0,,2,,SASDB55/packing_result/rodada_2/report.txt
SASDB55,packing,rodada_3,12.280009,8.458785,9.2023,YES,2.0,50.0,0.6,1030.0,,2,,SASDB55/packing_result/rodada_3/report.txt
SASDB56,single,rodada_1,7.740823,,,,,,0.65,872.0,1.0,,SASDB56_fit1_model1.pdb,SASDB56/single_result/rodada_1/report.txt
SASDB56,single,rodada_2,7.740823,,,,,,0.64,872.0,1.0,,SASDB56_fit1_model1.pdb,SASDB56/single_result/rodada_2/report.txt
SASDB56,single,rodada_3,7.740823,,,,,,0.64,872.0,1.0,,SASDB56_fit1_model1.pdb,SASDB56/single_result/rodada_3/report.txt
SASDB62,packing,rodada_1,3.822241,3.699183,3.8222,YES,2.0,50.0,0.38,1198.0,,2,,SASDB62/packing_result/rodada_1/report.txt
SASDB62,packing,rodada_2,3.737828,3.154227,3.5501,YES,2.0,50.0,0.36,1198.0,,2,,SASDB62/packing_result/rodada_2/report.txt
SASDB62,packing,rodada_3,4.984174,3.779711,4.7236,YES,2.0,50.0,0.36,1198.0,,2,,SASDB62/packing_result/rodada_3/report.txt
SASDB63,single,rodada_1,14.778623,,,,,,0.93,263.0,1.0,,SASDB63_fit1_model1.pdb,SASDB63/single_result/rodada_1/report.txt
SASDB63,single,rodada_2,14.778623,,,,,,0.93,263.0,1.0,,SASDB63_fit1_model1.pdb,SASDB63/single_result/rodada_2/report.txt
SASDB63,single,rodada_3,14.778623,,,,,,0.93,263.0,1.0,,SASDB63_fit1_model1.pdb,SASDB63/single_result/rodada_3/report.txt
SASDB64,single,rodada_1,9.145366,,,,,,0.07,288.0,1.0,,SASDB64_fit1_model1.pdb,SASDB64/single_result/rodada_1/report.txt
SASDB64,single,rodada_2,9.145366,,,,,,0.07,288.0,1.0,,SASDB64_fit1_model1.pdb,SASDB64/single_result/rodada_2/report.txt
SASDB64,single,rodada_3,9.145366,,,,,,0.07,288.0,1.0,,SASDB64_fit1_model1.pdb,SASDB64/single_result/rodada_3/report.txt
SASDB65,packing,rodada_1,4.659761,4.659761,4.6598,NO,1.0,50.0,0.22,898.0,,1,,SASDB65/packing_result/rodada_1/report.txt
SASDB65,packing,rodada_2,4.999741,4.999741,4.9997,NO,1.0,50.0,0.21,898.0,,1,,SASDB65/packing_result/rodada_2/report.txt
SASDB65,packing,rodada_3,6.173564,6.173564,6.1736,NO,1.0,50.0,0.21,898.0,,1,,SASDB65/packing_result/rodada_3/report.txt
SASDB66,single,rodada_1,28.997875,,,,,,1.24,718.0,1.0,,SASDB66_fit1_model1.pdb,SASDB66/single_result/rodada_1/report.txt
SASDB66,single,rodada_2,28.997875,,,,,,1.23,718.0,1.0,,SASDB66_fit1_model1.pdb,SASDB66/single_result/rodada_2/report.txt
SASDB66,single,rodada_3,28.997875,,,,,,1.24,718.0,1.0,,SASDB66_fit1_model1.pdb,SASDB66/single_result/rodada_3/report.txt
SASDB72,packing,rodada_1,3.204847,3.242979,3.2048,NO,2.0,50.0,0.36,1389.0,,2,,SASDB72/packing_result/rodada_1/report.txt
SASDB72,packing,rodada_2,3.364954,2.357874,2.7581,YES,2.0,50.0,0.36,1389.0,,2,,SASDB72/packing_result/rodada_2/report.txt
SASDB72,packing,rodada_3,2.663483,2.400292,2.6635,YES,2.0,50.0,0.36,1389.0,,2,,SASDB72/packing_result/rodada_3/report.txt
SASDB73,single,rodada_1,8.729987,,,,,,1.24,378.0,1.0,,SASDB73_fit1_model1.pdb,SASDB73/single_result/rodada_1/report.txt
SASDB73,single,rodada_2,8.729987,,,,,,1.25,378.0,1.0,,SASDB73_fit1_model1.pdb,SASDB73/single_result/rodada_2/report.txt
SASDB73,single,rodada_3,8.729987,,,,,,1.23,378.0,1.0,,SASDB73_fit1_model1.pdb,SASDB73/single_result/rodada_3/report.txt
SASDB74,single,rodada_1,13.258191,,,,,,0.11,331.0,1.0,,SASDB74_fit1_model1.pdb,SASDB74/single_result/rodada_1/report.txt
SASDB74,single,rodada_2,13.258191,,,,,,0.07,331.0,1.0,,SASDB74_fit1_model1.pdb,SASDB74/single_result/rodada_2/report.txt
SASDB74,single,rodada_3,13.258191,,,,,,0.07,331.0,1.0,,SASDB74_fit1_model1.pdb,SASDB74/single_result/rodada_3/report.txt
SASDB75,single,rodada_1,6.02031,,,,,,0.4,1031.0,1.0,,SASDB75_fit1_model1.pdb,SASDB75/single_result/rodada_1/report.txt
SASDB75,single,rodada_2,6.02031,,,,,,0.4,1031.0,1.0,,SASDB75_fit1_model1.pdb,SASDB75/single_result/rodada_2/report.txt
SASDB75,single,rodada_3,6.02031,,,,,,0.4,1031.0,1.0,,SASDB75_fit1_model1.pdb,SASDB75/single_result/rodada_3/report.txt
SASDB76,single,rodada_1,6.705647,,,,,,0.43,671.0,1.0,,SASDB76_fit1_model1.pdb,SASDB76/single_result/rodada_1/report.txt
SASDB76,single,rodada_2,6.705647,,,,,,0.43,671.0,1.0,,SASDB76_fit1_model1.pdb,SASDB76/single_result/rodada_2/report.txt
SASDB76,single,rodada_3,6.705647,,,,,,0.43,671.0,1.0,,SASDB76_fit1_model1.pdb,SASDB76/single_result/rodada_3/report.txt
SASDB78,packing,rodada_1,9.841088,7.725375,8.78,YES,2.0,50.0,0.5,2236.0,,2,,SASDB78/packing_result/rodada_1/report.txt
SASDB78,packing,rodada_2,4.453676,4.203694,4.4537,YES,2.0,50.0,0.47,2236.0,,2,,SASDB78/packing_result/rodada_2/report.txt
SASDB78,packing,rodada_3,7.758361,5.322069,7.0318,YES,2.0,50.0,0.48,2236.0,,2,,SASDB78/packing_result/rodada_3/report.txt
SASDB79,single,rodada_1,7.493188,,,,,,0.3,1118.0,1.0,,SASDB79_fit1_model1.pdb,SASDB79/single_result/rodada_1/report.txt
SASDB79,single,rodada_2,7.493188,,,,,,0.3,1118.0,1.0,,SASDB79_fit1_model1.pdb,SASDB79/single_result/rodada_2/report.txt
SASDB79,single,rodada_3,7.493188,,,,,,0.3,1118.0,1.0,,SASDB79_fit1_model1.pdb,SASDB79/single_result/rodada_3/report.txt
SASDB83,single,rodada_1,3.526314,,,,,,0.49,337.0,1.0,,SASDB83_fit1_model1.pdb,SASDB83/single_result/rodada_1/report.txt
SASDB83,single,rodada_2,3.526314,,,,,,0.49,337.0,1.0,,SASDB83_fit1_model1.pdb,SASDB83/single_result/rodada_2/report.txt
SASDB83,single,rodada_3,3.526314,,,,,,0.49,337.0,1.0,,SASDB83_fit1_model1.pdb,SASDB83/single_result/rodada_3/report.txt
SASDB84,single,rodada_1,4.743453,,,,,,0.17,1461.0,1.0,,SASDB84_fit1_model1.pdb,SASDB84/single_result/rodada_1/report.txt
SASDB84,single,rodada_2,4.743453,,,,,,0.17,1461.0,1.0,,SASDB84_fit1_model1.pdb,SASDB84/single_result/rodada_2/report.txt
SASDB84,single,rodada_3,4.743453,,,,,,0.17,1461.0,1.0,,SASDB84_fit1_model1.pdb,SASDB84/single_result/rodada_3/report.txt
SASDB85,single,rodada_1,2.527862,,,,,,8.68,532.0,1.0,,SASDB85_fit1_model1.pdb,SASDB85/single_result/rodada_1/report.txt
SASDB85,single,rodada_2,2.527862,,,,,,8.67,532.0,1.0,,SASDB85_fit1_model1.pdb,SASDB85/single_result/rodada_2/report.txt
SASDB85,single,rodada_3,2.527862,,,,,,8.69,532.0,1.0,,SASDB85_fit1_model1.pdb,SASDB85/single_result/rodada_3/report.txt
SASDB86,packing,rodada_1,29.559769,29.559769,29.5598,NO,1.0,50.0,0.04,795.0,,1,,SASDB86/packing_result/rodada_1/report.txt
SASDB86,packing,rodada_2,29.208277,29.208277,29.2083,NO,1.0,50.0,0.04,795.0,,1,,SASDB86/packing_result/rodada_2/report.txt
SASDB86,packing,rodada_3,28.563411,28.563411,28.5634,NO,1.0,50.0,0.04,795.0,,1,,SASDB86/packing_result/rodada_3/report.txt
SASDB88,packing,rodada_1,5.208761,4.70948,5.2088,YES,4.0,50.0,1.18,1894.0,,4,,SASDB88/packing_result/rodada_1/report.txt
SASDB88,packing,rodada_2,4.937444,4.700302,4.9374,YES,4.0,50.0,1.11,1894.0,,4,,SASDB88/packing_result/rodada_2/report.txt
SASDB88,packing,rodada_3,6.673839,4.331882,6.6738,YES,4.0,50.0,1.14,1894.0,,4,,SASDB88/packing_result/rodada_3/report.txt
SASDB89,single,rodada_1,4.869033,,,,,,0.18,2252.0,1.0,,SASDB89_fit1_model1.pdb,SASDB89/single_result/rodada_1/report.txt
SASDB89,single,rodada_2,4.869033,,,,,,0.18,2252.0,1.0,,SASDB89_fit1_model1.pdb,SASDB89/single_result/rodada_2/report.txt
SASDB89,single,rodada_3,4.869033,,,,,,0.18,2252.0,1.0,,SASDB89_fit1_model1.pdb,SASDB89/single_result/rodada_3/report.txt
SASDB93,single,rodada_1,4.364742,,,,,,0.74,176.0,1.0,,SASDB93_fit1_model1.pdb,SASDB93/single_result/rodada_1/report.txt
SASDB93,single,rodada_2,4.364742,,,,,,0.74,176.0,1.0,,SASDB93_fit1_model1.pdb,SASDB93/single_result/rodada_2/report.txt
SASDB93,single,rodada_3,4.364742,,,,,,0.74,176.0,1.0,,SASDB93_fit1_model1.pdb,SASDB93/single_result/rodada_3/report.txt
SASDB94,packing,rodada_1,5.231917,3.387151,4.892,YES,7.0,50.0,1.59,632.0,,7,,SASDB94/packing_result/rodada_1/report.txt
SASDB94,packing,rodada_2,4.960973,3.707565,4.961,YES,7.0,50.0,1.58,632.0,,7,,SASDB94/packing_result/rodada_2/report.txt
SASDB94,packing,rodada_3,5.035605,3.71307,5.0105,YES,7.0,50.0,1.6,632.0,,7,,SASDB94/packing_result/rodada_3/report.txt
SASDB95,packing,rodada_1,10.641823,6.948176,7.6054,YES,2.0,50.0,0.17,1484.0,,2,,SASDB95/packing_result/rodada_1/report.txt
SASDB95,packing,rodada_2,9.484365,6.628786,6.7142,YES,2.0,50.0,0.16,1484.0,,2,,SASDB95/packing_result/rodada_2/report.txt
SASDB95,packing,rodada_3,10.100134,6.861549,7.6325,YES,2.0,50.0,0.17,1484.0,,2,,SASDB95/packing_result/rodada_3/report.txt
SASDB96,packing,rodada_1,25.623197,25.623197,25.6232,NO,1.0,50.0,0.04,853.0,,1,,SASDB96/packing_result/rodada_1/report.txt
SASDB96,packing,rodada_2,26.119259,26.119259,26.1193,NO,1.0,50.0,0.04,853.0,,1,,SASDB96/packing_result/rodada_2/report.txt
SASDB96,packing,rodada_3,24.711664,24.711664,24.7117,NO,1.0,50.0,0.04,853.0,,1,,SASDB96/packing_result/rodada_3/report.txt
SASDB98,packing,rodada_1,5.616063,4.378849,5.6161,YES,2.0,50.0,0.97,4975.0,,2,,SASDB98/packing_result/rodada_1/report.txt
SASDB98,packing,rodada_2,4.470372,3.844534,4.4704,YES,2.0,50.0,0.98,4975.0,,2,,SASDB98/packing_result/rodada_2/report.txt
SASDB98,packing,rodada_3,4.691517,4.175182,4.6915,YES,2.0,50.0,0.99,4975.0,,2,,SASDB98/packing_result/rodada_3/report.txt
SASDB99,single,rodada_1,3.95677,,,,,,0.76,994.0,1.0,,SASDB99_fit1_model1.pdb,SASDB99/single_result/rodada_1/report.txt
SASDB99,single,rodada_2,3.95677,,,,,,0.76,994.0,1.0,,SASDB99_fit1_model1.pdb,SASDB99/single_result/rodada_2/report.txt
SASDB99,single,rodada_3,3.95677,,,,,,0.76,994.0,1.0,,SASDB99_fit1_model1.pdb,SASDB99/single_result/rodada_3/report.txt
SASDBA3,single,rodada_1,5.09794,,,,,,1.29,890.0,1.0,,SASDBA3_fit1_model1.pdb,SASDBA3/single_result/rodada_1/report.txt
SASDBA3,single,rodada_2,5.09794,,,,,,1.29,890.0,1.0,,SASDBA3_fit1_model1.pdb,SASDBA3/single_result/rodada_2/report.txt
SASDBA3,single,rodada_3,5.09794,,,,,,1.27,890.0,1.0,,SASDBA3_fit1_model1.pdb,SASDBA3/single_result/rodada_3/report.txt
SASDBA4,single,rodada_1,20.530605,,,,,,0.1,1055.0,1.0,,SASDBA4_fit1_model1.pdb,SASDBA4/single_result/rodada_1/report.txt
SASDBA4,single,rodada_2,20.530605,,,,,,0.1,1055.0,1.0,,SASDBA4_fit1_model1.pdb,SASDBA4/single_result/rodada_2/report.txt
SASDBA4,single,rodada_3,20.530605,,,,,,0.1,1055.0,1.0,,SASDBA4_fit1_model1.pdb,SASDBA4/single_result/rodada_3/report.txt
SASDBA6,packing,rodada_1,28.100479,28.100479,28.1005,NO,1.0,50.0,0.04,872.0,,1,,SASDBA6/packing_result/rodada_1/report.txt
SASDBA6,packing,rodada_2,28.160026,28.160026,28.16,NO,1.0,50.0,0.04,872.0,,1,,SASDBA6/packing_result/rodada_2/report.txt
SASDBA6,packing,rodada_3,27.847843,27.847843,27.8478,NO,1.0,50.0,0.04,872.0,,1,,SASDBA6/packing_result/rodada_3/report.txt
SASDBA7,packing,rodada_1,9.197413,8.803174,9.1974,YES,3.0,50.0,0.05,571.0,,3,,SASDBA7/packing_result/rodada_1/report.txt
SASDBA7,packing,rodada_2,7.407727,6.346733,7.4077,YES,3.0,50.0,0.05,571.0,,3,,SASDBA7/packing_result/rodada_2/report.txt
SASDBA7,packing,rodada_3,6.876908,8.084477,6.8769,NO,3.0,50.0,0.05,571.0,,3,,SASDBA7/packing_result/rodada_3/report.txt
SASDBA8,packing,rodada_1,7.50248,4.689284,6.4135,YES,4.0,50.0,1.47,4325.0,,4,,SASDBA8/packing_result/rodada_1/report.txt
SASDBA8,packing,rodada_2,5.386457,5.100411,5.3865,YES,4.0,50.0,1.53,4325.0,,4,,SASDBA8/packing_result/rodada_2/report.txt
SASDBA8,packing,rodada_3,5.567779,5.710788,5.5678,NO,4.0,50.0,1.52,4325.0,,4,,SASDBA8/packing_result/rodada_3/report.txt
SASDBA9,single,rodada_1,5.546525,,,,,,0.87,1394.0,1.0,,SASDBA9_fit1_model1.pdb,SASDBA9/single_result/rodada_1/report.txt
SASDBA9,single,rodada_2,5.546525,,,,,,0.88,1394.0,1.0,,SASDBA9_fit1_model1.pdb,SASDBA9/single_result/rodada_2/report.txt
SASDBA9,single,rodada_3,5.546525,,,,,,0.88,1394.0,1.0,,SASDBA9_fit1_model1.pdb,SASDBA9/single_result/rodada_3/report.txt
SASDBB3,single,rodada_1,2.045014,,,,,,0.91,4839.0,1.0,,SASDBB3_fit1_model1.pdb,SASDBB3/single_result/rodada_1/report.txt
SASDBB3,single,rodada_2,2.045014,,,,,,0.92,4839.0,1.0,,SASDBB3_fit1_model1.pdb,SASDBB3/single_result/rodada_2/report.txt
SASDBB3,single,rodada_3,2.045014,,,,,,0.92,4839.0,1.0,,SASDBB3_fit1_model1.pdb,SASDBB3/single_result/rodada_3/report.txt
SASDBB4,single,rodada_1,17.106797,,,,,,0.12,1431.0,1.0,,SASDBB4_fit1_model1.pdb,SASDBB4/single_result/rodada_1/report.txt
SASDBB4,single,rodada_2,17.106797,,,,,,0.12,1431.0,1.0,,SASDBB4_fit1_model1.pdb,SASDBB4/single_result/rodada_2/report.txt
SASDBB4,single,rodada_3,17.106797,,,,,,0.12,1431.0,1.0,,SASDBB4_fit1_model1.pdb,SASDBB4/single_result/rodada_3/report.txt
SASDBB6,packing,rodada_1,10.555572,10.555572,10.5556,NO,1.0,50.0,0.09,2085.0,,1,,SASDBB6/packing_result/rodada_1/report.txt
SASDBB6,packing,rodada_2,9.932815,9.932815,9.9328,NO,1.0,50.0,0.07,2085.0,,1,,SASDBB6/packing_result/rodada_2/report.txt
SASDBB6,packing,rodada_3,11.71197,11.71197,11.712,NO,1.0,50.0,0.07,2085.0,,1,,SASDBB6/packing_result/rodada_3/report.txt
SASDBB7,single,rodada_1,12.592031,,,,,,0.07,352.0,1.0,,SASDBB7_fit1_model1.pdb,SASDBB7/single_result/rodada_1/report.txt
SASDBB7,single,rodada_2,12.592031,,,,,,0.06,352.0,1.0,,SASDBB7_fit1_model1.pdb,SASDBB7/single_result/rodada_2/report.txt
SASDBB7,single,rodada_3,12.592031,,,,,,0.06,352.0,1.0,,SASDBB7_fit1_model1.pdb,SASDBB7/single_result/rodada_3/report.txt
SASDBB8,packing,rodada_1,3.971061,4.456189,3.9711,NO,11.0,50.0,3.66,4054.0,,11,,SASDBB8/packing_result/rodada_1/report.txt
SASDBB8,packing,rodada_2,4.124651,2.698812,3.856,YES,11.0,50.0,3.64,4054.0,,11,,SASDBB8/packing_result/rodada_2/report.txt
SASDBB8,packing,rodada_3,3.454335,3.27948,3.4543,YES,11.0,50.0,3.62,4054.0,,11,,SASDBB8/packing_result/rodada_3/report.txt
SASDBB9,single,rodada_1,9.014435,,,,,,0.12,1047.0,1.0,,SASDBB9_fit1_model1.pdb,SASDBB9/single_result/rodada_1/report.txt
SASDBB9,single,rodada_2,9.014435,,,,,,0.12,1047.0,1.0,,SASDBB9_fit1_model1.pdb,SASDBB9/single_result/rodada_2/report.txt
SASDBB9,single,rodada_3,9.014435,,,,,,0.12,1047.0,1.0,,SASDBB9_fit1_model1.pdb,SASDBB9/single_result/rodada_3/report.txt
SASDBC3,packing,rodada_1,4.289702,3.450204,4.2897,YES,4.0,50.0,2.17,1091.0,,4,,SASDBC3/packing_result/rodada_1/report.txt
SASDBC3,packing,rodada_2,4.681771,4.187904,4.6818,YES,4.0,50.0,2.12,1091.0,,4,,SASDBC3/packing_result/rodada_2/report.txt
SASDBC3,packing,rodada_3,4.19919,3.364922,4.1992,YES,4.0,50.0,2.16,1091.0,,4,,SASDBC3/packing_result/rodada_3/report.txt
SASDBC6,packing,rodada_1,18.714526,18.714526,18.7145,NO,1.0,50.0,0.07,1435.0,,1,,SASDBC6/packing_result/rodada_1/report.txt
SASDBC6,packing,rodada_2,18.706071,18.706071,18.7061,NO,1.0,50.0,0.07,1435.0,,1,,SASDBC6/packing_result/rodada_2/report.txt
SASDBC6,packing,rodada_3,18.994403,18.994403,18.9944,NO,1.0,50.0,0.07,1435.0,,1,,SASDBC6/packing_result/rodada_3/report.txt
SASDBC7,single,rodada_1,6.0553,,,,,,0.14,163.0,1.0,,SASDBC7_fit1_model1.pdb,SASDBC7/single_result/rodada_1/report.txt
SASDBC7,single,rodada_2,6.0553,,,,,,0.14,163.0,1.0,,SASDBC7_fit1_model1.pdb,SASDBC7/single_result/rodada_2/report.txt
SASDBC7,single,rodada_3,6.0553,,,,,,0.14,163.0,1.0,,SASDBC7_fit1_model1.pdb,SASDBC7/single_result/rodada_3/report.txt
SASDBC9,single,rodada_1,4.997136,,,,,,0.13,1078.0,1.0,,SASDBC9_fit1_model1.pdb,SASDBC9/single_result/rodada_1/report.txt
SASDBC9,single,rodada_2,4.997136,,,,,,0.13,1078.0,1.0,,SASDBC9_fit1_model1.pdb,SASDBC9/single_result/rodada_2/report.txt
SASDBC9,single,rodada_3,4.997136,,,,,,0.13,1078.0,1.0,,SASDBC9_fit1_model1.pdb,SASDBC9/single_result/rodada_3/report.txt
SASDBD2,single,rodada_1,6.516553,,,,,,0.19,2097.0,1.0,,SASDBD2_fit1_model1.pdb,SASDBD2/single_result/rodada_1/report.txt
SASDBD2,single,rodada_2,6.516553,,,,,,0.19,2097.0,1.0,,SASDBD2_fit1_model1.pdb,SASDBD2/single_result/rodada_2/report.txt
SASDBD2,single,rodada_3,6.516553,,,,,,0.19,2097.0,1.0,,SASDBD2_fit1_model1.pdb,SASDBD2/single_result/rodada_3/report.txt
SASDBD3,single,rodada_1,16.693261,,,,,,0.11,890.0,1.0,,SASDBD3_fit1_model1.pdb,SASDBD3/single_result/rodada_1/report.txt
SASDBD3,single,rodada_2,16.693261,,,,,,0.11,890.0,1.0,,SASDBD3_fit1_model1.pdb,SASDBD3/single_result/rodada_2/report.txt
SASDBD3,single,rodada_3,16.693261,,,,,,0.1,890.0,1.0,,SASDBD3_fit1_model1.pdb,SASDBD3/single_result/rodada_3/report.txt
SASDBD4,single,rodada_1,19.076939,,,,,,0.07,440.0,1.0,,SASDBD4_fit1_model1.pdb,SASDBD4/single_result/rodada_1/report.txt
SASDBD4,single,rodada_2,19.076939,,,,,,0.07,440.0,1.0,,SASDBD4_fit1_model1.pdb,SASDBD4/single_result/rodada_2/report.txt
SASDBD4,single,rodada_3,19.076939,,,,,,0.07,440.0,1.0,,SASDBD4_fit1_model1.pdb,SASDBD4/single_result/rodada_3/report.txt
SASDBD6,packing,rodada_1,5.06417,3.664539,5.0642,YES,20.0,50.0,0.54,187.0,,20,,SASDBD6/packing_result/rodada_1/report.txt
SASDBD6,packing,rodada_2,4.722775,3.789461,4.7228,YES,20.0,50.0,0.53,187.0,,20,,SASDBD6/packing_result/rodada_2/report.txt
SASDBD6,packing,rodada_3,4.482707,3.633577,4.4827,YES,20.0,50.0,0.52,187.0,,20,,SASDBD6/packing_result/rodada_3/report.txt
SASDBD7,single,rodada_1,6.76995,,,,,,0.29,330.0,1.0,,SASDBD7_fit1_model1.pdb,SASDBD7/single_result/rodada_1/report.txt
SASDBD7,single,rodada_2,6.76995,,,,,,0.29,330.0,1.0,,SASDBD7_fit1_model1.pdb,SASDBD7/single_result/rodada_2/report.txt
SASDBD7,single,rodada_3,6.76995,,,,,,0.29,330.0,1.0,,SASDBD7_fit1_model1.pdb,SASDBD7/single_result/rodada_3/report.txt
SASDBD8,packing,rodada_1,7.098808,6.04598,7.0988,YES,2.0,50.0,0.87,1898.0,,2,,SASDBD8/packing_result/rodada_1/report.txt
SASDBD8,packing,rodada_2,7.919727,6.822215,7.9197,YES,2.0,50.0,0.86,1898.0,,2,,SASDBD8/packing_result/rodada_2/report.txt
SASDBD8,packing,rodada_3,5.216204,4.655421,5.2162,YES,2.0,50.0,0.85,1898.0,,2,,SASDBD8/packing_result/rodada_3/report.txt
SASDBD9,single,rodada_1,3.398712,,,,,,0.36,791.0,1.0,,SASDBD9_fit1_model1.pdb,SASDBD9/single_result/rodada_1/report.txt
SASDBD9,single,rodada_2,3.398712,,,,,,0.35,791.0,1.0,,SASDBD9_fit1_model1.pdb,SASDBD9/single_result/rodada_2/report.txt
SASDBD9,single,rodada_3,3.398712,,,,,,0.36,791.0,1.0,,SASDBD9_fit1_model1.pdb,SASDBD9/single_result/rodada_3/report.txt
SASDBE2,single,rodada_1,7.132261,,,,,,0.12,921.0,1.0,,SASDBE2_fit1_model1.pdb,SASDBE2/single_result/rodada_1/report.txt
SASDBE2,single,rodada_2,7.132261,,,,,,0.12,921.0,1.0,,SASDBE2_fit1_model1.pdb,SASDBE2/single_result/rodada_2/report.txt
SASDBE2,single,rodada_3,7.132261,,,,,,0.12,921.0,1.0,,SASDBE2_fit1_model1.pdb,SASDBE2/single_result/rodada_3/report.txt
SASDBE3,single,rodada_1,5.067371,,,,,,0.15,925.0,1.0,,SASDBE3_fit1_model1.pdb,SASDBE3/single_result/rodada_1/report.txt
SASDBE3,single,rodada_2,5.067371,,,,,,0.15,925.0,1.0,,SASDBE3_fit1_model1.pdb,SASDBE3/single_result/rodada_2/report.txt
SASDBE3,single,rodada_3,5.067371,,,,,,0.15,925.0,1.0,,SASDBE3_fit1_model1.pdb,SASDBE3/single_result/rodada_3/report.txt
SASDBE6,packing,rodada_1,3.549986,3.195136,3.55,YES,20.0,50.0,0.58,172.0,,20,,SASDBE6/packing_result/rodada_1/report.txt
SASDBE6,packing,rodada_2,3.54093,3.071165,3.5409,YES,20.0,50.0,0.54,172.0,,20,,SASDBE6/packing_result/rodada_2/report.txt
SASDBE6,packing,rodada_3,3.516013,3.197953,3.516,YES,20.0,50.0,0.56,172.0,,20,,SASDBE6/packing_result/rodada_3/report.txt
SASDBE7,packing,rodada_1,10.706477,8.004193,8.5112,YES,8.0,50.0,1.63,279.0,,8,,SASDBE7/packing_result/rodada_1/report.txt
SASDBE7,packing,rodada_2,9.440833,9.089526,9.4408,YES,8.0,50.0,1.61,279.0,,8,,SASDBE7/packing_result/rodada_2/report.txt
SASDBE7,packing,rodada_3,12.086593,8.313721,10.3824,YES,8.0,50.0,1.61,279.0,,8,,SASDBE7/packing_result/rodada_3/report.txt
SASDBE8,packing,rodada_1,4.908881,4.232842,4.9089,YES,3.0,50.0,1.12,2114.0,,3,,SASDBE8/packing_result/rodada_1/report.txt
SASDBE8,packing,rodada_2,5.921078,4.049433,5.9211,YES,3.0,50.0,1.1,2114.0,,3,,SASDBE8/packing_result/rodada_2/report.txt
SASDBE8,packing,rodada_3,4.734176,4.442445,4.7342,YES,3.0,50.0,1.19,2114.0,,3,,SASDBE8/packing_result/rodada_3/report.txt
SASDBE9,single,rodada_1,3.559882,,,,,,0.35,744.0,1.0,,SASDBE9_fit1_model1.pdb,SASDBE9/single_result/rodada_1/report.txt
SASDBE9,single,rodada_2,3.559882,,,,,,0.35,744.0,1.0,,SASDBE9_fit1_model1.pdb,SASDBE9/single_result/rodada_2/report.txt
SASDBE9,single,rodada_3,3.559882,,,,,,0.35,744.0,1.0,,SASDBE9_fit1_model1.pdb,SASDBE9/single_result/rodada_3/report.txt
SASDBF2,single,rodada_1,4.909831,,,,,,0.13,1333.0,1.0,,SASDBF2_fit1_model1.pdb,SASDBF2/single_result/rodada_1/report.txt
SASDBF2,single,rodada_2,4.909831,,,,,,0.13,1333.0,1.0,,SASDBF2_fit1_model1.pdb,SASDBF2/single_result/rodada_2/report.txt
SASDBF2,single,rodada_3,4.909831,,,,,,0.13,1333.0,1.0,,SASDBF2_fit1_model1.pdb,SASDBF2/single_result/rodada_3/report.txt
SASDBF3,single,rodada_1,8.730698,,,,,,0.17,1802.0,1.0,,SASDBF3_fit1_model1.pdb,SASDBF3/single_result/rodada_1/report.txt
SASDBF3,single,rodada_2,8.730698,,,,,,0.17,1802.0,1.0,,SASDBF3_fit1_model1.pdb,SASDBF3/single_result/rodada_2/report.txt
SASDBF3,single,rodada_3,8.730698,,,,,,0.17,1802.0,1.0,,SASDBF3_fit1_model1.pdb,SASDBF3/single_result/rodada_3/report.txt
SASDBF4,packing,rodada_1,18.164439,11.761139,13.0443,YES,2.0,50.0,0.34,256.0,,2,,SASDBF4/packing_result/rodada_1/report.txt
SASDBF4,packing,rodada_2,19.693727,10.390563,12.2608,YES,2.0,50.0,0.34,256.0,,2,,SASDBF4/packing_result/rodada_2/report.txt
SASDBF4,packing,rodada_3,19.659895,8.504923,8.5749,YES,2.0,50.0,0.32,256.0,,2,,SASDBF4/packing_result/rodada_3/report.txt
SASDBF6,single,rodada_1,8.11383,,,,,,1.11,820.0,1.0,,SASDBF6_fit1_model1.pdb,SASDBF6/single_result/rodada_1/report.txt
SASDBF6,single,rodada_2,8.11383,,,,,,1.11,820.0,1.0,,SASDBF6_fit1_model1.pdb,SASDBF6/single_result/rodada_2/report.txt
SASDBF6,single,rodada_3,8.11383,,,,,,1.12,820.0,1.0,,SASDBF6_fit1_model1.pdb,SASDBF6/single_result/rodada_3/report.txt
SASDBF7,packing,rodada_1,3.862862,3.250328,3.8629,YES,2.0,50.0,1.67,1585.0,,2,,SASDBF7/packing_result/rodada_1/report.txt
SASDBF7,packing,rodada_2,4.069247,3.435917,4.0692,YES,2.0,50.0,1.64,1585.0,,2,,SASDBF7/packing_result/rodada_2/report.txt
SASDBF7,packing,rodada_3,3.78752,3.232551,3.7875,YES,2.0,50.0,1.75,1585.0,,2,,SASDBF7/packing_result/rodada_3/report.txt
SASDBF8,packing,rodada_1,10.407992,8.520743,10.408,YES,3.0,50.0,1.14,1591.0,,3,,SASDBF8/packing_result/rodada_1/report.txt
SASDBF8,packing,rodada_2,6.831383,6.223456,6.8314,YES,3.0,50.0,1.17,1591.0,,3,,SASDBF8/packing_result/rodada_2/report.txt
SASDBF8,packing,rodada_3,8.48969,6.614336,8.4897,YES,3.0,50.0,1.11,1591.0,,3,,SASDBF8/packing_result/rodada_3/report.txt
SASDBF9,single,rodada_1,2.987067,,,,,,0.37,898.0,1.0,,SASDBF9_fit1_model1.pdb,SASDBF9/single_result/rodada_1/report.txt
SASDBF9,single,rodada_2,2.987067,,,,,,0.37,898.0,1.0,,SASDBF9_fit1_model1.pdb,SASDBF9/single_result/rodada_2/report.txt
SASDBF9,single,rodada_3,2.987067,,,,,,0.37,898.0,1.0,,SASDBF9_fit1_model1.pdb,SASDBF9/single_result/rodada_3/report.txt
SASDBG2,single,rodada_1,6.405983,,,,,,0.16,1763.0,1.0,,SASDBG2_fit1_model1.pdb,SASDBG2/single_result/rodada_1/report.txt
SASDBG2,single,rodada_2,6.405983,,,,,,0.16,1763.0,1.0,,SASDBG2_fit1_model1.pdb,SASDBG2/single_result/rodada_2/report.txt
SASDBG2,single,rodada_3,6.405983,,,,,,0.15,1763.0,1.0,,SASDBG2_fit1_model1.pdb,SASDBG2/single_result/rodada_3/report.txt
SASDBG3,single,rodada_1,14.558054,,,,,,0.17,1573.0,1.0,,SASDBG3_fit1_model1.pdb,SASDBG3/single_result/rodada_1/report.txt
SASDBG3,single,rodada_2,14.558054,,,,,,0.17,1573.0,1.0,,SASDBG3_fit1_model1.pdb,SASDBG3/single_result/rodada_2/report.txt
SASDBG3,single,rodada_3,14.558054,,,,,,0.17,1573.0,1.0,,SASDBG3_fit1_model1.pdb,SASDBG3/single_result/rodada_3/report.txt
SASDBG4,single,rodada_1,10.985461,,,,,,0.66,264.0,1.0,,SASDBG4_fit1_model1.pdb,SASDBG4/single_result/rodada_1/report.txt
SASDBG4,single,rodada_2,10.985461,,,,,,0.65,264.0,1.0,,SASDBG4_fit1_model1.pdb,SASDBG4/single_result/rodada_2/report.txt
SASDBG4,single,rodada_3,10.985461,,,,,,0.65,264.0,1.0,,SASDBG4_fit1_model1.pdb,SASDBG4/single_result/rodada_3/report.txt
SASDBG6,packing,rodada_1,,,,,,,,,,,,SASDBG6/packing_result/rodada_1/report.txt
SASDBG6,packing,rodada_2,,,,,,,,,,,,SASDBG6/packing_result/rodada_2/report.txt
SASDBG6,packing,rodada_3,,,,,,,,,,,,SASDBG6/packing_result/rodada_3/report.txt
SASDBG7,packing,rodada_1,4.768827,4.768827,4.7688,NO,1.0,50.0,0.32,1609.0,,1,,SASDBG7/packing_result/rodada_1/report.txt
SASDBG7,packing,rodada_2,5.079406,5.079406,5.0794,NO,1.0,50.0,0.32,1609.0,,1,,SASDBG7/packing_result/rodada_2/report.txt
SASDBG7,packing,rodada_3,4.797475,4.797475,4.7975,NO,1.0,50.0,0.32,1609.0,,1,,SASDBG7/packing_result/rodada_3/report.txt
SASDBG8,packing,rodada_1,5.097821,4.652507,5.0978,YES,2.0,50.0,0.36,1966.0,,2,,SASDBG8/packing_result/rodada_1/report.txt
SASDBG8,packing,rodada_2,5.190532,4.595293,5.1905,YES,2.0,50.0,0.36,1966.0,,2,,SASDBG8/packing_result/rodada_2/report.txt
SASDBG8,packing,rodada_3,4.973387,4.605373,4.9734,YES,2.0,50.0,0.36,1966.0,,2,,SASDBG8/packing_result/rodada_3/report.txt
SASDBG9,single,rodada_1,2.848396,,,,,,0.36,861.0,1.0,,SASDBG9_fit1_model1.pdb,SASDBG9/single_result/rodada_1/report.txt
SASDBG9,single,rodada_2,2.848396,,,,,,0.36,861.0,1.0,,SASDBG9_fit1_model1.pdb,SASDBG9/single_result/rodada_2/report.txt
SASDBG9,single,rodada_3,2.848396,,,,,,0.35,861.0,1.0,,SASDBG9_fit1_model1.pdb,SASDBG9/single_result/rodada_3/report.txt
SASDBH2,single,rodada_1,5.997012,,,,,,0.2,1947.0,1.0,,SASDBH2_fit1_model1.pdb,SASDBH2/single_result/rodada_1/report.txt
SASDBH2,single,rodada_2,5.997012,,,,,,0.2,1947.0,1.0,,SASDBH2_fit1_model1.pdb,SASDBH2/single_result/rodada_2/report.txt
SASDBH2,single,rodada_3,5.997012,,,,,,0.19,1947.0,1.0,,SASDBH2_fit1_model1.pdb,SASDBH2/single_result/rodada_3/report.txt
SASDBH3,single,rodada_1,15.652972,,,,,,0.11,1117.0,1.0,,SASDBH3_fit1_model1.pdb,SASDBH3/single_result/rodada_1/report.txt
SASDBH3,single,rodada_2,15.652972,,,,,,0.11,1117.0,1.0,,SASDBH3_fit1_model1.pdb,SASDBH3/single_result/rodada_2/report.txt
SASDBH3,single,rodada_3,15.652972,,,,,,0.11,1117.0,1.0,,SASDBH3_fit1_model1.pdb,SASDBH3/single_result/rodada_3/report.txt
SASDBH4,single,rodada_1,5.589917,,,,,,0.49,781.0,1.0,,SASDBH4_fit1_model1.pdb,SASDBH4/single_result/rodada_1/report.txt
SASDBH4,single,rodada_2,5.589917,,,,,,0.48,781.0,1.0,,SASDBH4_fit1_model1.pdb,SASDBH4/single_result/rodada_2/report.txt
SASDBH4,single,rodada_3,5.589917,,,,,,0.49,781.0,1.0,,SASDBH4_fit1_model1.pdb,SASDBH4/single_result/rodada_3/report.txt
SASDBH7,single,rodada_1,3.775131,,,,,,0.58,1531.0,1.0,,SASDBH7_fit1_model1.pdb,SASDBH7/single_result/rodada_1/report.txt
SASDBH7,single,rodada_2,3.775131,,,,,,0.58,1531.0,1.0,,SASDBH7_fit1_model1.pdb,SASDBH7/single_result/rodada_2/report.txt
SASDBH7,single,rodada_3,3.775131,,,,,,0.59,1531.0,1.0,,SASDBH7_fit1_model1.pdb,SASDBH7/single_result/rodada_3/report.txt
SASDBH8,packing,rodada_1,5.270409,3.338231,5.2704,YES,4.0,50.0,0.88,1963.0,,4,,SASDBH8/packing_result/rodada_1/report.txt
SASDBH8,packing,rodada_2,6.978413,3.640236,6.1521,YES,4.0,50.0,0.9,1963.0,,4,,SASDBH8/packing_result/rodada_2/report.txt
SASDBH8,packing,rodada_3,5.648362,3.929288,5.6484,YES,4.0,50.0,0.97,1963.0,,4,,SASDBH8/packing_result/rodada_3/report.txt
SASDBH9,single,rodada_1,3.061859,,,,,,0.35,761.0,1.0,,SASDBH9_fit1_model1.pdb,SASDBH9/single_result/rodada_1/report.txt
SASDBH9,single,rodada_2,3.061859,,,,,,0.35,761.0,1.0,,SASDBH9_fit1_model1.pdb,SASDBH9/single_result/rodada_2/report.txt
SASDBH9,single,rodada_3,3.061859,,,,,,0.35,761.0,1.0,,SASDBH9_fit1_model1.pdb,SASDBH9/single_result/rodada_3/report.txt
SASDBJ2,single,rodada_1,10.961981,,,,,,0.11,1272.0,1.0,,SASDBJ2_fit1_model1.pdb,SASDBJ2/single_result/rodada_1/report.txt
SASDBJ2,single,rodada_2,10.961981,,,,,,0.11,1272.0,1.0,,SASDBJ2_fit1_model1.pdb,SASDBJ2/single_result/rodada_2/report.txt
SASDBJ2,single,rodada_3,10.961981,,,,,,0.11,1272.0,1.0,,SASDBJ2_fit1_model1.pdb,SASDBJ2/single_result/rodada_3/report.txt
SASDBJ3,packing,rodada_1,6.290613,4.52334,4.9775,YES,2.0,50.0,0.32,865.0,,2,,SASDBJ3/packing_result/rodada_1/report.txt
SASDBJ3,packing,rodada_2,6.11406,3.810615,3.946,YES,2.0,50.0,0.32,865.0,,2,,SASDBJ3/packing_result/rodada_2/report.txt
SASDBJ3,packing,rodada_3,6.791111,4.229232,4.4047,YES,2.0,50.0,0.31,865.0,,2,,SASDBJ3/packing_result/rodada_3/report.txt
SASDBJ4,single,rodada_1,3.003788,,,,,,0.49,1135.0,1.0,,SASDBJ4_fit1_model1.pdb,SASDBJ4/single_result/rodada_1/report.txt
SASDBJ4,single,rodada_2,3.003788,,,,,,0.49,1135.0,1.0,,SASDBJ4_fit1_model1.pdb,SASDBJ4/single_result/rodada_2/report.txt
SASDBJ4,single,rodada_3,3.003788,,,,,,0.49,1135.0,1.0,,SASDBJ4_fit1_model1.pdb,SASDBJ4/single_result/rodada_3/report.txt
SASDBJ7,packing,rodada_1,19.094668,19.094668,19.0947,NO,3.0,50.0,0.21,1540.0,,3,,SASDBJ7/packing_result/rodada_1/report.txt
SASDBJ7,packing,rodada_2,19.356985,19.356985,19.357,NO,3.0,50.0,0.2,1540.0,,3,,SASDBJ7/packing_result/rodada_2/report.txt
SASDBJ7,packing,rodada_3,19.353402,19.353402,19.3534,NO,3.0,50.0,0.21,1540.0,,3,,SASDBJ7/packing_result/rodada_3/report.txt
SASDBJ8,packing,rodada_1,4.366267,3.228196,3.4607,YES,2.0,50.0,0.41,1499.0,,2,,SASDBJ8/packing_result/rodada_1/report.txt
SASDBJ8,packing,rodada_2,3.466179,3.296975,3.4662,YES,2.0,50.0,0.39,1499.0,,2,,SASDBJ8/packing_result/rodada_2/report.txt
SASDBJ8,packing,rodada_3,4.684759,3.039296,3.2551,YES,2.0,50.0,0.4,1499.0,,2,,SASDBJ8/packing_result/rodada_3/report.txt
SASDBJ9,single,rodada_1,4.336335,,,,,,0.54,1084.0,1.0,,SASDBJ9_fit1_model1.pdb,SASDBJ9/single_result/rodada_1/report.txt
SASDBJ9,single,rodada_2,4.336335,,,,,,0.54,1084.0,1.0,,SASDBJ9_fit1_model1.pdb,SASDBJ9/single_result/rodada_2/report.txt
SASDBJ9,single,rodada_3,4.336335,,,,,,0.53,1084.0,1.0,,SASDBJ9_fit1_model1.pdb,SASDBJ9/single_result/rodada_3/report.txt
SASDBK3,packing,rodada_1,5.364523,5.103993,5.3645,YES,2.0,50.0,0.52,755.0,,2,,SASDBK3/packing_result/rodada_1/report.txt
SASDBK3,packing,rodada_2,8.185528,5.134739,5.6098,YES,2.0,50.0,0.52,755.0,,2,,SASDBK3/packing_result/rodada_2/report.txt
SASDBK3,packing,rodada_3,8.618552,5.620155,6.045,YES,2.0,50.0,0.53,755.0,,2,,SASDBK3/packing_result/rodada_3/report.txt
SASDBK4,packing,rodada_1,17.902317,7.268323,7.3995,YES,2.0,50.0,0.09,800.0,,2,,SASDBK4/packing_result/rodada_1/report.txt
SASDBK4,packing,rodada_2,18.122084,10.479064,10.8238,YES,2.0,50.0,0.08,800.0,,2,,SASDBK4/packing_result/rodada_2/report.txt
SASDBK4,packing,rodada_3,18.427576,7.323766,7.3957,YES,2.0,50.0,0.08,800.0,,2,,SASDBK4/packing_result/rodada_3/report.txt
SASDBK7,packing,rodada_1,5.918927,5.442698,5.9189,YES,2.0,50.0,0.59,1908.0,,2,,SASDBK7/packing_result/rodada_1/report.txt
SASDBK7,packing,rodada_2,6.388353,6.167559,6.3884,YES,2.0,50.0,0.6,1908.0,,2,,SASDBK7/packing_result/rodada_2/report.txt
SASDBK7,packing,rodada_3,6.389602,6.01439,6.3896,YES,2.0,50.0,0.59,1908.0,,2,,SASDBK7/packing_result/rodada_3/report.txt
SASDBK8,packing,rodada_1,4.438198,3.450578,3.9738,YES,2.0,50.0,0.41,1506.0,,2,,SASDBK8/packing_result/rodada_1/report.txt
SASDBK8,packing,rodada_2,4.733166,2.820721,3.0689,YES,2.0,50.0,0.4,1506.0,,2,,SASDBK8/packing_result/rodada_2/report.txt
SASDBK8,packing,rodada_3,4.710691,3.801438,4.4645,YES,2.0,50.0,0.4,1506.0,,2,,SASDBK8/packing_result/rodada_3/report.txt
SASDBK9,single,rodada_1,10.990965,,,,,,0.75,1015.0,1.0,,SASDBK9_fit1_model1.pdb,SASDBK9/single_result/rodada_1/report.txt
SASDBK9,single,rodada_2,10.990965,,,,,,0.74,1015.0,1.0,,SASDBK9_fit1_model1.pdb,SASDBK9/single_result/rodada_2/report.txt
SASDBK9,single,rodada_3,10.990965,,,,,,0.75,1015.0,1.0,,SASDBK9_fit1_model1.pdb,SASDBK9/single_result/rodada_3/report.txt
SASDBL2,single,rodada_1,20.561083,,,,,,1.27,167.0,1.0,,SASDBL2_fit1_model1.pdb,SASDBL2/single_result/rodada_1/report.txt
SASDBL2,single,rodada_2,20.561083,,,,,,1.28,167.0,1.0,,SASDBL2_fit1_model1.pdb,SASDBL2/single_result/rodada_2/report.txt
SASDBL2,single,rodada_3,20.561083,,,,,,1.28,167.0,1.0,,SASDBL2_fit1_model1.pdb,SASDBL2/single_result/rodada_3/report.txt
SASDBL4,packing,rodada_1,23.372562,13.428527,13.7751,YES,2.0,50.0,0.09,1646.0,,2,,SASDBL4/packing_result/rodada_1/report.txt
SASDBL4,packing,rodada_2,23.112269,10.006522,10.244,YES,2.0,50.0,0.09,1646.0,,2,,SASDBL4/packing_result/rodada_2/report.txt
SASDBL4,packing,rodada_3,22.839623,9.923238,10.1521,YES,2.0,50.0,0.09,1646.0,,2,,SASDBL4/packing_result/rodada_3/report.txt
SASDBL7,single,rodada_1,3.770456,,,,,,0.47,1042.0,1.0,,SASDBL7_fit1_model1.pdb,SASDBL7/single_result/rodada_1/report.txt
SASDBL7,single,rodada_2,3.770456,,,,,,0.47,1042.0,1.0,,SASDBL7_fit1_model1.pdb,SASDBL7/single_result/rodada_2/report.txt
SASDBL7,single,rodada_3,3.770456,,,,,,0.46,1042.0,1.0,,SASDBL7_fit1_model1.pdb,SASDBL7/single_result/rodada_3/report.txt
SASDBL8,packing,rodada_1,2.890091,2.80345,2.8901,YES,2.0,50.0,0.39,1524.0,,2,,SASDBL8/packing_result/rodada_1/report.txt
SASDBL8,packing,rodada_2,4.325293,2.851212,3.0857,YES,2.0,50.0,0.4,1524.0,,2,,SASDBL8/packing_result/rodada_2/report.txt
SASDBL8,packing,rodada_3,3.039826,2.849848,3.0398,YES,2.0,50.0,0.39,1524.0,,2,,SASDBL8/packing_result/rodada_3/report.txt
SASDBL9,single,rodada_1,3.949353,,,,,,0.51,5544.0,1.0,,SASDBL9_fit1_model1.pdb,SASDBL9/single_result/rodada_1/report.txt
SASDBL9,single,rodada_2,3.96061,,,,,,0.51,5544.0,1.0,,SASDBL9_fit1_model1.pdb,SASDBL9/single_result/rodada_2/report.txt
SASDBL9,single,rodada_3,3.95839,,,,,,0.51,5544.0,1.0,,SASDBL9_fit1_model1.pdb,SASDBL9/single_result/rodada_3/report.txt
SASDBM4,packing,rodada_1,27.28493,13.899539,14.4481,YES,2.0,50.0,0.09,1457.0,,2,,SASDBM4/packing_result/rodada_1/report.txt
SASDBM4,packing,rodada_2,26.717722,12.393419,12.8808,YES,2.0,50.0,0.08,1457.0,,2,,SASDBM4/packing_result/rodada_2/report.txt
SASDBM4,packing,rodada_3,26.785698,13.137939,13.6219,YES,2.0,50.0,0.08,1457.0,,2,,SASDBM4/packing_result/rodada_3/report.txt
SASDBM7,single,rodada_1,6.291049,,,,,,0.16,1376.0,1.0,,SASDBM7_fit1_model1.pdb,SASDBM7/single_result/rodada_1/report.txt
SASDBM7,single,rodada_2,6.291049,,,,,,0.16,1376.0,1.0,,SASDBM7_fit1_model1.pdb,SASDBM7/single_result/rodada_2/report.txt
SASDBM7,single,rodada_3,6.291049,,,,,,0.16,1376.0,1.0,,SASDBM7_fit1_model1.pdb,SASDBM7/single_result/rodada_3/report.txt
SASDBM8,packing,rodada_1,5.359215,4.103538,5.3589,YES,4.0,50.0,0.99,940.0,,4,,SASDBM8/packing_result/rodada_1/report.txt
SASDBM8,packing,rodada_2,6.867523,4.242259,5.656,YES,4.0,50.0,0.89,940.0,,4,,SASDBM8/packing_result/rodada_2/report.txt
SASDBM8,packing,rodada_3,4.420747,4.253262,4.4207,YES,4.0,50.0,0.97,940.0,,4,,SASDBM8/packing_result/rodada_3/report.txt
SASDBM9,single,rodada_1,4.938189,,,,,,0.2,1483.0,1.0,,SASDBM9_fit1_model1.pdb,SASDBM9/single_result/rodada_1/report.txt
SASDBM9,single,rodada_2,4.938189,,,,,,0.2,1483.0,1.0,,SASDBM9_fit1_model1.pdb,SASDBM9/single_result/rodada_2/report.txt
SASDBM9,single,rodada_3,4.938189,,,,,,0.2,1483.0,1.0,,SASDBM9_fit1_model1.pdb,SASDBM9/single_result/rodada_3/report.txt
SASDBN2,packing,rodada_1,2.304385,2.06502,2.3044,YES,2.0,50.0,0.18,874.0,,2,,SASDBN2/packing_result/rodada_1/report.txt
SASDBN2,packing,rodada_2,2.305545,2.036456,2.3055,YES,2.0,50.0,0.17,874.0,,2,,SASDBN2/packing_result/rodada_2/report.txt
SASDBN2,packing,rodada_3,2.292755,1.875119,2.2928,YES,2.0,50.0,0.17,874.0,,2,,SASDBN2/packing_result/rodada_3/report.txt
SASDBN7,single,rodada_1,5.03296,,,,,,0.07,362.0,1.0,,SASDBN7_fit1_model1.pdb,SASDBN7/single_result/rodada_1/report.txt
SASDBN7,single,rodada_2,5.03296,,,,,,0.07,362.0,1.0,,SASDBN7_fit1_model1.pdb,SASDBN7/single_result/rodada_2/report.txt
SASDBN7,single,rodada_3,5.03296,,,,,,0.07,362.0,1.0,,SASDBN7_fit1_model1.pdb,SASDBN7/single_result/rodada_3/report.txt
SASDBN8,packing,rodada_1,6.225313,3.204045,4.796,YES,4.0,50.0,0.96,2592.0,,4,,SASDBN8/packing_result/rodada_1/report.txt
SASDBN8,packing,rodada_2,6.555892,3.371927,5.3522,YES,4.0,50.0,0.96,2592.0,,4,,SASDBN8/packing_result/rodada_2/report.txt
SASDBN8,packing,rodada_3,6.182607,3.487566,4.7629,YES,4.0,50.0,0.96,2592.0,,4,,SASDBN8/packing_result/rodada_3/report.txt
SASDBN9,single,rodada_1,7.642032,,,,,,0.3,3404.0,1.0,,SASDBN9_fit1_model1.pdb,SASDBN9/single_result/rodada_1/report.txt
SASDBN9,single,rodada_2,7.642032,,,,,,0.3,3404.0,1.0,,SASDBN9_fit1_model1.pdb,SASDBN9/single_result/rodada_2/report.txt
SASDBN9,single,rodada_3,7.642032,,,,,,0.3,3404.0,1.0,,SASDBN9_fit1_model1.pdb,SASDBN9/single_result/rodada_3/report.txt
SASDBP2,packing,rodada_1,5.744023,7.363812,5.744,NO,2.0,50.0,0.27,1643.0,,2,,SASDBP2/packing_result/rodada_1/report.txt
SASDBP2,packing,rodada_2,5.488062,5.001581,5.4881,YES,2.0,50.0,0.26,1643.0,,2,,SASDBP2/packing_result/rodada_2/report.txt
SASDBP2,packing,rodada_3,5.995164,4.812539,5.389,YES,2.0,50.0,0.26,1643.0,,2,,SASDBP2/packing_result/rodada_3/report.txt
SASDBP4,packing,rodada_1,4.460308,3.349446,4.4603,YES,2.0,50.0,0.18,724.0,,2,,SASDBP4/packing_result/rodada_1/report.txt
SASDBP4,packing,rodada_2,4.158882,3.758782,4.1589,YES,2.0,50.0,0.18,724.0,,2,,SASDBP4/packing_result/rodada_2/report.txt
SASDBP4,packing,rodada_3,3.900086,3.544823,3.9001,YES,2.0,50.0,0.18,724.0,,2,,SASDBP4/packing_result/rodada_3/report.txt
SASDBP7,single,rodada_1,6.479742,,,,,,0.06,226.0,1.0,,SASDBP7_fit1_model1.pdb,SASDBP7/single_result/rodada_1/report.txt
SASDBP7,single,rodada_2,6.479742,,,,,,0.06,226.0,1.0,,SASDBP7_fit1_model1.pdb,SASDBP7/single_result/rodada_2/report.txt
SASDBP7,single,rodada_3,6.479742,,,,,,0.06,226.0,1.0,,SASDBP7_fit1_model1.pdb,SASDBP7/single_result/rodada_3/report.txt
SASDBP8,packing,rodada_1,4.743506,3.229114,3.5876,YES,2.0,50.0,0.38,1329.0,,2,,SASDBP8/packing_result/rodada_1/report.txt
SASDBP8,packing,rodada_2,3.502916,3.430203,3.5029,YES,2.0,50.0,0.39,1329.0,,2,,SASDBP8/packing_result/rodada_2/report.txt
SASDBP8,packing,rodada_3,5.367224,3.613915,4.0918,YES,2.0,50.0,0.38,1329.0,,2,,SASDBP8/packing_result/rodada_3/report.txt
SASDBP9,packing,rodada_1,11.163805,9.367615,11.1638,YES,2.0,50.0,0.29,172.0,,2,,SASDBP9/packing_result/rodada_1/report.txt
SASDBP9,packing,rodada_2,9.666589,6.652296,6.8543,YES,2.0,50.0,0.28,172.0,,2,,SASDBP9/packing_result/rodada_2/report.txt
SASDBP9,packing,rodada_3,11.713801,7.086331,7.185,YES,2.0,50.0,0.28,172.0,,2,,SASDBP9/packing_result/rodada_3/report.txt
SASDBQ2,packing,rodada_1,3.517008,4.613606,3.517,NO,2.0,50.0,0.29,369.0,,2,,SASDBQ2/packing_result/rodada_1/report.txt
SASDBQ2,packing,rodada_2,3.575359,3.123406,3.5754,YES,2.0,50.0,0.28,369.0,,2,,SASDBQ2/packing_result/rodada_2/report.txt
SASDBQ2,packing,rodada_3,3.489342,2.946415,3.4893,YES,2.0,50.0,0.28,369.0,,2,,SASDBQ2/packing_result/rodada_3/report.txt
SASDBQ3,packing,rodada_1,8.241121,3.170566,4.0238,YES,4.0,50.0,0.17,906.0,,4,,SASDBQ3/packing_result/rodada_1/report.txt
SASDBQ3,packing,rodada_2,8.65125,2.265449,2.7677,YES,4.0,50.0,0.17,906.0,,4,,SASDBQ3/packing_result/rodada_2/report.txt
SASDBQ3,packing,rodada_3,8.360652,2.734125,3.2892,YES,4.0,50.0,0.18,906.0,,4,,SASDBQ3/packing_result/rodada_3/report.txt
SASDBQ4,single,rodada_1,8.98554,,,,,,0.2,1557.0,1.0,,SASDBQ4_fit1_model1.pdb,SASDBQ4/single_result/rodada_1/report.txt
SASDBQ4,single,rodada_2,8.98554,,,,,,0.18,1557.0,1.0,,SASDBQ4_fit1_model1.pdb,SASDBQ4/single_result/rodada_2/report.txt
SASDBQ4,single,rodada_3,8.98554,,,,,,0.17,1557.0,1.0,,SASDBQ4_fit1_model1.pdb,SASDBQ4/single_result/rodada_3/report.txt
SASDBQ7,single,rodada_1,10.414964,,,,,,0.05,99.0,1.0,,SASDBQ7_fit1_model1.pdb,SASDBQ7/single_result/rodada_1/report.txt
SASDBQ7,single,rodada_2,10.414964,,,,,,0.05,99.0,1.0,,SASDBQ7_fit1_model1.pdb,SASDBQ7/single_result/rodada_2/report.txt
SASDBQ7,single,rodada_3,10.414964,,,,,,0.05,99.0,1.0,,SASDBQ7_fit1_model1.pdb,SASDBQ7/single_result/rodada_3/report.txt
SASDBQ9,packing,rodada_1,10.162012,8.348483,10.162,YES,2.0,50.0,0.43,299.0,,2,,SASDBQ9/packing_result/rodada_1/report.txt
SASDBQ9,packing,rodada_2,7.336319,8.595991,7.3363,NO,2.0,50.0,0.44,299.0,,2,,SASDBQ9/packing_result/rodada_2/report.txt
SASDBQ9,packing,rodada_3,7.12588,8.265891,7.1259,NO,2.0,50.0,0.43,299.0,,2,,SASDBQ9/packing_result/rodada_3/report.txt
SASDBR2,packing,rodada_1,9.024546,9.024546,9.0245,NO,1.0,50.0,0.08,1657.0,,1,,SASDBR2/packing_result/rodada_1/report.txt
SASDBR2,packing,rodada_2,9.70764,9.70764,9.7076,NO,1.0,50.0,0.08,1657.0,,1,,SASDBR2/packing_result/rodada_2/report.txt
SASDBR2,packing,rodada_3,9.618096,9.618096,9.6181,NO,1.0,50.0,0.08,1657.0,,1,,SASDBR2/packing_result/rodada_3/report.txt
SASDBR3,packing,rodada_1,11.67901,10.36657,11.679,YES,5.0,50.0,0.7,2533.0,,5,,SASDBR3/packing_result/rodada_1/report.txt
SASDBR3,packing,rodada_2,11.260945,9.604318,11.0573,YES,5.0,50.0,0.7,2533.0,,5,,SASDBR3/packing_result/rodada_2/report.txt
SASDBR3,packing,rodada_3,11.784209,9.525521,10.7039,YES,5.0,50.0,0.69,2533.0,,5,,SASDBR3/packing_result/rodada_3/report.txt
SASDBR4,packing,rodada_1,7.092881,6.391921,7.0929,YES,2.0,50.0,0.17,789.0,,2,,SASDBR4/packing_result/rodada_1/report.txt
SASDBR4,packing,rodada_2,10.471706,8.366888,9.4953,YES,2.0,50.0,0.17,789.0,,2,,SASDBR4/packing_result/rodada_2/report.txt
SASDBR4,packing,rodada_3,6.640448,6.182236,6.6404,YES,2.0,50.0,0.17,789.0,,2,,SASDBR4/packing_result/rodada_3/report.txt
SASDBR7,single,rodada_1,5.894205,,,,,,0.12,1182.0,1.0,,SASDBR7_fit1_model1.pdb,SASDBR7/single_result/rodada_1/report.txt
SASDBR7,single,rodada_2,5.894205,,,,,,0.12,1182.0,1.0,,SASDBR7_fit1_model1.pdb,SASDBR7/single_result/rodada_2/report.txt
SASDBR7,single,rodada_3,5.894205,,,,,,0.12,1182.0,1.0,,SASDBR7_fit1_model1.pdb,SASDBR7/single_result/rodada_3/report.txt
SASDBR9,packing,rodada_1,5.803256,6.664819,5.8033,NO,2.0,50.0,0.34,1081.0,,2,,SASDBR9/packing_result/rodada_1/report.txt
SASDBR9,packing,rodada_2,6.513346,7.112165,6.5133,NO,2.0,50.0,0.34,1081.0,,2,,SASDBR9/packing_result/rodada_2/report.txt
SASDBR9,packing,rodada_3,5.534095,6.661915,5.5341,NO,2.0,50.0,0.33,1081.0,,2,,SASDBR9/packing_result/rodada_3/report.txt
SASDBS2,single,rodada_1,3.955161,,,,,,1.14,1071.0,1.0,,SASDBS2_fit1_model1.pdb,SASDBS2/single_result/rodada_1/report.txt
SASDBS2,single,rodada_2,3.955161,,,,,,1.14,1071.0,1.0,,SASDBS2_fit1_model1.pdb,SASDBS2/single_result/rodada_2/report.txt
SASDBS2,single,rodada_3,3.955161,,,,,,1.15,1071.0,1.0,,SASDBS2_fit1_model1.pdb,SASDBS2/single_result/rodada_3/report.txt
SASDBS3,packing,rodada_1,5.871781,5.803051,5.8718,YES,5.0,50.0,0.68,58.0,,5,,SASDBS3/packing_result/rodada_1/report.txt
SASDBS3,packing,rodada_2,5.846618,5.767401,5.8466,YES,5.0,50.0,0.66,58.0,,5,,SASDBS3/packing_result/rodada_2/report.txt
SASDBS3,packing,rodada_3,5.886353,5.790958,5.8832,YES,5.0,50.0,0.69,58.0,,5,,SASDBS3/packing_result/rodada_3/report.txt
SASDBS6,packing,rodada_1,6.369479,5.885534,6.3695,YES,6.0,50.0,0.52,216.0,,6,,SASDBS6/packing_result/rodada_1/report.txt
SASDBS6,packing,rodada_2,6.460298,5.35798,6.4603,YES,6.0,50.0,0.51,216.0,,6,,SASDBS6/packing_result/rodada_2/report.txt
SASDBS6,packing,rodada_3,8.473919,5.808839,6.2896,YES,6.0,50.0,0.51,216.0,,6,,SASDBS6/packing_result/rodada_3/report.txt
SASDBS9,single,rodada_1,6.303628,,,,,,0.61,768.0,1.0,,SASDBS9_fit1_model1.pdb,SASDBS9/single_result/rodada_1/report.txt
SASDBS9,single,rodada_2,6.303628,,,,,,0.61,768.0,1.0,,SASDBS9_fit1_model1.pdb,SASDBS9/single_result/rodada_2/report.txt
SASDBS9,single,rodada_3,6.303628,,,,,,0.61,768.0,1.0,,SASDBS9_fit1_model1.pdb,SASDBS9/single_result/rodada_3/report.txt
SASDBT3,packing,rodada_1,18.577167,18.055399,18.4678,YES,5.0,50.0,0.74,3894.0,,5,,SASDBT3/packing_result/rodada_1/report.txt
SASDBT3,packing,rodada_2,19.685387,18.579132,19.0598,YES,5.0,50.0,0.73,3894.0,,5,,SASDBT3/packing_result/rodada_2/report.txt
SASDBT3,packing,rodada_3,19.723815,19.065973,19.4201,YES,5.0,50.0,0.73,3894.0,,5,,SASDBT3/packing_result/rodada_3/report.txt
SASDBT4,single,rodada_1,3.535275,,,,,,0.79,1316.0,1.0,,SASDBT4_fit1_model1.pdb,SASDBT4/single_result/rodada_1/report.txt
SASDBT4,single,rodada_2,3.535275,,,,,,0.78,1316.0,1.0,,SASDBT4_fit1_model1.pdb,SASDBT4/single_result/rodada_2/report.txt
SASDBT4,single,rodada_3,3.535275,,,,,,0.78,1316.0,1.0,,SASDBT4_fit1_model1.pdb,SASDBT4/single_result/rodada_3/report.txt
SASDBT6,single,rodada_1,11.473488,,,,,,0.09,583.0,1.0,,SASDBT6_fit1_model1.pdb,SASDBT6/single_result/rodada_1/report.txt
SASDBT6,single,rodada_2,11.473488,,,,,,0.09,583.0,1.0,,SASDBT6_fit1_model1.pdb,SASDBT6/single_result/rodada_2/report.txt
SASDBT6,single,rodada_3,11.473488,,,,,,0.09,583.0,1.0,,SASDBT6_fit1_model1.pdb,SASDBT6/single_result/rodada_3/report.txt
SASDBT9,single,rodada_1,4.558186,,,,,,0.19,1594.0,1.0,,SASDBT9_fit1_model1.pdb,SASDBT9/single_result/rodada_1/report.txt
SASDBT9,single,rodada_2,4.558186,,,,,,0.19,1594.0,1.0,,SASDBT9_fit1_model1.pdb,SASDBT9/single_result/rodada_2/report.txt
SASDBT9,single,rodada_3,4.558186,,,,,,0.19,1594.0,1.0,,SASDBT9_fit1_model1.pdb,SASDBT9/single_result/rodada_3/report.txt
SASDBU3,packing,rodada_1,5.961213,5.92659,5.9612,YES,5.0,50.0,0.68,55.0,,5,,SASDBU3/packing_result/rodada_1/report.txt
SASDBU3,packing,rodada_2,5.987529,5.919657,5.9875,YES,5.0,50.0,0.68,55.0,,5,,SASDBU3/packing_result/rodada_2/report.txt
SASDBU3,packing,rodada_3,5.989548,5.922517,5.9895,YES,5.0,50.0,0.66,55.0,,5,,SASDBU3/packing_result/rodada_3/report.txt
SASDBU4,single,rodada_1,17.559535,,,,,,0.24,1442.0,1.0,,SASDBU4_fit1_model1.pdb,SASDBU4/single_result/rodada_1/report.txt
SASDBU4,single,rodada_2,17.559535,,,,,,0.24,1442.0,1.0,,SASDBU4_fit1_model1.pdb,SASDBU4/single_result/rodada_2/report.txt
SASDBU4,single,rodada_3,17.559535,,,,,,0.24,1442.0,1.0,,SASDBU4_fit1_model1.pdb,SASDBU4/single_result/rodada_3/report.txt
SASDBU6,packing,rodada_1,4.819562,3.418666,4.3652,YES,5.0,50.0,0.53,3718.0,,5,,SASDBU6/packing_result/rodada_1/report.txt
SASDBU6,packing,rodada_2,4.523168,2.445428,2.8183,YES,5.0,50.0,0.52,3718.0,,5,,SASDBU6/packing_result/rodada_2/report.txt
SASDBU6,packing,rodada_3,4.55839,2.629018,2.966,YES,5.0,50.0,0.51,3718.0,,5,,SASDBU6/packing_result/rodada_3/report.txt
SASDBU7,single,rodada_1,4.795648,,,,,,0.28,1810.0,1.0,,SASDBU7_fit1_model1.pdb,SASDBU7/single_result/rodada_1/report.txt
SASDBU7,single,rodada_2,4.795648,,,,,,0.28,1810.0,1.0,,SASDBU7_fit1_model1.pdb,SASDBU7/single_result/rodada_2/report.txt
SASDBU7,single,rodada_3,4.795648,,,,,,0.28,1810.0,1.0,,SASDBU7_fit1_model1.pdb,SASDBU7/single_result/rodada_3/report.txt
SASDBU9,single,rodada_1,3.766012,,,,,,0.19,1650.0,1.0,,SASDBU9_fit1_model1.pdb,SASDBU9/single_result/rodada_1/report.txt
SASDBU9,single,rodada_2,3.766012,,,,,,0.19,1650.0,1.0,,SASDBU9_fit1_model1.pdb,SASDBU9/single_result/rodada_2/report.txt
SASDBU9,single,rodada_3,3.766012,,,,,,0.19,1650.0,1.0,,SASDBU9_fit1_model1.pdb,SASDBU9/single_result/rodada_3/report.txt
SASDBV3,single,rodada_1,11.551053,,,,,,0.17,188.0,1.0,,SASDBV3_fit1_model1.pdb,SASDBV3/single_result/rodada_1/report.txt
SASDBV3,single,rodada_2,11.551053,,,,,,0.17,188.0,1.0,,SASDBV3_fit1_model1.pdb,SASDBV3/single_result/rodada_2/report.txt
SASDBV3,single,rodada_3,11.551053,,,,,,0.17,188.0,1.0,,SASDBV3_fit1_model1.pdb,SASDBV3/single_result/rodada_3/report.txt
SASDBV4,packing,rodada_1,5.766807,4.933067,5.7668,YES,2.0,50.0,0.2,438.0,,2,,SASDBV4/packing_result/rodada_1/report.txt
SASDBV4,packing,rodada_2,5.50198,5.241611,5.502,YES,2.0,50.0,0.2,438.0,,2,,SASDBV4/packing_result/rodada_2/report.txt
SASDBV4,packing,rodada_3,5.757373,5.320895,5.7574,YES,2.0,50.0,0.2,438.0,,2,,SASDBV4/packing_result/rodada_3/report.txt
SASDBV6,single,rodada_1,5.365492,,,,,,0.29,3887.0,1.0,,SASDBV6_fit1_model1.pdb,SASDBV6/single_result/rodada_1/report.txt
SASDBV6,single,rodada_2,5.365492,,,,,,0.29,3887.0,1.0,,SASDBV6_fit1_model1.pdb,SASDBV6/single_result/rodada_2/report.txt
SASDBV6,single,rodada_3,5.365492,,,,,,0.29,3887.0,1.0,,SASDBV6_fit1_model1.pdb,SASDBV6/single_result/rodada_3/report.txt
SASDBV7,single,rodada_1,8.516859,,,,,,0.55,918.0,1.0,,SASDBV7_fit1_model1.pdb,SASDBV7/single_result/rodada_1/report.txt
SASDBV7,single,rodada_2,8.516859,,,,,,0.54,918.0,1.0,,SASDBV7_fit1_model1.pdb,SASDBV7/single_result/rodada_2/report.txt
SASDBV7,single,rodada_3,8.516859,,,,,,0.55,918.0,1.0,,SASDBV7_fit1_model1.pdb,SASDBV7/single_result/rodada_3/report.txt
SASDBV8,single,rodada_1,4.772741,,,,,,1.61,1048.0,1.0,,SASDBV8_fit1_model1.pdb,SASDBV8/single_result/rodada_1/report.txt
SASDBV8,single,rodada_2,4.772741,,,,,,1.61,1048.0,1.0,,SASDBV8_fit1_model1.pdb,SASDBV8/single_result/rodada_2/report.txt
SASDBV8,single,rodada_3,4.772741,,,,,,1.6,1048.0,1.0,,SASDBV8_fit1_model1.pdb,SASDBV8/single_result/rodada_3/report.txt
SASDBV9,packing,rodada_1,3.418107,2.132608,3.4181,YES,2.0,50.0,0.13,2217.0,,2,,SASDBV9/packing_result/rodada_1/report.txt
SASDBV9,packing,rodada_2,4.090391,2.937434,3.3137,YES,2.0,50.0,0.13,2217.0,,2,,SASDBV9/packing_result/rodada_2/report.txt
SASDBV9,packing,rodada_3,3.289393,2.579316,3.2894,YES,2.0,50.0,0.13,2217.0,,2,,SASDBV9/packing_result/rodada_3/report.txt
SASDBW4,packing,rodada_1,18.95836,18.95836,18.9584,NO,2.0,50.0,0.16,1549.0,,2,,SASDBW4/packing_result/rodada_1/report.txt
SASDBW4,packing,rodada_2,19.519715,19.519715,19.5197,NO,2.0,50.0,0.15,1549.0,,2,,SASDBW4/packing_result/rodada_2/report.txt
SASDBW4,packing,rodada_3,19.29477,19.29477,19.2948,NO,2.0,50.0,0.16,1549.0,,2,,SASDBW4/packing_result/rodada_3/report.txt
SASDBW6,packing,rodada_1,6.512463,3.988567,6.3784,YES,5.0,50.0,1.21,1475.0,,5,,SASDBW6/packing_result/rodada_1/report.txt
SASDBW6,packing,rodada_2,6.857647,4.420246,6.6479,YES,5.0,50.0,1.17,1475.0,,5,,SASDBW6/packing_result/rodada_2/report.txt
SASDBW6,packing,rodada_3,6.316756,3.483299,6.3168,YES,5.0,50.0,1.18,1475.0,,5,,SASDBW6/packing_result/rodada_3/report.txt
SASDBW7,single,rodada_1,5.591742,,,,,,0.52,902.0,1.0,,SASDBW7_fit1_model1.pdb,SASDBW7/single_result/rodada_1/report.txt
SASDBW7,single,rodada_2,5.591742,,,,,,0.51,902.0,1.0,,SASDBW7_fit1_model1.pdb,SASDBW7/single_result/rodada_2/report.txt
SASDBW7,single,rodada_3,5.591742,,,,,,0.52,902.0,1.0,,SASDBW7_fit1_model1.pdb,SASDBW7/single_result/rodada_3/report.txt
SASDBW9,single,rodada_1,7.266151,,,,,,0.13,1011.0,1.0,,SASDBW9_fit1_model1.pdb,SASDBW9/single_result/rodada_1/report.txt
SASDBW9,single,rodada_2,7.266151,,,,,,0.13,1011.0,1.0,,SASDBW9_fit1_model1.pdb,SASDBW9/single_result/rodada_2/report.txt
SASDBW9,single,rodada_3,7.266151,,,,,,0.13,1011.0,1.0,,SASDBW9_fit1_model1.pdb,SASDBW9/single_result/rodada_3/report.txt
SASDBX3,single,rodada_1,5.5429,,,,,,0.13,1261.0,1.0,,SASDBX3_fit1_model1.pdb,SASDBX3/single_result/rodada_1/report.txt
SASDBX3,single,rodada_2,5.5429,,,,,,0.13,1261.0,1.0,,SASDBX3_fit1_model1.pdb,SASDBX3/single_result/rodada_2/report.txt
SASDBX3,single,rodada_3,5.5429,,,,,,0.13,1261.0,1.0,,SASDBX3_fit1_model1.pdb,SASDBX3/single_result/rodada_3/report.txt
SASDBX4,packing,rodada_1,20.559813,20.559813,20.5598,NO,2.0,50.0,0.08,722.0,,2,,SASDBX4/packing_result/rodada_1/report.txt
SASDBX4,packing,rodada_2,20.720729,20.720729,20.7207,NO,2.0,50.0,0.08,722.0,,2,,SASDBX4/packing_result/rodada_2/report.txt
SASDBX4,packing,rodada_3,20.237756,20.237756,20.2378,NO,2.0,50.0,0.08,722.0,,2,,SASDBX4/packing_result/rodada_3/report.txt
SASDBX7,single,rodada_1,5.636711,,,,,,0.46,650.0,1.0,,SASDBX7_fit1_model1.pdb,SASDBX7/single_result/rodada_1/report.txt
SASDBX7,single,rodada_2,5.636711,,,,,,0.46,650.0,1.0,,SASDBX7_fit1_model1.pdb,SASDBX7/single_result/rodada_2/report.txt
SASDBX7,single,rodada_3,5.636711,,,,,,0.46,650.0,1.0,,SASDBX7_fit1_model1.pdb,SASDBX7/single_result/rodada_3/report.txt
SASDBX9,single,rodada_1,11.454638,,,,,,0.06,309.0,1.0,,SASDBX9_fit1_model1.pdb,SASDBX9/single_result/rodada_1/report.txt
SASDBX9,single,rodada_2,11.454638,,,,,,0.06,309.0,1.0,,SASDBX9_fit1_model1.pdb,SASDBX9/single_result/rodada_2/report.txt
SASDBX9,single,rodada_3,11.454638,,,,,,0.06,309.0,1.0,,SASDBX9_fit1_model1.pdb,SASDBX9/single_result/rodada_3/report.txt
SASDBY2,packing,rodada_1,3.365782,2.960139,3.3658,YES,3.0,50.0,0.65,979.0,,3,,SASDBY2/packing_result/rodada_1/report.txt
SASDBY2,packing,rodada_2,3.311268,2.980354,3.3113,YES,3.0,50.0,0.66,979.0,,3,,SASDBY2/packing_result/rodada_2/report.txt
SASDBY2,packing,rodada_3,3.116364,2.878599,3.1164,YES,3.0,50.0,0.66,979.0,,3,,SASDBY2/packing_result/rodada_3/report.txt
SASDBY3,single,rodada_1,8.478613,,,,,,0.14,830.0,1.0,,SASDBY3_fit1_model1.pdb,SASDBY3/single_result/rodada_1/report.txt
SASDBY3,single,rodada_2,8.478613,,,,,,0.13,830.0,1.0,,SASDBY3_fit1_model1.pdb,SASDBY3/single_result/rodada_2/report.txt
SASDBY3,single,rodada_3,8.478613,,,,,,0.13,830.0,1.0,,SASDBY3_fit1_model1.pdb,SASDBY3/single_result/rodada_3/report.txt
SASDBY4,packing,rodada_1,7.046804,6.504301,7.0468,YES,3.0,50.0,0.88,1231.0,,3,,SASDBY4/packing_result/rodada_1/report.txt
SASDBY4,packing,rodada_2,5.704178,5.181525,5.7042,YES,3.0,50.0,0.87,1231.0,,3,,SASDBY4/packing_result/rodada_2/report.txt
SASDBY4,packing,rodada_3,5.296874,4.93134,5.2969,YES,3.0,50.0,0.88,1231.0,,3,,SASDBY4/packing_result/rodada_3/report.txt
SASDBY5,packing,rodada_1,11.627127,10.993295,11.6271,YES,2.0,50.0,0.05,95.0,,2,,SASDBY5/packing_result/rodada_1/report.txt
SASDBY5,packing,rodada_2,11.572987,10.748695,11.573,YES,2.0,50.0,0.06,95.0,,2,,SASDBY5/packing_result/rodada_2/report.txt
SASDBY5,packing,rodada_3,12.068364,9.774956,11.4519,YES,2.0,50.0,0.05,95.0,,2,,SASDBY5/packing_result/rodada_3/report.txt
SASDBY6,single,rodada_1,10.451927,,,,,,0.16,1575.0,1.0,,SASDBY6_fit1_model1.pdb,SASDBY6/single_result/rodada_1/report.txt
SASDBY6,single,rodada_2,10.451927,,,,,,0.16,1575.0,1.0,,SASDBY6_fit1_model1.pdb,SASDBY6/single_result/rodada_2/report.txt
SASDBY6,single,rodada_3,10.451927,,,,,,0.15,1575.0,1.0,,SASDBY6_fit1_model1.pdb,SASDBY6/single_result/rodada_3/report.txt
SASDBY7,single,rodada_1,7.489019,,,,,,0.48,877.0,1.0,,SASDBY7_fit1_model1.pdb,SASDBY7/single_result/rodada_1/report.txt
SASDBY7,single,rodada_2,7.489019,,,,,,0.48,877.0,1.0,,SASDBY7_fit1_model1.pdb,SASDBY7/single_result/rodada_2/report.txt
SASDBY7,single,rodada_3,7.489019,,,,,,0.48,877.0,1.0,,SASDBY7_fit1_model1.pdb,SASDBY7/single_result/rodada_3/report.txt
SASDBY9,single,rodada_1,5.225188,,,,,,0.09,370.0,1.0,,SASDBY9_fit1_model1.pdb,SASDBY9/single_result/rodada_1/report.txt
SASDBY9,single,rodada_2,5.225188,,,,,,0.08,370.0,1.0,,SASDBY9_fit1_model1.pdb,SASDBY9/single_result/rodada_2/report.txt
SASDBY9,single,rodada_3,5.225188,,,,,,0.08,370.0,1.0,,SASDBY9_fit1_model1.pdb,SASDBY9/single_result/rodada_3/report.txt
SASDBZ2,packing,rodada_1,7.139574,4.114968,4.1656,YES,2.0,50.0,1.37,1540.0,,2,,SASDBZ2/packing_result/rodada_1/report.txt
SASDBZ2,packing,rodada_2,7.087515,4.185617,4.2819,YES,2.0,50.0,1.37,1540.0,,2,,SASDBZ2/packing_result/rodada_2/report.txt
SASDBZ2,packing,rodada_3,4.066054,3.984119,4.0661,YES,2.0,50.0,1.37,1540.0,,2,,SASDBZ2/packing_result/rodada_3/report.txt
SASDBZ3,single,rodada_1,7.439437,,,,,,0.19,2318.0,1.0,,SASDBZ3_fit1_model1.pdb,SASDBZ3/single_result/rodada_1/report.txt
SASDBZ3,single,rodada_2,7.439437,,,,,,0.19,2318.0,1.0,,SASDBZ3_fit1_model1.pdb,SASDBZ3/single_result/rodada_2/report.txt
SASDBZ3,single,rodada_3,7.439437,,,,,,0.19,2318.0,1.0,,SASDBZ3_fit1_model1.pdb,SASDBZ3/single_result/rodada_3/report.txt
SASDBZ4,single,rodada_1,6.770069,,,,,,1.95,896.0,1.0,,SASDBZ4_fit1_model1.pdb,SASDBZ4/single_result/rodada_1/report.txt
SASDBZ4,single,rodada_2,6.770069,,,,,,1.95,896.0,1.0,,SASDBZ4_fit1_model1.pdb,SASDBZ4/single_result/rodada_2/report.txt
SASDBZ4,single,rodada_3,6.770069,,,,,,1.96,896.0,1.0,,SASDBZ4_fit1_model1.pdb,SASDBZ4/single_result/rodada_3/report.txt
SASDBZ5,single,rodada_1,3.451039,,,,,,0.51,1001.0,1.0,,SASDBZ5_fit1_model1.pdb,SASDBZ5/single_result/rodada_1/report.txt
SASDBZ5,single,rodada_2,3.451039,,,,,,0.5,1001.0,1.0,,SASDBZ5_fit1_model1.pdb,SASDBZ5/single_result/rodada_2/report.txt
SASDBZ5,single,rodada_3,3.451039,,,,,,0.5,1001.0,1.0,,SASDBZ5_fit1_model1.pdb,SASDBZ5/single_result/rodada_3/report.txt
SASDBZ6,packing,rodada_1,9.568226,4.942486,8.1161,YES,6.0,50.0,0.25,320.0,,6,,SASDBZ6/packing_result/rodada_1/report.txt
SASDBZ6,packing,rodada_2,9.570773,5.393493,7.1334,YES,6.0,50.0,0.25,320.0,,6,,SASDBZ6/packing_result/rodada_2/report.txt
SASDBZ6,packing,rodada_3,9.306398,4.985746,8.3005,YES,6.0,50.0,0.25,320.0,,6,,SASDBZ6/packing_result/rodada_3/report.txt
SASDBZ8,packing,rodada_1,3.562315,2.917192,3.5623,YES,20.0,50.0,0.55,236.0,,20,,SASDBZ8/packing_result/rodada_1/report.txt
SASDBZ8,packing,rodada_2,3.66339,2.866535,3.6634,YES,20.0,50.0,0.57,236.0,,20,,SASDBZ8/packing_result/rodada_2/report.txt
SASDBZ8,packing,rodada_3,5.231799,2.983675,3.9897,YES,20.0,50.0,0.54,236.0,,20,,SASDBZ8/packing_result/rodada_3/report.txt
SASDBZ9,single,rodada_1,5.235403,,,,,,0.14,1442.0,1.0,,SASDBZ9_fit1_model1.pdb,SASDBZ9/single_result/rodada_1/report.txt
SASDBZ9,single,rodada_2,5.235403,,,,,,0.14,1442.0,1.0,,SASDBZ9_fit1_model1.pdb,SASDBZ9/single_result/rodada_2/report.txt
SASDBZ9,single,rodada_3,5.235403,,,,,,0.14,1442.0,1.0,,SASDBZ9_fit1_model1.pdb,SASDBZ9/single_result/rodada_3/report.txt
SASDC22,packing,rodada_1,2.239859,1.89713,2.2399,YES,4.0,50.0,0.19,3503.0,,4,,SASDC22/packing_result/rodada_1/report.txt
SASDC22,packing,rodada_2,2.107941,1.874589,2.1079,YES,4.0,50.0,0.19,3503.0,,4,,SASDC22/packing_result/rodada_2/report.txt
SASDC22,packing,rodada_3,3.598584,1.839978,2.0729,YES,4.0,50.0,0.19,3503.0,,4,,SASDC22/packing_result/rodada_3/report.txt
SASDC23,packing,rodada_1,5.10885,4.615717,5.1088,YES,4.0,50.0,0.36,1119.0,,4,,SASDC23/packing_result/rodada_1/report.txt
SASDC23,packing,rodada_2,5.660294,4.218711,5.6603,YES,4.0,50.0,0.35,1119.0,,4,,SASDC23/packing_result/rodada_2/report.txt
SASDC23,packing,rodada_3,4.709783,4.679886,4.7098,YES,4.0,50.0,0.36,1119.0,,4,,SASDC23/packing_result/rodada_3/report.txt
SASDC25,single,rodada_1,6.804219,,,,,,0.54,1171.0,1.0,,SASDC25_fit1_model1.pdb,SASDC25/single_result/rodada_1/report.txt
SASDC25,single,rodada_2,6.804219,,,,,,0.54,1171.0,1.0,,SASDC25_fit1_model1.pdb,SASDC25/single_result/rodada_2/report.txt
SASDC25,single,rodada_3,6.804219,,,,,,0.54,1171.0,1.0,,SASDC25_fit1_model1.pdb,SASDC25/single_result/rodada_3/report.txt
SASDC26,packing,rodada_1,3.992392,2.444917,3.8152,YES,4.0,50.0,0.35,1522.0,,4,,SASDC26/packing_result/rodada_1/report.txt
SASDC26,packing,rodada_2,3.978389,3.017717,3.9784,YES,4.0,50.0,0.35,1522.0,,4,,SASDC26/packing_result/rodada_2/report.txt
SASDC26,packing,rodada_3,4.036634,3.342515,4.0366,YES,4.0,50.0,0.36,1522.0,,4,,SASDC26/packing_result/rodada_3/report.txt
SASDC27,single,rodada_1,17.663455,,,,,,0.16,125.0,1.0,,SASDC27_fit1_model1.pdb,SASDC27/single_result/rodada_1/report.txt
SASDC27,single,rodada_2,17.663455,,,,,,0.15,125.0,1.0,,SASDC27_fit1_model1.pdb,SASDC27/single_result/rodada_2/report.txt
SASDC27,single,rodada_3,17.663455,,,,,,0.15,125.0,1.0,,SASDC27_fit1_model1.pdb,SASDC27/single_result/rodada_3/report.txt
SASDC28,packing,rodada_1,5.744065,5.744065,5.7441,NO,1.0,50.0,0.07,879.0,,1,,SASDC28/packing_result/rodada_1/report.txt
SASDC28,packing,rodada_2,6.325452,6.325452,6.3255,NO,1.0,50.0,0.07,879.0,,1,,SASDC28/packing_result/rodada_2/report.txt
SASDC28,packing,rodada_3,6.007453,6.007453,6.0075,NO,1.0,50.0,0.07,879.0,,1,,SASDC28/packing_result/rodada_3/report.txt
SASDC29,single,rodada_1,3.691369,,,,,,0.68,984.0,1.0,,SASDC29_fit1_model1.pdb,SASDC29/single_result/rodada_1/report.txt
SASDC29,single,rodada_2,3.691369,,,,,,0.68,984.0,1.0,,SASDC29_fit1_model1.pdb,SASDC29/single_result/rodada_2/report.txt
SASDC29,single,rodada_3,3.691369,,,,,,0.68,984.0,1.0,,SASDC29_fit1_model1.pdb,SASDC29/single_result/rodada_3/report.txt
SASDC32,packing,rodada_1,7.10295,6.619691,7.1029,YES,2.0,50.0,0.5,811.0,,2,,SASDC32/packing_result/rodada_1/report.txt
SASDC32,packing,rodada_2,11.151977,8.258792,9.1708,YES,2.0,50.0,0.51,811.0,,2,,SASDC32/packing_result/rodada_2/report.txt
SASDC32,packing,rodada_3,7.278136,6.560613,7.2781,YES,2.0,50.0,0.49,811.0,,2,,SASDC32/packing_result/rodada_3/report.txt
SASDC33,packing,rodada_1,5.584449,3.160428,4.2151,YES,4.0,50.0,0.35,2028.0,,4,,SASDC33/packing_result/rodada_1/report.txt
SASDC33,packing,rodada_2,7.080261,3.185758,5.4981,YES,4.0,50.0,0.35,2028.0,,4,,SASDC33/packing_result/rodada_2/report.txt
SASDC33,packing,rodada_3,5.48347,2.871804,4.1073,YES,4.0,50.0,0.35,2028.0,,4,,SASDC33/packing_result/rodada_3/report.txt
SASDC34,packing,rodada_1,29.516573,9.488543,9.7075,YES,2.0,50.0,0.11,1964.0,,2,,SASDC34/packing_result/rodada_1/report.txt
SASDC34,packing,rodada_2,30.201796,11.496893,12.2486,YES,2.0,50.0,0.11,1964.0,,2,,SASDC34/packing_result/rodada_2/report.txt
SASDC34,packing,rodada_3,29.999591,12.938836,13.7132,YES,2.0,50.0,0.11,1964.0,,2,,SASDC34/packing_result/rodada_3/report.txt
SASDC35,single,rodada_1,8.498355,,,,,,0.07,363.0,1.0,,SASDC35_fit1_model1.pdb,SASDC35/single_result/rodada_1/report.txt
SASDC35,single,rodada_2,8.498355,,,,,,0.07,363.0,1.0,,SASDC35_fit1_model1.pdb,SASDC35/single_result/rodada_2/report.txt
SASDC35,single,rodada_3,8.498355,,,,,,0.07,363.0,1.0,,SASDC35_fit1_model1.pdb,SASDC35/single_result/rodada_3/report.txt
SASDC36,packing,rodada_1,3.860005,3.462067,3.86,YES,2.0,50.0,0.17,1005.0,,2,,SASDC36/packing_result/rodada_1/report.txt
SASDC36,packing,rodada_2,2.856394,2.300001,2.5843,YES,2.0,50.0,0.17,1005.0,,2,,SASDC36/packing_result/rodada_2/report.txt
SASDC36,packing,rodada_3,2.932348,2.65098,2.9323,YES,2.0,50.0,0.17,1005.0,,2,,SASDC36/packing_result/rodada_3/report.txt
SASDC37,single,rodada_1,17.479016,,,,,,0.25,305.0,1.0,,SASDC37_fit1_model1.pdb,SASDC37/single_result/rodada_1/report.txt
SASDC37,single,rodada_2,17.479016,,,,,,0.29,305.0,1.0,,SASDC37_fit1_model1.pdb,SASDC37/single_result/rodada_2/report.txt
SASDC37,single,rodada_3,17.479016,,,,,,0.25,305.0,1.0,,SASDC37_fit1_model1.pdb,SASDC37/single_result/rodada_3/report.txt
SASDC38,packing,rodada_1,2.735314,2.487104,2.7353,YES,2.0,50.0,0.14,1286.0,,2,,SASDC38/packing_result/rodada_1/report.txt
SASDC38,packing,rodada_2,2.824132,2.532954,2.8241,YES,2.0,50.0,0.14,1286.0,,2,,SASDC38/packing_result/rodada_2/report.txt
SASDC38,packing,rodada_3,2.419431,2.271951,2.4194,YES,2.0,50.0,0.14,1286.0,,2,,SASDC38/packing_result/rodada_3/report.txt
SASDC39,single,rodada_1,3.727183,,,,,,0.67,969.0,1.0,,SASDC39_fit1_model1.pdb,SASDC39/single_result/rodada_1/report.txt
SASDC39,single,rodada_2,3.727183,,,,,,0.66,969.0,1.0,,SASDC39_fit1_model1.pdb,SASDC39/single_result/rodada_2/report.txt
SASDC39,single,rodada_3,3.727183,,,,,,0.67,969.0,1.0,,SASDC39_fit1_model1.pdb,SASDC39/single_result/rodada_3/report.txt
SASDC43,packing,rodada_1,7.25214,3.671228,5.4276,YES,3.0,50.0,0.29,1184.0,,3,,SASDC43/packing_result/rodada_1/report.txt
SASDC43,packing,rodada_2,8.380636,5.246821,8.3806,YES,3.0,50.0,0.29,1184.0,,3,,SASDC43/packing_result/rodada_2/report.txt
SASDC43,packing,rodada_3,7.074769,5.508641,7.0748,YES,3.0,50.0,0.3,1184.0,,3,,SASDC43/packing_result/rodada_3/report.txt
SASDC44,single,rodada_1,5.800606,,,,,,0.07,329.0,1.0,,SASDC44_fit1_model1.pdb,SASDC44/single_result/rodada_1/report.txt
SASDC44,single,rodada_2,5.800606,,,,,,0.07,329.0,1.0,,SASDC44_fit1_model1.pdb,SASDC44/single_result/rodada_2/report.txt
SASDC44,single,rodada_3,5.800606,,,,,,0.07,329.0,1.0,,SASDC44_fit1_model1.pdb,SASDC44/single_result/rodada_3/report.txt
SASDC45,packing,rodada_1,3.012957,2.767159,3.013,YES,2.0,50.0,0.35,5767.0,,2,,SASDC45/packing_result/rodada_1/report.txt
SASDC45,packing,rodada_2,4.257168,2.628331,3.0112,YES,2.0,50.0,0.35,5767.0,,2,,SASDC45/packing_result/rodada_2/report.txt
SASDC45,packing,rodada_3,3.234341,2.937815,3.2343,YES,2.0,50.0,0.35,5767.0,,2,,SASDC45/packing_result/rodada_3/report.txt
SASDC46,single,rodada_1,3.756247,,,,,,0.34,1148.0,1.0,,SASDC46_fit1_model1.pdb,SASDC46/single_result/rodada_1/report.txt
SASDC46,single,rodada_2,3.756247,,,,,,0.34,1148.0,1.0,,SASDC46_fit1_model1.pdb,SASDC46/single_result/rodada_2/report.txt
SASDC46,single,rodada_3,3.756247,,,,,,0.34,1148.0,1.0,,SASDC46_fit1_model1.pdb,SASDC46/single_result/rodada_3/report.txt
SASDC47,single,rodada_1,23.39617,,,,,,0.24,152.0,1.0,,SASDC47_fit1_model1.pdb,SASDC47/single_result/rodada_1/report.txt
SASDC47,single,rodada_2,23.39617,,,,,,0.24,152.0,1.0,,SASDC47_fit1_model1.pdb,SASDC47/single_result/rodada_2/report.txt
SASDC47,single,rodada_3,23.39617,,,,,,0.25,152.0,1.0,,SASDC47_fit1_model1.pdb,SASDC47/single_result/rodada_3/report.txt
SASDC48,single,rodada_1,,,,,,,0.09,632.0,0.0,,,SASDC48/single_result/rodada_1/report.txt
SASDC48,single,rodada_2,,,,,,,0.09,632.0,0.0,,,SASDC48/single_result/rodada_2/report.txt
SASDC48,single,rodada_3,,,,,,,0.09,632.0,0.0,,,SASDC48/single_result/rodada_3/report.txt
SASDC52,packing,rodada_1,11.768385,7.163699,9.3267,YES,2.0,50.0,0.46,132.0,,2,,SASDC52/packing_result/rodada_1/report.txt
SASDC52,packing,rodada_2,14.79667,7.081842,12.9002,YES,2.0,50.0,0.45,132.0,,2,,SASDC52/packing_result/rodada_2/report.txt
SASDC52,packing,rodada_3,12.464642,7.234494,8.9752,YES,2.0,50.0,0.45,132.0,,2,,SASDC52/packing_result/rodada_3/report.txt
SASDC53,packing,rodada_1,6.979888,4.949244,6.1935,YES,2.0,50.0,0.08,278.0,,2,,SASDC53/packing_result/rodada_1/report.txt
SASDC53,packing,rodada_2,7.466788,5.524613,7.2162,YES,2.0,50.0,0.08,278.0,,2,,SASDC53/packing_result/rodada_2/report.txt
SASDC53,packing,rodada_3,7.982213,5.008542,6.5361,YES,2.0,50.0,0.08,278.0,,2,,SASDC53/packing_result/rodada_3/report.txt
SASDC54,single,rodada_1,9.145597,,,,,,0.08,491.0,1.0,,SASDC54_fit1_model1.pdb,SASDC54/single_result/rodada_1/report.txt
SASDC54,single,rodada_2,9.145597,,,,,,0.09,491.0,1.0,,SASDC54_fit1_model1.pdb,SASDC54/single_result/rodada_2/report.txt
SASDC54,single,rodada_3,9.145597,,,,,,0.08,491.0,1.0,,SASDC54_fit1_model1.pdb,SASDC54/single_result/rodada_3/report.txt
SASDC55,single,rodada_1,3.298982,,,,,,0.34,4285.0,1.0,,SASDC55_fit1_model1.pdb,SASDC55/single_result/rodada_1/report.txt
SASDC55,single,rodada_2,3.298982,,,,,,0.34,4285.0,1.0,,SASDC55_fit1_model1.pdb,SASDC55/single_result/rodada_2/report.txt
SASDC55,single,rodada_3,3.298982,,,,,,0.34,4285.0,1.0,,SASDC55_fit1_model1.pdb,SASDC55/single_result/rodada_3/report.txt
SASDC56,packing,rodada_1,13.037615,4.162143,4.5764,YES,4.0,50.0,0.6,1951.0,,4,,SASDC56/packing_result/rodada_1/report.txt
SASDC56,packing,rodada_2,12.896017,3.993943,4.1736,YES,4.0,50.0,0.6,1951.0,,4,,SASDC56/packing_result/rodada_2/report.txt
SASDC56,packing,rodada_3,13.198634,3.669512,3.9355,YES,4.0,50.0,0.6,1951.0,,4,,SASDC56/packing_result/rodada_3/report.txt
SASDC57,packing,rodada_1,13.793356,13.793356,13.7934,NO,1.0,50.0,0.1,1184.0,,1,,SASDC57/packing_result/rodada_1/report.txt
SASDC57,packing,rodada_2,13.754489,13.754489,13.7545,NO,1.0,50.0,0.1,1184.0,,1,,SASDC57/packing_result/rodada_2/report.txt
SASDC57,packing,rodada_3,13.430301,13.430301,13.4303,NO,1.0,50.0,0.1,1184.0,,1,,SASDC57/packing_result/rodada_3/report.txt
SASDC58,single,rodada_1,9.464821,,,,,,0.12,1081.0,1.0,,SASDC58_fit1_model1.pdb,SASDC58/single_result/rodada_1/report.txt
SASDC58,single,rodada_2,9.464821,,,,,,0.12,1081.0,1.0,,SASDC58_fit1_model1.pdb,SASDC58/single_result/rodada_2/report.txt
SASDC58,single,rodada_3,9.464821,,,,,,0.12,1081.0,1.0,,SASDC58_fit1_model1.pdb,SASDC58/single_result/rodada_3/report.txt
SASDC64,single,rodada_1,10.366876,,,,,,0.07,223.0,1.0,,SASDC64_fit1_model1.pdb,SASDC64/single_result/rodada_1/report.txt
SASDC64,single,rodada_2,10.366876,,,,,,0.07,223.0,1.0,,SASDC64_fit1_model1.pdb,SASDC64/single_result/rodada_2/report.txt
SASDC64,single,rodada_3,10.366876,,,,,,0.07,223.0,1.0,,SASDC64_fit1_model1.pdb,SASDC64/single_result/rodada_3/report.txt
SASDC65,single,rodada_1,15.999337,,,,,,0.08,345.0,1.0,,SASDC65_fit1_model1.pdb,SASDC65/single_result/rodada_1/report.txt
SASDC65,single,rodada_2,15.999337,,,,,,0.08,345.0,1.0,,SASDC65_fit1_model1.pdb,SASDC65/single_result/rodada_2/report.txt
SASDC65,single,rodada_3,15.999337,,,,,,0.08,345.0,1.0,,SASDC65_fit1_model1.pdb,SASDC65/single_result/rodada_3/report.txt
SASDC66,packing,rodada_1,21.720885,5.687216,5.9637,YES,3.0,50.0,0.15,1746.0,,3,,SASDC66/packing_result/rodada_1/report.txt
SASDC66,packing,rodada_2,23.391972,6.059991,6.3294,YES,3.0,50.0,0.15,1746.0,,3,,SASDC66/packing_result/rodada_2/report.txt
SASDC66,packing,rodada_3,22.135533,5.47852,5.7796,YES,3.0,50.0,0.15,1746.0,,3,,SASDC66/packing_result/rodada_3/report.txt
SASDC67,packing,rodada_1,12.55265,4.703295,4.7806,YES,2.0,50.0,0.33,1736.0,,2,,SASDC67/packing_result/rodada_1/report.txt
SASDC67,packing,rodada_2,12.193007,5.975721,6.0016,YES,2.0,50.0,0.34,1736.0,,2,,SASDC67/packing_result/rodada_2/report.txt
SASDC67,packing,rodada_3,12.48981,4.973877,4.991,YES,2.0,50.0,0.34,1736.0,,2,,SASDC67/packing_result/rodada_3/report.txt
SASDC72,packing,rodada_1,13.015119,9.282442,9.8589,YES,2.0,50.0,0.05,862.0,,2,,SASDC72/packing_result/rodada_1/report.txt
SASDC72,packing,rodada_2,12.637433,8.817836,9.7122,YES,2.0,50.0,0.05,862.0,,2,,SASDC72/packing_result/rodada_2/report.txt
SASDC72,packing,rodada_3,13.027532,9.056187,9.7578,YES,2.0,50.0,0.05,862.0,,2,,SASDC72/packing_result/rodada_3/report.txt
SASDC75,single,rodada_1,9.270918,,,,,,0.06,266.0,1.0,,SASDC75_fit1_model1.pdb,SASDC75/single_result/rodada_1/report.txt
SASDC75,single,rodada_2,9.270918,,,,,,0.06,266.0,1.0,,SASDC75_fit1_model1.pdb,SASDC75/single_result/rodada_2/report.txt
SASDC75,single,rodada_3,9.270918,,,,,,0.06,266.0,1.0,,SASDC75_fit1_model1.pdb,SASDC75/single_result/rodada_3/report.txt
SASDC76,single,rodada_1,14.016967,,,,,,0.07,494.0,1.0,,SASDC76_fit1_model1.pdb,SASDC76/single_result/rodada_1/report.txt
SASDC76,single,rodada_2,14.016967,,,,,,0.07,494.0,1.0,,SASDC76_fit1_model1.pdb,SASDC76/single_result/rodada_2/report.txt
SASDC76,single,rodada_3,14.016967,,,,,,0.07,494.0,1.0,,SASDC76_fit1_model1.pdb,SASDC76/single_result/rodada_3/report.txt
SASDC77,packing,rodada_1,16.680669,8.162264,8.1713,YES,2.0,50.0,0.68,3153.0,,2,,SASDC77/packing_result/rodada_1/report.txt
SASDC77,packing,rodada_2,16.91724,7.470358,7.4803,YES,2.0,50.0,0.66,3153.0,,2,,SASDC77/packing_result/rodada_2/report.txt
SASDC77,packing,rodada_3,16.620457,8.602465,8.6109,YES,2.0,50.0,0.67,3153.0,,2,,SASDC77/packing_result/rodada_3/report.txt
SASDC82,single,rodada_1,15.489828,,,,,,0.11,818.0,1.0,,SASDC82_fit1_model1.pdb,SASDC82/single_result/rodada_1/report.txt
SASDC82,single,rodada_2,15.489828,,,,,,0.11,818.0,1.0,,SASDC82_fit1_model1.pdb,SASDC82/single_result/rodada_2/report.txt
SASDC82,single,rodada_3,15.489828,,,,,,0.11,818.0,1.0,,SASDC82_fit1_model1.pdb,SASDC82/single_result/rodada_3/report.txt
SASDC83,packing,rodada_1,5.863058,5.863058,5.8631,NO,1.0,50.0,0.24,2410.0,,1,,SASDC83/packing_result/rodada_1/report.txt
SASDC83,packing,rodada_2,4.192109,4.192109,4.1921,NO,1.0,50.0,0.23,2410.0,,1,,SASDC83/packing_result/rodada_2/report.txt
SASDC83,packing,rodada_3,3.761911,3.761911,3.7619,NO,1.0,50.0,0.23,2410.0,,1,,SASDC83/packing_result/rodada_3/report.txt
SASDC84,packing,rodada_1,3.799063,3.570199,3.7991,YES,3.0,50.0,0.19,830.0,,3,,SASDC84/packing_result/rodada_1/report.txt
SASDC84,packing,rodada_2,3.527952,3.13306,3.528,YES,3.0,50.0,0.19,830.0,,3,,SASDC84/packing_result/rodada_2/report.txt
SASDC84,packing,rodada_3,2.743577,2.46196,2.7436,YES,3.0,50.0,0.19,830.0,,3,,SASDC84/packing_result/rodada_3/report.txt
SASDC85,single,rodada_1,5.684361,,,,,,0.1,491.0,1.0,,SASDC85_fit1_model1.pdb,SASDC85/single_result/rodada_1/report.txt
SASDC85,single,rodada_2,5.684361,,,,,,0.1,491.0,1.0,,SASDC85_fit1_model1.pdb,SASDC85/single_result/rodada_2/report.txt
SASDC85,single,rodada_3,5.684361,,,,,,0.1,491.0,1.0,,SASDC85_fit1_model1.pdb,SASDC85/single_result/rodada_3/report.txt
SASDC86,single,rodada_1,8.402419,,,,,,0.08,496.0,1.0,,SASDC86_fit1_model1.pdb,SASDC86/single_result/rodada_1/report.txt
SASDC86,single,rodada_2,8.402419,,,,,,0.09,496.0,1.0,,SASDC86_fit1_model1.pdb,SASDC86/single_result/rodada_2/report.txt
SASDC86,single,rodada_3,8.402419,,,,,,0.08,496.0,1.0,,SASDC86_fit1_model1.pdb,SASDC86/single_result/rodada_3/report.txt
SASDC87,packing,rodada_1,16.117427,4.754889,4.759,YES,2.0,50.0,0.46,914.0,,2,,SASDC87/packing_result/rodada_1/report.txt
SASDC87,packing,rodada_2,16.424327,4.800334,4.8019,YES,2.0,50.0,0.46,914.0,,2,,SASDC87/packing_result/rodada_2/report.txt
SASDC87,packing,rodada_3,15.565828,6.512319,6.5224,YES,2.0,50.0,0.47,914.0,,2,,SASDC87/packing_result/rodada_3/report.txt
SASDC93,packing,rodada_1,6.7731,6.7731,6.7731,NO,1.0,50.0,0.37,2342.0,,1,,SASDC93/packing_result/rodada_1/report.txt
SASDC93,packing,rodada_2,5.313841,5.313841,5.3138,NO,1.0,50.0,0.34,2342.0,,1,,SASDC93/packing_result/rodada_2/report.txt
SASDC93,packing,rodada_3,7.248183,7.248183,7.2482,NO,1.0,50.0,0.35,2342.0,,1,,SASDC93/packing_result/rodada_3/report.txt
SASDC95,single,rodada_1,5.706116,,,,,,0.07,271.0,1.0,,SASDC95_fit1_model1.pdb,SASDC95/single_result/rodada_1/report.txt
SASDC95,single,rodada_2,5.706116,,,,,,0.07,271.0,1.0,,SASDC95_fit1_model1.pdb,SASDC95/single_result/rodada_2/report.txt
SASDC95,single,rodada_3,5.706116,,,,,,0.07,271.0,1.0,,SASDC95_fit1_model1.pdb,SASDC95/single_result/rodada_3/report.txt
SASDC96,packing,rodada_1,3.832146,2.531801,3.8321,YES,2.0,50.0,0.13,1351.0,,2,,SASDC96/packing_result/rodada_1/report.txt
SASDC96,packing,rodada_2,4.529615,2.958626,4.1631,YES,2.0,50.0,0.13,1351.0,,2,,SASDC96/packing_result/rodada_2/report.txt
SASDC96,packing,rodada_3,3.969611,2.573057,3.5383,YES,2.0,50.0,0.13,1351.0,,2,,SASDC96/packing_result/rodada_3/report.txt
SASDCA3,packing,rodada_1,4.033602,3.995064,4.0336,YES,2.0,50.0,0.2,826.0,,2,,SASDCA3/packing_result/rodada_1/report.txt
SASDCA3,packing,rodada_2,6.059816,4.371739,6.0598,YES,2.0,50.0,0.2,826.0,,2,,SASDCA3/packing_result/rodada_2/report.txt
SASDCA3,packing,rodada_3,5.535645,4.264497,5.5356,YES,2.0,50.0,0.2,826.0,,2,,SASDCA3/packing_result/rodada_3/report.txt
SASDCA5,single,rodada_1,3.147909,,,,,,0.08,357.0,1.0,,SASDCA5_fit1_model1.pdb,SASDCA5/single_result/rodada_1/report.txt
SASDCA5,single,rodada_2,3.147909,,,,,,0.08,357.0,1.0,,SASDCA5_fit1_model1.pdb,SASDCA5/single_result/rodada_2/report.txt
SASDCA5,single,rodada_3,3.147909,,,,,,0.08,357.0,1.0,,SASDCA5_fit1_model1.pdb,SASDCA5/single_result/rodada_3/report.txt
SASDCA6,packing,rodada_1,2.206825,2.138826,2.2068,YES,2.0,50.0,0.09,927.0,,2,,SASDCA6/packing_result/rodada_1/report.txt
SASDCA6,packing,rodada_2,2.288697,2.024475,2.2887,YES,2.0,50.0,0.09,927.0,,2,,SASDCA6/packing_result/rodada_2/report.txt
SASDCA6,packing,rodada_3,2.12218,1.836744,2.1222,YES,2.0,50.0,0.09,927.0,,2,,SASDCA6/packing_result/rodada_3/report.txt
SASDCB2,packing,rodada_1,6.226499,4.135116,4.5988,YES,2.0,50.0,0.51,1478.0,,2,,SASDCB2/packing_result/rodada_1/report.txt
SASDCB2,packing,rodada_2,4.275878,4.073554,4.2759,YES,2.0,50.0,0.5,1478.0,,2,,SASDCB2/packing_result/rodada_2/report.txt
SASDCB2,packing,rodada_3,7.855516,4.53166,4.6907,YES,2.0,50.0,0.53,1478.0,,2,,SASDCB2/packing_result/rodada_3/report.txt
SASDCB3,single,rodada_1,7.288373,,,,,,0.1,903.0,1.0,,SASDCB3_fit1_model1.pdb,SASDCB3/single_result/rodada_1/report.txt
SASDCB3,single,rodada_2,7.288373,,,,,,0.1,903.0,1.0,,SASDCB3_fit1_model1.pdb,SASDCB3/single_result/rodada_2/report.txt
SASDCB3,single,rodada_3,7.288373,,,,,,0.1,903.0,1.0,,SASDCB3_fit1_model1.pdb,SASDCB3/single_result/rodada_3/report.txt
SASDCB5,single,rodada_1,2.4832,,,,,,0.15,1192.0,1.0,,SASDCB5_fit1_model1.pdb,SASDCB5/single_result/rodada_1/report.txt
SASDCB5,single,rodada_2,2.4832,,,,,,0.15,1192.0,1.0,,SASDCB5_fit1_model1.pdb,SASDCB5/single_result/rodada_2/report.txt
SASDCB5,single,rodada_3,2.4832,,,,,,0.15,1192.0,1.0,,SASDCB5_fit1_model1.pdb,SASDCB5/single_result/rodada_3/report.txt
SASDCB6,packing,rodada_1,6.124092,3.366507,3.8249,YES,2.0,50.0,0.15,1617.0,,2,,SASDCB6/packing_result/rodada_1/report.txt
SASDCB6,packing,rodada_2,5.682902,3.50382,4.2693,YES,2.0,50.0,0.15,1617.0,,2,,SASDCB6/packing_result/rodada_2/report.txt
SASDCB6,packing,rodada_3,5.944886,3.361292,3.9249,YES,2.0,50.0,0.15,1617.0,,2,,SASDCB6/packing_result/rodada_3/report.txt
SASDCC5,single,rodada_1,16.36724,,,,,,0.05,139.0,1.0,,SASDCC5_fit1_model1.pdb,SASDCC5/single_result/rodada_1/report.txt
SASDCC5,single,rodada_2,16.36724,,,,,,0.05,139.0,1.0,,SASDCC5_fit1_model1.pdb,SASDCC5/single_result/rodada_2/report.txt
SASDCC5,single,rodada_3,16.36724,,,,,,0.05,139.0,1.0,,SASDCC5_fit1_model1.pdb,SASDCC5/single_result/rodada_3/report.txt
SASDCC6,packing,rodada_1,2.940676,2.432137,2.9407,YES,2.0,50.0,0.18,1653.0,,2,,SASDCC6/packing_result/rodada_1/report.txt
SASDCC6,packing,rodada_2,2.771475,2.275664,2.7715,YES,2.0,50.0,0.18,1653.0,,2,,SASDCC6/packing_result/rodada_2/report.txt
SASDCC6,packing,rodada_3,2.449014,2.107708,2.449,YES,2.0,50.0,0.17,1653.0,,2,,SASDCC6/packing_result/rodada_3/report.txt
SASDCC8,packing,rodada_1,2.351355,1.951415,2.3514,YES,3.0,50.0,0.12,1457.0,,3,,SASDCC8/packing_result/rodada_1/report.txt
SASDCC8,packing,rodada_2,2.313064,2.009034,2.3131,YES,3.0,50.0,0.12,1457.0,,3,,SASDCC8/packing_result/rodada_2/report.txt
SASDCC8,packing,rodada_3,2.313524,1.846738,2.3135,YES,3.0,50.0,0.12,1457.0,,3,,SASDCC8/packing_result/rodada_3/report.txt
SASDCD5,single,rodada_1,12.258386,,,,,,0.09,713.0,1.0,,SASDCD5_fit1_model1.pdb,SASDCD5/single_result/rodada_1/report.txt
SASDCD5,single,rodada_2,12.258386,,,,,,0.09,713.0,1.0,,SASDCD5_fit1_model1.pdb,SASDCD5/single_result/rodada_2/report.txt
SASDCD5,single,rodada_3,12.258386,,,,,,0.09,713.0,1.0,,SASDCD5_fit1_model1.pdb,SASDCD5/single_result/rodada_3/report.txt
SASDCD6,packing,rodada_1,4.106892,3.342163,4.1069,YES,2.0,50.0,0.08,345.0,,2,,SASDCD6/packing_result/rodada_1/report.txt
SASDCD6,packing,rodada_2,4.316665,3.077032,3.8889,YES,2.0,50.0,0.08,345.0,,2,,SASDCD6/packing_result/rodada_2/report.txt
SASDCD6,packing,rodada_3,4.464014,3.272426,4.464,YES,2.0,50.0,0.08,345.0,,2,,SASDCD6/packing_result/rodada_3/report.txt
SASDCD7,single,rodada_1,3.532679,,,,,,1.1,1521.0,1.0,,SASDCD7_fit1_model1.pdb,SASDCD7/single_result/rodada_1/report.txt
SASDCD7,single,rodada_2,3.532679,,,,,,1.1,1521.0,1.0,,SASDCD7_fit1_model1.pdb,SASDCD7/single_result/rodada_2/report.txt
SASDCD7,single,rodada_3,3.532679,,,,,,1.1,1521.0,1.0,,SASDCD7_fit1_model1.pdb,SASDCD7/single_result/rodada_3/report.txt
SASDCE5,single,rodada_1,6.021421,,,,,,0.11,1012.0,1.0,,SASDCE5_fit1_model1.pdb,SASDCE5/single_result/rodada_1/report.txt
SASDCE5,single,rodada_2,6.021421,,,,,,0.12,1012.0,1.0,,SASDCE5_fit1_model1.pdb,SASDCE5/single_result/rodada_2/report.txt
SASDCE5,single,rodada_3,6.021421,,,,,,0.12,1012.0,1.0,,SASDCE5_fit1_model1.pdb,SASDCE5/single_result/rodada_3/report.txt
SASDCE6,packing,rodada_1,3.825758,3.000128,3.8258,YES,2.0,50.0,0.18,1168.0,,2,,SASDCE6/packing_result/rodada_1/report.txt
SASDCE6,packing,rodada_2,3.838077,3.025559,3.8381,YES,2.0,50.0,0.18,1168.0,,2,,SASDCE6/packing_result/rodada_2/report.txt
SASDCE6,packing,rodada_3,3.426169,2.894446,3.4262,YES,2.0,50.0,0.18,1168.0,,2,,SASDCE6/packing_result/rodada_3/report.txt
SASDCF5,single,rodada_1,4.944001,,,,,,0.14,1258.0,1.0,,SASDCF5_fit1_model1.pdb,SASDCF5/single_result/rodada_1/report.txt
SASDCF5,single,rodada_2,4.944001,,,,,,0.14,1258.0,1.0,,SASDCF5_fit1_model1.pdb,SASDCF5/single_result/rodada_2/report.txt
SASDCF5,single,rodada_3,4.944001,,,,,,0.13,1258.0,1.0,,SASDCF5_fit1_model1.pdb,SASDCF5/single_result/rodada_3/report.txt
SASDCF6,packing,rodada_1,4.046479,2.805712,3.2408,YES,2.0,50.0,0.23,868.0,,2,,SASDCF6/packing_result/rodada_1/report.txt
SASDCF6,packing,rodada_2,2.67711,2.617979,2.6771,YES,2.0,50.0,0.22,868.0,,2,,SASDCF6/packing_result/rodada_2/report.txt
SASDCF6,packing,rodada_3,2.760608,2.720067,2.7606,YES,2.0,50.0,0.22,868.0,,2,,SASDCF6/packing_result/rodada_3/report.txt
SASDCG5,single,rodada_1,2.10927,,,,,,0.18,1507.0,1.0,,SASDCG5_fit1_model1.pdb,SASDCG5/single_result/rodada_1/report.txt
SASDCG5,single,rodada_2,2.10927,,,,,,0.18,1507.0,1.0,,SASDCG5_fit1_model1.pdb,SASDCG5/single_result/rodada_2/report.txt
SASDCG5,single,rodada_3,2.10927,,,,,,0.18,1507.0,1.0,,SASDCG5_fit1_model1.pdb,SASDCG5/single_result/rodada_3/report.txt
SASDCG6,packing,rodada_1,3.285632,3.017361,3.2856,YES,2.0,50.0,0.12,1171.0,,2,,SASDCG6/packing_result/rodada_1/report.txt
SASDCG6,packing,rodada_2,2.733364,2.649911,2.7334,YES,2.0,50.0,0.12,1171.0,,2,,SASDCG6/packing_result/rodada_2/report.txt
SASDCG6,packing,rodada_3,3.13588,2.573695,3.1359,YES,2.0,50.0,0.12,1171.0,,2,,SASDCG6/packing_result/rodada_3/report.txt
SASDCH2,single,rodada_1,3.053317,,,,,,2.27,1492.0,1.0,,SASDCH2_fit1_model1.pdb,SASDCH2/single_result/rodada_1/report.txt
SASDCH2,single,rodada_2,3.053317,,,,,,2.25,1492.0,1.0,,SASDCH2_fit1_model1.pdb,SASDCH2/single_result/rodada_2/report.txt
SASDCH2,single,rodada_3,3.053317,,,,,,2.26,1492.0,1.0,,SASDCH2_fit1_model1.pdb,SASDCH2/single_result/rodada_3/report.txt
SASDCH5,single,rodada_1,17.325296,,,,,,0.05,101.0,1.0,,SASDCH5_fit1_model1.pdb,SASDCH5/single_result/rodada_1/report.txt
SASDCH5,single,rodada_2,17.325296,,,,,,0.05,101.0,1.0,,SASDCH5_fit1_model1.pdb,SASDCH5/single_result/rodada_2/report.txt
SASDCH5,single,rodada_3,17.325296,,,,,,0.05,101.0,1.0,,SASDCH5_fit1_model1.pdb,SASDCH5/single_result/rodada_3/report.txt
SASDCH6,packing,rodada_1,3.251067,2.14619,2.3237,YES,2.0,50.0,0.16,1112.0,,2,,SASDCH6/packing_result/rodada_1/report.txt
SASDCH6,packing,rodada_2,3.193549,2.691274,3.1935,YES,2.0,50.0,0.16,1112.0,,2,,SASDCH6/packing_result/rodada_2/report.txt
SASDCH6,packing,rodada_3,3.050254,2.62788,3.0503,YES,2.0,50.0,0.16,1112.0,,2,,SASDCH6/packing_result/rodada_3/report.txt
SASDCH7,single,rodada_1,4.075991,,,,,,0.16,1159.0,1.0,,SASDCH7_fit1_model1.pdb,SASDCH7/single_result/rodada_1/report.txt
SASDCH7,single,rodada_2,4.075991,,,,,,0.16,1159.0,1.0,,SASDCH7_fit1_model1.pdb,SASDCH7/single_result/rodada_2/report.txt
SASDCH7,single,rodada_3,4.075991,,,,,,0.15,1159.0,1.0,,SASDCH7_fit1_model1.pdb,SASDCH7/single_result/rodada_3/report.txt
SASDCH9,packing,rodada_1,4.533322,4.184845,4.5333,YES,2.0,50.0,0.67,4537.0,,2,,SASDCH9/packing_result/rodada_1/report.txt
SASDCH9,packing,rodada_2,14.300107,12.07345,14.3001,YES,2.0,50.0,0.69,4537.0,,2,,SASDCH9/packing_result/rodada_2/report.txt
SASDCH9,packing,rodada_3,4.106129,3.703255,4.1061,YES,2.0,50.0,0.65,4537.0,,2,,SASDCH9/packing_result/rodada_3/report.txt
SASDCJ2,packing,rodada_1,7.275972,6.243785,7.276,YES,3.0,50.0,0.46,800.0,,3,,SASDCJ2/packing_result/rodada_1/report.txt
SASDCJ2,packing,rodada_2,6.301644,5.050226,6.3016,YES,3.0,50.0,0.46,800.0,,3,,SASDCJ2/packing_result/rodada_2/report.txt
SASDCJ2,packing,rodada_3,7.23669,5.094073,7.2367,YES,3.0,50.0,0.47,800.0,,3,,SASDCJ2/packing_result/rodada_3/report.txt
SASDCJ3,packing,rodada_1,3.709274,2.715913,3.7093,YES,5.0,50.0,0.58,1344.0,,5,,SASDCJ3/packing_result/rodada_1/report.txt
SASDCJ3,packing,rodada_2,3.663254,2.826535,3.6633,YES,5.0,50.0,0.58,1344.0,,5,,SASDCJ3/packing_result/rodada_2/report.txt
SASDCJ3,packing,rodada_3,4.255125,2.753269,3.3901,YES,5.0,50.0,0.58,1344.0,,5,,SASDCJ3/packing_result/rodada_3/report.txt
SASDCJ5,single,rodada_1,12.75612,,,,,,0.08,539.0,1.0,,SASDCJ5_fit1_model1.pdb,SASDCJ5/single_result/rodada_1/report.txt
SASDCJ5,single,rodada_2,12.75612,,,,,,0.08,539.0,1.0,,SASDCJ5_fit1_model1.pdb,SASDCJ5/single_result/rodada_2/report.txt
SASDCJ5,single,rodada_3,12.75612,,,,,,0.08,539.0,1.0,,SASDCJ5_fit1_model1.pdb,SASDCJ5/single_result/rodada_3/report.txt
SASDCJ6,packing,rodada_1,3.338037,3.30208,3.338,YES,2.0,50.0,0.19,904.0,,2,,SASDCJ6/packing_result/rodada_1/report.txt
SASDCJ6,packing,rodada_2,3.768808,2.809009,3.7688,YES,2.0,50.0,0.19,904.0,,2,,SASDCJ6/packing_result/rodada_2/report.txt
SASDCJ6,packing,rodada_3,4.087806,3.362406,4.0878,YES,2.0,50.0,0.19,904.0,,2,,SASDCJ6/packing_result/rodada_3/report.txt
SASDCJ7,single,rodada_1,2.560842,,,,,,0.19,1232.0,1.0,,SASDCJ7_fit1_model1.pdb,SASDCJ7/single_result/rodada_1/report.txt
SASDCJ7,single,rodada_2,2.560842,,,,,,0.18,1232.0,1.0,,SASDCJ7_fit1_model1.pdb,SASDCJ7/single_result/rodada_2/report.txt
SASDCJ7,single,rodada_3,2.560842,,,,,,0.19,1232.0,1.0,,SASDCJ7_fit1_model1.pdb,SASDCJ7/single_result/rodada_3/report.txt
SASDCJ9,packing,rodada_1,8.963802,6.665857,8.9638,YES,2.0,50.0,0.57,1619.0,,2,,SASDCJ9/packing_result/rodada_1/report.txt
SASDCJ9,packing,rodada_2,8.186136,6.016844,8.1861,YES,2.0,50.0,0.56,1619.0,,2,,SASDCJ9/packing_result/rodada_2/report.txt
SASDCJ9,packing,rodada_3,7.681235,5.548053,7.6812,YES,2.0,50.0,0.58,1619.0,,2,,SASDCJ9/packing_result/rodada_3/report.txt
SASDCK2,packing,rodada_1,4.532229,3.312295,4.5322,YES,2.0,50.0,0.57,1757.0,,2,,SASDCK2/packing_result/rodada_1/report.txt
SASDCK2,packing,rodada_2,4.135946,3.507403,4.1359,YES,2.0,50.0,0.58,1757.0,,2,,SASDCK2/packing_result/rodada_2/report.txt
SASDCK2,packing,rodada_3,4.49083,3.688528,4.4908,YES,2.0,50.0,0.59,1757.0,,2,,SASDCK2/packing_result/rodada_3/report.txt
SASDCK3,packing,rodada_1,11.488563,6.0721,6.2186,YES,2.0,50.0,0.08,1031.0,,2,,SASDCK3/packing_result/rodada_1/report.txt
SASDCK3,packing,rodada_2,11.737122,5.642955,5.7751,YES,2.0,50.0,0.08,1031.0,,2,,SASDCK3/packing_result/rodada_2/report.txt
SASDCK3,packing,rodada_3,11.832202,5.967955,6.1041,YES,2.0,50.0,0.08,1031.0,,2,,SASDCK3/packing_result/rodada_3/report.txt
SASDCK5,single,rodada_1,10.29793,,,,,,0.06,189.0,1.0,,SASDCK5_fit1_model1.pdb,SASDCK5/single_result/rodada_1/report.txt
SASDCK5,single,rodada_2,10.29793,,,,,,0.06,189.0,1.0,,SASDCK5_fit1_model1.pdb,SASDCK5/single_result/rodada_2/report.txt
SASDCK5,single,rodada_3,10.29793,,,,,,0.07,189.0,1.0,,SASDCK5_fit1_model1.pdb,SASDCK5/single_result/rodada_3/report.txt
SASDCK6,packing,rodada_1,6.014846,4.000745,4.4938,YES,2.0,50.0,0.31,2047.0,,2,,SASDCK6/packing_result/rodada_1/report.txt
SASDCK6,packing,rodada_2,6.312215,3.628968,4.3233,YES,2.0,50.0,0.31,2047.0,,2,,SASDCK6/packing_result/rodada_2/report.txt
SASDCK6,packing,rodada_3,5.362897,3.313878,3.7204,YES,2.0,50.0,0.31,2047.0,,2,,SASDCK6/packing_result/rodada_3/report.txt
SASDCK7,packing,rodada_1,12.518742,3.522854,4.9902,YES,6.0,50.0,0.4,1358.0,,6,,SASDCK7/packing_result/rodada_1/report.txt
SASDCK7,packing,rodada_2,5.748062,4.512894,5.7481,YES,6.0,50.0,0.4,1358.0,,6,,SASDCK7/packing_result/rodada_2/report.txt
SASDCK7,packing,rodada_3,12.303449,5.654412,6.8063,YES,6.0,50.0,0.4,1358.0,,6,,SASDCK7/packing_result/rodada_3/report.txt
SASDCK9,packing,rodada_1,3.82288,3.341958,3.8229,YES,2.0,50.0,0.24,934.0,,2,,SASDCK9/packing_result/rodada_1/report.txt
SASDCK9,packing,rodada_2,4.564736,4.129979,4.5647,YES,2.0,50.0,0.24,934.0,,2,,SASDCK9/packing_result/rodada_2/report.txt
SASDCK9,packing,rodada_3,4.86202,3.815087,4.2608,YES,2.0,50.0,0.24,934.0,,2,,SASDCK9/packing_result/rodada_3/report.txt
SASDCL2,single,rodada_1,5.165243,,,,,,0.17,1758.0,1.0,,SASDCL2_fit1_model1.pdb,SASDCL2/single_result/rodada_1/report.txt
SASDCL2,single,rodada_2,5.165243,,,,,,0.17,1758.0,1.0,,SASDCL2_fit1_model1.pdb,SASDCL2/single_result/rodada_2/report.txt
SASDCL2,single,rodada_3,5.165243,,,,,,0.17,1758.0,1.0,,SASDCL2_fit1_model1.pdb,SASDCL2/single_result/rodada_3/report.txt
SASDCL5,single,rodada_1,5.240035,,,,,,0.13,1082.0,1.0,,SASDCL5_fit1_model1.pdb,SASDCL5/single_result/rodada_1/report.txt
SASDCL5,single,rodada_2,5.240035,,,,,,0.13,1082.0,1.0,,SASDCL5_fit1_model1.pdb,SASDCL5/single_result/rodada_2/report.txt
SASDCL5,single,rodada_3,5.240035,,,,,,0.13,1082.0,1.0,,SASDCL5_fit1_model1.pdb,SASDCL5/single_result/rodada_3/report.txt
SASDCL7,packing,rodada_1,12.107358,2.62683,3.8045,YES,6.0,50.0,0.59,1743.0,,6,,SASDCL7/packing_result/rodada_1/report.txt
SASDCL7,packing,rodada_2,11.629166,2.997207,4.3011,YES,6.0,50.0,0.57,1743.0,,6,,SASDCL7/packing_result/rodada_2/report.txt
SASDCL7,packing,rodada_3,11.583218,2.872781,3.9616,YES,6.0,50.0,0.58,1743.0,,6,,SASDCL7/packing_result/rodada_3/report.txt
SASDCL9,packing,rodada_1,3.297599,3.038949,3.2976,YES,2.0,50.0,2.84,2043.0,,2,,SASDCL9/packing_result/rodada_1/report.txt
SASDCL9,packing,rodada_2,3.461454,2.817299,2.9932,YES,2.0,50.0,2.88,2043.0,,2,,SASDCL9/packing_result/rodada_2/report.txt
SASDCL9,packing,rodada_3,3.776958,3.699935,3.777,YES,2.0,50.0,2.98,2043.0,,2,,SASDCL9/packing_result/rodada_3/report.txt
SASDCM2,single,rodada_1,6.598683,,,,,,0.16,1407.0,1.0,,SASDCM2_fit1_model1.pdb,SASDCM2/single_result/rodada_1/report.txt
SASDCM2,single,rodada_2,6.598683,,,,,,0.16,1407.0,1.0,,SASDCM2_fit1_model1.pdb,SASDCM2/single_result/rodada_2/report.txt
SASDCM2,single,rodada_3,6.598683,,,,,,0.16,1407.0,1.0,,SASDCM2_fit1_model1.pdb,SASDCM2/single_result/rodada_3/report.txt
SASDCM5,single,rodada_1,4.588874,,,,,,1.36,1236.0,1.0,,SASDCM5_fit1_model1.pdb,SASDCM5/single_result/rodada_1/report.txt
SASDCM5,single,rodada_2,4.588874,,,,,,1.37,1236.0,1.0,,SASDCM5_fit1_model1.pdb,SASDCM5/single_result/rodada_2/report.txt
SASDCM5,single,rodada_3,4.588874,,,,,,1.36,1236.0,1.0,,SASDCM5_fit1_model1.pdb,SASDCM5/single_result/rodada_3/report.txt
SASDCM6,packing,rodada_1,11.920947,5.39757,5.6655,YES,3.0,50.0,0.29,896.0,,3,,SASDCM6/packing_result/rodada_1/report.txt
SASDCM6,packing,rodada_2,11.9481,5.420597,5.7407,YES,3.0,50.0,0.28,896.0,,3,,SASDCM6/packing_result/rodada_2/report.txt
SASDCM6,packing,rodada_3,11.970198,5.602114,5.9367,YES,3.0,50.0,0.28,896.0,,3,,SASDCM6/packing_result/rodada_3/report.txt
SASDCM7,packing,rodada_1,12.895278,6.956496,7.1453,YES,2.0,50.0,0.07,1272.0,,2,,SASDCM7/packing_result/rodada_1/report.txt
SASDCM7,packing,rodada_2,12.893936,6.93757,7.1106,YES,2.0,50.0,0.07,1272.0,,2,,SASDCM7/packing_result/rodada_2/report.txt
SASDCM7,packing,rodada_3,13.110973,7.532148,8.1859,YES,2.0,50.0,0.07,1272.0,,2,,SASDCM7/packing_result/rodada_3/report.txt
SASDCM8,single,rodada_1,5.421001,,,,,,1.02,892.0,1.0,,SASDCM8_fit1_model1.pdb,SASDCM8/single_result/rodada_1/report.txt
SASDCM8,single,rodada_2,5.421001,,,,,,1.03,892.0,1.0,,SASDCM8_fit1_model1.pdb,SASDCM8/single_result/rodada_2/report.txt
SASDCM8,single,rodada_3,5.421001,,,,,,1.02,892.0,1.0,,SASDCM8_fit1_model1.pdb,SASDCM8/single_result/rodada_3/report.txt
SASDCM9,single,rodada_1,5.841161,,,,,,5.01,1123.0,1.0,,SASDCM9_fit1_model1.pdb,SASDCM9/single_result/rodada_1/report.txt
SASDCM9,single,rodada_2,5.841161,,,,,,5.01,1123.0,1.0,,SASDCM9_fit1_model1.pdb,SASDCM9/single_result/rodada_2/report.txt
SASDCM9,single,rodada_3,5.841161,,,,,,5.0,1123.0,1.0,,SASDCM9_fit1_model1.pdb,SASDCM9/single_result/rodada_3/report.txt
SASDCN2,single,rodada_1,4.033485,,,,,,0.28,3552.0,1.0,,SASDCN2_fit1_model1.pdb,SASDCN2/single_result/rodada_1/report.txt
SASDCN2,single,rodada_2,4.033485,,,,,,0.28,3552.0,1.0,,SASDCN2_fit1_model1.pdb,SASDCN2/single_result/rodada_2/report.txt
SASDCN2,single,rodada_3,4.033485,,,,,,0.28,3552.0,1.0,,SASDCN2_fit1_model1.pdb,SASDCN2/single_result/rodada_3/report.txt
SASDCN3,single,rodada_1,6.003346,,,,,,2.92,1981.0,1.0,,SASDCN3_fit1_model1.pdb,SASDCN3/single_result/rodada_1/report.txt
SASDCN3,single,rodada_2,6.003346,,,,,,2.92,1981.0,1.0,,SASDCN3_fit1_model1.pdb,SASDCN3/single_result/rodada_2/report.txt
SASDCN3,single,rodada_3,6.003346,,,,,,2.92,1981.0,1.0,,SASDCN3_fit1_model1.pdb,SASDCN3/single_result/rodada_3/report.txt
SASDCN4,single,rodada_1,9.206551,,,,,,0.09,585.0,1.0,,SASDCN4_fit1_model1.pdb,SASDCN4/single_result/rodada_1/report.txt
SASDCN4,single,rodada_2,9.206551,,,,,,0.09,585.0,1.0,,SASDCN4_fit1_model1.pdb,SASDCN4/single_result/rodada_2/report.txt
SASDCN4,single,rodada_3,9.206551,,,,,,0.09,585.0,1.0,,SASDCN4_fit1_model1.pdb,SASDCN4/single_result/rodada_3/report.txt
SASDCN5,single,rodada_1,4.770313,,,,,,1.25,1205.0,1.0,,SASDCN5_fit1_model1.pdb,SASDCN5/single_result/rodada_1/report.txt
SASDCN5,single,rodada_2,4.770313,,,,,,1.24,1205.0,1.0,,SASDCN5_fit1_model1.pdb,SASDCN5/single_result/rodada_2/report.txt
SASDCN5,single,rodada_3,4.770313,,,,,,1.25,1205.0,1.0,,SASDCN5_fit1_model1.pdb,SASDCN5/single_result/rodada_3/report.txt
SASDCN6,packing,rodada_1,10.580053,2.917957,3.3065,YES,4.0,50.0,0.32,637.0,,4,,SASDCN6/packing_result/rodada_1/report.txt
SASDCN6,packing,rodada_2,10.632093,2.327803,3.0082,YES,4.0,50.0,0.32,637.0,,4,,SASDCN6/packing_result/rodada_2/report.txt
SASDCN6,packing,rodada_3,10.836724,2.351779,3.0643,YES,4.0,50.0,0.32,637.0,,4,,SASDCN6/packing_result/rodada_3/report.txt
SASDCP2,single,rodada_1,4.383706,,,,,,0.34,3810.0,1.0,,SASDCP2_fit1_model1.pdb,SASDCP2/single_result/rodada_1/report.txt
SASDCP2,single,rodada_2,4.383706,,,,,,0.34,3810.0,1.0,,SASDCP2_fit1_model1.pdb,SASDCP2/single_result/rodada_2/report.txt
SASDCP2,single,rodada_3,4.383706,,,,,,0.34,3810.0,1.0,,SASDCP2_fit1_model1.pdb,SASDCP2/single_result/rodada_3/report.txt
SASDCP3,packing,rodada_1,29.327483,10.818059,11.1727,YES,2.0,50.0,0.12,1886.0,,2,,SASDCP3/packing_result/rodada_1/report.txt
SASDCP3,packing,rodada_2,28.871177,11.036555,11.4316,YES,2.0,50.0,0.12,1886.0,,2,,SASDCP3/packing_result/rodada_2/report.txt
SASDCP3,packing,rodada_3,28.860503,9.041823,9.2637,YES,2.0,50.0,0.12,1886.0,,2,,SASDCP3/packing_result/rodada_3/report.txt
SASDCP4,single,rodada_1,5.323501,,,,,,0.07,265.0,1.0,,SASDCP4_fit1_model1.pdb,SASDCP4/single_result/rodada_1/report.txt
SASDCP4,single,rodada_2,5.323501,,,,,,0.07,265.0,1.0,,SASDCP4_fit1_model1.pdb,SASDCP4/single_result/rodada_2/report.txt
SASDCP4,single,rodada_3,5.323501,,,,,,0.07,265.0,1.0,,SASDCP4_fit1_model1.pdb,SASDCP4/single_result/rodada_3/report.txt
SASDCP5,single,rodada_1,8.960937,,,,,,0.13,953.0,1.0,,SASDCP5_fit1_model1.pdb,SASDCP5/single_result/rodada_1/report.txt
SASDCP5,single,rodada_2,8.960937,,,,,,0.13,953.0,1.0,,SASDCP5_fit1_model1.pdb,SASDCP5/single_result/rodada_2/report.txt
SASDCP5,single,rodada_3,8.960937,,,,,,0.13,953.0,1.0,,SASDCP5_fit1_model1.pdb,SASDCP5/single_result/rodada_3/report.txt
SASDCP6,packing,rodada_1,12.025065,10.798783,12.0251,YES,3.0,50.0,0.27,852.0,,3,,SASDCP6/packing_result/rodada_1/report.txt
SASDCP6,packing,rodada_2,12.125208,8.0051,7.3096,YES,3.0,50.0,0.27,852.0,,3,,SASDCP6/packing_result/rodada_2/report.txt
SASDCP6,packing,rodada_3,12.095579,7.648608,7.8808,YES,3.0,50.0,0.27,852.0,,3,,SASDCP6/packing_result/rodada_3/report.txt
SASDCP7,packing,rodada_1,15.171784,9.061178,9.4641,YES,2.0,50.0,0.07,958.0,,2,,SASDCP7/packing_result/rodada_1/report.txt
SASDCP7,packing,rodada_2,15.499863,8.995061,9.3778,YES,2.0,50.0,0.07,958.0,,2,,SASDCP7/packing_result/rodada_2/report.txt
SASDCP7,packing,rodada_3,15.441524,7.3592,7.5859,YES,2.0,50.0,0.07,958.0,,2,,SASDCP7/packing_result/rodada_3/report.txt
SASDCP8,single,rodada_1,10.824519,,,,,,0.13,616.0,1.0,,SASDCP8_fit1_model1.pdb,SASDCP8/single_result/rodada_1/report.txt
SASDCP8,single,rodada_2,10.824519,,,,,,0.13,616.0,1.0,,SASDCP8_fit1_model1.pdb,SASDCP8/single_result/rodada_2/report.txt
SASDCP8,single,rodada_3,10.824519,,,,,,0.13,616.0,1.0,,SASDCP8_fit1_model1.pdb,SASDCP8/single_result/rodada_3/report.txt
SASDCQ2,packing,rodada_1,3.981628,2.845426,3.7043,YES,4.0,50.0,0.18,1641.0,,4,,SASDCQ2/packing_result/rodada_1/report.txt
SASDCQ2,packing,rodada_2,4.192401,2.543596,4.1556,YES,4.0,50.0,0.18,1641.0,,4,,SASDCQ2/packing_result/rodada_2/report.txt
SASDCQ2,packing,rodada_3,3.834104,2.909195,3.8341,YES,4.0,50.0,0.18,1641.0,,4,,SASDCQ2/packing_result/rodada_3/report.txt
SASDCQ4,single,rodada_1,5.377614,,,,,,0.08,274.0,1.0,,SASDCQ4_fit1_model1.pdb,SASDCQ4/single_result/rodada_1/report.txt
SASDCQ4,single,rodada_2,5.377614,,,,,,0.08,274.0,1.0,,SASDCQ4_fit1_model1.pdb,SASDCQ4/single_result/rodada_2/report.txt
SASDCQ4,single,rodada_3,5.377614,,,,,,0.08,274.0,1.0,,SASDCQ4_fit1_model1.pdb,SASDCQ4/single_result/rodada_3/report.txt
SASDCQ5,single,rodada_1,36.020659,,,,,,0.08,545.0,1.0,,SASDCQ5_fit1_model1.pdb,SASDCQ5/single_result/rodada_1/report.txt
SASDCQ5,single,rodada_2,36.020659,,,,,,0.08,545.0,1.0,,SASDCQ5_fit1_model1.pdb,SASDCQ5/single_result/rodada_2/report.txt
SASDCQ5,single,rodada_3,36.020659,,,,,,0.08,545.0,1.0,,SASDCQ5_fit1_model1.pdb,SASDCQ5/single_result/rodada_3/report.txt
SASDCQ6,packing,rodada_1,7.47573,4.686556,4.8845,YES,2.0,50.0,0.42,948.0,,2,,SASDCQ6/packing_result/rodada_1/report.txt
SASDCQ6,packing,rodada_2,5.009161,4.901759,5.0092,YES,2.0,50.0,0.42,948.0,,2,,SASDCQ6/packing_result/rodada_2/report.txt
SASDCQ6,packing,rodada_3,7.125833,5.6056,6.6323,YES,2.0,50.0,0.43,948.0,,2,,SASDCQ6/packing_result/rodada_3/report.txt
SASDCQ7,packing,rodada_1,4.877487,3.862437,4.7527,YES,5.0,50.0,0.79,511.0,,5,,SASDCQ7/packing_result/rodada_1/report.txt
SASDCQ7,packing,rodada_2,4.839794,3.438411,4.8398,YES,5.0,50.0,0.76,511.0,,5,,SASDCQ7/packing_result/rodada_2/report.txt
SASDCQ7,packing,rodada_3,4.071644,3.21128,4.0716,YES,5.0,50.0,0.75,511.0,,5,,SASDCQ7/packing_result/rodada_3/report.txt
SASDCR2,single,rodada_1,12.173163,,,,,,0.08,578.0,1.0,,SASDCR2_fit1_model1.pdb,SASDCR2/single_result/rodada_1/report.txt
SASDCR2,single,rodada_2,12.173163,,,,,,0.08,578.0,1.0,,SASDCR2_fit1_model1.pdb,SASDCR2/single_result/rodada_2/report.txt
SASDCR2,single,rodada_3,12.173163,,,,,,0.08,578.0,1.0,,SASDCR2_fit1_model1.pdb,SASDCR2/single_result/rodada_3/report.txt
SASDCR4,single,rodada_1,5.498264,,,,,,0.16,1843.0,1.0,,SASDCR4_fit1_model1.pdb,SASDCR4/single_result/rodada_1/report.txt
SASDCR4,single,rodada_2,5.498264,,,,,,0.16,1843.0,1.0,,SASDCR4_fit1_model1.pdb,SASDCR4/single_result/rodada_2/report.txt
SASDCR4,single,rodada_3,5.498264,,,,,,0.16,1843.0,1.0,,SASDCR4_fit1_model1.pdb,SASDCR4/single_result/rodada_3/report.txt
SASDCR5,single,rodada_1,30.449857,,,,,,0.05,102.0,1.0,,SASDCR5_fit1_model1.pdb,SASDCR5/single_result/rodada_1/report.txt
SASDCR5,single,rodada_2,30.449857,,,,,,0.05,102.0,1.0,,SASDCR5_fit1_model1.pdb,SASDCR5/single_result/rodada_2/report.txt
SASDCR5,single,rodada_3,30.449857,,,,,,0.05,102.0,1.0,,SASDCR5_fit1_model1.pdb,SASDCR5/single_result/rodada_3/report.txt
SASDCR6,packing,rodada_1,5.724094,5.555947,5.7241,YES,2.0,50.0,0.82,1825.0,,2,,SASDCR6/packing_result/rodada_1/report.txt
SASDCR6,packing,rodada_2,10.155738,6.428274,7.8389,YES,2.0,50.0,0.83,1825.0,,2,,SASDCR6/packing_result/rodada_2/report.txt
SASDCR6,packing,rodada_3,10.670194,5.734357,6.4002,YES,2.0,50.0,0.84,1825.0,,2,,SASDCR6/packing_result/rodada_3/report.txt
SASDCR7,single,rodada_1,7.509648,,,,,,0.6,623.0,1.0,,SASDCR7_fit1_model1.pdb,SASDCR7/single_result/rodada_1/report.txt
SASDCR7,single,rodada_2,7.509648,,,,,,0.6,623.0,1.0,,SASDCR7_fit1_model1.pdb,SASDCR7/single_result/rodada_2/report.txt
SASDCR7,single,rodada_3,7.509648,,,,,,0.59,623.0,1.0,,SASDCR7_fit1_model1.pdb,SASDCR7/single_result/rodada_3/report.txt
SASDCR9,packing,rodada_1,23.284222,3.809131,3.81,YES,2.0,50.0,1.07,4722.0,,2,,SASDCR9/packing_result/rodada_1/report.txt
SASDCR9,packing,rodada_2,23.390872,3.835462,3.8363,YES,2.0,50.0,1.06,4722.0,,2,,SASDCR9/packing_result/rodada_2/report.txt
SASDCR9,packing,rodada_3,23.532828,3.76013,3.7611,YES,2.0,50.0,1.04,4722.0,,2,,SASDCR9/packing_result/rodada_3/report.txt
SASDCS2,single,rodada_1,12.678264,,,,,,0.08,555.0,1.0,,SASDCS2_fit1_model1.pdb,SASDCS2/single_result/rodada_1/report.txt
SASDCS2,single,rodada_2,12.678264,,,,,,0.08,555.0,1.0,,SASDCS2_fit1_model1.pdb,SASDCS2/single_result/rodada_2/report.txt
SASDCS2,single,rodada_3,12.678264,,,,,,0.08,555.0,1.0,,SASDCS2_fit1_model1.pdb,SASDCS2/single_result/rodada_3/report.txt
SASDCS4,single,rodada_1,11.549731,,,,,,0.1,516.0,1.0,,SASDCS4_fit1_model1.pdb,SASDCS4/single_result/rodada_1/report.txt
SASDCS4,single,rodada_2,11.549731,,,,,,0.1,516.0,1.0,,SASDCS4_fit1_model1.pdb,SASDCS4/single_result/rodada_2/report.txt
SASDCS4,single,rodada_3,11.549731,,,,,,0.1,516.0,1.0,,SASDCS4_fit1_model1.pdb,SASDCS4/single_result/rodada_3/report.txt
SASDCS5,single,rodada_1,37.100872,,,,,,0.12,479.0,1.0,,SASDCS5_fit1_model1.pdb,SASDCS5/single_result/rodada_1/report.txt
SASDCS5,single,rodada_2,37.100872,,,,,,0.11,479.0,1.0,,SASDCS5_fit1_model1.pdb,SASDCS5/single_result/rodada_2/report.txt
SASDCS5,single,rodada_3,37.100872,,,,,,0.11,479.0,1.0,,SASDCS5_fit1_model1.pdb,SASDCS5/single_result/rodada_3/report.txt
SASDCS6,packing,rodada_1,5.731316,4.84013,5.7313,YES,2.0,50.0,0.61,5475.0,,2,,SASDCS6/packing_result/rodada_1/report.txt
SASDCS6,packing,rodada_2,7.525776,4.501311,4.7817,YES,2.0,50.0,0.62,5475.0,,2,,SASDCS6/packing_result/rodada_2/report.txt
SASDCS6,packing,rodada_3,4.191151,3.975861,4.1912,YES,2.0,50.0,0.61,5475.0,,2,,SASDCS6/packing_result/rodada_3/report.txt
SASDCS7,single,rodada_1,6.714885,,,,,,0.8,1505.0,1.0,,SASDCS7_fit1_model1.pdb,SASDCS7/single_result/rodada_1/report.txt
SASDCS7,single,rodada_2,6.714885,,,,,,0.79,1505.0,1.0,,SASDCS7_fit1_model1.pdb,SASDCS7/single_result/rodada_2/report.txt
SASDCS7,single,rodada_3,6.714885,,,,,,0.79,1505.0,1.0,,SASDCS7_fit1_model1.pdb,SASDCS7/single_result/rodada_3/report.txt
SASDCT2,single,rodada_1,11.380709,,,,,,0.08,682.0,1.0,,SASDCT2_fit1_model1.pdb,SASDCT2/single_result/rodada_1/report.txt
SASDCT2,single,rodada_2,11.380709,,,,,,0.08,682.0,1.0,,SASDCT2_fit1_model1.pdb,SASDCT2/single_result/rodada_2/report.txt
SASDCT2,single,rodada_3,11.380709,,,,,,0.08,682.0,1.0,,SASDCT2_fit1_model1.pdb,SASDCT2/single_result/rodada_3/report.txt
SASDCT4,single,rodada_1,6.738955,,,,,,0.08,436.0,1.0,,SASDCT4_fit1_model1.pdb,SASDCT4/single_result/rodada_1/report.txt
SASDCT4,single,rodada_2,6.738955,,,,,,0.08,436.0,1.0,,SASDCT4_fit1_model1.pdb,SASDCT4/single_result/rodada_2/report.txt
SASDCT4,single,rodada_3,6.738955,,,,,,0.08,436.0,1.0,,SASDCT4_fit1_model1.pdb,SASDCT4/single_result/rodada_3/report.txt
SASDCT5,single,rodada_1,18.093494,,,,,,0.44,98.0,1.0,,SASDCT5_fit1_model1.pdb,SASDCT5/single_result/rodada_1/report.txt
SASDCT5,single,rodada_2,18.093494,,,,,,0.44,98.0,1.0,,SASDCT5_fit1_model1.pdb,SASDCT5/single_result/rodada_2/report.txt
SASDCT5,single,rodada_3,18.093494,,,,,,0.44,98.0,1.0,,SASDCT5_fit1_model1.pdb,SASDCT5/single_result/rodada_3/report.txt
SASDCT6,single,rodada_1,11.449189,,,,,,0.91,433.0,1.0,,SASDCT6_fit1_model1.pdb,SASDCT6/single_result/rodada_1/report.txt
SASDCT6,single,rodada_2,11.449189,,,,,,0.9,433.0,1.0,,SASDCT6_fit1_model1.pdb,SASDCT6/single_result/rodada_2/report.txt
SASDCT6,single,rodada_3,11.449189,,,,,,0.91,433.0,1.0,,SASDCT6_fit1_model1.pdb,SASDCT6/single_result/rodada_3/report.txt
SASDCT7,single,rodada_1,6.576721,,,,,,0.73,546.0,1.0,,SASDCT7_fit1_model1.pdb,SASDCT7/single_result/rodada_1/report.txt
SASDCT7,single,rodada_2,6.576721,,,,,,0.73,546.0,1.0,,SASDCT7_fit1_model1.pdb,SASDCT7/single_result/rodada_2/report.txt
SASDCT7,single,rodada_3,6.576721,,,,,,0.73,546.0,1.0,,SASDCT7_fit1_model1.pdb,SASDCT7/single_result/rodada_3/report.txt
SASDCT8,packing,rodada_1,6.33339,4.835599,6.3334,YES,2.0,50.0,0.23,4100.0,,2,,SASDCT8/packing_result/rodada_1/report.txt
SASDCT8,packing,rodada_2,6.282744,4.522566,6.2827,YES,2.0,50.0,0.23,4100.0,,2,,SASDCT8/packing_result/rodada_2/report.txt
SASDCT8,packing,rodada_3,5.332094,4.885084,5.3321,YES,2.0,50.0,0.24,4100.0,,2,,SASDCT8/packing_result/rodada_3/report.txt
SASDCU2,single,rodada_1,8.256862,,,,,,0.1,933.0,1.0,,SASDCU2_fit1_model1.pdb,SASDCU2/single_result/rodada_1/report.txt
SASDCU2,single,rodada_2,8.256862,,,,,,0.1,933.0,1.0,,SASDCU2_fit1_model1.pdb,SASDCU2/single_result/rodada_2/report.txt
SASDCU2,single,rodada_3,8.256862,,,,,,0.1,933.0,1.0,,SASDCU2_fit1_model1.pdb,SASDCU2/single_result/rodada_3/report.txt
SASDCU3,packing,rodada_1,24.619326,9.40902,10.0194,YES,2.0,50.0,0.17,1080.0,,2,,SASDCU3/packing_result/rodada_1/report.txt
SASDCU3,packing,rodada_2,24.775406,9.96794,10.3768,YES,2.0,50.0,0.17,1080.0,,2,,SASDCU3/packing_result/rodada_2/report.txt
SASDCU3,packing,rodada_3,25.671486,9.614772,10.0253,YES,2.0,50.0,0.17,1080.0,,2,,SASDCU3/packing_result/rodada_3/report.txt
SASDCU4,single,rodada_1,22.011093,,,,,,0.07,275.0,1.0,,SASDCU4_fit1_model1.pdb,SASDCU4/single_result/rodada_1/report.txt
SASDCU4,single,rodada_2,22.011093,,,,,,0.08,275.0,1.0,,SASDCU4_fit1_model1.pdb,SASDCU4/single_result/rodada_2/report.txt
SASDCU4,single,rodada_3,22.011093,,,,,,0.07,275.0,1.0,,SASDCU4_fit1_model1.pdb,SASDCU4/single_result/rodada_3/report.txt
SASDCU6,packing,rodada_1,7.930795,8.221838,7.9308,NO,4.0,50.0,0.69,302.0,,4,,SASDCU6/packing_result/rodada_1/report.txt
SASDCU6,packing,rodada_2,16.10463,11.171081,16.1046,YES,4.0,50.0,0.69,302.0,,4,,SASDCU6/packing_result/rodada_2/report.txt
SASDCU6,packing,rodada_3,9.589178,11.168324,9.5892,NO,4.0,50.0,0.69,302.0,,4,,SASDCU6/packing_result/rodada_3/report.txt
SASDCU7,packing,rodada_1,8.669426,6.679249,8.6694,YES,2.0,50.0,0.42,527.0,,2,,SASDCU7/packing_result/rodada_1/report.txt
SASDCU7,packing,rodada_2,7.561334,5.855293,7.5613,YES,2.0,50.0,0.41,527.0,,2,,SASDCU7/packing_result/rodada_2/report.txt
SASDCU7,packing,rodada_3,8.818073,6.734003,8.4651,YES,2.0,50.0,0.42,527.0,,2,,SASDCU7/packing_result/rodada_3/report.txt
SASDCU8,packing,rodada_1,3.140173,2.946547,3.1402,YES,2.0,50.0,0.22,1433.0,,2,,SASDCU8/packing_result/rodada_1/report.txt
SASDCU8,packing,rodada_2,3.691117,2.739491,3.1259,YES,2.0,50.0,0.22,1433.0,,2,,SASDCU8/packing_result/rodada_2/report.txt
SASDCU8,packing,rodada_3,2.830995,2.567967,2.831,YES,2.0,50.0,0.22,1433.0,,2,,SASDCU8/packing_result/rodada_3/report.txt
SASDCV4,single,rodada_1,13.581322,,,,,,0.07,205.0,1.0,,SASDCV4_fit1_model1.pdb,SASDCV4/single_result/rodada_1/report.txt
SASDCV4,single,rodada_2,13.581322,,,,,,0.07,205.0,1.0,,SASDCV4_fit1_model1.pdb,SASDCV4/single_result/rodada_2/report.txt
SASDCV4,single,rodada_3,13.581322,,,,,,0.07,205.0,1.0,,SASDCV4_fit1_model1.pdb,SASDCV4/single_result/rodada_3/report.txt
SASDCV5,single,rodada_1,4.990284,,,,,,0.1,398.0,1.0,,SASDCV5_fit1_model1.pdb,SASDCV5/single_result/rodada_1/report.txt
SASDCV5,single,rodada_2,4.990284,,,,,,0.11,398.0,1.0,,SASDCV5_fit1_model1.pdb,SASDCV5/single_result/rodada_2/report.txt
SASDCV5,single,rodada_3,4.990284,,,,,,0.11,398.0,1.0,,SASDCV5_fit1_model1.pdb,SASDCV5/single_result/rodada_3/report.txt
SASDCV6,packing,rodada_1,13.533767,9.491186,13.5338,YES,13.0,50.0,2.06,188.0,,13,,SASDCV6/packing_result/rodada_1/report.txt
SASDCV6,packing,rodada_2,11.509329,8.843083,10.4773,YES,13.0,50.0,2.05,188.0,,13,,SASDCV6/packing_result/rodada_2/report.txt
SASDCV6,packing,rodada_3,16.808749,8.965964,13.3742,YES,13.0,50.0,2.04,188.0,,13,,SASDCV6/packing_result/rodada_3/report.txt
SASDCV7,single,rodada_1,5.670714,,,,,,0.55,535.0,1.0,,SASDCV7_fit1_model1.pdb,SASDCV7/single_result/rodada_1/report.txt
SASDCV7,single,rodada_2,5.670714,,,,,,0.55,535.0,1.0,,SASDCV7_fit1_model1.pdb,SASDCV7/single_result/rodada_2/report.txt
SASDCV7,single,rodada_3,5.670714,,,,,,0.56,535.0,1.0,,SASDCV7_fit1_model1.pdb,SASDCV7/single_result/rodada_3/report.txt
SASDCV8,packing,rodada_1,27.430975,13.040845,13.6887,YES,2.0,50.0,0.63,212.0,,2,,SASDCV8/packing_result/rodada_1/report.txt
SASDCV8,packing,rodada_2,27.247063,14.723833,15.846,YES,2.0,50.0,0.62,212.0,,2,,SASDCV8/packing_result/rodada_2/report.txt
SASDCV8,packing,rodada_3,26.823414,12.854133,13.6646,YES,2.0,50.0,0.63,212.0,,2,,SASDCV8/packing_result/rodada_3/report.txt
SASDCW3,packing,rodada_1,26.165191,14.900739,15.5258,YES,2.0,50.0,0.08,753.0,,2,,SASDCW3/packing_result/rodada_1/report.txt
SASDCW3,packing,rodada_2,26.843531,10.173867,10.5787,YES,2.0,50.0,0.08,753.0,,2,,SASDCW3/packing_result/rodada_2/report.txt
SASDCW3,packing,rodada_3,26.50887,9.686074,10.0448,YES,2.0,50.0,0.08,753.0,,2,,SASDCW3/packing_result/rodada_3/report.txt
SASDCW5,packing,rodada_1,17.875743,6.580765,6.5821,YES,2.0,50.0,0.58,1057.0,,2,,SASDCW5/packing_result/rodada_1/report.txt
SASDCW5,packing,rodada_2,17.47289,7.189625,7.193,YES,2.0,50.0,0.58,1057.0,,2,,SASDCW5/packing_result/rodada_2/report.txt
SASDCW5,packing,rodada_3,17.705035,4.721011,4.7235,YES,2.0,50.0,0.56,1057.0,,2,,SASDCW5/packing_result/rodada_3/report.txt
SASDCW6,packing,rodada_1,13.502531,6.892273,11.1033,YES,17.0,50.0,2.95,880.0,,17,,SASDCW6/packing_result/rodada_1/report.txt
SASDCW6,packing,rodada_2,9.476322,5.361889,9.4763,YES,17.0,50.0,2.95,880.0,,17,,SASDCW6/packing_result/rodada_2/report.txt
SASDCW6,packing,rodada_3,9.347616,6.205371,9.3476,YES,17.0,50.0,2.95,880.0,,17,,SASDCW6/packing_result/rodada_3/report.txt
SASDCW7,single,rodada_1,7.221688,,,,,,0.73,1044.0,1.0,,SASDCW7_fit1_model1.pdb,SASDCW7/single_result/rodada_1/report.txt
SASDCW7,single,rodada_2,7.221688,,,,,,0.74,1044.0,1.0,,SASDCW7_fit1_model1.pdb,SASDCW7/single_result/rodada_2/report.txt
SASDCW7,single,rodada_3,7.221688,,,,,,0.73,1044.0,1.0,,SASDCW7_fit1_model1.pdb,SASDCW7/single_result/rodada_3/report.txt
SASDCW8,single,rodada_1,2.683275,,,,,,0.41,970.0,1.0,,SASDCW8_fit1_model1.pdb,SASDCW8/single_result/rodada_1/report.txt
SASDCW8,single,rodada_2,2.683275,,,,,,0.41,970.0,1.0,,SASDCW8_fit1_model1.pdb,SASDCW8/single_result/rodada_2/report.txt
SASDCW8,single,rodada_3,2.683275,,,,,,0.41,970.0,1.0,,SASDCW8_fit1_model1.pdb,SASDCW8/single_result/rodada_3/report.txt
SASDCX3,packing,rodada_1,24.519675,14.111736,14.7403,YES,2.0,50.0,0.08,806.0,,2,,SASDCX3/packing_result/rodada_1/report.txt
SASDCX3,packing,rodada_2,24.670876,11.543198,11.909,YES,2.0,50.0,0.08,806.0,,2,,SASDCX3/packing_result/rodada_2/report.txt
SASDCX3,packing,rodada_3,24.727134,8.063567,8.3584,YES,2.0,50.0,0.08,806.0,,2,,SASDCX3/packing_result/rodada_3/report.txt
SASDCX5,single,rodada_1,15.6084,,,,,,0.19,1247.0,1.0,,SASDCX5_fit1_model1.pdb,SASDCX5/single_result/rodada_1/report.txt
SASDCX5,single,rodada_2,15.6084,,,,,,0.19,1247.0,1.0,,SASDCX5_fit1_model1.pdb,SASDCX5/single_result/rodada_2/report.txt
SASDCX5,single,rodada_3,15.6084,,,,,,0.19,1247.0,1.0,,SASDCX5_fit1_model1.pdb,SASDCX5/single_result/rodada_3/report.txt
SASDCX6,single,rodada_1,19.648446,,,,,,0.15,552.0,1.0,,SASDCX6_fit1_model1.pdb,SASDCX6/single_result/rodada_1/report.txt
SASDCX6,single,rodada_2,19.648446,,,,,,0.15,552.0,1.0,,SASDCX6_fit1_model1.pdb,SASDCX6/single_result/rodada_2/report.txt
SASDCX6,single,rodada_3,19.648446,,,,,,0.15,552.0,1.0,,SASDCX6_fit1_model1.pdb,SASDCX6/single_result/rodada_3/report.txt
SASDCX7,single,rodada_1,7.324631,,,,,,0.59,597.0,1.0,,SASDCX7_fit1_model1.pdb,SASDCX7/single_result/rodada_1/report.txt
SASDCX7,single,rodada_2,7.324631,,,,,,0.58,597.0,1.0,,SASDCX7_fit1_model1.pdb,SASDCX7/single_result/rodada_2/report.txt
SASDCX7,single,rodada_3,7.324631,,,,,,0.59,597.0,1.0,,SASDCX7_fit1_model1.pdb,SASDCX7/single_result/rodada_3/report.txt
SASDCX8,single,rodada_1,2.943472,,,,,,0.42,1075.0,1.0,,SASDCX8_fit1_model1.pdb,SASDCX8/single_result/rodada_1/report.txt
SASDCX8,single,rodada_2,2.943472,,,,,,0.42,1075.0,1.0,,SASDCX8_fit1_model1.pdb,SASDCX8/single_result/rodada_2/report.txt
SASDCX8,single,rodada_3,2.943472,,,,,,0.42,1075.0,1.0,,SASDCX8_fit1_model1.pdb,SASDCX8/single_result/rodada_3/report.txt
SASDCY4,packing,rodada_1,10.136675,5.641609,8.9909,YES,14.0,50.0,1.07,891.0,,14,,SASDCY4/packing_result/rodada_1/report.txt
SASDCY4,packing,rodada_2,7.46081,5.424184,7.4608,YES,14.0,50.0,1.06,891.0,,14,,SASDCY4/packing_result/rodada_2/report.txt
SASDCY4,packing,rodada_3,6.558441,5.055641,6.5584,YES,14.0,50.0,1.05,891.0,,14,,SASDCY4/packing_result/rodada_3/report.txt
SASDCY5,packing,rodada_1,17.178321,5.063531,5.0677,YES,2.0,50.0,0.66,1595.0,,2,,SASDCY5/packing_result/rodada_1/report.txt
SASDCY5,packing,rodada_2,17.43637,4.453616,4.4549,YES,2.0,50.0,0.65,1595.0,,2,,SASDCY5/packing_result/rodada_2/report.txt
SASDCY5,packing,rodada_3,17.253716,5.620311,5.6213,YES,2.0,50.0,0.68,1595.0,,2,,SASDCY5/packing_result/rodada_3/report.txt
SASDCY6,single,rodada_1,22.862242,,,,,,0.2,753.0,1.0,,SASDCY6_fit1_model1.pdb,SASDCY6/single_result/rodada_1/report.txt
SASDCY6,single,rodada_2,22.862242,,,,,,0.2,753.0,1.0,,SASDCY6_fit1_model1.pdb,SASDCY6/single_result/rodada_2/report.txt
SASDCY6,single,rodada_3,22.862242,,,,,,0.19,753.0,1.0,,SASDCY6_fit1_model1.pdb,SASDCY6/single_result/rodada_3/report.txt
SASDCY7,single,rodada_1,7.329859,,,,,,0.55,442.0,1.0,,SASDCY7_fit1_model1.pdb,SASDCY7/single_result/rodada_1/report.txt
SASDCY7,single,rodada_2,7.329859,,,,,,0.55,442.0,1.0,,SASDCY7_fit1_model1.pdb,SASDCY7/single_result/rodada_2/report.txt
SASDCY7,single,rodada_3,7.329859,,,,,,0.55,442.0,1.0,,SASDCY7_fit1_model1.pdb,SASDCY7/single_result/rodada_3/report.txt
SASDCY8,single,rodada_1,3.025762,,,,,,0.41,1136.0,1.0,,SASDCY8_fit1_model1.pdb,SASDCY8/single_result/rodada_1/report.txt
SASDCY8,single,rodada_2,3.025762,,,,,,0.41,1136.0,1.0,,SASDCY8_fit1_model1.pdb,SASDCY8/single_result/rodada_2/report.txt
SASDCY8,single,rodada_3,3.025762,,,,,,0.41,1136.0,1.0,,SASDCY8_fit1_model1.pdb,SASDCY8/single_result/rodada_3/report.txt
SASDCY9,packing,rodada_1,4.279853,4.451026,4.2799,NO,2.0,50.0,0.04,192.0,,2,,SASDCY9/packing_result/rodada_1/report.txt
SASDCY9,packing,rodada_2,4.686084,4.074676,4.3528,YES,2.0,50.0,0.04,192.0,,2,,SASDCY9/packing_result/rodada_2/report.txt
SASDCY9,packing,rodada_3,4.648973,4.200235,4.649,YES,2.0,50.0,0.04,192.0,,2,,SASDCY9/packing_result/rodada_3/report.txt
SASDCZ2,packing,rodada_1,7.214887,6.758035,7.2149,YES,3.0,50.0,1.17,850.0,,3,,SASDCZ2/packing_result/rodada_1/report.txt
SASDCZ2,packing,rodada_2,9.953364,7.575802,9.9534,YES,3.0,50.0,1.18,850.0,,3,,SASDCZ2/packing_result/rodada_2/report.txt
SASDCZ2,packing,rodada_3,10.911677,9.621188,10.8908,YES,3.0,50.0,1.17,850.0,,3,,SASDCZ2/packing_result/rodada_3/report.txt
SASDCZ4,single,rodada_1,8.15816,,,,,,0.23,199.0,1.0,,SASDCZ4_fit1_model1.pdb,SASDCZ4/single_result/rodada_1/report.txt
SASDCZ4,single,rodada_2,8.15816,,,,,,0.23,199.0,1.0,,SASDCZ4_fit1_model1.pdb,SASDCZ4/single_result/rodada_2/report.txt
SASDCZ4,single,rodada_3,8.15816,,,,,,0.23,199.0,1.0,,SASDCZ4_fit1_model1.pdb,SASDCZ4/single_result/rodada_3/report.txt
SASDCZ5,packing,rodada_1,14.897053,4.418379,4.4206,YES,2.0,50.0,0.35,1413.0,,2,,SASDCZ5/packing_result/rodada_1/report.txt
SASDCZ5,packing,rodada_2,14.644792,6.398924,6.4219,YES,2.0,50.0,0.36,1413.0,,2,,SASDCZ5/packing_result/rodada_2/report.txt
SASDCZ5,packing,rodada_3,14.417537,6.600516,6.6061,YES,2.0,50.0,0.36,1413.0,,2,,SASDCZ5/packing_result/rodada_3/report.txt
SASDCZ6,single,rodada_1,18.037693,,,,,,0.16,495.0,1.0,,SASDCZ6_fit1_model1.pdb,SASDCZ6/single_result/rodada_1/report.txt
SASDCZ6,single,rodada_2,18.037693,,,,,,0.16,495.0,1.0,,SASDCZ6_fit1_model1.pdb,SASDCZ6/single_result/rodada_2/report.txt
SASDCZ6,single,rodada_3,18.037693,,,,,,0.16,495.0,1.0,,SASDCZ6_fit1_model1.pdb,SASDCZ6/single_result/rodada_3/report.txt
SASDCZ7,single,rodada_1,5.281286,,,,,,0.6,688.0,1.0,,SASDCZ7_fit1_model1.pdb,SASDCZ7/single_result/rodada_1/report.txt
SASDCZ7,single,rodada_2,5.281286,,,,,,0.6,688.0,1.0,,SASDCZ7_fit1_model1.pdb,SASDCZ7/single_result/rodada_2/report.txt
SASDCZ7,single,rodada_3,5.281286,,,,,,0.6,688.0,1.0,,SASDCZ7_fit1_model1.pdb,SASDCZ7/single_result/rodada_3/report.txt
SASDCZ9,packing,rodada_1,3.083816,2.578773,3.0838,YES,2.0,50.0,1.52,1387.0,,2,,SASDCZ9/packing_result/rodada_1/report.txt
SASDCZ9,packing,rodada_2,3.17873,2.777709,3.1787,YES,2.0,50.0,1.53,1387.0,,2,,SASDCZ9/packing_result/rodada_2/report.txt
SASDCZ9,packing,rodada_3,3.218092,2.697331,3.2181,YES,2.0,50.0,1.51,1387.0,,2,,SASDCZ9/packing_result/rodada_3/report.txt
SASDD23,packing,rodada_1,5.412137,3.989103,5.3844,YES,6.0,50.0,1.12,1713.0,,6,,SASDD23/packing_result/rodada_1/report.txt
SASDD23,packing,rodada_2,6.327082,4.06069,6.213,YES,6.0,50.0,1.15,1713.0,,6,,SASDD23/packing_result/rodada_2/report.txt
SASDD23,packing,rodada_3,6.842424,4.746236,6.8424,YES,6.0,50.0,1.11,1713.0,,6,,SASDD23/packing_result/rodada_3/report.txt
SASDD25,packing,rodada_1,4.29601,2.364671,4.296,YES,3.0,50.0,0.44,5440.0,,3,,SASDD25/packing_result/rodada_1/report.txt
SASDD25,packing,rodada_2,3.285832,2.481695,3.2858,YES,3.0,50.0,0.43,5440.0,,3,,SASDD25/packing_result/rodada_2/report.txt
SASDD25,packing,rodada_3,4.306514,2.413004,3.9176,YES,3.0,50.0,0.43,5440.0,,3,,SASDD25/packing_result/rodada_3/report.txt
SASDD32,packing,rodada_1,7.135545,6.429518,7.1355,YES,2.0,50.0,0.07,971.0,,2,,SASDD32/packing_result/rodada_1/report.txt
SASDD32,packing,rodada_2,7.530501,6.88702,7.5305,YES,2.0,50.0,0.08,971.0,,2,,SASDD32/packing_result/rodada_2/report.txt
SASDD32,packing,rodada_3,6.450333,5.87918,6.4503,YES,2.0,50.0,0.07,971.0,,2,,SASDD32/packing_result/rodada_3/report.txt
SASDD33,packing,rodada_1,7.598211,6.376894,6.658,YES,2.0,50.0,0.95,1251.0,,2,,SASDD33/packing_result/rodada_1/report.txt
SASDD33,packing,rodada_2,4.552523,4.48448,4.5525,YES,2.0,50.0,0.89,1251.0,,2,,SASDD33/packing_result/rodada_2/report.txt
SASDD33,packing,rodada_3,5.953136,4.242941,4.7846,YES,2.0,50.0,0.89,1251.0,,2,,SASDD33/packing_result/rodada_3/report.txt
SASDD42,packing,rodada_1,4.838143,4.345979,4.8381,YES,2.0,50.0,0.15,1155.0,,2,,SASDD42/packing_result/rodada_1/report.txt
SASDD42,packing,rodada_2,4.84895,4.53434,4.849,YES,2.0,50.0,0.15,1155.0,,2,,SASDD42/packing_result/rodada_2/report.txt
SASDD42,packing,rodada_3,4.82073,4.488699,4.8207,YES,2.0,50.0,0.15,1155.0,,2,,SASDD42/packing_result/rodada_3/report.txt
SASDD43,packing,rodada_1,2.893193,2.931406,2.8932,NO,2.0,50.0,0.19,652.0,,2,,SASDD43/packing_result/rodada_1/report.txt
SASDD43,packing,rodada_2,3.07428,2.659205,3.0743,YES,2.0,50.0,0.18,652.0,,2,,SASDD43/packing_result/rodada_2/report.txt
SASDD43,packing,rodada_3,2.697701,2.614167,2.6977,YES,2.0,50.0,0.18,652.0,,2,,SASDD43/packing_result/rodada_3/report.txt
SASDD45,single,rodada_1,5.289758,,,,,,0.72,1028.0,1.0,,SASDD45_fit1_model1.pdb,SASDD45/single_result/rodada_1/report.txt
SASDD45,single,rodada_2,5.289758,,,,,,0.72,1028.0,1.0,,SASDD45_fit1_model1.pdb,SASDD45/single_result/rodada_2/report.txt
SASDD45,single,rodada_3,5.289758,,,,,,0.71,1028.0,1.0,,SASDD45_fit1_model1.pdb,SASDD45/single_result/rodada_3/report.txt
SASDD46,packing,rodada_1,5.080152,2.463508,2.7802,YES,2.0,50.0,0.47,2033.0,,2,,SASDD46/packing_result/rodada_1/report.txt
SASDD46,packing,rodada_2,2.731037,2.65219,2.731,YES,2.0,50.0,0.47,2033.0,,2,,SASDD46/packing_result/rodada_2/report.txt
SASDD46,packing,rodada_3,3.466382,3.412836,3.4664,YES,2.0,50.0,0.49,2033.0,,2,,SASDD46/packing_result/rodada_3/report.txt
SASDD52,packing,rodada_1,1.923326,1.808484,1.9233,YES,2.0,50.0,0.21,4017.0,,2,,SASDD52/packing_result/rodada_1/report.txt
SASDD52,packing,rodada_2,2.558576,2.312804,2.5586,YES,2.0,50.0,0.21,4017.0,,2,,SASDD52/packing_result/rodada_2/report.txt
SASDD52,packing,rodada_3,2.665663,2.422003,2.6657,YES,2.0,50.0,0.21,4017.0,,2,,SASDD52/packing_result/rodada_3/report.txt
SASDD53,single,rodada_1,10.208353,,,,,,0.06,227.0,1.0,,SASDD53_fit1_model1.pdb,SASDD53/single_result/rodada_1/report.txt
SASDD53,single,rodada_2,10.208353,,,,,,0.06,227.0,1.0,,SASDD53_fit1_model1.pdb,SASDD53/single_result/rodada_2/report.txt
SASDD53,single,rodada_3,10.208353,,,,,,0.06,227.0,1.0,,SASDD53_fit1_model1.pdb,SASDD53/single_result/rodada_3/report.txt
SASDD55,single,rodada_1,4.86723,,,,,,0.77,991.0,1.0,,SASDD55_fit1_model1.pdb,SASDD55/single_result/rodada_1/report.txt
SASDD55,single,rodada_2,4.86723,,,,,,0.77,991.0,1.0,,SASDD55_fit1_model1.pdb,SASDD55/single_result/rodada_2/report.txt
SASDD55,single,rodada_3,4.86723,,,,,,0.76,991.0,1.0,,SASDD55_fit1_model1.pdb,SASDD55/single_result/rodada_3/report.txt
SASDD56,packing,rodada_1,5.276918,3.226871,5.2505,YES,8.0,50.0,0.67,1059.0,,8,,SASDD56/packing_result/rodada_1/report.txt
SASDD56,packing,rodada_2,5.747836,3.424828,4.5434,YES,8.0,50.0,0.66,1059.0,,8,,SASDD56/packing_result/rodada_2/report.txt
SASDD56,packing,rodada_3,5.567057,4.380907,5.5671,YES,8.0,50.0,0.67,1059.0,,8,,SASDD56/packing_result/rodada_3/report.txt
SASDD63,single,rodada_1,7.646682,,,,,,0.1,526.0,1.0,,SASDD63_fit1_model1.pdb,SASDD63/single_result/rodada_1/report.txt
SASDD63,single,rodada_2,7.646682,,,,,,0.1,526.0,1.0,,SASDD63_fit1_model1.pdb,SASDD63/single_result/rodada_2/report.txt
SASDD63,single,rodada_3,7.646682,,,,,,0.1,526.0,1.0,,SASDD63_fit1_model1.pdb,SASDD63/single_result/rodada_3/report.txt
SASDD65,packing,rodada_1,6.109575,3.916868,5.593,YES,2.0,50.0,0.59,2336.0,,2,,SASDD65/packing_result/rodada_1/report.txt
SASDD65,packing,rodada_2,4.632704,4.200694,4.6327,YES,2.0,50.0,0.62,2336.0,,2,,SASDD65/packing_result/rodada_2/report.txt
SASDD65,packing,rodada_3,7.647901,5.252899,7.6425,YES,2.0,50.0,0.61,2336.0,,2,,SASDD65/packing_result/rodada_3/report.txt
SASDD66,packing,rodada_1,5.826154,4.493324,5.0944,YES,3.0,50.0,0.2,1654.0,,3,,SASDD66/packing_result/rodada_1/report.txt
SASDD66,packing,rodada_2,5.955706,3.548638,5.6437,YES,3.0,50.0,0.21,1654.0,,3,,SASDD66/packing_result/rodada_2/report.txt
SASDD66,packing,rodada_3,4.88417,3.858574,4.8842,YES,3.0,50.0,0.2,1654.0,,3,,SASDD66/packing_result/rodada_3/report.txt
SASDD73,packing,rodada_1,3.05133,2.805404,3.0513,YES,2.0,50.0,0.25,1470.0,,2,,SASDD73/packing_result/rodada_1/report.txt
SASDD73,packing,rodada_2,2.611075,2.261434,2.6111,YES,2.0,50.0,0.24,1470.0,,2,,SASDD73/packing_result/rodada_2/report.txt
SASDD73,packing,rodada_3,2.950675,2.342128,2.9507,YES,2.0,50.0,0.24,1470.0,,2,,SASDD73/packing_result/rodada_3/report.txt
SASDD75,packing,rodada_1,3.753315,3.202196,3.7533,YES,5.0,50.0,0.35,1632.0,,5,,SASDD75/packing_result/rodada_1/report.txt
SASDD75,packing,rodada_2,3.370835,2.852418,3.3708,YES,5.0,50.0,0.37,1632.0,,5,,SASDD75/packing_result/rodada_2/report.txt
SASDD75,packing,rodada_3,5.16166,4.0918,5.1617,YES,5.0,50.0,0.35,1632.0,,5,,SASDD75/packing_result/rodada_3/report.txt
SASDD76,packing,rodada_1,6.442944,3.333606,5.8622,YES,3.0,50.0,0.21,1877.0,,3,,SASDD76/packing_result/rodada_1/report.txt
SASDD76,packing,rodada_2,4.747946,3.485787,4.7479,YES,3.0,50.0,0.2,1877.0,,3,,SASDD76/packing_result/rodada_2/report.txt
SASDD76,packing,rodada_3,5.948855,5.484274,5.9489,YES,3.0,50.0,0.2,1877.0,,3,,SASDD76/packing_result/rodada_3/report.txt
SASDD83,packing,rodada_1,5.435448,4.439715,5.3883,YES,2.0,50.0,0.48,1054.0,,2,,SASDD83/packing_result/rodada_1/report.txt
SASDD83,packing,rodada_2,4.447612,3.800086,4.4476,YES,2.0,50.0,0.47,1054.0,,2,,SASDD83/packing_result/rodada_2/report.txt
SASDD83,packing,rodada_3,4.583141,3.858565,4.5663,YES,2.0,50.0,0.48,1054.0,,2,,SASDD83/packing_result/rodada_3/report.txt
SASDD85,packing,rodada_1,13.496208,5.817541,7.4719,YES,3.0,50.0,0.22,320.0,,3,,SASDD85/packing_result/rodada_1/report.txt
SASDD85,packing,rodada_2,16.817953,5.521044,6.6853,YES,3.0,50.0,0.21,320.0,,3,,SASDD85/packing_result/rodada_2/report.txt
SASDD85,packing,rodada_3,14.192138,5.687302,7.3925,YES,3.0,50.0,0.22,320.0,,3,,SASDD85/packing_result/rodada_3/report.txt
SASDD86,single,rodada_1,9.193274,,,,,,0.33,4591.0,1.0,,SASDD86_fit1_model1.pdb,SASDD86/single_result/rodada_1/report.txt
SASDD86,single,rodada_2,9.193274,,,,,,0.33,4591.0,1.0,,SASDD86_fit1_model1.pdb,SASDD86/single_result/rodada_2/report.txt
SASDD86,single,rodada_3,9.193274,,,,,,0.33,4591.0,1.0,,SASDD86_fit1_model1.pdb,SASDD86/single_result/rodada_3/report.txt
SASDD88,packing,rodada_1,6.282076,2.064952,2.32,YES,3.0,50.0,0.12,1528.0,,3,,SASDD88/packing_result/rodada_1/report.txt
SASDD88,packing,rodada_2,6.252116,2.190948,2.3405,YES,3.0,50.0,0.12,1528.0,,3,,SASDD88/packing_result/rodada_2/report.txt
SASDD88,packing,rodada_3,6.235935,2.217638,2.4548,YES,3.0,50.0,0.12,1528.0,,3,,SASDD88/packing_result/rodada_3/report.txt
SASDD89,packing,rodada_1,3.397094,2.729263,3.3971,YES,3.0,50.0,0.29,1278.0,,3,,SASDD89/packing_result/rodada_1/report.txt
SASDD89,packing,rodada_2,3.600843,2.765142,3.6008,YES,3.0,50.0,0.29,1278.0,,3,,SASDD89/packing_result/rodada_2/report.txt
SASDD89,packing,rodada_3,2.976484,2.616904,2.9765,YES,3.0,50.0,0.29,1278.0,,3,,SASDD89/packing_result/rodada_3/report.txt
SASDD93,packing,rodada_1,35.588504,9.095749,9.1079,YES,2.0,50.0,1.34,1174.0,,2,,SASDD93/packing_result/rodada_1/report.txt
SASDD93,packing,rodada_2,35.536926,11.962997,12.029,YES,2.0,50.0,1.37,1174.0,,2,,SASDD93/packing_result/rodada_2/report.txt
SASDD93,packing,rodada_3,35.775901,10.587705,10.5976,YES,2.0,50.0,1.35,1174.0,,2,,SASDD93/packing_result/rodada_3/report.txt
SASDD95,single,rodada_1,5.450151,,,,,,0.64,1249.0,1.0,,SASDD95_fit1_model1.pdb,SASDD95/single_result/rodada_1/report.txt
SASDD95,single,rodada_2,5.450151,,,,,,0.63,1249.0,1.0,,SASDD95_fit1_model1.pdb,SASDD95/single_result/rodada_2/report.txt
SASDD95,single,rodada_3,5.450151,,,,,,0.62,1249.0,1.0,,SASDD95_fit1_model1.pdb,SASDD95/single_result/rodada_3/report.txt
SASDD99,packing,rodada_1,5.070621,4.6845,5.0706,YES,2.0,50.0,0.06,1166.0,,2,,SASDD99/packing_result/rodada_1/report.txt
SASDD99,packing,rodada_2,5.623886,5.269991,5.6239,YES,2.0,50.0,0.06,1166.0,,2,,SASDD99/packing_result/rodada_2/report.txt
SASDD99,packing,rodada_3,5.706284,4.854077,5.7063,YES,2.0,50.0,0.06,1166.0,,2,,SASDD99/packing_result/rodada_3/report.txt
SASDDA5,single,rodada_1,3.40618,,,,,,0.82,2856.0,1.0,,SASDDA5_fit1_model1.pdb,SASDDA5/single_result/rodada_1/report.txt
SASDDA5,single,rodada_2,3.40618,,,,,,0.82,2856.0,1.0,,SASDDA5_fit1_model1.pdb,SASDDA5/single_result/rodada_2/report.txt
SASDDA5,single,rodada_3,3.40618,,,,,,0.81,2856.0,1.0,,SASDDA5_fit1_model1.pdb,SASDDA5/single_result/rodada_3/report.txt
SASDDA6,single,rodada_1,9.473337,,,,,,0.09,567.0,1.0,,SASDDA6_fit1_model1.pdb,SASDDA6/single_result/rodada_1/report.txt
SASDDA6,single,rodada_2,9.473337,,,,,,0.09,567.0,1.0,,SASDDA6_fit1_model1.pdb,SASDDA6/single_result/rodada_2/report.txt
SASDDA6,single,rodada_3,9.473337,,,,,,0.09,567.0,1.0,,SASDDA6_fit1_model1.pdb,SASDDA6/single_result/rodada_3/report.txt
SASDDA9,packing,rodada_1,4.884436,4.915021,4.8844,NO,2.0,50.0,0.06,783.0,,2,,SASDDA9/packing_result/rodada_1/report.txt
SASDDA9,packing,rodada_2,8.663427,5.74045,6.6075,YES,2.0,50.0,0.06,783.0,,2,,SASDDA9/packing_result/rodada_2/report.txt
SASDDA9,packing,rodada_3,3.805268,3.924242,3.8053,NO,2.0,50.0,0.06,783.0,,2,,SASDDA9/packing_result/rodada_3/report.txt
SASDDB3,packing,rodada_1,4.329382,3.888221,4.3294,YES,2.0,50.0,0.6,1188.0,,2,,SASDDB3/packing_result/rodada_1/report.txt
SASDDB3,packing,rodada_2,4.337766,3.959265,4.3378,YES,2.0,50.0,0.61,1188.0,,2,,SASDDB3/packing_result/rodada_2/report.txt
SASDDB3,packing,rodada_3,4.809601,3.989337,4.8096,YES,2.0,50.0,0.63,1188.0,,2,,SASDDB3/packing_result/rodada_3/report.txt
SASDDB5,single,rodada_1,6.578851,,,,,,1.18,587.0,1.0,,SASDDB5_fit1_model1.pdb,SASDDB5/single_result/rodada_1/report.txt
SASDDB5,single,rodada_2,6.578851,,,,,,1.17,587.0,1.0,,SASDDB5_fit1_model1.pdb,SASDDB5/single_result/rodada_2/report.txt
SASDDB5,single,rodada_3,6.578851,,,,,,1.17,587.0,1.0,,SASDDB5_fit1_model1.pdb,SASDDB5/single_result/rodada_3/report.txt
SASDDB8,packing,rodada_1,4.226967,3.450847,4.227,YES,6.0,50.0,0.4,670.0,,6,,SASDDB8/packing_result/rodada_1/report.txt
SASDDB8,packing,rodada_2,3.902672,3.113737,3.9027,YES,6.0,50.0,0.37,670.0,,6,,SASDDB8/packing_result/rodada_2/report.txt
SASDDB8,packing,rodada_3,4.444857,3.00945,4.1872,YES,6.0,50.0,0.37,670.0,,6,,SASDDB8/packing_result/rodada_3/report.txt
SASDDB9,packing,rodada_1,5.84009,5.475346,5.8401,YES,2.0,50.0,0.05,899.0,,2,,SASDDB9/packing_result/rodada_1/report.txt
SASDDB9,packing,rodada_2,6.805817,6.583337,6.8058,YES,2.0,50.0,0.05,899.0,,2,,SASDDB9/packing_result/rodada_2/report.txt
SASDDB9,packing,rodada_3,8.136725,5.741209,7.2059,YES,2.0,50.0,0.05,899.0,,2,,SASDDB9/packing_result/rodada_3/report.txt
SASDDC3,packing,rodada_1,6.997894,6.038305,6.9979,YES,2.0,50.0,0.92,932.0,,2,,SASDDC3/packing_result/rodada_1/report.txt
SASDDC3,packing,rodada_2,5.012853,4.003622,5.0129,YES,2.0,50.0,0.87,932.0,,2,,SASDDC3/packing_result/rodada_2/report.txt
SASDDC3,packing,rodada_3,6.733116,5.865483,6.6598,YES,2.0,50.0,0.92,932.0,,2,,SASDDC3/packing_result/rodada_3/report.txt
SASDDC9,packing,rodada_1,4.567865,4.387191,4.5679,YES,2.0,50.0,0.11,2525.0,,2,,SASDDC9/packing_result/rodada_1/report.txt
SASDDC9,packing,rodada_2,4.133907,4.045283,4.1339,YES,2.0,50.0,0.11,2525.0,,2,,SASDDC9/packing_result/rodada_2/report.txt
SASDDC9,packing,rodada_3,5.776732,4.113648,4.4821,YES,2.0,50.0,0.11,2525.0,,2,,SASDDC9/packing_result/rodada_3/report.txt
SASDDD3,single,rodada_1,7.254055,,,,,,1.8,967.0,1.0,,SASDDD3_fit1_model1.pdb,SASDDD3/single_result/rodada_1/report.txt
SASDDD3,single,rodada_2,7.254055,,,,,,1.81,967.0,1.0,,SASDDD3_fit1_model1.pdb,SASDDD3/single_result/rodada_2/report.txt
SASDDD3,single,rodada_3,7.254055,,,,,,1.82,967.0,1.0,,SASDDD3_fit1_model1.pdb,SASDDD3/single_result/rodada_3/report.txt
SASDDD6,packing,rodada_1,17.662762,6.20869,6.3121,YES,2.0,50.0,0.26,3683.0,,2,,SASDDD6/packing_result/rodada_1/report.txt
SASDDD6,packing,rodada_2,17.596022,5.690634,5.9228,YES,2.0,50.0,0.25,3683.0,,2,,SASDDD6/packing_result/rodada_2/report.txt
SASDDD6,packing,rodada_3,18.004982,5.509378,5.6063,YES,2.0,50.0,0.28,3683.0,,2,,SASDDD6/packing_result/rodada_3/report.txt
SASDDD8,single,rodada_1,4.49495,,,,,,0.16,1090.0,1.0,,SASDDD8_fit1_model1.pdb,SASDDD8/single_result/rodada_1/report.txt
SASDDD8,single,rodada_2,4.49495,,,,,,0.16,1090.0,1.0,,SASDDD8_fit1_model1.pdb,SASDDD8/single_result/rodada_2/report.txt
SASDDD8,single,rodada_3,4.49495,,,,,,0.16,1090.0,1.0,,SASDDD8_fit1_model1.pdb,SASDDD8/single_result/rodada_3/report.txt
SASDDD9,packing,rodada_1,4.492935,2.723894,4.4929,YES,2.0,50.0,0.11,790.0,,2,,SASDDD9/packing_result/rodada_1/report.txt
SASDDD9,packing,rodada_2,2.966357,2.692659,2.9664,YES,2.0,50.0,0.11,790.0,,2,,SASDDD9/packing_result/rodada_2/report.txt
SASDDD9,packing,rodada_3,3.40856,3.294319,3.4086,YES,2.0,50.0,0.11,790.0,,2,,SASDDD9/packing_result/rodada_3/report.txt
SASDDE3,single,rodada_1,6.132203,,,,,,0.44,5803.0,1.0,,SASDDE3_fit1_model1.pdb,SASDDE3/single_result/rodada_1/report.txt
SASDDE3,single,rodada_2,6.07268,,,,,,0.44,5803.0,1.0,,SASDDE3_fit1_model1.pdb,SASDDE3/single_result/rodada_2/report.txt
SASDDE3,single,rodada_3,6.09811,,,,,,0.44,5803.0,1.0,,SASDDE3_fit1_model1.pdb,SASDDE3/single_result/rodada_3/report.txt
SASDDE6,packing,rodada_1,4.632545,3.011883,4.2642,YES,4.0,50.0,0.35,1015.0,,4,,SASDDE6/packing_result/rodada_1/report.txt
SASDDE6,packing,rodada_2,4.443952,3.254672,3.9294,YES,4.0,50.0,0.34,1015.0,,4,,SASDDE6/packing_result/rodada_2/report.txt
SASDDE6,packing,rodada_3,4.289952,2.975311,4.1181,YES,4.0,50.0,0.35,1015.0,,4,,SASDDE6/packing_result/rodada_3/report.txt
SASDDE7,single,rodada_1,11.533469,,,,,,0.14,426.0,1.0,,SASDDE7_fit1_model1.pdb,SASDDE7/single_result/rodada_1/report.txt
SASDDE7,single,rodada_2,11.533469,,,,,,0.15,426.0,1.0,,SASDDE7_fit1_model1.pdb,SASDDE7/single_result/rodada_2/report.txt
SASDDE7,single,rodada_3,11.533469,,,,,,0.15,426.0,1.0,,SASDDE7_fit1_model1.pdb,SASDDE7/single_result/rodada_3/report.txt
SASDDE8,single,rodada_1,11.08608,,,,,,0.3,1780.0,1.0,,SASDDE8_fit1_model1.pdb,SASDDE8/single_result/rodada_1/report.txt
SASDDE8,single,rodada_2,11.08608,,,,,,0.33,1780.0,1.0,,SASDDE8_fit1_model1.pdb,SASDDE8/single_result/rodada_2/report.txt
SASDDE8,single,rodada_3,11.08608,,,,,,0.31,1780.0,1.0,,SASDDE8_fit1_model1.pdb,SASDDE8/single_result/rodada_3/report.txt
SASDDE9,single,rodada_1,7.171374,,,,,,0.41,1080.0,1.0,,SASDDE9_fit1_model1.pdb,SASDDE9/single_result/rodada_1/report.txt
SASDDE9,single,rodada_2,7.171374,,,,,,0.4,1080.0,1.0,,SASDDE9_fit1_model1.pdb,SASDDE9/single_result/rodada_2/report.txt
SASDDE9,single,rodada_3,7.171374,,,,,,0.4,1080.0,1.0,,SASDDE9_fit1_model1.pdb,SASDDE9/single_result/rodada_3/report.txt
SASDDF3,single,rodada_1,5.458794,,,,,,1.81,1109.0,1.0,,SASDDF3_fit1_model1.pdb,SASDDF3/single_result/rodada_1/report.txt
SASDDF3,single,rodada_2,5.458794,,,,,,1.8,1109.0,1.0,,SASDDF3_fit1_model1.pdb,SASDDF3/single_result/rodada_2/report.txt
SASDDF3,single,rodada_3,5.458794,,,,,,1.8,1109.0,1.0,,SASDDF3_fit1_model1.pdb,SASDDF3/single_result/rodada_3/report.txt
SASDDF6,packing,rodada_1,7.153836,5.22515,6.7834,YES,6.0,50.0,0.09,234.0,,6,,SASDDF6/packing_result/rodada_1/report.txt
SASDDF6,packing,rodada_2,7.147067,5.091505,5.6571,YES,6.0,50.0,0.09,234.0,,6,,SASDDF6/packing_result/rodada_2/report.txt
SASDDF6,packing,rodada_3,9.015478,5.052189,7.0474,YES,6.0,50.0,0.08,234.0,,6,,SASDDF6/packing_result/rodada_3/report.txt
SASDDF7,single,rodada_1,4.397551,,,,,,0.34,1825.0,1.0,,SASDDF7_fit1_model1.pdb,SASDDF7/single_result/rodada_1/report.txt
SASDDF7,single,rodada_2,4.397551,,,,,,0.34,1825.0,1.0,,SASDDF7_fit1_model1.pdb,SASDDF7/single_result/rodada_2/report.txt
SASDDF7,single,rodada_3,4.397551,,,,,,0.34,1825.0,1.0,,SASDDF7_fit1_model1.pdb,SASDDF7/single_result/rodada_3/report.txt
SASDDF8,single,rodada_1,9.812128,,,,,,0.19,2023.0,1.0,,SASDDF8_fit1_model1.pdb,SASDDF8/single_result/rodada_1/report.txt
SASDDF8,single,rodada_2,9.812128,,,,,,0.19,2023.0,1.0,,SASDDF8_fit1_model1.pdb,SASDDF8/single_result/rodada_2/report.txt
SASDDF8,single,rodada_3,9.812128,,,,,,0.19,2023.0,1.0,,SASDDF8_fit1_model1.pdb,SASDDF8/single_result/rodada_3/report.txt
SASDDF9,single,rodada_1,2.659102,,,,,,0.49,1208.0,1.0,,SASDDF9_fit1_model1.pdb,SASDDF9/single_result/rodada_1/report.txt
SASDDF9,single,rodada_2,2.659102,,,,,,0.5,1208.0,1.0,,SASDDF9_fit1_model1.pdb,SASDDF9/single_result/rodada_2/report.txt
SASDDF9,single,rodada_3,2.659102,,,,,,0.5,1208.0,1.0,,SASDDF9_fit1_model1.pdb,SASDDF9/single_result/rodada_3/report.txt
SASDDG2,single,rodada_1,3.653279,,,,,,0.65,1022.0,1.0,,SASDDG2_fit1_model1.pdb,SASDDG2/single_result/rodada_1/report.txt
SASDDG2,single,rodada_2,3.653279,,,,,,0.64,1022.0,1.0,,SASDDG2_fit1_model1.pdb,SASDDG2/single_result/rodada_2/report.txt
SASDDG2,single,rodada_3,3.653279,,,,,,0.65,1022.0,1.0,,SASDDG2_fit1_model1.pdb,SASDDG2/single_result/rodada_3/report.txt
SASDDG3,packing,rodada_1,15.239122,14.101456,14.1603,YES,2.0,50.0,0.06,396.0,,2,,SASDDG3/packing_result/rodada_1/report.txt
SASDDG3,packing,rodada_2,15.012525,13.720159,14.0516,YES,2.0,50.0,0.06,396.0,,2,,SASDDG3/packing_result/rodada_2/report.txt
SASDDG3,packing,rodada_3,14.853067,14.34508,14.4055,YES,2.0,50.0,0.06,396.0,,2,,SASDDG3/packing_result/rodada_3/report.txt
SASDDG5,single,rodada_1,27.458112,,,,,,0.05,110.0,1.0,,SASDDG5_fit1_model1.pdb,SASDDG5/single_result/rodada_1/report.txt
SASDDG5,single,rodada_2,27.458112,,,,,,0.05,110.0,1.0,,SASDDG5_fit1_model1.pdb,SASDDG5/single_result/rodada_2/report.txt
SASDDG5,single,rodada_3,27.458112,,,,,,0.05,110.0,1.0,,SASDDG5_fit1_model1.pdb,SASDDG5/single_result/rodada_3/report.txt
SASDDG6,packing,rodada_1,4.369878,2.822364,4.065,YES,8.0,50.0,0.64,951.0,,8,,SASDDG6/packing_result/rodada_1/report.txt
SASDDG6,packing,rodada_2,4.412787,2.645407,3.9814,YES,8.0,50.0,0.65,951.0,,8,,SASDDG6/packing_result/rodada_2/report.txt
SASDDG6,packing,rodada_3,4.951843,3.334209,4.2157,YES,8.0,50.0,0.68,951.0,,8,,SASDDG6/packing_result/rodada_3/report.txt
SASDDG7,single,rodada_1,3.925417,,,,,,0.69,5120.0,1.0,,SASDDG7_fit1_model1.pdb,SASDDG7/single_result/rodada_1/report.txt
SASDDG7,single,rodada_2,3.948369,,,,,,0.69,5120.0,1.0,,SASDDG7_fit1_model1.pdb,SASDDG7/single_result/rodada_2/report.txt
SASDDG7,single,rodada_3,3.912165,,,,,,0.7,5120.0,1.0,,SASDDG7_fit1_model1.pdb,SASDDG7/single_result/rodada_3/report.txt
SASDDG8,single,rodada_1,9.873225,,,,,,0.2,2134.0,1.0,,SASDDG8_fit1_model1.pdb,SASDDG8/single_result/rodada_1/report.txt
SASDDG8,single,rodada_2,9.873225,,,,,,0.19,2134.0,1.0,,SASDDG8_fit1_model1.pdb,SASDDG8/single_result/rodada_2/report.txt
SASDDG8,single,rodada_3,9.873225,,,,,,0.2,2134.0,1.0,,SASDDG8_fit1_model1.pdb,SASDDG8/single_result/rodada_3/report.txt
SASDDG9,packing,rodada_1,4.631006,4.228652,4.631,YES,3.0,50.0,0.31,940.0,,3,,SASDDG9/packing_result/rodada_1/report.txt
SASDDG9,packing,rodada_2,5.025603,4.483184,5.0256,YES,3.0,50.0,0.3,940.0,,3,,SASDDG9/packing_result/rodada_2/report.txt
SASDDG9,packing,rodada_3,5.05585,3.781012,4.9689,YES,3.0,50.0,0.31,940.0,,3,,SASDDG9/packing_result/rodada_3/report.txt
SASDDH2,single,rodada_1,4.840557,,,,,,0.62,850.0,1.0,,SASDDH2_fit1_model1.pdb,SASDDH2/single_result/rodada_1/report.txt
SASDDH2,single,rodada_2,4.840557,,,,,,0.62,850.0,1.0,,SASDDH2_fit1_model1.pdb,SASDDH2/single_result/rodada_2/report.txt
SASDDH2,single,rodada_3,4.840557,,,,,,0.62,850.0,1.0,,SASDDH2_fit1_model1.pdb,SASDDH2/single_result/rodada_3/report.txt
SASDDH3,packing,rodada_1,11.648085,5.213901,5.4237,YES,2.0,50.0,0.2,2051.0,,2,,SASDDH3/packing_result/rodada_1/report.txt
SASDDH3,packing,rodada_2,11.954859,5.303093,5.4759,YES,2.0,50.0,0.2,2051.0,,2,,SASDDH3/packing_result/rodada_2/report.txt
SASDDH3,packing,rodada_3,12.14736,4.290468,4.3732,YES,2.0,50.0,0.21,2051.0,,2,,SASDDH3/packing_result/rodada_3/report.txt
SASDDH5,single,rodada_1,54.944106,,,,,,0.05,73.0,1.0,,SASDDH5_fit1_model1.pdb,SASDDH5/single_result/rodada_1/report.txt
SASDDH5,single,rodada_2,54.944106,,,,,,0.05,73.0,1.0,,SASDDH5_fit1_model1.pdb,SASDDH5/single_result/rodada_2/report.txt
SASDDH5,single,rodada_3,54.944106,,,,,,0.05,73.0,1.0,,SASDDH5_fit1_model1.pdb,SASDDH5/single_result/rodada_3/report.txt
SASDDH6,packing,rodada_1,10.46706,6.119589,6.2935,YES,2.0,50.0,0.09,1591.0,,2,,SASDDH6/packing_result/rodada_1/report.txt
SASDDH6,packing,rodada_2,10.388306,6.438218,6.6187,YES,2.0,50.0,0.09,1591.0,,2,,SASDDH6/packing_result/rodada_2/report.txt
SASDDH6,packing,rodada_3,10.691737,5.117669,5.2603,YES,2.0,50.0,0.09,1591.0,,2,,SASDDH6/packing_result/rodada_3/report.txt
SASDDH7,packing,rodada_1,14.662849,5.105523,5.3962,YES,3.0,50.0,0.39,998.0,,3,,SASDDH7/packing_result/rodada_1/report.txt
SASDDH7,packing,rodada_2,14.740267,4.31756,4.8351,YES,3.0,50.0,0.39,998.0,,3,,SASDDH7/packing_result/rodada_2/report.txt
SASDDH7,packing,rodada_3,14.880614,3.664259,3.8154,YES,3.0,50.0,0.38,998.0,,3,,SASDDH7/packing_result/rodada_3/report.txt
SASDDH9,single,rodada_1,2.78833,,,,,,1.49,5035.0,1.0,,SASDDH9_fit1_model1.pdb,SASDDH9/single_result/rodada_1/report.txt
SASDDH9,single,rodada_2,2.784291,,,,,,1.47,5035.0,1.0,,SASDDH9_fit1_model1.pdb,SASDDH9/single_result/rodada_2/report.txt
SASDDH9,single,rodada_3,2.782946,,,,,,1.47,5035.0,1.0,,SASDDH9_fit1_model1.pdb,SASDDH9/single_result/rodada_3/report.txt
SASDDJ2,single,rodada_1,1.76612,,,,,,0.32,1272.0,1.0,,SASDDJ2_fit1_model1.pdb,SASDDJ2/single_result/rodada_1/report.txt
SASDDJ2,single,rodada_2,1.76612,,,,,,0.32,1272.0,1.0,,SASDDJ2_fit1_model1.pdb,SASDDJ2/single_result/rodada_2/report.txt
SASDDJ2,single,rodada_3,1.76612,,,,,,0.32,1272.0,1.0,,SASDDJ2_fit1_model1.pdb,SASDDJ2/single_result/rodada_3/report.txt
SASDDJ5,single,rodada_1,66.253806,,,,,,0.05,65.0,1.0,,SASDDJ5_fit1_model1.pdb,SASDDJ5/single_result/rodada_1/report.txt
SASDDJ5,single,rodada_2,66.253806,,,,,,0.05,65.0,1.0,,SASDDJ5_fit1_model1.pdb,SASDDJ5/single_result/rodada_2/report.txt
SASDDJ5,single,rodada_3,66.253806,,,,,,0.05,65.0,1.0,,SASDDJ5_fit1_model1.pdb,SASDDJ5/single_result/rodada_3/report.txt
SASDDJ6,packing,rodada_1,11.108847,3.684626,3.6899,YES,2.0,50.0,0.29,1309.0,,2,,SASDDJ6/packing_result/rodada_1/report.txt
SASDDJ6,packing,rodada_2,11.423726,3.317593,3.3195,YES,2.0,50.0,0.28,1309.0,,2,,SASDDJ6/packing_result/rodada_2/report.txt
SASDDJ6,packing,rodada_3,11.167671,3.653834,3.6578,YES,2.0,50.0,0.28,1309.0,,2,,SASDDJ6/packing_result/rodada_3/report.txt
SASDDJ7,packing,rodada_1,15.320415,8.31967,8.5142,YES,2.0,50.0,0.11,955.0,,2,,SASDDJ7/packing_result/rodada_1/report.txt
SASDDJ7,packing,rodada_2,15.31009,6.963493,7.0835,YES,2.0,50.0,0.1,955.0,,2,,SASDDJ7/packing_result/rodada_2/report.txt
SASDDJ7,packing,rodada_3,15.228476,6.56118,6.7001,YES,2.0,50.0,0.1,955.0,,2,,SASDDJ7/packing_result/rodada_3/report.txt
SASDDJ9,single,rodada_1,4.175588,,,,,,0.85,1060.0,1.0,,SASDDJ9_fit1_model1.pdb,SASDDJ9/single_result/rodada_1/report.txt
SASDDJ9,single,rodada_2,4.175588,,,,,,0.86,1060.0,1.0,,SASDDJ9_fit1_model1.pdb,SASDDJ9/single_result/rodada_2/report.txt
SASDDJ9,single,rodada_3,4.175588,,,,,,0.86,1060.0,1.0,,SASDDJ9_fit1_model1.pdb,SASDDJ9/single_result/rodada_3/report.txt
SASDDK2,single,rodada_1,5.943002,,,,,,2.27,739.0,1.0,,SASDDK2_fit1_model1.pdb,SASDDK2/single_result/rodada_1/report.txt
SASDDK2,single,rodada_2,5.943002,,,,,,2.23,739.0,1.0,,SASDDK2_fit1_model1.pdb,SASDDK2/single_result/rodada_2/report.txt
SASDDK2,single,rodada_3,5.943002,,,,,,2.26,739.0,1.0,,SASDDK2_fit1_model1.pdb,SASDDK2/single_result/rodada_3/report.txt
SASDDK5,single,rodada_1,48.675231,,,,,,0.05,70.0,1.0,,SASDDK5_fit1_model1.pdb,SASDDK5/single_result/rodada_1/report.txt
SASDDK5,single,rodada_2,48.675231,,,,,,0.05,70.0,1.0,,SASDDK5_fit1_model1.pdb,SASDDK5/single_result/rodada_2/report.txt
SASDDK5,single,rodada_3,48.675231,,,,,,0.05,70.0,1.0,,SASDDK5_fit1_model1.pdb,SASDDK5/single_result/rodada_3/report.txt
SASDDK7,packing,rodada_1,10.582949,5.296849,6.1818,YES,4.0,50.0,0.13,1983.0,,4,,SASDDK7/packing_result/rodada_1/report.txt
SASDDK7,packing,rodada_2,10.746765,3.796885,4.2755,YES,4.0,50.0,0.11,1983.0,,4,,SASDDK7/packing_result/rodada_2/report.txt
SASDDK7,packing,rodada_3,10.613773,3.738217,4.4504,YES,4.0,50.0,0.11,1983.0,,4,,SASDDK7/packing_result/rodada_3/report.txt
SASDDK8,single,rodada_1,11.211087,,,,,,0.33,4476.0,1.0,,SASDDK8_fit1_model1.pdb,SASDDK8/single_result/rodada_1/report.txt
SASDDK8,single,rodada_2,11.211087,,,,,,0.33,4476.0,1.0,,SASDDK8_fit1_model1.pdb,SASDDK8/single_result/rodada_2/report.txt
SASDDK8,single,rodada_3,11.211087,,,,,,0.33,4476.0,1.0,,SASDDK8_fit1_model1.pdb,SASDDK8/single_result/rodada_3/report.txt
SASDDK9,single,rodada_1,18.907851,,,,,,0.19,923.0,1.0,,SASDDK9_fit1_model1.pdb,SASDDK9/single_result/rodada_1/report.txt
SASDDK9,single,rodada_2,18.907851,,,,,,0.19,923.0,1.0,,SASDDK9_fit1_model1.pdb,SASDDK9/single_result/rodada_2/report.txt
SASDDK9,single,rodada_3,18.907851,,,,,,0.19,923.0,1.0,,SASDDK9_fit1_model1.pdb,SASDDK9/single_result/rodada_3/report.txt
SASDDL2,single,rodada_1,8.215675,,,,,,1.47,1173.0,1.0,,SASDDL2_fit1_model1.pdb,SASDDL2/single_result/rodada_1/report.txt
SASDDL2,single,rodada_2,8.215675,,,,,,1.47,1173.0,1.0,,SASDDL2_fit1_model1.pdb,SASDDL2/single_result/rodada_2/report.txt
SASDDL2,single,rodada_3,8.215675,,,,,,1.47,1173.0,1.0,,SASDDL2_fit1_model1.pdb,SASDDL2/single_result/rodada_3/report.txt
SASDDL3,single,rodada_1,2.286301,,,,,,0.27,1153.0,1.0,,SASDDL3_fit1_model1.pdb,SASDDL3/single_result/rodada_1/report.txt
SASDDL3,single,rodada_2,2.286301,,,,,,0.27,1153.0,1.0,,SASDDL3_fit1_model1.pdb,SASDDL3/single_result/rodada_2/report.txt
SASDDL3,single,rodada_3,2.286301,,,,,,0.27,1153.0,1.0,,SASDDL3_fit1_model1.pdb,SASDDL3/single_result/rodada_3/report.txt
SASDDL5,single,rodada_1,20.196792,,,,,,0.05,118.0,1.0,,SASDDL5_fit1_model1.pdb,SASDDL5/single_result/rodada_1/report.txt
SASDDL5,single,rodada_2,20.196792,,,,,,0.05,118.0,1.0,,SASDDL5_fit1_model1.pdb,SASDDL5/single_result/rodada_2/report.txt
SASDDL5,single,rodada_3,20.196792,,,,,,0.05,118.0,1.0,,SASDDL5_fit1_model1.pdb,SASDDL5/single_result/rodada_3/report.txt
SASDDL6,packing,rodada_1,2.576329,2.38534,2.5763,YES,2.0,50.0,0.33,776.0,,2,,SASDDL6/packing_result/rodada_1/report.txt
SASDDL6,packing,rodada_2,3.196261,3.029817,3.1963,YES,2.0,50.0,0.32,776.0,,2,,SASDDL6/packing_result/rodada_2/report.txt
SASDDL6,packing,rodada_3,2.504842,2.210191,2.5048,YES,2.0,50.0,0.32,776.0,,2,,SASDDL6/packing_result/rodada_3/report.txt
SASDDL7,packing,rodada_1,7.661998,3.650502,4.2285,YES,4.0,50.0,0.08,728.0,,4,,SASDDL7/packing_result/rodada_1/report.txt
SASDDL7,packing,rodada_2,7.589146,3.176216,3.8873,YES,4.0,50.0,0.07,728.0,,4,,SASDDL7/packing_result/rodada_2/report.txt
SASDDL7,packing,rodada_3,7.580558,2.830002,3.099,YES,4.0,50.0,0.08,728.0,,4,,SASDDL7/packing_result/rodada_3/report.txt
SASDDL8,single,rodada_1,9.798188,,,,,,0.19,2051.0,1.0,,SASDDL8_fit1_model1.pdb,SASDDL8/single_result/rodada_1/report.txt
SASDDL8,single,rodada_2,9.798188,,,,,,0.19,2051.0,1.0,,SASDDL8_fit1_model1.pdb,SASDDL8/single_result/rodada_2/report.txt
SASDDL8,single,rodada_3,9.798188,,,,,,0.19,2051.0,1.0,,SASDDL8_fit1_model1.pdb,SASDDL8/single_result/rodada_3/report.txt
SASDDL9,single,rodada_1,14.447913,,,,,,0.72,434.0,1.0,,SASDDL9_fit1_model1.pdb,SASDDL9/single_result/rodada_1/report.txt
SASDDL9,single,rodada_2,14.447913,,,,,,0.72,434.0,1.0,,SASDDL9_fit1_model1.pdb,SASDDL9/single_result/rodada_2/report.txt
SASDDL9,single,rodada_3,14.447913,,,,,,0.72,434.0,1.0,,SASDDL9_fit1_model1.pdb,SASDDL9/single_result/rodada_3/report.txt
SASDDM2,packing,rodada_1,6.514536,3.61006,4.1001,YES,2.0,50.0,1.1,1217.0,,2,,SASDDM2/packing_result/rodada_1/report.txt
SASDDM2,packing,rodada_2,6.521155,5.093869,6.0012,YES,2.0,50.0,1.14,1217.0,,2,,SASDDM2/packing_result/rodada_2/report.txt
SASDDM2,packing,rodada_3,5.934934,4.101574,4.7674,YES,2.0,50.0,1.1,1217.0,,2,,SASDDM2/packing_result/rodada_3/report.txt
SASDDM5,single,rodada_1,50.446827,,,,,,0.05,61.0,1.0,,SASDDM5_fit1_model1.pdb,SASDDM5/single_result/rodada_1/report.txt
SASDDM5,single,rodada_2,50.446827,,,,,,0.05,61.0,1.0,,SASDDM5_fit1_model1.pdb,SASDDM5/single_result/rodada_2/report.txt
SASDDM5,single,rodada_3,50.446827,,,,,,0.05,61.0,1.0,,SASDDM5_fit1_model1.pdb,SASDDM5/single_result/rodada_3/report.txt
SASDDM6,single,rodada_1,8.581234,,,,,,0.11,1199.0,1.0,,SASDDM6_fit1_model1.pdb,SASDDM6/single_result/rodada_1/report.txt
SASDDM6,single,rodada_2,8.581234,,,,,,0.11,1199.0,1.0,,SASDDM6_fit1_model1.pdb,SASDDM6/single_result/rodada_2/report.txt
SASDDM6,single,rodada_3,8.581234,,,,,,0.11,1199.0,1.0,,SASDDM6_fit1_model1.pdb,SASDDM6/single_result/rodada_3/report.txt
SASDDM7,packing,rodada_1,13.287789,7.256621,7.4569,YES,2.0,50.0,0.11,1970.0,,2,,SASDDM7/packing_result/rodada_1/report.txt
SASDDM7,packing,rodada_2,13.198333,7.098892,7.3371,YES,2.0,50.0,0.1,1970.0,,2,,SASDDM7/packing_result/rodada_2/report.txt
SASDDM7,packing,rodada_3,13.092741,6.675738,6.8484,YES,2.0,50.0,0.1,1970.0,,2,,SASDDM7/packing_result/rodada_3/report.txt
SASDDM8,single,rodada_1,9.734431,,,,,,0.2,2071.0,1.0,,SASDDM8_fit1_model1.pdb,SASDDM8/single_result/rodada_1/report.txt
SASDDM8,single,rodada_2,9.734431,,,,,,0.2,2071.0,1.0,,SASDDM8_fit1_model1.pdb,SASDDM8/single_result/rodada_2/report.txt
SASDDM8,single,rodada_3,9.734431,,,,,,0.2,2071.0,1.0,,SASDDM8_fit1_model1.pdb,SASDDM8/single_result/rodada_3/report.txt
SASDDM9,packing,rodada_1,23.794491,16.313232,17.3776,YES,2.0,50.0,0.24,3682.0,,2,,SASDDM9/packing_result/rodada_1/report.txt
SASDDM9,packing,rodada_2,23.824634,13.567953,14.3506,YES,2.0,50.0,0.23,3682.0,,2,,SASDDM9/packing_result/rodada_2/report.txt
SASDDM9,packing,rodada_3,23.448543,10.294115,10.7354,YES,2.0,50.0,0.24,3682.0,,2,,SASDDM9/packing_result/rodada_3/report.txt
SASDDN2,packing,rodada_1,5.995554,3.876262,4.4988,YES,2.0,50.0,1.11,1178.0,,2,,SASDDN2/packing_result/rodada_1/report.txt
SASDDN2,packing,rodada_2,6.290191,3.905716,4.7496,YES,2.0,50.0,1.11,1178.0,,2,,SASDDN2/packing_result/rodada_2/report.txt
SASDDN2,packing,rodada_3,5.306013,4.124133,4.8455,YES,2.0,50.0,1.1,1178.0,,2,,SASDDN2/packing_result/rodada_3/report.txt
SASDDN5,single,rodada_1,46.530284,,,,,,0.05,63.0,1.0,,SASDDN5_fit1_model1.pdb,SASDDN5/single_result/rodada_1/report.txt
SASDDN5,single,rodada_2,46.530284,,,,,,0.05,63.0,1.0,,SASDDN5_fit1_model1.pdb,SASDDN5/single_result/rodada_2/report.txt
SASDDN5,single,rodada_3,46.530284,,,,,,0.05,63.0,1.0,,SASDDN5_fit1_model1.pdb,SASDDN5/single_result/rodada_3/report.txt
SASDDN6,single,rodada_1,6.835106,,,,,,1.5,1047.0,1.0,,SASDDN6_fit1_model1.pdb,SASDDN6/single_result/rodada_1/report.txt
SASDDN6,single,rodada_2,6.835106,,,,,,1.49,1047.0,1.0,,SASDDN6_fit1_model1.pdb,SASDDN6/single_result/rodada_2/report.txt
SASDDN6,single,rodada_3,6.835106,,,,,,1.5,1047.0,1.0,,SASDDN6_fit1_model1.pdb,SASDDN6/single_result/rodada_3/report.txt
SASDDN8,single,rodada_1,9.429186,,,,,,0.2,2049.0,1.0,,SASDDN8_fit1_model1.pdb,SASDDN8/single_result/rodada_1/report.txt
SASDDN8,single,rodada_2,9.429186,,,,,,0.19,2049.0,1.0,,SASDDN8_fit1_model1.pdb,SASDDN8/single_result/rodada_2/report.txt
SASDDN8,single,rodada_3,9.429186,,,,,,0.19,2049.0,1.0,,SASDDN8_fit1_model1.pdb,SASDDN8/single_result/rodada_3/report.txt
SASDDN9,single,rodada_1,16.212755,,,,,,0.09,556.0,1.0,,SASDDN9_fit1_model1.pdb,SASDDN9/single_result/rodada_1/report.txt
SASDDN9,single,rodada_2,16.212755,,,,,,0.08,556.0,1.0,,SASDDN9_fit1_model1.pdb,SASDDN9/single_result/rodada_2/report.txt
SASDDN9,single,rodada_3,16.212755,,,,,,0.08,556.0,1.0,,SASDDN9_fit1_model1.pdb,SASDDN9/single_result/rodada_3/report.txt
SASDDP2,packing,rodada_1,6.513479,4.481448,5.0956,YES,2.0,50.0,1.14,1353.0,,2,,SASDDP2/packing_result/rodada_1/report.txt
SASDDP2,packing,rodada_2,7.517489,3.877691,5.0295,YES,2.0,50.0,1.11,1353.0,,2,,SASDDP2/packing_result/rodada_2/report.txt
SASDDP2,packing,rodada_3,5.22108,3.560884,4.048,YES,2.0,50.0,1.11,1353.0,,2,,SASDDP2/packing_result/rodada_3/report.txt
SASDDP3,packing,rodada_1,5.138883,5.808315,5.1389,NO,3.0,50.0,2.87,646.0,,3,,SASDDP3/packing_result/rodada_1/report.txt
SASDDP3,packing,rodada_2,7.172818,6.666118,7.1728,YES,3.0,50.0,2.81,646.0,,3,,SASDDP3/packing_result/rodada_2/report.txt
SASDDP3,packing,rodada_3,6.561799,6.386065,6.5618,YES,3.0,50.0,2.8,646.0,,3,,SASDDP3/packing_result/rodada_3/report.txt
SASDDP5,single,rodada_1,49.163079,,,,,,0.05,72.0,1.0,,SASDDP5_fit1_model1.pdb,SASDDP5/single_result/rodada_1/report.txt
SASDDP5,single,rodada_2,49.163079,,,,,,0.05,72.0,1.0,,SASDDP5_fit1_model1.pdb,SASDDP5/single_result/rodada_2/report.txt
SASDDP5,single,rodada_3,49.163079,,,,,,0.05,72.0,1.0,,SASDDP5_fit1_model1.pdb,SASDDP5/single_result/rodada_3/report.txt
SASDDP8,single,rodada_1,10.083519,,,,,,0.18,1721.0,1.0,,SASDDP8_fit1_model1.pdb,SASDDP8/single_result/rodada_1/report.txt
SASDDP8,single,rodada_2,10.083519,,,,,,0.18,1721.0,1.0,,SASDDP8_fit1_model1.pdb,SASDDP8/single_result/rodada_2/report.txt
SASDDP8,single,rodada_3,10.083519,,,,,,0.18,1721.0,1.0,,SASDDP8_fit1_model1.pdb,SASDDP8/single_result/rodada_3/report.txt
SASDDP9,packing,rodada_1,8.535821,6.802527,8.5358,YES,2.0,50.0,0.04,287.0,,2,,SASDDP9/packing_result/rodada_1/report.txt
SASDDP9,packing,rodada_2,7.841503,7.028435,7.8415,YES,2.0,50.0,0.04,287.0,,2,,SASDDP9/packing_result/rodada_2/report.txt
SASDDP9,packing,rodada_3,7.771974,7.407297,7.772,YES,2.0,50.0,0.04,287.0,,2,,SASDDP9/packing_result/rodada_3/report.txt
SASDDQ3,single,rodada_1,4.871811,,,,,,4.77,823.0,1.0,,SASDDQ3_fit1_model1.pdb,SASDDQ3/single_result/rodada_1/report.txt
SASDDQ3,single,rodada_2,4.871811,,,,,,4.77,823.0,1.0,,SASDDQ3_fit1_model1.pdb,SASDDQ3/single_result/rodada_2/report.txt
SASDDQ3,single,rodada_3,4.871811,,,,,,4.76,823.0,1.0,,SASDDQ3_fit1_model1.pdb,SASDDQ3/single_result/rodada_3/report.txt
SASDDQ4,packing,rodada_1,5.943133,5.880073,5.9431,YES,2.0,50.0,0.07,1454.0,,2,,SASDDQ4/packing_result/rodada_1/report.txt
SASDDQ4,packing,rodada_2,4.724551,4.65453,4.7246,YES,2.0,50.0,0.07,1454.0,,2,,SASDDQ4/packing_result/rodada_2/report.txt
SASDDQ4,packing,rodada_3,5.767171,5.680404,5.7672,YES,2.0,50.0,0.07,1454.0,,2,,SASDDQ4/packing_result/rodada_3/report.txt
SASDDQ8,single,rodada_1,8.326751,,,,,,0.3,4077.0,1.0,,SASDDQ8_fit1_model1.pdb,SASDDQ8/single_result/rodada_1/report.txt
SASDDQ8,single,rodada_2,8.326751,,,,,,0.3,4077.0,1.0,,SASDDQ8_fit1_model1.pdb,SASDDQ8/single_result/rodada_2/report.txt
SASDDQ8,single,rodada_3,8.326751,,,,,,0.3,4077.0,1.0,,SASDDQ8_fit1_model1.pdb,SASDDQ8/single_result/rodada_3/report.txt
SASDDQ9,packing,rodada_1,6.481444,5.551566,6.4814,YES,2.0,50.0,0.09,1722.0,,2,,SASDDQ9/packing_result/rodada_1/report.txt
SASDDQ9,packing,rodada_2,6.392817,5.539378,6.3928,YES,2.0,50.0,0.08,1722.0,,2,,SASDDQ9/packing_result/rodada_2/report.txt
SASDDQ9,packing,rodada_3,6.089547,4.830862,6.0895,YES,2.0,50.0,0.09,1722.0,,2,,SASDDQ9/packing_result/rodada_3/report.txt
SASDDR3,packing,rodada_1,4.150408,3.993161,4.1504,YES,2.0,50.0,0.57,1152.0,,2,,SASDDR3/packing_result/rodada_1/report.txt
SASDDR3,packing,rodada_2,4.305896,4.001599,4.3059,YES,2.0,50.0,0.59,1152.0,,2,,SASDDR3/packing_result/rodada_2/report.txt
SASDDR3,packing,rodada_3,6.48771,5.654598,6.4877,YES,2.0,50.0,0.59,1152.0,,2,,SASDDR3/packing_result/rodada_3/report.txt
SASDDR4,packing,rodada_1,5.713365,5.517987,5.7134,YES,2.0,50.0,0.06,1214.0,,2,,SASDDR4/packing_result/rodada_1/report.txt
SASDDR4,packing,rodada_2,6.056478,5.917861,6.0565,YES,2.0,50.0,0.06,1214.0,,2,,SASDDR4/packing_result/rodada_2/report.txt
SASDDR4,packing,rodada_3,5.560538,4.347989,5.5605,YES,2.0,50.0,0.06,1214.0,,2,,SASDDR4/packing_result/rodada_3/report.txt
SASDDR9,single,rodada_1,4.604926,,,,,,1.16,1211.0,1.0,,SASDDR9_fit1_model1.pdb,SASDDR9/single_result/rodada_1/report.txt
SASDDR9,single,rodada_2,4.604926,,,,,,1.16,1211.0,1.0,,SASDDR9_fit1_model1.pdb,SASDDR9/single_result/rodada_2/report.txt
SASDDR9,single,rodada_3,4.604926,,,,,,1.16,1211.0,1.0,,SASDDR9_fit1_model1.pdb,SASDDR9/single_result/rodada_3/report.txt
SASDDS4,single,rodada_1,7.448813,,,,,,0.14,1180.0,1.0,,SASDDS4_fit1_model1.pdb,SASDDS4/single_result/rodada_1/report.txt
SASDDS4,single,rodada_2,7.448813,,,,,,0.14,1180.0,1.0,,SASDDS4_fit1_model1.pdb,SASDDS4/single_result/rodada_2/report.txt
SASDDS4,single,rodada_3,7.448813,,,,,,0.14,1180.0,1.0,,SASDDS4_fit1_model1.pdb,SASDDS4/single_result/rodada_3/report.txt
SASDDS9,single,rodada_1,4.960916,,,,,,1.67,3628.0,1.0,,SASDDS9_fit1_model1.pdb,SASDDS9/single_result/rodada_1/report.txt
SASDDS9,single,rodada_2,4.960916,,,,,,1.68,3628.0,1.0,,SASDDS9_fit1_model1.pdb,SASDDS9/single_result/rodada_2/report.txt
SASDDS9,single,rodada_3,4.960916,,,,,,1.68,3628.0,1.0,,SASDDS9_fit1_model1.pdb,SASDDS9/single_result/rodada_3/report.txt
SASDDT4,single,rodada_1,3.743873,,,,,,4.67,852.0,1.0,,SASDDT4_fit1_model1.pdb,SASDDT4/single_result/rodada_1/report.txt
SASDDT4,single,rodada_2,3.743873,,,,,,4.67,852.0,1.0,,SASDDT4_fit1_model1.pdb,SASDDT4/single_result/rodada_2/report.txt
SASDDT4,single,rodada_3,3.743873,,,,,,4.65,852.0,1.0,,SASDDT4_fit1_model1.pdb,SASDDT4/single_result/rodada_3/report.txt
SASDDT9,packing,rodada_1,4.244021,3.063516,4.244,YES,3.0,50.0,0.93,1284.0,,3,,SASDDT9/packing_result/rodada_1/report.txt
SASDDT9,packing,rodada_2,3.697629,3.104376,3.6976,YES,3.0,50.0,0.93,1284.0,,3,,SASDDT9/packing_result/rodada_2/report.txt
SASDDT9,packing,rodada_3,4.507285,3.588454,4.5073,YES,3.0,50.0,0.93,1284.0,,3,,SASDDT9/packing_result/rodada_3/report.txt
SASDDU4,single,rodada_1,3.418911,,,,,,4.48,845.0,1.0,,SASDDU4_fit1_model1.pdb,SASDDU4/single_result/rodada_1/report.txt
SASDDU4,single,rodada_2,3.418911,,,,,,4.48,845.0,1.0,,SASDDU4_fit1_model1.pdb,SASDDU4/single_result/rodada_2/report.txt
SASDDU4,single,rodada_3,3.418911,,,,,,4.48,845.0,1.0,,SASDDU4_fit1_model1.pdb,SASDDU4/single_result/rodada_3/report.txt
SASDDU8,packing,rodada_1,5.688217,5.063691,5.3916,YES,3.0,50.0,1.3,1878.0,,3,,SASDDU8/packing_result/rodada_1/report.txt
SASDDU8,packing,rodada_2,7.528873,7.605215,7.5289,NO,3.0,50.0,1.35,1878.0,,3,,SASDDU8/packing_result/rodada_2/report.txt
SASDDU8,packing,rodada_3,6.24894,5.842756,6.2489,YES,3.0,50.0,1.31,1878.0,,3,,SASDDU8/packing_result/rodada_3/report.txt
SASDDU9,single,rodada_1,5.509541,,,,,,1.53,4669.0,1.0,,SASDDU9_fit1_model1.pdb,SASDDU9/single_result/rodada_1/report.txt
SASDDU9,single,rodada_2,5.509541,,,,,,1.52,4669.0,1.0,,SASDDU9_fit1_model1.pdb,SASDDU9/single_result/rodada_2/report.txt
SASDDU9,single,rodada_3,5.509541,,,,,,1.51,4669.0,1.0,,SASDDU9_fit1_model1.pdb,SASDDU9/single_result/rodada_3/report.txt
SASDDV4,single,rodada_1,3.128511,,,,,,4.75,881.0,1.0,,SASDDV4_fit1_model1.pdb,SASDDV4/single_result/rodada_1/report.txt
SASDDV4,single,rodada_2,3.128511,,,,,,4.76,881.0,1.0,,SASDDV4_fit1_model1.pdb,SASDDV4/single_result/rodada_2/report.txt
SASDDV4,single,rodada_3,3.128511,,,,,,4.75,881.0,1.0,,SASDDV4_fit1_model1.pdb,SASDDV4/single_result/rodada_3/report.txt
SASDDV9,single,rodada_1,10.981128,,,,,,0.11,1030.0,1.0,,SASDDV9_fit1_model1.pdb,SASDDV9/single_result/rodada_1/report.txt
SASDDV9,single,rodada_2,10.981128,,,,,,0.11,1030.0,1.0,,SASDDV9_fit1_model1.pdb,SASDDV9/single_result/rodada_2/report.txt
SASDDV9,single,rodada_3,10.981128,,,,,,0.11,1030.0,1.0,,SASDDV9_fit1_model1.pdb,SASDDV9/single_result/rodada_3/report.txt
SASDDW4,single,rodada_1,6.709274,,,,,,0.71,1346.0,1.0,,SASDDW4_fit1_model1.pdb,SASDDW4/single_result/rodada_1/report.txt
SASDDW4,single,rodada_2,6.709274,,,,,,0.71,1346.0,1.0,,SASDDW4_fit1_model1.pdb,SASDDW4/single_result/rodada_2/report.txt
SASDDW4,single,rodada_3,6.709274,,,,,,0.71,1346.0,1.0,,SASDDW4_fit1_model1.pdb,SASDDW4/single_result/rodada_3/report.txt
SASDDX9,packing,rodada_1,11.341068,5.194641,7.9134,YES,3.0,50.0,0.43,1298.0,,3,,SASDDX9/packing_result/rodada_1/report.txt
SASDDX9,packing,rodada_2,8.116169,4.973515,6.018,YES,3.0,50.0,0.39,1298.0,,3,,SASDDX9/packing_result/rodada_2/report.txt
SASDDX9,packing,rodada_3,10.104735,3.251189,4.9628,YES,3.0,50.0,0.38,1298.0,,3,,SASDDX9/packing_result/rodada_3/report.txt
SASDDY2,packing,rodada_1,8.651751,5.168272,7.3044,YES,7.0,50.0,1.19,753.0,,7,,SASDDY2/packing_result/rodada_1/report.txt
SASDDY2,packing,rodada_2,6.868002,3.939247,5.2466,YES,7.0,50.0,1.16,753.0,,7,,SASDDY2/packing_result/rodada_2/report.txt
SASDDY2,packing,rodada_3,6.501253,4.763037,6.3924,YES,7.0,50.0,1.19,753.0,,7,,SASDDY2/packing_result/rodada_3/report.txt
SASDDY4,packing,rodada_1,3.829798,2.75767,3.8127,YES,5.0,50.0,0.39,1772.0,,5,,SASDDY4/packing_result/rodada_1/report.txt
SASDDY4,packing,rodada_2,3.78616,2.359892,3.7862,YES,5.0,50.0,0.38,1772.0,,5,,SASDDY4/packing_result/rodada_2/report.txt
SASDDY4,packing,rodada_3,3.676045,2.275219,3.676,YES,5.0,50.0,0.38,1772.0,,5,,SASDDY4/packing_result/rodada_3/report.txt
SASDDZ2,packing,rodada_1,7.95112,4.827125,7.9511,YES,5.0,50.0,1.22,2101.0,,5,,SASDDZ2/packing_result/rodada_1/report.txt
SASDDZ2,packing,rodada_2,7.199253,5.379232,7.1993,YES,5.0,50.0,1.22,2101.0,,5,,SASDDZ2/packing_result/rodada_2/report.txt
SASDDZ2,packing,rodada_3,7.333555,4.894678,7.3336,YES,5.0,50.0,1.2,2101.0,,5,,SASDDZ2/packing_result/rodada_3/report.txt
SASDDZ4,packing,rodada_1,3.727672,2.292803,3.7129,YES,6.0,50.0,0.48,2251.0,,6,,SASDDZ4/packing_result/rodada_1/report.txt
SASDDZ4,packing,rodada_2,3.45764,1.999871,3.4576,YES,6.0,50.0,0.48,2251.0,,6,,SASDDZ4/packing_result/rodada_2/report.txt
SASDDZ4,packing,rodada_3,3.82031,2.303668,3.7161,YES,6.0,50.0,0.48,2251.0,,6,,SASDDZ4/packing_result/rodada_3/report.txt
SASDDZ8,packing,rodada_1,43.479078,44.426569,43.4791,NO,2.0,50.0,0.08,674.0,,2,,SASDDZ8/packing_result/rodada_1/report.txt
SASDDZ8,packing,rodada_2,43.348977,44.387844,43.349,NO,2.0,50.0,0.08,674.0,,2,,SASDDZ8/packing_result/rodada_2/report.txt
SASDDZ8,packing,rodada_3,43.386055,44.368027,43.3861,NO,2.0,50.0,0.08,674.0,,2,,SASDDZ8/packing_result/rodada_3/report.txt
SASDE24,packing,rodada_1,3.630082,2.776113,3.2599,YES,4.0,50.0,0.27,1123.0,,4,,SASDE24/packing_result/rodada_1/report.txt
SASDE24,packing,rodada_2,3.92049,2.462006,3.287,YES,4.0,50.0,0.28,1123.0,,4,,SASDE24/packing_result/rodada_2/report.txt
SASDE24,packing,rodada_3,3.692659,2.064091,3.3609,YES,4.0,50.0,0.28,1123.0,,4,,SASDE24/packing_result/rodada_3/report.txt
SASDE26,packing,rodada_1,16.642116,8.544064,8.5589,YES,2.0,50.0,0.39,963.0,,2,,SASDE26/packing_result/rodada_1/report.txt
SASDE26,packing,rodada_2,15.975452,8.325656,8.335,YES,2.0,50.0,0.39,963.0,,2,,SASDE26/packing_result/rodada_2/report.txt
SASDE26,packing,rodada_3,16.421255,5.298363,5.3016,YES,2.0,50.0,0.38,963.0,,2,,SASDE26/packing_result/rodada_3/report.txt
SASDE27,single,rodada_1,3.434679,,,,,,0.55,1049.0,1.0,,SASDE27_fit1_model1.pdb,SASDE27/single_result/rodada_1/report.txt
SASDE27,single,rodada_2,3.434679,,,,,,0.55,1049.0,1.0,,SASDE27_fit1_model1.pdb,SASDE27/single_result/rodada_2/report.txt
SASDE27,single,rodada_3,3.434679,,,,,,0.55,1049.0,1.0,,SASDE27_fit1_model1.pdb,SASDE27/single_result/rodada_3/report.txt
SASDE28,single,rodada_1,6.210459,,,,,,0.57,4084.0,1.0,,SASDE28_fit1_model1.pdb,SASDE28/single_result/rodada_1/report.txt
SASDE28,single,rodada_2,6.210459,,,,,,0.56,4084.0,1.0,,SASDE28_fit1_model1.pdb,SASDE28/single_result/rodada_2/report.txt
SASDE28,single,rodada_3,6.210459,,,,,,0.56,4084.0,1.0,,SASDE28_fit1_model1.pdb,SASDE28/single_result/rodada_3/report.txt
SASDE29,packing,rodada_1,5.471584,3.178652,5.4716,YES,2.0,50.0,0.52,2266.0,,2,,SASDE29/packing_result/rodada_1/report.txt
SASDE29,packing,rodada_2,6.583119,5.206622,6.5831,YES,2.0,50.0,0.51,2266.0,,2,,SASDE29/packing_result/rodada_2/report.txt
SASDE29,packing,rodada_3,5.449345,5.53043,5.4493,NO,2.0,50.0,0.52,2266.0,,2,,SASDE29/packing_result/rodada_3/report.txt
SASDE33,packing,rodada_1,7.075525,4.403253,7.0755,YES,4.0,50.0,0.24,1626.0,,4,,SASDE33/packing_result/rodada_1/report.txt
SASDE33,packing,rodada_2,7.298427,5.23868,7.2984,YES,4.0,50.0,0.24,1626.0,,4,,SASDE33/packing_result/rodada_2/report.txt
SASDE33,packing,rodada_3,6.980261,4.265004,6.9803,YES,4.0,50.0,0.24,1626.0,,4,,SASDE33/packing_result/rodada_3/report.txt
SASDE34,packing,rodada_1,2.204951,2.724867,2.205,NO,2.0,50.0,0.23,1377.0,,2,,SASDE34/packing_result/rodada_1/report.txt
SASDE34,packing,rodada_2,2.142652,2.920394,2.1427,NO,2.0,50.0,0.23,1377.0,,2,,SASDE34/packing_result/rodada_2/report.txt
SASDE34,packing,rodada_3,2.126061,2.41424,2.1261,NO,2.0,50.0,0.23,1377.0,,2,,SASDE34/packing_result/rodada_3/report.txt
SASDE36,packing,rodada_1,5.939073,5.885878,5.9391,YES,2.0,50.0,3.04,958.0,,2,,SASDE36/packing_result/rodada_1/report.txt
SASDE36,packing,rodada_2,6.028856,5.776375,6.0289,YES,2.0,50.0,2.87,958.0,,2,,SASDE36/packing_result/rodada_2/report.txt
SASDE36,packing,rodada_3,6.157432,5.831377,6.1574,YES,2.0,50.0,2.91,958.0,,2,,SASDE36/packing_result/rodada_3/report.txt
SASDE37,packing,rodada_1,38.123991,11.634471,12.2668,YES,2.0,50.0,0.15,1044.0,,2,,SASDE37/packing_result/rodada_1/report.txt
SASDE37,packing,rodada_2,37.660118,9.546735,9.7605,YES,2.0,50.0,0.16,1044.0,,2,,SASDE37/packing_result/rodada_2/report.txt
SASDE37,packing,rodada_3,37.32975,9.994496,10.3465,YES,2.0,50.0,0.15,1044.0,,2,,SASDE37/packing_result/rodada_3/report.txt
SASDE38,single,rodada_1,3.748668,,,,,,0.57,4439.0,1.0,,SASDE38_fit1_model1.pdb,SASDE38/single_result/rodada_1/report.txt
SASDE38,single,rodada_2,3.748668,,,,,,0.56,4439.0,1.0,,SASDE38_fit1_model1.pdb,SASDE38/single_result/rodada_2/report.txt
SASDE38,single,rodada_3,3.748668,,,,,,0.56,4439.0,1.0,,SASDE38_fit1_model1.pdb,SASDE38/single_result/rodada_3/report.txt
SASDE39,packing,rodada_1,6.991523,7.239271,6.9915,NO,2.0,50.0,0.48,1562.0,,2,,SASDE39/packing_result/rodada_1/report.txt
SASDE39,packing,rodada_2,5.754291,7.243404,5.7543,NO,2.0,50.0,0.48,1562.0,,2,,SASDE39/packing_result/rodada_2/report.txt
SASDE39,packing,rodada_3,6.861387,7.985616,6.8614,NO,2.0,50.0,0.48,1562.0,,2,,SASDE39/packing_result/rodada_3/report.txt
SASDE44,packing,rodada_1,2.261019,2.627157,2.261,NO,2.0,50.0,0.22,998.0,,2,,SASDE44/packing_result/rodada_1/report.txt
SASDE44,packing,rodada_2,2.305764,2.596747,2.3058,NO,2.0,50.0,0.22,998.0,,2,,SASDE44/packing_result/rodada_2/report.txt
SASDE44,packing,rodada_3,2.198663,2.653109,2.1987,NO,2.0,50.0,0.22,998.0,,2,,SASDE44/packing_result/rodada_3/report.txt
SASDE47,single,rodada_1,5.403126,,,,,,1.58,935.0,1.0,,SASDE47_fit1_model1.pdb,SASDE47/single_result/rodada_1/report.txt
SASDE47,single,rodada_2,5.403126,,,,,,1.6,935.0,1.0,,SASDE47_fit1_model1.pdb,SASDE47/single_result/rodada_2/report.txt
SASDE47,single,rodada_3,5.403126,,,,,,1.59,935.0,1.0,,SASDE47_fit1_model1.pdb,SASDE47/single_result/rodada_3/report.txt
SASDE49,packing,rodada_1,5.088125,5.577401,5.0881,NO,2.0,50.0,0.49,1962.0,,2,,SASDE49/packing_result/rodada_1/report.txt
SASDE49,packing,rodada_2,6.441352,6.044099,6.4414,YES,2.0,50.0,0.49,1962.0,,2,,SASDE49/packing_result/rodada_2/report.txt
SASDE49,packing,rodada_3,6.668458,6.642599,6.6685,YES,2.0,50.0,0.5,1962.0,,2,,SASDE49/packing_result/rodada_3/report.txt
SASDE52,single,rodada_1,11.138874,,,,,,0.12,806.0,1.0,,SASDE52_fit1_model1.pdb,SASDE52/single_result/rodada_1/report.txt
SASDE52,single,rodada_2,11.138874,,,,,,0.12,806.0,1.0,,SASDE52_fit1_model1.pdb,SASDE52/single_result/rodada_2/report.txt
SASDE52,single,rodada_3,11.138874,,,,,,0.12,806.0,1.0,,SASDE52_fit1_model1.pdb,SASDE52/single_result/rodada_3/report.txt
SASDE54,packing,rodada_1,2.467481,2.446384,2.4675,YES,2.0,50.0,0.21,1060.0,,2,,SASDE54/packing_result/rodada_1/report.txt
SASDE54,packing,rodada_2,2.311926,2.844749,2.3119,NO,2.0,50.0,0.21,1060.0,,2,,SASDE54/packing_result/rodada_2/report.txt
SASDE54,packing,rodada_3,2.360577,2.613367,2.3606,NO,2.0,50.0,0.21,1060.0,,2,,SASDE54/packing_result/rodada_3/report.txt
SASDE56,packing,rodada_1,9.89452,7.117008,9.8945,YES,2.0,50.0,3.48,1128.0,,2,,SASDE56/packing_result/rodada_1/report.txt
SASDE56,packing,rodada_2,7.733007,6.294784,7.4763,YES,2.0,50.0,3.43,1128.0,,2,,SASDE56/packing_result/rodada_2/report.txt
SASDE56,packing,rodada_3,7.553327,5.514037,7.5533,YES,2.0,50.0,3.47,1128.0,,2,,SASDE56/packing_result/rodada_3/report.txt
SASDE57,single,rodada_1,5.803333,,,,,,1.66,1079.0,1.0,,SASDE57_fit1_model1.pdb,SASDE57/single_result/rodada_1/report.txt
SASDE57,single,rodada_2,5.803333,,,,,,1.65,1079.0,1.0,,SASDE57_fit1_model1.pdb,SASDE57/single_result/rodada_2/report.txt
SASDE57,single,rodada_3,5.803333,,,,,,1.67,1079.0,1.0,,SASDE57_fit1_model1.pdb,SASDE57/single_result/rodada_3/report.txt
SASDE59,packing,rodada_1,4.780007,4.34039,4.78,YES,2.0,50.0,0.45,1556.0,,2,,SASDE59/packing_result/rodada_1/report.txt
SASDE59,packing,rodada_2,5.559645,6.068158,5.5596,NO,2.0,50.0,0.45,1556.0,,2,,SASDE59/packing_result/rodada_2/report.txt
SASDE59,packing,rodada_3,11.082535,10.543311,11.0825,YES,2.0,50.0,0.44,1556.0,,2,,SASDE59/packing_result/rodada_3/report.txt
SASDE64,packing,rodada_1,2.456147,2.601507,2.4561,NO,2.0,50.0,0.21,949.0,,2,,SASDE64/packing_result/rodada_1/report.txt
SASDE64,packing,rodada_2,2.460201,2.949376,2.4602,NO,2.0,50.0,0.22,949.0,,2,,SASDE64/packing_result/rodada_2/report.txt
SASDE64,packing,rodada_3,2.429882,2.551524,2.4299,NO,2.0,50.0,0.21,949.0,,2,,SASDE64/packing_result/rodada_3/report.txt
SASDE67,single,rodada_1,3.735014,,,,,,1.55,1129.0,1.0,,SASDE67_fit1_model1.pdb,SASDE67/single_result/rodada_1/report.txt
SASDE67,single,rodada_2,3.735014,,,,,,1.55,1129.0,1.0,,SASDE67_fit1_model1.pdb,SASDE67/single_result/rodada_2/report.txt
SASDE67,single,rodada_3,3.735014,,,,,,1.55,1129.0,1.0,,SASDE67_fit1_model1.pdb,SASDE67/single_result/rodada_3/report.txt
SASDE69,packing,rodada_1,4.216122,4.480724,4.2161,NO,2.0,50.0,0.43,1039.0,,2,,SASDE69/packing_result/rodada_1/report.txt
SASDE69,packing,rodada_2,3.854069,3.237393,3.8541,YES,2.0,50.0,0.42,1039.0,,2,,SASDE69/packing_result/rodada_2/report.txt
SASDE69,packing,rodada_3,3.682572,3.393174,3.6826,YES,2.0,50.0,0.42,1039.0,,2,,SASDE69/packing_result/rodada_3/report.txt
SASDE74,packing,rodada_1,2.626913,2.656027,2.6269,NO,2.0,50.0,0.2,854.0,,2,,SASDE74/packing_result/rodada_1/report.txt
SASDE74,packing,rodada_2,2.578918,2.625438,2.5789,NO,2.0,50.0,0.21,854.0,,2,,SASDE74/packing_result/rodada_2/report.txt
SASDE74,packing,rodada_3,2.711824,2.662975,2.7118,YES,2.0,50.0,0.2,854.0,,2,,SASDE74/packing_result/rodada_3/report.txt
SASDE77,single,rodada_1,4.391781,,,,,,1.66,1140.0,1.0,,SASDE77_fit1_model1.pdb,SASDE77/single_result/rodada_1/report.txt
SASDE77,single,rodada_2,4.391781,,,,,,1.64,1140.0,1.0,,SASDE77_fit1_model1.pdb,SASDE77/single_result/rodada_2/report.txt
SASDE77,single,rodada_3,4.391781,,,,,,1.65,1140.0,1.0,,SASDE77_fit1_model1.pdb,SASDE77/single_result/rodada_3/report.txt
SASDE78,single,rodada_1,11.26061,,,,,,0.13,990.0,1.0,,SASDE78_fit1_model1.pdb,SASDE78/single_result/rodada_1/report.txt
SASDE78,single,rodada_2,11.26061,,,,,,0.13,990.0,1.0,,SASDE78_fit1_model1.pdb,SASDE78/single_result/rodada_2/report.txt
SASDE78,single,rodada_3,11.26061,,,,,,0.13,990.0,1.0,,SASDE78_fit1_model1.pdb,SASDE78/single_result/rodada_3/report.txt
SASDE79,packing,rodada_1,5.140665,4.589068,5.1407,YES,2.0,50.0,0.48,1663.0,,2,,SASDE79/packing_result/rodada_1/report.txt
SASDE79,packing,rodada_2,9.365764,6.350573,7.8597,YES,2.0,50.0,0.47,1663.0,,2,,SASDE79/packing_result/rodada_2/report.txt
SASDE79,packing,rodada_3,5.991733,4.492572,5.9917,YES,2.0,50.0,0.48,1663.0,,2,,SASDE79/packing_result/rodada_3/report.txt
SASDE84,packing,rodada_1,4.482942,4.858109,4.4829,NO,2.0,50.0,0.19,650.0,,2,,SASDE84/packing_result/rodada_1/report.txt
SASDE84,packing,rodada_2,4.284227,4.132605,4.2842,YES,2.0,50.0,0.19,650.0,,2,,SASDE84/packing_result/rodada_2/report.txt
SASDE84,packing,rodada_3,3.966343,4.619501,3.9663,NO,2.0,50.0,0.2,650.0,,2,,SASDE84/packing_result/rodada_3/report.txt
SASDE87,single,rodada_1,5.287128,,,,,,1.7,850.0,1.0,,SASDE87_fit1_model1.pdb,SASDE87/single_result/rodada_1/report.txt
SASDE87,single,rodada_2,5.287128,,,,,,1.69,850.0,1.0,,SASDE87_fit1_model1.pdb,SASDE87/single_result/rodada_2/report.txt
SASDE87,single,rodada_3,5.287128,,,,,,1.7,850.0,1.0,,SASDE87_fit1_model1.pdb,SASDE87/single_result/rodada_3/report.txt
SASDE88,single,rodada_1,6.710348,,,,,,0.4,5137.0,1.0,,SASDE88_fit1_model1.pdb,SASDE88/single_result/rodada_1/report.txt
SASDE88,single,rodada_2,6.626834,,,,,,0.4,5137.0,1.0,,SASDE88_fit1_model1.pdb,SASDE88/single_result/rodada_2/report.txt
SASDE88,single,rodada_3,6.685544,,,,,,0.4,5137.0,1.0,,SASDE88_fit1_model1.pdb,SASDE88/single_result/rodada_3/report.txt
SASDE89,packing,rodada_1,5.531534,4.821163,5.5315,YES,2.0,50.0,0.47,1502.0,,2,,SASDE89/packing_result/rodada_1/report.txt
SASDE89,packing,rodada_2,6.706009,4.252622,5.2243,YES,2.0,50.0,0.47,1502.0,,2,,SASDE89/packing_result/rodada_2/report.txt
SASDE89,packing,rodada_3,6.864093,5.454572,6.347,YES,2.0,50.0,0.47,1502.0,,2,,SASDE89/packing_result/rodada_3/report.txt
SASDE94,packing,rodada_1,3.352703,3.414219,3.3527,NO,2.0,50.0,0.21,876.0,,2,,SASDE94/packing_result/rodada_1/report.txt
SASDE94,packing,rodada_2,3.560424,3.912406,3.5604,NO,2.0,50.0,0.21,876.0,,2,,SASDE94/packing_result/rodada_2/report.txt
SASDE94,packing,rodada_3,3.154328,3.352395,3.1543,NO,2.0,50.0,0.22,876.0,,2,,SASDE94/packing_result/rodada_3/report.txt
SASDE96,packing,rodada_1,6.617926,4.293086,4.7401,YES,2.0,50.0,1.04,1022.0,,2,,SASDE96/packing_result/rodada_1/report.txt
SASDE96,packing,rodada_2,4.613609,4.469547,4.6136,YES,2.0,50.0,1.03,1022.0,,2,,SASDE96/packing_result/rodada_2/report.txt
SASDE96,packing,rodada_3,7.34898,4.35902,5.1242,YES,2.0,50.0,1.07,1022.0,,2,,SASDE96/packing_result/rodada_3/report.txt
SASDE97,single,rodada_1,4.586622,,,,,,1.62,816.0,1.0,,SASDE97_fit1_model1.pdb,SASDE97/single_result/rodada_1/report.txt
SASDE97,single,rodada_2,4.586622,,,,,,1.61,816.0,1.0,,SASDE97_fit1_model1.pdb,SASDE97/single_result/rodada_2/report.txt
SASDE97,single,rodada_3,4.586622,,,,,,1.61,816.0,1.0,,SASDE97_fit1_model1.pdb,SASDE97/single_result/rodada_3/report.txt
SASDE98,single,rodada_1,5.108672,,,,,,0.12,870.0,1.0,,SASDE98_fit1_model1.pdb,SASDE98/single_result/rodada_1/report.txt
SASDE98,single,rodada_2,5.108672,,,,,,0.11,870.0,1.0,,SASDE98_fit1_model1.pdb,SASDE98/single_result/rodada_2/report.txt
SASDE98,single,rodada_3,5.108672,,,,,,0.12,870.0,1.0,,SASDE98_fit1_model1.pdb,SASDE98/single_result/rodada_3/report.txt
SASDEA4,packing,rodada_1,2.322987,2.727985,2.323,NO,2.0,50.0,0.21,821.0,,2,,SASDEA4/packing_result/rodada_1/report.txt
SASDEA4,packing,rodada_2,2.617463,2.917237,2.6175,NO,2.0,50.0,0.21,821.0,,2,,SASDEA4/packing_result/rodada_2/report.txt
SASDEA4,packing,rodada_3,2.413682,3.047858,2.4137,NO,2.0,50.0,0.21,821.0,,2,,SASDEA4/packing_result/rodada_3/report.txt
SASDEA6,single,rodada_1,5.819417,,,,,,0.63,900.0,1.0,,SASDEA6_fit1_model1.pdb,SASDEA6/single_result/rodada_1/report.txt
SASDEA6,single,rodada_2,5.819417,,,,,,0.62,900.0,1.0,,SASDEA6_fit1_model1.pdb,SASDEA6/single_result/rodada_2/report.txt
SASDEA6,single,rodada_3,5.819417,,,,,,0.62,900.0,1.0,,SASDEA6_fit1_model1.pdb,SASDEA6/single_result/rodada_3/report.txt
SASDEA7,single,rodada_1,4.42875,,,,,,1.69,1033.0,1.0,,SASDEA7_fit1_model1.pdb,SASDEA7/single_result/rodada_1/report.txt
SASDEA7,single,rodada_2,4.42875,,,,,,1.65,1033.0,1.0,,SASDEA7_fit1_model1.pdb,SASDEA7/single_result/rodada_2/report.txt
SASDEA7,single,rodada_3,4.42875,,,,,,1.66,1033.0,1.0,,SASDEA7_fit1_model1.pdb,SASDEA7/single_result/rodada_3/report.txt
SASDEA8,packing,rodada_1,14.891774,6.341574,6.4081,YES,2.0,50.0,0.3,1571.0,,2,,SASDEA8/packing_result/rodada_1/report.txt
SASDEA8,packing,rodada_2,14.629831,7.979318,8.047,YES,2.0,50.0,0.31,1571.0,,2,,SASDEA8/packing_result/rodada_2/report.txt
SASDEA8,packing,rodada_3,14.665476,6.507122,6.599,YES,2.0,50.0,0.3,1571.0,,2,,SASDEA8/packing_result/rodada_3/report.txt
SASDEB4,packing,rodada_1,3.578048,2.496397,2.849,YES,2.0,50.0,0.21,1119.0,,2,,SASDEB4/packing_result/rodada_1/report.txt
SASDEB4,packing,rodada_2,3.635014,2.501589,2.8407,YES,2.0,50.0,0.21,1119.0,,2,,SASDEB4/packing_result/rodada_2/report.txt
SASDEB4,packing,rodada_3,3.81776,2.455192,2.8585,YES,2.0,50.0,0.21,1119.0,,2,,SASDEB4/packing_result/rodada_3/report.txt
SASDEB6,single,rodada_1,4.648799,,,,,,0.51,976.0,1.0,,SASDEB6_fit1_model1.pdb,SASDEB6/single_result/rodada_1/report.txt
SASDEB6,single,rodada_2,4.648799,,,,,,0.48,976.0,1.0,,SASDEB6_fit1_model1.pdb,SASDEB6/single_result/rodada_2/report.txt
SASDEB6,single,rodada_3,4.648799,,,,,,0.48,976.0,1.0,,SASDEB6_fit1_model1.pdb,SASDEB6/single_result/rodada_3/report.txt
SASDEB9,packing,rodada_1,10.415765,5.20665,5.2926,YES,2.0,50.0,0.17,1754.0,,2,,SASDEB9/packing_result/rodada_1/report.txt
SASDEB9,packing,rodada_2,10.1621,4.65778,4.6828,YES,2.0,50.0,0.17,1754.0,,2,,SASDEB9/packing_result/rodada_2/report.txt
SASDEB9,packing,rodada_3,10.39235,5.927883,5.9963,YES,2.0,50.0,0.17,1754.0,,2,,SASDEB9/packing_result/rodada_3/report.txt
SASDEC6,packing,rodada_1,9.518926,2.94907,2.9865,YES,2.0,50.0,0.11,1564.0,,2,,SASDEC6/packing_result/rodada_1/report.txt
SASDEC6,packing,rodada_2,10.15682,3.392851,3.4231,YES,2.0,50.0,0.11,1564.0,,2,,SASDEC6/packing_result/rodada_2/report.txt
SASDEC6,packing,rodada_3,10.33356,3.139269,3.1582,YES,2.0,50.0,0.11,1564.0,,2,,SASDEC6/packing_result/rodada_3/report.txt
SASDEC7,packing,rodada_1,16.012621,6.397881,6.4172,YES,2.0,50.0,0.45,1134.0,,2,,SASDEC7/packing_result/rodada_1/report.txt
SASDEC7,packing,rodada_2,15.1964,6.027882,6.0469,YES,2.0,50.0,0.45,1134.0,,2,,SASDEC7/packing_result/rodada_2/report.txt
SASDEC7,packing,rodada_3,15.722827,5.835406,5.8609,YES,2.0,50.0,0.48,1134.0,,2,,SASDEC7/packing_result/rodada_3/report.txt
SASDEC9,packing,rodada_1,8.977898,3.344395,3.3591,YES,2.0,50.0,0.18,1007.0,,2,,SASDEC9/packing_result/rodada_1/report.txt
SASDEC9,packing,rodada_2,9.238678,3.350266,3.3565,YES,2.0,50.0,0.18,1007.0,,2,,SASDEC9/packing_result/rodada_2/report.txt
SASDEC9,packing,rodada_3,9.176139,3.316499,3.3235,YES,2.0,50.0,0.17,1007.0,,2,,SASDEC9/packing_result/rodada_3/report.txt
SASDED2,single,rodada_1,15.51718,,,,,,0.07,341.0,1.0,,SASDED2_fit2_model1.pdb,SASDED2/single_result/rodada_1/report.txt
SASDED2,single,rodada_2,15.51718,,,,,,0.07,341.0,1.0,,SASDED2_fit2_model1.pdb,SASDED2/single_result/rodada_2/report.txt
SASDED2,single,rodada_3,15.51718,,,,,,0.08,341.0,1.0,,SASDED2_fit2_model1.pdb,SASDED2/single_result/rodada_3/report.txt
SASDED6,single,rodada_1,5.797484,,,,,,0.52,798.0,1.0,,SASDED6_fit1_model1.pdb,SASDED6/single_result/rodada_1/report.txt
SASDED6,single,rodada_2,5.797484,,,,,,0.52,798.0,1.0,,SASDED6_fit1_model1.pdb,SASDED6/single_result/rodada_2/report.txt
SASDED6,single,rodada_3,5.797484,,,,,,0.51,798.0,1.0,,SASDED6_fit1_model1.pdb,SASDED6/single_result/rodada_3/report.txt
SASDED7,packing,rodada_1,15.671423,3.931565,3.9541,YES,2.0,50.0,0.43,1108.0,,2,,SASDED7/packing_result/rodada_1/report.txt
SASDED7,packing,rodada_2,15.671449,4.276835,4.2947,YES,2.0,50.0,0.44,1108.0,,2,,SASDED7/packing_result/rodada_2/report.txt
SASDED7,packing,rodada_3,15.67017,3.682546,3.7106,YES,2.0,50.0,0.45,1108.0,,2,,SASDED7/packing_result/rodada_3/report.txt
SASDED8,single,rodada_1,8.135216,,,,,,0.11,1400.0,1.0,,SASDED8_fit1_model1.pdb,SASDED8/single_result/rodada_1/report.txt
SASDED8,single,rodada_2,8.135216,,,,,,0.12,1400.0,1.0,,SASDED8_fit1_model1.pdb,SASDED8/single_result/rodada_2/report.txt
SASDED8,single,rodada_3,8.135216,,,,,,0.11,1400.0,1.0,,SASDED8_fit1_model1.pdb,SASDED8/single_result/rodada_3/report.txt
SASDED9,packing,rodada_1,3.738282,2.983367,3.7383,YES,2.0,50.0,0.24,837.0,,2,,SASDED9/packing_result/rodada_1/report.txt
SASDED9,packing,rodada_2,4.004374,3.557212,4.0044,YES,2.0,50.0,0.24,837.0,,2,,SASDED9/packing_result/rodada_2/report.txt
SASDED9,packing,rodada_3,3.852436,3.842265,3.8524,YES,2.0,50.0,0.24,837.0,,2,,SASDED9/packing_result/rodada_3/report.txt
SASDEE2,packing,rodada_1,4.584812,4.282976,4.5848,YES,3.0,50.0,0.26,138.0,,3,,SASDEE2/packing_result/rodada_1/report.txt
SASDEE2,packing,rodada_2,4.827193,3.958254,4.6892,YES,3.0,50.0,0.26,138.0,,3,,SASDEE2/packing_result/rodada_2/report.txt
SASDEE2,packing,rodada_3,4.894662,4.100843,4.6603,YES,3.0,50.0,0.26,138.0,,3,,SASDEE2/packing_result/rodada_3/report.txt
SASDEE6,single,rodada_1,6.680786,,,,,,0.71,1578.0,1.0,,SASDEE6_fit1_model1.pdb,SASDEE6/single_result/rodada_1/report.txt
SASDEE6,single,rodada_2,6.680786,,,,,,0.71,1578.0,1.0,,SASDEE6_fit1_model1.pdb,SASDEE6/single_result/rodada_2/report.txt
SASDEE6,single,rodada_3,6.680786,,,,,,0.71,1578.0,1.0,,SASDEE6_fit1_model1.pdb,SASDEE6/single_result/rodada_3/report.txt
SASDEE7,packing,rodada_1,16.067171,4.666511,4.6782,YES,2.0,50.0,0.46,1098.0,,2,,SASDEE7/packing_result/rodada_1/report.txt
SASDEE7,packing,rodada_2,15.96011,4.811675,4.8178,YES,2.0,50.0,0.47,1098.0,,2,,SASDEE7/packing_result/rodada_2/report.txt
SASDEE7,packing,rodada_3,15.831855,5.192835,5.208,YES,2.0,50.0,0.47,1098.0,,2,,SASDEE7/packing_result/rodada_3/report.txt
SASDEE8,packing,rodada_1,3.033414,2.558569,3.0334,YES,2.0,50.0,0.46,3547.0,,2,,SASDEE8/packing_result/rodada_1/report.txt
SASDEE8,packing,rodada_2,5.312867,6.336822,5.3129,NO,2.0,50.0,0.48,3547.0,,2,,SASDEE8/packing_result/rodada_2/report.txt
SASDEE8,packing,rodada_3,2.889255,2.901287,2.8893,NO,2.0,50.0,0.46,3547.0,,2,,SASDEE8/packing_result/rodada_3/report.txt
SASDEE9,packing,rodada_1,3.372984,3.038855,3.373,YES,2.0,50.0,0.12,1014.0,,2,,SASDEE9/packing_result/rodada_1/report.txt
SASDEE9,packing,rodada_2,5.108802,4.305986,5.1088,YES,2.0,50.0,0.13,1014.0,,2,,SASDEE9/packing_result/rodada_2/report.txt
SASDEE9,packing,rodada_3,4.300441,3.900245,4.3004,YES,2.0,50.0,0.13,1014.0,,2,,SASDEE9/packing_result/rodada_3/report.txt
SASDEF2,packing,rodada_1,10.671671,3.31162,4.2071,YES,3.0,50.0,0.37,964.0,,3,,SASDEF2/packing_result/rodada_1/report.txt
SASDEF2,packing,rodada_2,11.079035,4.271091,4.544,YES,3.0,50.0,0.37,964.0,,3,,SASDEF2/packing_result/rodada_2/report.txt
SASDEF2,packing,rodada_3,10.937142,3.966106,4.5456,YES,3.0,50.0,0.38,964.0,,3,,SASDEF2/packing_result/rodada_3/report.txt
SASDEF4,packing,rodada_1,2.561965,2.872724,2.562,NO,2.0,50.0,0.21,934.0,,2,,SASDEF4/packing_result/rodada_1/report.txt
SASDEF4,packing,rodada_2,2.319512,2.521796,2.3195,NO,2.0,50.0,0.21,934.0,,2,,SASDEF4/packing_result/rodada_2/report.txt
SASDEF4,packing,rodada_3,2.42156,2.601785,2.4216,NO,2.0,50.0,0.21,934.0,,2,,SASDEF4/packing_result/rodada_3/report.txt
SASDEF5,packing,rodada_1,3.409858,2.886643,3.4099,YES,2.0,50.0,1.13,1688.0,,2,,SASDEF5/packing_result/rodada_1/report.txt
SASDEF5,packing,rodada_2,3.01627,2.690777,3.0163,YES,2.0,50.0,1.11,1688.0,,2,,SASDEF5/packing_result/rodada_2/report.txt
SASDEF5,packing,rodada_3,3.082241,2.654302,3.0822,YES,2.0,50.0,1.1,1688.0,,2,,SASDEF5/packing_result/rodada_3/report.txt
SASDEF6,packing,rodada_1,4.758486,4.445902,4.7585,YES,2.0,50.0,0.04,209.0,,2,,SASDEF6/packing_result/rodada_1/report.txt
SASDEF6,packing,rodada_2,4.839652,4.694394,4.8397,YES,2.0,50.0,0.04,209.0,,2,,SASDEF6/packing_result/rodada_2/report.txt
SASDEF6,packing,rodada_3,4.838003,5.473394,4.838,NO,2.0,50.0,0.04,209.0,,2,,SASDEF6/packing_result/rodada_3/report.txt
SASDEF7,packing,rodada_1,15.466645,3.694403,3.7078,YES,2.0,50.0,0.45,1123.0,,2,,SASDEF7/packing_result/rodada_1/report.txt
SASDEF7,packing,rodada_2,15.558951,3.868118,3.8747,YES,2.0,50.0,0.44,1123.0,,2,,SASDEF7/packing_result/rodada_2/report.txt
SASDEF7,packing,rodada_3,15.37872,3.812293,3.83,YES,2.0,50.0,0.44,1123.0,,2,,SASDEF7/packing_result/rodada_3/report.txt
SASDEF8,packing,rodada_1,3.580928,2.763637,3.5809,YES,2.0,50.0,0.45,3486.0,,2,,SASDEF8/packing_result/rodada_1/report.txt
SASDEF8,packing,rodada_2,3.984451,3.086134,3.9845,YES,2.0,50.0,0.44,3486.0,,2,,SASDEF8/packing_result/rodada_2/report.txt
SASDEF8,packing,rodada_3,3.761613,3.297029,3.7616,YES,2.0,50.0,0.44,3486.0,,2,,SASDEF8/packing_result/rodada_3/report.txt
SASDEG2,packing,rodada_1,19.4291,4.090743,5.3817,YES,10.0,50.0,2.14,1537.0,,10,,SASDEG2/packing_result/rodada_1/report.txt
SASDEG2,packing,rodada_2,18.432309,4.382279,5.7291,YES,10.0,50.0,2.16,1537.0,,10,,SASDEG2/packing_result/rodada_2/report.txt
SASDEG2,packing,rodada_3,19.193818,4.295669,5.4832,YES,10.0,50.0,2.15,1537.0,,10,,SASDEG2/packing_result/rodada_3/report.txt
SASDEG4,packing,rodada_1,2.308089,3.028879,2.3081,NO,2.0,50.0,0.24,741.0,,2,,SASDEG4/packing_result/rodada_1/report.txt
SASDEG4,packing,rodada_2,2.406422,3.264322,2.4064,NO,2.0,50.0,0.21,741.0,,2,,SASDEG4/packing_result/rodada_2/report.txt
SASDEG4,packing,rodada_3,2.414446,3.037924,2.4144,NO,2.0,50.0,0.21,741.0,,2,,SASDEG4/packing_result/rodada_3/report.txt
SASDEG6,packing,rodada_1,6.64888,5.950582,6.6343,YES,2.0,50.0,0.04,207.0,,2,,SASDEG6/packing_result/rodada_1/report.txt
SASDEG6,packing,rodada_2,7.992428,7.176123,7.9924,YES,2.0,50.0,0.04,207.0,,2,,SASDEG6/packing_result/rodada_2/report.txt
SASDEG6,packing,rodada_3,7.213236,6.817069,7.2132,YES,2.0,50.0,0.04,207.0,,2,,SASDEG6/packing_result/rodada_3/report.txt
SASDEG7,packing,rodada_1,13.427716,4.02135,4.0446,YES,2.0,50.0,0.83,1636.0,,2,,SASDEG7/packing_result/rodada_1/report.txt
SASDEG7,packing,rodada_2,13.948671,3.319727,3.3351,YES,2.0,50.0,0.82,1636.0,,2,,SASDEG7/packing_result/rodada_2/report.txt
SASDEG7,packing,rodada_3,13.701875,3.744973,3.7669,YES,2.0,50.0,0.81,1636.0,,2,,SASDEG7/packing_result/rodada_3/report.txt
SASDEG8,packing,rodada_1,8.914015,7.422059,8.914,YES,2.0,50.0,0.66,458.0,,2,,SASDEG8/packing_result/rodada_1/report.txt
SASDEG8,packing,rodada_2,8.11279,8.652346,8.1128,NO,2.0,50.0,0.65,458.0,,2,,SASDEG8/packing_result/rodada_2/report.txt
SASDEG8,packing,rodada_3,8.426663,7.483418,8.4267,YES,2.0,50.0,0.64,458.0,,2,,SASDEG8/packing_result/rodada_3/report.txt
SASDEH2,packing,rodada_1,2.78414,1.846068,2.5234,YES,9.0,50.0,0.16,258.0,,9,,SASDEH2/packing_result/rodada_1/report.txt
SASDEH2,packing,rodada_2,2.450691,1.800999,2.4507,YES,9.0,50.0,0.16,258.0,,9,,SASDEH2/packing_result/rodada_2/report.txt
SASDEH2,packing,rodada_3,4.60481,2.026168,2.9386,YES,9.0,50.0,0.16,258.0,,9,,SASDEH2/packing_result/rodada_3/report.txt
SASDEH3,packing,rodada_1,10.167188,6.824418,7.5284,YES,3.0,50.0,1.02,1941.0,,3,,SASDEH3/packing_result/rodada_1/report.txt
SASDEH3,packing,rodada_2,10.098026,6.044795,8.2226,YES,3.0,50.0,0.96,1941.0,,3,,SASDEH3/packing_result/rodada_2/report.txt
SASDEH3,packing,rodada_3,9.641545,6.439592,6.8789,YES,3.0,50.0,1.0,1941.0,,3,,SASDEH3/packing_result/rodada_3/report.txt
SASDEH4,packing,rodada_1,2.802324,2.538676,2.8023,YES,2.0,50.0,0.21,1230.0,,2,,SASDEH4/packing_result/rodada_1/report.txt
SASDEH4,packing,rodada_2,2.919641,2.648412,2.9196,YES,2.0,50.0,0.21,1230.0,,2,,SASDEH4/packing_result/rodada_2/report.txt
SASDEH4,packing,rodada_3,2.768503,2.739999,2.7685,YES,2.0,50.0,0.22,1230.0,,2,,SASDEH4/packing_result/rodada_3/report.txt
SASDEH6,packing,rodada_1,5.807025,5.461828,5.807,YES,2.0,50.0,0.05,792.0,,2,,SASDEH6/packing_result/rodada_1/report.txt
SASDEH6,packing,rodada_2,5.567933,5.194051,5.5679,YES,2.0,50.0,0.05,792.0,,2,,SASDEH6/packing_result/rodada_2/report.txt
SASDEH6,packing,rodada_3,9.526467,8.814769,9.5265,YES,2.0,50.0,0.05,792.0,,2,,SASDEH6/packing_result/rodada_3/report.txt
SASDEH7,packing,rodada_1,14.304802,4.00878,4.0271,YES,2.0,50.0,0.79,1520.0,,2,,SASDEH7/packing_result/rodada_1/report.txt
SASDEH7,packing,rodada_2,14.307079,3.276737,3.2953,YES,2.0,50.0,0.78,1520.0,,2,,SASDEH7/packing_result/rodada_2/report.txt
SASDEH7,packing,rodada_3,14.219745,4.026231,4.045,YES,2.0,50.0,0.79,1520.0,,2,,SASDEH7/packing_result/rodada_3/report.txt
SASDEH8,packing,rodada_1,6.55259,5.271788,6.5526,YES,2.0,50.0,0.36,325.0,,2,,SASDEH8/packing_result/rodada_1/report.txt
SASDEH8,packing,rodada_2,7.003582,7.799738,7.0036,NO,2.0,50.0,0.37,325.0,,2,,SASDEH8/packing_result/rodada_2/report.txt
SASDEH8,packing,rodada_3,7.741846,6.180855,6.894,YES,2.0,50.0,0.36,325.0,,2,,SASDEH8/packing_result/rodada_3/report.txt
SASDEJ3,single,rodada_1,2.995627,,,,,,0.51,935.0,1.0,,SASDEJ3_fit1_model1.pdb,SASDEJ3/single_result/rodada_1/report.txt
SASDEJ3,single,rodada_2,2.995627,,,,,,0.52,935.0,1.0,,SASDEJ3_fit1_model1.pdb,SASDEJ3/single_result/rodada_2/report.txt
SASDEJ3,single,rodada_3,2.995627,,,,,,0.51,935.0,1.0,,SASDEJ3_fit1_model1.pdb,SASDEJ3/single_result/rodada_3/report.txt
SASDEJ6,packing,rodada_1,5.217908,6.902527,5.2179,NO,2.0,50.0,0.1,2387.0,,2,,SASDEJ6/packing_result/rodada_1/report.txt
SASDEJ6,packing,rodada_2,5.565855,5.053347,5.5659,YES,2.0,50.0,0.1,2387.0,,2,,SASDEJ6/packing_result/rodada_2/report.txt
SASDEJ6,packing,rodada_3,5.333623,4.955091,5.3336,YES,2.0,50.0,0.1,2387.0,,2,,SASDEJ6/packing_result/rodada_3/report.txt
SASDEJ8,packing,rodada_1,9.213321,6.823218,8.2615,YES,2.0,50.0,0.7,1263.0,,2,,SASDEJ8/packing_result/rodada_1/report.txt
SASDEJ8,packing,rodada_2,6.731524,6.242004,6.7315,YES,2.0,50.0,0.69,1263.0,,2,,SASDEJ8/packing_result/rodada_2/report.txt
SASDEJ8,packing,rodada_3,7.426319,5.618465,7.4263,YES,2.0,50.0,0.71,1263.0,,2,,SASDEJ8/packing_result/rodada_3/report.txt
SASDEK2,packing,rodada_1,2.71909,3.438225,2.7191,NO,7.0,50.0,0.12,199.0,,7,,SASDEK2/packing_result/rodada_1/report.txt
SASDEK2,packing,rodada_2,2.694106,2.595617,2.6941,YES,7.0,50.0,0.12,199.0,,7,,SASDEK2/packing_result/rodada_2/report.txt
SASDEK2,packing,rodada_3,3.822519,3.459455,3.8225,YES,7.0,50.0,0.12,199.0,,7,,SASDEK2/packing_result/rodada_3/report.txt
SASDEK3,single,rodada_1,10.832057,,,,,,1.63,4285.0,1.0,,SASDEK3_fit1_model1.pdb,SASDEK3/single_result/rodada_1/report.txt
SASDEK3,single,rodada_2,10.832057,,,,,,1.62,4285.0,1.0,,SASDEK3_fit1_model1.pdb,SASDEK3/single_result/rodada_2/report.txt
SASDEK3,single,rodada_3,10.832057,,,,,,1.64,4285.0,1.0,,SASDEK3_fit1_model1.pdb,SASDEK3/single_result/rodada_3/report.txt
SASDEK4,packing,rodada_1,3.240927,2.469223,2.7201,YES,2.0,50.0,0.14,1401.0,,2,,SASDEK4/packing_result/rodada_1/report.txt
SASDEK4,packing,rodada_2,2.302224,2.090271,2.3022,YES,2.0,50.0,0.14,1401.0,,2,,SASDEK4/packing_result/rodada_2/report.txt
SASDEK4,packing,rodada_3,2.776176,2.449331,2.7762,YES,2.0,50.0,0.14,1401.0,,2,,SASDEK4/packing_result/rodada_3/report.txt
SASDEK6,packing,rodada_1,11.772758,11.383542,11.7728,YES,2.0,50.0,0.04,384.0,,2,,SASDEK6/packing_result/rodada_1/report.txt
SASDEK6,packing,rodada_2,11.89938,11.487628,11.8994,YES,2.0,50.0,0.05,384.0,,2,,SASDEK6/packing_result/rodada_2/report.txt
SASDEK6,packing,rodada_3,8.564234,7.098772,8.3516,YES,2.0,50.0,0.04,384.0,,2,,SASDEK6/packing_result/rodada_3/report.txt
SASDEK8,single,rodada_1,4.145353,,,,,,1.34,3719.0,1.0,,SASDEK8_fit1_model1.pdb,SASDEK8/single_result/rodada_1/report.txt
SASDEK8,single,rodada_2,4.145353,,,,,,1.34,3719.0,1.0,,SASDEK8_fit1_model1.pdb,SASDEK8/single_result/rodada_2/report.txt
SASDEK8,single,rodada_3,4.145353,,,,,,1.35,3719.0,1.0,,SASDEK8_fit1_model1.pdb,SASDEK8/single_result/rodada_3/report.txt
SASDEL3,single,rodada_1,5.654156,,,,,,0.56,308.0,1.0,,SASDEL3_fit1_model1.pdb,SASDEL3/single_result/rodada_1/report.txt
SASDEL3,single,rodada_2,5.654156,,,,,,0.56,308.0,1.0,,SASDEL3_fit1_model1.pdb,SASDEL3/single_result/rodada_2/report.txt
SASDEL3,single,rodada_3,5.654156,,,,,,0.56,308.0,1.0,,SASDEL3_fit1_model1.pdb,SASDEL3/single_result/rodada_3/report.txt
SASDEL4,single,rodada_1,9.89331,,,,,,0.06,327.0,1.0,,SASDEL4_fit1_model1.pdb,SASDEL4/single_result/rodada_1/report.txt
SASDEL4,single,rodada_2,9.89331,,,,,,0.06,327.0,1.0,,SASDEL4_fit1_model1.pdb,SASDEL4/single_result/rodada_2/report.txt
SASDEL4,single,rodada_3,9.89331,,,,,,0.06,327.0,1.0,,SASDEL4_fit1_model1.pdb,SASDEL4/single_result/rodada_3/report.txt
SASDEL6,packing,rodada_1,3.710391,3.599355,3.7104,YES,2.0,50.0,0.52,1145.0,,2,,SASDEL6/packing_result/rodada_1/report.txt
SASDEL6,packing,rodada_2,3.258871,2.824025,3.2589,YES,2.0,50.0,0.54,1145.0,,2,,SASDEL6/packing_result/rodada_2/report.txt
SASDEL6,packing,rodada_3,3.465854,3.100223,3.4659,YES,2.0,50.0,0.51,1145.0,,2,,SASDEL6/packing_result/rodada_3/report.txt
SASDEL8,packing,rodada_1,8.027988,5.542658,6.8251,YES,2.0,50.0,0.55,301.0,,2,,SASDEL8/packing_result/rodada_1/report.txt
SASDEL8,packing,rodada_2,8.041727,5.352082,6.9889,YES,2.0,50.0,0.54,301.0,,2,,SASDEL8/packing_result/rodada_2/report.txt
SASDEL8,packing,rodada_3,9.395811,5.956403,7.0028,YES,2.0,50.0,0.55,301.0,,2,,SASDEL8/packing_result/rodada_3/report.txt
SASDEL9,packing,rodada_1,5.142816,5.082037,5.1428,YES,2.0,50.0,0.88,1153.0,,2,,SASDEL9/packing_result/rodada_1/report.txt
SASDEL9,packing,rodada_2,6.023078,5.696408,6.0231,YES,2.0,50.0,0.88,1153.0,,2,,SASDEL9/packing_result/rodada_2/report.txt
SASDEL9,packing,rodada_3,5.506928,5.217957,5.5069,YES,2.0,50.0,0.84,1153.0,,2,,SASDEL9/packing_result/rodada_3/report.txt
SASDEM2,packing,rodada_1,4.497246,3.332972,4.4972,YES,6.0,50.0,0.14,222.0,,6,,SASDEM2/packing_result/rodada_1/report.txt
SASDEM2,packing,rodada_2,4.253821,2.914986,4.2358,YES,6.0,50.0,0.15,222.0,,6,,SASDEM2/packing_result/rodada_2/report.txt
SASDEM2,packing,rodada_3,4.556839,3.15148,4.5568,YES,6.0,50.0,0.14,222.0,,6,,SASDEM2/packing_result/rodada_3/report.txt
SASDEM3,single,rodada_1,2.534578,,,,,,1.37,1271.0,1.0,,SASDEM3_fit1_model1.pdb,SASDEM3/single_result/rodada_1/report.txt
SASDEM3,single,rodada_2,2.534578,,,,,,1.37,1271.0,1.0,,SASDEM3_fit1_model1.pdb,SASDEM3/single_result/rodada_2/report.txt
SASDEM3,single,rodada_3,2.534578,,,,,,1.37,1271.0,1.0,,SASDEM3_fit1_model1.pdb,SASDEM3/single_result/rodada_3/report.txt
SASDEM4,single,rodada_1,8.763233,,,,,,1.1,1125.0,1.0,,SASDEM4_fit1_model1.pdb,SASDEM4/single_result/rodada_1/report.txt
SASDEM4,single,rodada_2,8.763233,,,,,,1.1,1125.0,1.0,,SASDEM4_fit1_model1.pdb,SASDEM4/single_result/rodada_2/report.txt
SASDEM4,single,rodada_3,8.763233,,,,,,1.09,1125.0,1.0,,SASDEM4_fit1_model1.pdb,SASDEM4/single_result/rodada_3/report.txt
SASDEM6,single,rodada_1,3.464861,,,,,,1.05,1213.0,1.0,,SASDEM6_fit1_model1.pdb,SASDEM6/single_result/rodada_1/report.txt
SASDEM6,single,rodada_2,3.464861,,,,,,1.04,1213.0,1.0,,SASDEM6_fit1_model1.pdb,SASDEM6/single_result/rodada_2/report.txt
SASDEM6,single,rodada_3,3.464861,,,,,,1.05,1213.0,1.0,,SASDEM6_fit1_model1.pdb,SASDEM6/single_result/rodada_3/report.txt
SASDEM8,packing,rodada_1,9.980333,6.145402,6.8319,YES,2.0,50.0,0.55,280.0,,2,,SASDEM8/packing_result/rodada_1/report.txt
SASDEM8,packing,rodada_2,8.840607,12.958976,8.8406,NO,2.0,50.0,0.55,280.0,,2,,SASDEM8/packing_result/rodada_2/report.txt
SASDEM8,packing,rodada_3,7.534567,7.511456,7.5346,YES,2.0,50.0,0.55,280.0,,2,,SASDEM8/packing_result/rodada_3/report.txt
SASDEM9,packing,rodada_1,8.12394,7.869286,8.1239,YES,2.0,50.0,1.8,960.0,,2,,SASDEM9/packing_result/rodada_1/report.txt
SASDEM9,packing,rodada_2,7.539403,7.052103,7.5394,YES,2.0,50.0,1.78,960.0,,2,,SASDEM9/packing_result/rodada_2/report.txt
SASDEM9,packing,rodada_3,12.948011,8.751069,10.7468,YES,2.0,50.0,1.85,960.0,,2,,SASDEM9/packing_result/rodada_3/report.txt
SASDEN3,single,rodada_1,9.760921,,,,,,0.12,937.0,1.0,,SASDEN3_fit1_model1.pdb,SASDEN3/single_result/rodada_1/report.txt
SASDEN3,single,rodada_2,9.760921,,,,,,0.12,937.0,1.0,,SASDEN3_fit1_model1.pdb,SASDEN3/single_result/rodada_2/report.txt
SASDEN3,single,rodada_3,9.760921,,,,,,0.12,937.0,1.0,,SASDEN3_fit1_model1.pdb,SASDEN3/single_result/rodada_3/report.txt
SASDEN4,single,rodada_1,3.59358,,,,,,0.77,1227.0,1.0,,SASDEN4_fit1_model1.pdb,SASDEN4/single_result/rodada_1/report.txt
SASDEN4,single,rodada_2,3.59358,,,,,,0.77,1227.0,1.0,,SASDEN4_fit1_model1.pdb,SASDEN4/single_result/rodada_2/report.txt
SASDEN4,single,rodada_3,3.59358,,,,,,0.77,1227.0,1.0,,SASDEN4_fit1_model1.pdb,SASDEN4/single_result/rodada_3/report.txt
SASDEN6,packing,rodada_1,3.064303,2.773316,3.0643,YES,2.0,50.0,0.52,1128.0,,2,,SASDEN6/packing_result/rodada_1/report.txt
SASDEN6,packing,rodada_2,3.40257,2.718422,3.4026,YES,2.0,50.0,0.51,1128.0,,2,,SASDEN6/packing_result/rodada_2/report.txt
SASDEN6,packing,rodada_3,3.366579,3.052706,3.3666,YES,2.0,50.0,0.52,1128.0,,2,,SASDEN6/packing_result/rodada_3/report.txt
SASDEN9,packing,rodada_1,4.075656,2.842347,4.0757,YES,3.0,50.0,0.64,2283.0,,3,,SASDEN9/packing_result/rodada_1/report.txt
SASDEN9,packing,rodada_2,4.204962,3.370928,4.205,YES,3.0,50.0,0.63,2283.0,,3,,SASDEN9/packing_result/rodada_2/report.txt
SASDEN9,packing,rodada_3,4.445446,3.729767,4.4454,YES,3.0,50.0,0.64,2283.0,,3,,SASDEN9/packing_result/rodada_3/report.txt
SASDEP2,packing,rodada_1,4.549133,3.315316,4.5491,YES,4.0,50.0,0.11,180.0,,4,,SASDEP2/packing_result/rodada_1/report.txt
SASDEP2,packing,rodada_2,3.883886,3.049147,3.8839,YES,4.0,50.0,0.11,180.0,,4,,SASDEP2/packing_result/rodada_2/report.txt
SASDEP2,packing,rodada_3,3.569034,2.779632,3.569,YES,4.0,50.0,0.11,180.0,,4,,SASDEP2/packing_result/rodada_3/report.txt
SASDEP3,packing,rodada_1,22.597269,9.146468,9.1705,YES,2.0,50.0,1.34,1321.0,,2,,SASDEP3/packing_result/rodada_1/report.txt
SASDEP3,packing,rodada_2,23.38087,11.396119,11.4293,YES,2.0,50.0,1.4,1321.0,,2,,SASDEP3/packing_result/rodada_2/report.txt
SASDEP3,packing,rodada_3,22.980089,11.093561,11.128,YES,2.0,50.0,1.36,1321.0,,2,,SASDEP3/packing_result/rodada_3/report.txt
SASDEP4,single,rodada_1,3.849715,,,,,,0.7,907.0,1.0,,SASDEP4_fit1_model1.pdb,SASDEP4/single_result/rodada_1/report.txt
SASDEP4,single,rodada_2,3.849715,,,,,,0.7,907.0,1.0,,SASDEP4_fit1_model1.pdb,SASDEP4/single_result/rodada_2/report.txt
SASDEP4,single,rodada_3,3.849715,,,,,,0.7,907.0,1.0,,SASDEP4_fit1_model1.pdb,SASDEP4/single_result/rodada_3/report.txt
SASDEP6,packing,rodada_1,3.497405,2.669286,3.3877,YES,2.0,50.0,0.55,1383.0,,2,,SASDEP6/packing_result/rodada_1/report.txt
SASDEP6,packing,rodada_2,3.649999,2.929413,3.65,YES,2.0,50.0,0.55,1383.0,,2,,SASDEP6/packing_result/rodada_2/report.txt
SASDEP6,packing,rodada_3,3.056416,2.363355,3.0564,YES,2.0,50.0,0.54,1383.0,,2,,SASDEP6/packing_result/rodada_3/report.txt
SASDEP7,single,rodada_1,2.767343,,,,,,0.51,1154.0,1.0,,SASDEP7_fit1_model1.pdb,SASDEP7/single_result/rodada_1/report.txt
SASDEP7,single,rodada_2,2.767343,,,,,,0.5,1154.0,1.0,,SASDEP7_fit1_model1.pdb,SASDEP7/single_result/rodada_2/report.txt
SASDEP7,single,rodada_3,2.767343,,,,,,0.5,1154.0,1.0,,SASDEP7_fit1_model1.pdb,SASDEP7/single_result/rodada_3/report.txt
SASDEP9,packing,rodada_1,4.92663,4.038772,4.9266,YES,6.0,50.0,1.15,5732.0,,6,,SASDEP9/packing_result/rodada_1/report.txt
SASDEP9,packing,rodada_2,4.391632,4.175022,4.3916,YES,6.0,50.0,1.13,5732.0,,6,,SASDEP9/packing_result/rodada_2/report.txt
SASDEP9,packing,rodada_3,6.767005,6.251872,6.767,YES,6.0,50.0,1.14,5732.0,,6,,SASDEP9/packing_result/rodada_3/report.txt
SASDEQ3,packing,rodada_1,11.266093,5.957014,7.0596,YES,3.0,50.0,1.76,1387.0,,3,,SASDEQ3/packing_result/rodada_1/report.txt
SASDEQ3,packing,rodada_2,11.725405,7.193083,7.1144,YES,3.0,50.0,1.73,1387.0,,3,,SASDEQ3/packing_result/rodada_2/report.txt
SASDEQ3,packing,rodada_3,11.374944,6.13954,7.1876,YES,3.0,50.0,1.74,1387.0,,3,,SASDEQ3/packing_result/rodada_3/report.txt
SASDEQ4,single,rodada_1,3.874834,,,,,,1.1,2367.0,1.0,,SASDEQ4_fit1_model1.pdb,SASDEQ4/single_result/rodada_1/report.txt
SASDEQ4,single,rodada_2,3.874834,,,,,,1.09,2367.0,1.0,,SASDEQ4_fit1_model1.pdb,SASDEQ4/single_result/rodada_2/report.txt
SASDEQ4,single,rodada_3,3.874834,,,,,,1.1,2367.0,1.0,,SASDEQ4_fit1_model1.pdb,SASDEQ4/single_result/rodada_3/report.txt
SASDEQ6,single,rodada_1,3.737909,,,,,,1.13,1192.0,1.0,,SASDEQ6_fit1_model1.pdb,SASDEQ6/single_result/rodada_1/report.txt
SASDEQ6,single,rodada_2,3.737909,,,,,,1.09,1192.0,1.0,,SASDEQ6_fit1_model1.pdb,SASDEQ6/single_result/rodada_2/report.txt
SASDEQ6,single,rodada_3,3.737909,,,,,,1.1,1192.0,1.0,,SASDEQ6_fit1_model1.pdb,SASDEQ6/single_result/rodada_3/report.txt
SASDEQ7,single,rodada_1,2.3912,,,,,,0.51,1152.0,1.0,,SASDEQ7_fit1_model1.pdb,SASDEQ7/single_result/rodada_1/report.txt
SASDEQ7,single,rodada_2,2.3912,,,,,,0.51,1152.0,1.0,,SASDEQ7_fit1_model1.pdb,SASDEQ7/single_result/rodada_2/report.txt
SASDEQ7,single,rodada_3,2.3912,,,,,,0.51,1152.0,1.0,,SASDEQ7_fit1_model1.pdb,SASDEQ7/single_result/rodada_3/report.txt
SASDEQ9,packing,rodada_1,7.676151,7.275667,7.6762,YES,4.0,50.0,1.53,4346.0,,4,,SASDEQ9/packing_result/rodada_1/report.txt
SASDEQ9,packing,rodada_2,4.008523,4.172744,3.9821,NO,4.0,50.0,1.5,4346.0,,4,,SASDEQ9/packing_result/rodada_2/report.txt
SASDEQ9,packing,rodada_3,3.632597,4.122534,3.6326,NO,4.0,50.0,1.5,4346.0,,4,,SASDEQ9/packing_result/rodada_3/report.txt
SASDER2,packing,rodada_1,5.610373,4.195574,5.6104,YES,4.0,50.0,0.19,227.0,,4,,SASDER2/packing_result/rodada_1/report.txt
SASDER2,packing,rodada_2,8.0614,4.401245,6.6952,YES,4.0,50.0,0.19,227.0,,4,,SASDER2/packing_result/rodada_2/report.txt
SASDER2,packing,rodada_3,9.8133,4.716346,6.6957,YES,4.0,50.0,0.19,227.0,,4,,SASDER2/packing_result/rodada_3/report.txt
SASDER3,packing,rodada_1,10.751088,7.869832,8.6682,YES,2.0,50.0,1.29,315.0,,2,,SASDER3/packing_result/rodada_1/report.txt
SASDER3,packing,rodada_2,11.184796,7.919698,8.6669,YES,2.0,50.0,1.31,315.0,,2,,SASDER3/packing_result/rodada_2/report.txt
SASDER3,packing,rodada_3,12.237623,7.904533,8.6693,YES,2.0,50.0,1.3,315.0,,2,,SASDER3/packing_result/rodada_3/report.txt
SASDER4,packing,rodada_1,6.221638,6.221638,6.2216,NO,1.0,50.0,0.32,648.0,,1,,SASDER4/packing_result/rodada_1/report.txt
SASDER4,packing,rodada_2,4.570025,4.570025,4.57,NO,1.0,50.0,0.33,648.0,,1,,SASDER4/packing_result/rodada_2/report.txt
SASDER4,packing,rodada_3,6.316253,6.316253,6.3163,NO,1.0,50.0,0.33,648.0,,1,,SASDER4/packing_result/rodada_3/report.txt
SASDER6,packing,rodada_1,4.023813,3.806837,4.0238,YES,2.0,50.0,0.53,1276.0,,2,,SASDER6/packing_result/rodada_1/report.txt
SASDER6,packing,rodada_2,3.77172,2.378131,3.021,YES,2.0,50.0,0.53,1276.0,,2,,SASDER6/packing_result/rodada_2/report.txt
SASDER6,packing,rodada_3,3.299663,2.778162,3.2997,YES,2.0,50.0,0.55,1276.0,,2,,SASDER6/packing_result/rodada_3/report.txt
SASDES5,single,rodada_1,2.065432,,,,,,0.29,1492.0,1.0,,SASDES5_fit1_model1.pdb,SASDES5/single_result/rodada_1/report.txt
SASDES5,single,rodada_2,2.065432,,,,,,0.29,1492.0,1.0,,SASDES5_fit1_model1.pdb,SASDES5/single_result/rodada_2/report.txt
SASDES5,single,rodada_3,2.065432,,,,,,0.29,1492.0,1.0,,SASDES5_fit1_model1.pdb,SASDES5/single_result/rodada_3/report.txt
SASDES6,packing,rodada_1,4.890747,3.776545,4.4934,YES,3.0,50.0,1.06,1424.0,,3,,SASDES6/packing_result/rodada_1/report.txt
SASDES6,packing,rodada_2,4.499543,3.739937,4.4995,YES,3.0,50.0,1.06,1424.0,,3,,SASDES6/packing_result/rodada_2/report.txt
SASDES6,packing,rodada_3,3.949897,3.287557,3.9499,YES,3.0,50.0,1.05,1424.0,,3,,SASDES6/packing_result/rodada_3/report.txt
SASDES7,single,rodada_1,6.658859,,,,,,1.92,5876.0,1.0,,SASDES7_fit1_model1.pdb,SASDES7/single_result/rodada_1/report.txt
SASDES7,single,rodada_2,6.521669,,,,,,1.87,5876.0,1.0,,SASDES7_fit1_model1.pdb,SASDES7/single_result/rodada_2/report.txt
SASDES7,single,rodada_3,6.567848,,,,,,1.87,5876.0,1.0,,SASDES7_fit1_model1.pdb,SASDES7/single_result/rodada_3/report.txt
SASDET2,packing,rodada_1,7.016325,3.484266,5.4684,YES,6.0,50.0,0.3,1375.0,,6,,SASDET2/packing_result/rodada_1/report.txt
SASDET2,packing,rodada_2,6.470713,3.642339,5.452,YES,6.0,50.0,0.31,1375.0,,6,,SASDET2/packing_result/rodada_2/report.txt
SASDET2,packing,rodada_3,6.885534,4.30642,5.7194,YES,6.0,50.0,0.31,1375.0,,6,,SASDET2/packing_result/rodada_3/report.txt
SASDET3,single,rodada_1,5.482753,,,,,,2.04,1867.0,1.0,,SASDET3_fit1_model1.pdb,SASDET3/single_result/rodada_1/report.txt
SASDET3,single,rodada_2,5.482753,,,,,,2.01,1867.0,1.0,,SASDET3_fit1_model1.pdb,SASDET3/single_result/rodada_2/report.txt
SASDET3,single,rodada_3,5.482753,,,,,,2.01,1867.0,1.0,,SASDET3_fit1_model1.pdb,SASDET3/single_result/rodada_3/report.txt
SASDET4,single,rodada_1,7.110138,,,,,,1.44,1509.0,1.0,,SASDET4_fit1_model1.pdb,SASDET4/single_result/rodada_1/report.txt
SASDET4,single,rodada_2,7.110138,,,,,,1.44,1509.0,1.0,,SASDET4_fit1_model1.pdb,SASDET4/single_result/rodada_2/report.txt
SASDET4,single,rodada_3,7.110138,,,,,,1.44,1509.0,1.0,,SASDET4_fit1_model1.pdb,SASDET4/single_result/rodada_3/report.txt
SASDET5,single,rodada_1,5.520448,,,,,,0.12,777.0,1.0,,SASDET5_fit1_model1.pdb,SASDET5/single_result/rodada_1/report.txt
SASDET5,single,rodada_2,5.520448,,,,,,0.12,777.0,1.0,,SASDET5_fit1_model1.pdb,SASDET5/single_result/rodada_2/report.txt
SASDET5,single,rodada_3,5.520448,,,,,,0.12,777.0,1.0,,SASDET5_fit1_model1.pdb,SASDET5/single_result/rodada_3/report.txt
SASDET6,single,rodada_1,9.939065,,,,,,0.09,492.0,1.0,,SASDET6_fit1_model1.pdb,SASDET6/single_result/rodada_1/report.txt
SASDET6,single,rodada_2,9.939065,,,,,,0.09,492.0,1.0,,SASDET6_fit1_model1.pdb,SASDET6/single_result/rodada_2/report.txt
SASDET6,single,rodada_3,9.939065,,,,,,0.09,492.0,1.0,,SASDET6_fit1_model1.pdb,SASDET6/single_result/rodada_3/report.txt
SASDET7,single,rodada_1,6.920793,,,,,,0.7,745.0,1.0,,SASDET7_fit1_model1.pdb,SASDET7/single_result/rodada_1/report.txt
SASDET7,single,rodada_2,6.920793,,,,,,0.7,745.0,1.0,,SASDET7_fit1_model1.pdb,SASDET7/single_result/rodada_2/report.txt
SASDET7,single,rodada_3,6.920793,,,,,,0.69,745.0,1.0,,SASDET7_fit1_model1.pdb,SASDET7/single_result/rodada_3/report.txt
SASDET9,single,rodada_1,8.026647,,,,,,0.72,6099.0,1.0,,SASDET9_fit1_model1.pdb,SASDET9/single_result/rodada_1/report.txt
SASDET9,single,rodada_2,8.004421,,,,,,0.72,6099.0,1.0,,SASDET9_fit1_model1.pdb,SASDET9/single_result/rodada_2/report.txt
SASDET9,single,rodada_3,7.219028,,,,,,0.74,6099.0,1.0,,SASDET9_fit1_model1.pdb,SASDET9/single_result/rodada_3/report.txt
SASDEU3,packing,rodada_1,26.293925,12.642228,12.7584,YES,2.0,50.0,1.78,1214.0,,2,,SASDEU3/packing_result/rodada_1/report.txt
SASDEU3,packing,rodada_2,25.997771,16.855051,16.8727,YES,2.0,50.0,1.79,1214.0,,2,,SASDEU3/packing_result/rodada_2/report.txt
SASDEU3,packing,rodada_3,25.681695,10.467358,10.4864,YES,2.0,50.0,1.79,1214.0,,2,,SASDEU3/packing_result/rodada_3/report.txt
SASDEU5,packing,rodada_1,10.762223,4.022226,5.4369,YES,3.0,50.0,0.22,1114.0,,3,,SASDEU5/packing_result/rodada_1/report.txt
SASDEU5,packing,rodada_2,10.675296,4.51102,5.686,YES,3.0,50.0,0.21,1114.0,,3,,SASDEU5/packing_result/rodada_2/report.txt
SASDEU5,packing,rodada_3,10.739495,4.434314,5.5713,YES,3.0,50.0,0.21,1114.0,,3,,SASDEU5/packing_result/rodada_3/report.txt
SASDEU6,single,rodada_1,10.131277,,,,,,0.1,530.0,1.0,,SASDEU6_fit1_model1.pdb,SASDEU6/single_result/rodada_1/report.txt
SASDEU6,single,rodada_2,10.131277,,,,,,0.1,530.0,1.0,,SASDEU6_fit1_model1.pdb,SASDEU6/single_result/rodada_2/report.txt
SASDEU6,single,rodada_3,10.131277,,,,,,0.1,530.0,1.0,,SASDEU6_fit1_model1.pdb,SASDEU6/single_result/rodada_3/report.txt
SASDEU9,single,rodada_1,7.280948,,,,,,0.43,1457.0,1.0,,SASDEU9_fit1_model1.pdb,SASDEU9/single_result/rodada_1/report.txt
SASDEU9,single,rodada_2,7.280948,,,,,,0.42,1457.0,1.0,,SASDEU9_fit1_model1.pdb,SASDEU9/single_result/rodada_2/report.txt
SASDEU9,single,rodada_3,7.280948,,,,,,0.42,1457.0,1.0,,SASDEU9_fit1_model1.pdb,SASDEU9/single_result/rodada_3/report.txt
SASDEV2,packing,rodada_1,5.425263,3.331896,5.4253,YES,6.0,50.0,0.18,225.0,,6,,SASDEV2/packing_result/rodada_1/report.txt
SASDEV2,packing,rodada_2,4.625845,3.751222,4.6258,YES,6.0,50.0,0.19,225.0,,6,,SASDEV2/packing_result/rodada_2/report.txt
SASDEV2,packing,rodada_3,4.794361,4.081714,4.7944,YES,6.0,50.0,0.19,225.0,,6,,SASDEV2/packing_result/rodada_3/report.txt
SASDEV3,packing,rodada_1,8.228831,6.591839,5.76,YES,3.0,50.0,1.92,1754.0,,3,,SASDEV3/packing_result/rodada_1/report.txt
SASDEV3,packing,rodada_2,8.560576,7.93672,6.8736,YES,3.0,50.0,1.88,1754.0,,3,,SASDEV3/packing_result/rodada_2/report.txt
SASDEV3,packing,rodada_3,8.606499,6.610962,5.7741,YES,3.0,50.0,1.9,1754.0,,3,,SASDEV3/packing_result/rodada_3/report.txt
SASDEV5,packing,rodada_1,10.605335,9.952917,10.6053,YES,2.0,50.0,0.19,1012.0,,2,,SASDEV5/packing_result/rodada_1/report.txt
SASDEV5,packing,rodada_2,10.227151,9.455728,10.2272,YES,2.0,50.0,0.19,1012.0,,2,,SASDEV5/packing_result/rodada_2/report.txt
SASDEV5,packing,rodada_3,9.364657,9.05834,9.3647,YES,2.0,50.0,0.19,1012.0,,2,,SASDEV5/packing_result/rodada_3/report.txt
SASDEV6,packing,rodada_1,33.92849,34.821167,33.9285,NO,2.0,50.0,0.6,102.0,,2,,SASDEV6/packing_result/rodada_1/report.txt
SASDEV6,packing,rodada_2,33.885432,34.9838,33.8854,NO,2.0,50.0,0.62,102.0,,2,,SASDEV6/packing_result/rodada_2/report.txt
SASDEV6,packing,rodada_3,33.540568,34.908761,33.5406,NO,2.0,50.0,0.6,102.0,,2,,SASDEV6/packing_result/rodada_3/report.txt
SASDEV7,single,rodada_1,7.860838,,,,,,0.44,501.0,1.0,,SASDEV7_fit1_model1.pdb,SASDEV7/single_result/rodada_1/report.txt
SASDEV7,single,rodada_2,7.860838,,,,,,0.44,501.0,1.0,,SASDEV7_fit1_model1.pdb,SASDEV7/single_result/rodada_2/report.txt
SASDEV7,single,rodada_3,7.860838,,,,,,0.44,501.0,1.0,,SASDEV7_fit1_model1.pdb,SASDEV7/single_result/rodada_3/report.txt
SASDEV9,single,rodada_1,5.525113,,,,,,0.19,2046.0,1.0,,SASDEV9_fit1_model1.pdb,SASDEV9/single_result/rodada_1/report.txt
SASDEV9,single,rodada_2,5.525113,,,,,,0.19,2046.0,1.0,,SASDEV9_fit1_model1.pdb,SASDEV9/single_result/rodada_2/report.txt
SASDEV9,single,rodada_3,5.525113,,,,,,0.19,2046.0,1.0,,SASDEV9_fit1_model1.pdb,SASDEV9/single_result/rodada_3/report.txt
SASDEW3,packing,rodada_1,23.50498,12.575375,13.5071,YES,2.0,50.0,0.1,3438.0,,2,,SASDEW3/packing_result/rodada_1/report.txt
SASDEW3,packing,rodada_2,23.451764,18.580181,21.7261,YES,2.0,50.0,0.1,3438.0,,2,,SASDEW3/packing_result/rodada_2/report.txt
SASDEW3,packing,rodada_3,23.863495,13.515694,14.734,YES,2.0,50.0,0.1,3438.0,,2,,SASDEW3/packing_result/rodada_3/report.txt
SASDEW5,packing,rodada_1,15.700346,5.873566,5.8797,YES,2.0,50.0,0.35,954.0,,2,,SASDEW5/packing_result/rodada_1/report.txt
SASDEW5,packing,rodada_2,15.482208,4.547147,4.5527,YES,2.0,50.0,0.35,954.0,,2,,SASDEW5/packing_result/rodada_2/report.txt
SASDEW5,packing,rodada_3,15.861425,5.46559,5.4696,YES,2.0,50.0,0.35,954.0,,2,,SASDEW5/packing_result/rodada_3/report.txt
SASDEW7,single,rodada_1,4.70987,,,,,,0.52,3936.0,1.0,,SASDEW7_fit1_model1.pdb,SASDEW7/single_result/rodada_1/report.txt
SASDEW7,single,rodada_2,4.70987,,,,,,0.51,3936.0,1.0,,SASDEW7_fit1_model1.pdb,SASDEW7/single_result/rodada_2/report.txt
SASDEW7,single,rodada_3,4.70987,,,,,,0.51,3936.0,1.0,,SASDEW7_fit1_model1.pdb,SASDEW7/single_result/rodada_3/report.txt
SASDEW9,single,rodada_1,8.802704,,,,,,0.33,825.0,1.0,,SASDEW9_fit1_model1.pdb,SASDEW9/single_result/rodada_1/report.txt
SASDEW9,single,rodada_2,8.802704,,,,,,0.32,825.0,1.0,,SASDEW9_fit1_model1.pdb,SASDEW9/single_result/rodada_2/report.txt
SASDEW9,single,rodada_3,8.802704,,,,,,0.32,825.0,1.0,,SASDEW9_fit1_model1.pdb,SASDEW9/single_result/rodada_3/report.txt
SASDEX2,packing,rodada_1,6.910467,4.688603,6.3285,YES,3.0,50.0,0.12,219.0,,3,,SASDEX2/packing_result/rodada_1/report.txt
SASDEX2,packing,rodada_2,7.088928,5.430699,7.0889,YES,3.0,50.0,0.12,219.0,,3,,SASDEX2/packing_result/rodada_2/report.txt
SASDEX2,packing,rodada_3,6.457034,5.830219,6.457,YES,3.0,50.0,0.12,219.0,,3,,SASDEX2/packing_result/rodada_3/report.txt
SASDEX3,packing,rodada_1,20.246405,12.351256,13.6194,YES,2.0,50.0,0.04,314.0,,2,,SASDEX3/packing_result/rodada_1/report.txt
SASDEX3,packing,rodada_2,16.671714,8.30893,8.671,YES,2.0,50.0,0.04,314.0,,2,,SASDEX3/packing_result/rodada_2/report.txt
SASDEX3,packing,rodada_3,17.411784,14.738807,15.839,YES,2.0,50.0,0.04,314.0,,2,,SASDEX3/packing_result/rodada_3/report.txt
SASDEX5,packing,rodada_1,16.800592,7.791929,7.7945,YES,2.0,50.0,0.35,936.0,,2,,SASDEX5/packing_result/rodada_1/report.txt
SASDEX5,packing,rodada_2,16.316436,5.651798,5.6569,YES,2.0,50.0,0.34,936.0,,2,,SASDEX5/packing_result/rodada_2/report.txt
SASDEX5,packing,rodada_3,16.794759,8.059016,8.0623,YES,2.0,50.0,0.35,936.0,,2,,SASDEX5/packing_result/rodada_3/report.txt
SASDEX6,single,rodada_1,5.121639,,,,,,0.14,913.0,1.0,,SASDEX6_fit1_model1.pdb,SASDEX6/single_result/rodada_1/report.txt
SASDEX6,single,rodada_2,5.121639,,,,,,0.13,913.0,1.0,,SASDEX6_fit1_model1.pdb,SASDEX6/single_result/rodada_2/report.txt
SASDEX6,single,rodada_3,5.121639,,,,,,0.13,913.0,1.0,,SASDEX6_fit1_model1.pdb,SASDEX6/single_result/rodada_3/report.txt
SASDEX7,single,rodada_1,4.190539,,,,,,0.54,3947.0,1.0,,SASDEX7_fit1_model1.pdb,SASDEX7/single_result/rodada_1/report.txt
SASDEX7,single,rodada_2,4.190539,,,,,,0.54,3947.0,1.0,,SASDEX7_fit1_model1.pdb,SASDEX7/single_result/rodada_2/report.txt
SASDEX7,single,rodada_3,4.190539,,,,,,0.54,3947.0,1.0,,SASDEX7_fit1_model1.pdb,SASDEX7/single_result/rodada_3/report.txt
SASDEX9,packing,rodada_1,2.822535,2.521272,2.8225,YES,2.0,50.0,1.11,1735.0,,2,,SASDEX9/packing_result/rodada_1/report.txt
SASDEX9,packing,rodada_2,2.728845,2.490667,2.7288,YES,2.0,50.0,1.11,1735.0,,2,,SASDEX9/packing_result/rodada_2/report.txt
SASDEX9,packing,rodada_3,2.724103,2.474022,2.7241,YES,2.0,50.0,1.1,1735.0,,2,,SASDEX9/packing_result/rodada_3/report.txt
SASDEY3,packing,rodada_1,2.790152,2.664223,2.7902,YES,3.0,50.0,0.23,681.0,,3,,SASDEY3/packing_result/rodada_1/report.txt
SASDEY3,packing,rodada_2,2.626469,2.641792,2.6265,NO,3.0,50.0,0.22,681.0,,3,,SASDEY3/packing_result/rodada_2/report.txt
SASDEY3,packing,rodada_3,2.651359,2.664418,2.6514,NO,3.0,50.0,0.23,681.0,,3,,SASDEY3/packing_result/rodada_3/report.txt
SASDEY5,packing,rodada_1,26.681397,5.61834,5.6297,YES,2.0,50.0,0.7,3757.0,,2,,SASDEY5/packing_result/rodada_1/report.txt
SASDEY5,packing,rodada_2,26.590029,5.772588,5.889,YES,2.0,50.0,0.68,3757.0,,2,,SASDEY5/packing_result/rodada_2/report.txt
SASDEY5,packing,rodada_3,26.421361,5.777304,5.9253,YES,2.0,50.0,0.69,3757.0,,2,,SASDEY5/packing_result/rodada_3/report.txt
SASDEY6,packing,rodada_1,5.78937,5.619222,5.7894,YES,2.0,50.0,0.77,1606.0,,2,,SASDEY6/packing_result/rodada_1/report.txt
SASDEY6,packing,rodada_2,4.82945,4.68625,4.8295,YES,2.0,50.0,0.73,1606.0,,2,,SASDEY6/packing_result/rodada_2/report.txt
SASDEY6,packing,rodada_3,5.904896,5.730933,5.9049,YES,2.0,50.0,0.73,1606.0,,2,,SASDEY6/packing_result/rodada_3/report.txt
SASDEY7,single,rodada_1,3.127769,,,,,,0.58,4278.0,1.0,,SASDEY7_fit1_model1.pdb,SASDEY7/single_result/rodada_1/report.txt
SASDEY7,single,rodada_2,3.127769,,,,,,0.57,4278.0,1.0,,SASDEY7_fit1_model1.pdb,SASDEY7/single_result/rodada_2/report.txt
SASDEY7,single,rodada_3,3.127769,,,,,,0.57,4278.0,1.0,,SASDEY7_fit1_model1.pdb,SASDEY7/single_result/rodada_3/report.txt
SASDEY9,packing,rodada_1,2.019717,1.821435,2.0197,YES,4.0,50.0,0.33,4707.0,,4,,SASDEY9/packing_result/rodada_1/report.txt
SASDEY9,packing,rodada_2,4.007083,1.894739,2.1808,YES,4.0,50.0,0.34,4707.0,,4,,SASDEY9/packing_result/rodada_2/report.txt
SASDEY9,packing,rodada_3,2.139635,1.883486,2.1396,YES,4.0,50.0,0.33,4707.0,,4,,SASDEY9/packing_result/rodada_3/report.txt
SASDEZ2,packing,rodada_1,8.149262,4.693182,6.3179,YES,4.0,50.0,0.19,310.0,,4,,SASDEZ2/packing_result/rodada_1/report.txt
SASDEZ2,packing,rodada_2,4.740417,3.814536,4.7404,YES,4.0,50.0,0.19,310.0,,4,,SASDEZ2/packing_result/rodada_2/report.txt
SASDEZ2,packing,rodada_3,8.132355,4.614896,6.4234,YES,4.0,50.0,0.19,310.0,,4,,SASDEZ2/packing_result/rodada_3/report.txt
SASDEZ3,packing,rodada_1,2.589338,2.361771,2.5893,YES,4.0,50.0,0.23,825.0,,4,,SASDEZ3/packing_result/rodada_1/report.txt
SASDEZ3,packing,rodada_2,2.63875,2.407769,2.5976,YES,4.0,50.0,0.23,825.0,,4,,SASDEZ3/packing_result/rodada_2/report.txt
SASDEZ3,packing,rodada_3,2.48222,2.390257,2.4822,YES,4.0,50.0,0.23,825.0,,4,,SASDEZ3/packing_result/rodada_3/report.txt
SASDEZ5,packing,rodada_1,7.929388,5.188487,6.095,YES,2.0,50.0,0.68,3756.0,,2,,SASDEZ5/packing_result/rodada_1/report.txt
SASDEZ5,packing,rodada_2,6.225719,5.055731,6.2257,YES,2.0,50.0,0.67,3756.0,,2,,SASDEZ5/packing_result/rodada_2/report.txt
SASDEZ5,packing,rodada_3,5.911789,4.98122,5.9118,YES,2.0,50.0,0.67,3756.0,,2,,SASDEZ5/packing_result/rodada_3/report.txt
SASDEZ6,packing,rodada_1,2.695912,2.563495,2.6959,YES,2.0,50.0,0.27,839.0,,2,,SASDEZ6/packing_result/rodada_1/report.txt
SASDEZ6,packing,rodada_2,4.399531,4.267195,4.3995,YES,2.0,50.0,0.22,839.0,,2,,SASDEZ6/packing_result/rodada_2/report.txt
SASDEZ6,packing,rodada_3,5.34836,4.02561,5.3484,YES,2.0,50.0,0.21,839.0,,2,,SASDEZ6/packing_result/rodada_3/report.txt
SASDEZ7,single,rodada_1,5.021511,,,,,,0.56,4215.0,1.0,,SASDEZ7_fit1_model1.pdb,SASDEZ7/single_result/rodada_1/report.txt
SASDEZ7,single,rodada_2,5.021511,,,,,,0.56,4215.0,1.0,,SASDEZ7_fit1_model1.pdb,SASDEZ7/single_result/rodada_2/report.txt
SASDEZ7,single,rodada_3,5.021511,,,,,,0.56,4215.0,1.0,,SASDEZ7_fit1_model1.pdb,SASDEZ7/single_result/rodada_3/report.txt
SASDEZ8,packing,rodada_1,7.92408,7.189986,7.9241,YES,2.0,50.0,0.49,1531.0,,2,,SASDEZ8/packing_result/rodada_1/report.txt
SASDEZ8,packing,rodada_2,7.760459,7.642281,7.7605,YES,2.0,50.0,0.5,1531.0,,2,,SASDEZ8/packing_result/rodada_2/report.txt
SASDEZ8,packing,rodada_3,7.663517,6.67943,7.5113,YES,2.0,50.0,0.5,1531.0,,2,,SASDEZ8/packing_result/rodada_3/report.txt
SASDEZ9,packing,rodada_1,4.785268,4.537509,4.7853,YES,3.0,50.0,0.52,1238.0,,3,,SASDEZ9/packing_result/rodada_1/report.txt
SASDEZ9,packing,rodada_2,4.679908,4.242409,4.6799,YES,3.0,50.0,0.52,1238.0,,3,,SASDEZ9/packing_result/rodada_2/report.txt
SASDEZ9,packing,rodada_3,5.187977,4.275652,5.188,YES,3.0,50.0,0.52,1238.0,,3,,SASDEZ9/packing_result/rodada_3/report.txt
SASDF24,single,rodada_1,4.775704,,,,,,1.5,1636.0,1.0,,SASDF24_fit1_model1.pdb,SASDF24/single_result/rodada_1/report.txt
SASDF24,single,rodada_2,4.775704,,,,,,1.5,1636.0,1.0,,SASDF24_fit1_model1.pdb,SASDF24/single_result/rodada_2/report.txt
SASDF24,single,rodada_3,4.775704,,,,,,1.5,1636.0,1.0,,SASDF24_fit1_model1.pdb,SASDF24/single_result/rodada_3/report.txt
SASDF26,single,rodada_1,20.375748,,,,,,0.58,1669.0,1.0,,SASDF26_fit1_model1.pdb,SASDF26/single_result/rodada_1/report.txt
SASDF26,single,rodada_2,20.375748,,,,,,0.57,1669.0,1.0,,SASDF26_fit1_model1.pdb,SASDF26/single_result/rodada_2/report.txt
SASDF26,single,rodada_3,20.375748,,,,,,0.57,1669.0,1.0,,SASDF26_fit1_model1.pdb,SASDF26/single_result/rodada_3/report.txt
SASDF27,single,rodada_1,6.975586,,,,,,0.06,182.0,1.0,,SASDF27_fit1_model1.pdb,SASDF27/single_result/rodada_1/report.txt
SASDF27,single,rodada_2,6.975586,,,,,,0.06,182.0,1.0,,SASDF27_fit1_model1.pdb,SASDF27/single_result/rodada_2/report.txt
SASDF27,single,rodada_3,6.975586,,,,,,0.06,182.0,1.0,,SASDF27_fit1_model1.pdb,SASDF27/single_result/rodada_3/report.txt
SASDF29,single,rodada_1,3.159083,,,,,,0.32,1071.0,1.0,,SASDF29_fit1_model1.pdb,SASDF29/single_result/rodada_1/report.txt
SASDF29,single,rodada_2,3.159083,,,,,,0.32,1071.0,1.0,,SASDF29_fit1_model1.pdb,SASDF29/single_result/rodada_2/report.txt
SASDF29,single,rodada_3,3.159083,,,,,,0.32,1071.0,1.0,,SASDF29_fit1_model1.pdb,SASDF29/single_result/rodada_3/report.txt
SASDF33,packing,rodada_1,11.122868,4.253371,4.7787,YES,2.0,50.0,0.37,994.0,,2,,SASDF33/packing_result/rodada_1/report.txt
SASDF33,packing,rodada_2,8.380726,4.38,4.792,YES,2.0,50.0,0.38,994.0,,2,,SASDF33/packing_result/rodada_2/report.txt
SASDF33,packing,rodada_3,8.417097,4.818054,5.8916,YES,2.0,50.0,0.38,994.0,,2,,SASDF33/packing_result/rodada_3/report.txt
SASDF37,single,rodada_1,3.85055,,,,,,0.18,2043.0,1.0,,SASDF37_fit1_model1.pdb,SASDF37/single_result/rodada_1/report.txt
SASDF37,single,rodada_2,3.85055,,,,,,0.18,2043.0,1.0,,SASDF37_fit1_model1.pdb,SASDF37/single_result/rodada_2/report.txt
SASDF37,single,rodada_3,3.85055,,,,,,0.18,2043.0,1.0,,SASDF37_fit1_model1.pdb,SASDF37/single_result/rodada_3/report.txt
SASDF39,single,rodada_1,3.440784,,,,,,0.48,1295.0,1.0,,SASDF39_fit1_model1.pdb,SASDF39/single_result/rodada_1/report.txt
SASDF39,single,rodada_2,3.440784,,,,,,0.48,1295.0,1.0,,SASDF39_fit1_model1.pdb,SASDF39/single_result/rodada_2/report.txt
SASDF39,single,rodada_3,3.440784,,,,,,0.48,1295.0,1.0,,SASDF39_fit1_model1.pdb,SASDF39/single_result/rodada_3/report.txt
SASDF42,single,rodada_1,5.108256,,,,,,1.43,2080.0,1.0,,SASDF42_fit1_model1.pdb,SASDF42/single_result/rodada_1/report.txt
SASDF42,single,rodada_2,5.108256,,,,,,1.43,2080.0,1.0,,SASDF42_fit1_model1.pdb,SASDF42/single_result/rodada_2/report.txt
SASDF42,single,rodada_3,5.108256,,,,,,1.43,2080.0,1.0,,SASDF42_fit1_model1.pdb,SASDF42/single_result/rodada_3/report.txt
SASDF45,single,rodada_1,9.426497,,,,,,1.88,924.0,1.0,,SASDF45_fit1_model1.pdb,SASDF45/single_result/rodada_1/report.txt
SASDF45,single,rodada_2,9.426497,,,,,,1.86,924.0,1.0,,SASDF45_fit1_model1.pdb,SASDF45/single_result/rodada_2/report.txt
SASDF45,single,rodada_3,9.426497,,,,,,1.86,924.0,1.0,,SASDF45_fit1_model1.pdb,SASDF45/single_result/rodada_3/report.txt
SASDF47,single,rodada_1,3.838472,,,,,,0.28,3563.0,1.0,,SASDF47_fit1_model1.pdb,SASDF47/single_result/rodada_1/report.txt
SASDF47,single,rodada_2,3.838472,,,,,,0.28,3563.0,1.0,,SASDF47_fit1_model1.pdb,SASDF47/single_result/rodada_2/report.txt
SASDF47,single,rodada_3,3.838472,,,,,,0.28,3563.0,1.0,,SASDF47_fit1_model1.pdb,SASDF47/single_result/rodada_3/report.txt
SASDF52,packing,rodada_1,4.45957,3.625385,4.4596,YES,4.0,50.0,0.32,857.0,,4,,SASDF52/packing_result/rodada_1/report.txt
SASDF52,packing,rodada_2,6.460885,3.77624,5.1775,YES,4.0,50.0,0.32,857.0,,4,,SASDF52/packing_result/rodada_2/report.txt
SASDF52,packing,rodada_3,5.791895,3.609493,4.8943,YES,4.0,50.0,0.31,857.0,,4,,SASDF52/packing_result/rodada_3/report.txt
SASDF53,packing,rodada_1,2.641448,2.353049,2.6414,YES,2.0,50.0,0.19,1534.0,,2,,SASDF53/packing_result/rodada_1/report.txt
SASDF53,packing,rodada_2,2.487776,2.149223,2.4878,YES,2.0,50.0,0.19,1534.0,,2,,SASDF53/packing_result/rodada_2/report.txt
SASDF53,packing,rodada_3,2.456269,2.271464,2.4563,YES,2.0,50.0,0.19,1534.0,,2,,SASDF53/packing_result/rodada_3/report.txt
SASDF55,single,rodada_1,3.309649,,,,,,2.01,3129.0,1.0,,SASDF55_fit1_model1.pdb,SASDF55/single_result/rodada_1/report.txt
SASDF55,single,rodada_2,3.309649,,,,,,2.01,3129.0,1.0,,SASDF55_fit1_model1.pdb,SASDF55/single_result/rodada_2/report.txt
SASDF55,single,rodada_3,3.309649,,,,,,2.01,3129.0,1.0,,SASDF55_fit1_model1.pdb,SASDF55/single_result/rodada_3/report.txt
SASDF57,single,rodada_1,5.818228,,,,,,0.08,368.0,1.0,,SASDF57_fit1_model1.pdb,SASDF57/single_result/rodada_1/report.txt
SASDF57,single,rodada_2,5.818228,,,,,,0.08,368.0,1.0,,SASDF57_fit1_model1.pdb,SASDF57/single_result/rodada_2/report.txt
SASDF57,single,rodada_3,5.818228,,,,,,0.08,368.0,1.0,,SASDF57_fit1_model1.pdb,SASDF57/single_result/rodada_3/report.txt
SASDF59,packing,rodada_1,4.040278,3.283502,4.0403,YES,2.0,50.0,0.24,1380.0,,2,,SASDF59/packing_result/rodada_1/report.txt
SASDF59,packing,rodada_2,3.580257,2.890849,3.5803,YES,2.0,50.0,0.23,1380.0,,2,,SASDF59/packing_result/rodada_2/report.txt
SASDF59,packing,rodada_3,3.549326,2.934002,3.5493,YES,2.0,50.0,0.23,1380.0,,2,,SASDF59/packing_result/rodada_3/report.txt
SASDF63,single,rodada_1,4.54743,,,,,,0.4,5272.0,1.0,,SASDF63_fit1_model1.pdb,SASDF63/single_result/rodada_1/report.txt
SASDF63,single,rodada_2,4.505449,,,,,,0.41,5272.0,1.0,,SASDF63_fit1_model1.pdb,SASDF63/single_result/rodada_2/report.txt
SASDF63,single,rodada_3,4.365048,,,,,,0.41,5272.0,1.0,,SASDF63_fit1_model1.pdb,SASDF63/single_result/rodada_3/report.txt
SASDF65,packing,rodada_1,4.515239,3.168727,4.5152,YES,4.0,50.0,0.98,4102.0,,4,,SASDF65/packing_result/rodada_1/report.txt
SASDF65,packing,rodada_2,4.648226,3.331725,4.2892,YES,4.0,50.0,0.98,4102.0,,4,,SASDF65/packing_result/rodada_2/report.txt
SASDF65,packing,rodada_3,3.181009,2.467707,3.181,YES,4.0,50.0,0.99,4102.0,,4,,SASDF65/packing_result/rodada_3/report.txt
SASDF67,single,rodada_1,8.178018,,,,,,0.06,256.0,1.0,,SASDF67_fit1_model1.pdb,SASDF67/single_result/rodada_1/report.txt
SASDF67,single,rodada_2,8.178018,,,,,,0.06,256.0,1.0,,SASDF67_fit1_model1.pdb,SASDF67/single_result/rodada_2/report.txt
SASDF67,single,rodada_3,8.178018,,,,,,0.06,256.0,1.0,,SASDF67_fit1_model1.pdb,SASDF67/single_result/rodada_3/report.txt
SASDF69,packing,rodada_1,4.048627,2.951873,4.0486,YES,2.0,50.0,0.23,1613.0,,2,,SASDF69/packing_result/rodada_1/report.txt
SASDF69,packing,rodada_2,4.068602,3.060021,3.6231,YES,2.0,50.0,0.23,1613.0,,2,,SASDF69/packing_result/rodada_2/report.txt
SASDF69,packing,rodada_3,4.078953,3.021668,3.8538,YES,2.0,50.0,0.23,1613.0,,2,,SASDF69/packing_result/rodada_3/report.txt
SASDF72,single,rodada_1,3.657603,,,,,,0.29,3430.0,1.0,,SASDF72_fit1_model1.pdb,SASDF72/single_result/rodada_1/report.txt
SASDF72,single,rodada_2,3.657603,,,,,,0.29,3430.0,1.0,,SASDF72_fit1_model1.pdb,SASDF72/single_result/rodada_2/report.txt
SASDF72,single,rodada_3,3.657603,,,,,,0.29,3430.0,1.0,,SASDF72_fit1_model1.pdb,SASDF72/single_result/rodada_3/report.txt
SASDF73,packing,rodada_1,3.903571,3.046761,3.9036,YES,2.0,50.0,0.42,1230.0,,2,,SASDF73/packing_result/rodada_1/report.txt
SASDF73,packing,rodada_2,4.097573,3.647903,4.0976,YES,2.0,50.0,0.43,1230.0,,2,,SASDF73/packing_result/rodada_2/report.txt
SASDF73,packing,rodada_3,3.17592,3.009687,3.1759,YES,2.0,50.0,0.44,1230.0,,2,,SASDF73/packing_result/rodada_3/report.txt
SASDF75,single,rodada_1,4.238257,,,,,,1.3,1964.0,1.0,,SASDF75_fit1_model1.pdb,SASDF75/single_result/rodada_1/report.txt
SASDF75,single,rodada_2,4.238257,,,,,,1.3,1964.0,1.0,,SASDF75_fit1_model1.pdb,SASDF75/single_result/rodada_2/report.txt
SASDF75,single,rodada_3,4.238257,,,,,,1.3,1964.0,1.0,,SASDF75_fit1_model1.pdb,SASDF75/single_result/rodada_3/report.txt
SASDF76,single,rodada_1,4.231925,,,,,,0.94,2029.0,1.0,,SASDF76_fit1_model1.pdb,SASDF76/single_result/rodada_1/report.txt
SASDF76,single,rodada_2,4.231925,,,,,,0.93,2029.0,1.0,,SASDF76_fit1_model1.pdb,SASDF76/single_result/rodada_2/report.txt
SASDF76,single,rodada_3,4.231925,,,,,,0.94,2029.0,1.0,,SASDF76_fit1_model1.pdb,SASDF76/single_result/rodada_3/report.txt
SASDF77,single,rodada_1,4.640438,,,,,,0.2,2282.0,1.0,,SASDF77_fit1_model1.pdb,SASDF77/single_result/rodada_1/report.txt
SASDF77,single,rodada_2,4.640438,,,,,,0.2,2282.0,1.0,,SASDF77_fit1_model1.pdb,SASDF77/single_result/rodada_2/report.txt
SASDF77,single,rodada_3,4.640438,,,,,,0.2,2282.0,1.0,,SASDF77_fit1_model1.pdb,SASDF77/single_result/rodada_3/report.txt
SASDF79,packing,rodada_1,3.808255,2.719497,3.2869,YES,2.0,50.0,0.24,1539.0,,2,,SASDF79/packing_result/rodada_1/report.txt
SASDF79,packing,rodada_2,3.971273,2.632576,3.4732,YES,2.0,50.0,0.24,1539.0,,2,,SASDF79/packing_result/rodada_2/report.txt
SASDF79,packing,rodada_3,3.514585,2.445971,3.2737,YES,2.0,50.0,0.24,1539.0,,2,,SASDF79/packing_result/rodada_3/report.txt
SASDF82,single,rodada_1,4.971744,,,,,,0.18,1254.0,1.0,,SASDF82_fit1_model1.pdb,SASDF82/single_result/rodada_1/report.txt
SASDF82,single,rodada_2,4.971744,,,,,,0.16,1254.0,1.0,,SASDF82_fit1_model1.pdb,SASDF82/single_result/rodada_2/report.txt
SASDF82,single,rodada_3,4.971744,,,,,,0.15,1254.0,1.0,,SASDF82_fit1_model1.pdb,SASDF82/single_result/rodada_3/report.txt
SASDF83,packing,rodada_1,3.780398,3.761931,3.7804,YES,2.0,50.0,0.35,2919.0,,2,,SASDF83/packing_result/rodada_1/report.txt
SASDF83,packing,rodada_2,4.069702,3.901677,4.0697,YES,2.0,50.0,0.34,2919.0,,2,,SASDF83/packing_result/rodada_2/report.txt
SASDF83,packing,rodada_3,6.756985,11.307379,6.757,NO,2.0,50.0,0.35,2919.0,,2,,SASDF83/packing_result/rodada_3/report.txt
SASDF85,packing,rodada_1,3.491797,2.932741,3.4918,YES,2.0,50.0,0.22,5307.0,,2,,SASDF85/packing_result/rodada_1/report.txt
SASDF85,packing,rodada_2,3.229551,3.005853,3.2296,YES,2.0,50.0,0.22,5307.0,,2,,SASDF85/packing_result/rodada_2/report.txt
SASDF85,packing,rodada_3,4.141166,3.676248,4.1412,YES,2.0,50.0,0.22,5307.0,,2,,SASDF85/packing_result/rodada_3/report.txt
SASDF86,single,rodada_1,2.819535,,,,,,0.46,741.0,1.0,,SASDF86_fit1_model1.pdb,SASDF86/single_result/rodada_1/report.txt
SASDF86,single,rodada_2,2.819535,,,,,,0.46,741.0,1.0,,SASDF86_fit1_model1.pdb,SASDF86/single_result/rodada_2/report.txt
SASDF86,single,rodada_3,2.819535,,,,,,0.46,741.0,1.0,,SASDF86_fit1_model1.pdb,SASDF86/single_result/rodada_3/report.txt
SASDF87,packing,rodada_1,5.980201,4.483421,4.7102,YES,2.0,50.0,0.65,2214.0,,2,,SASDF87/packing_result/rodada_1/report.txt
SASDF87,packing,rodada_2,5.507158,4.363159,4.6234,YES,2.0,50.0,0.66,2214.0,,2,,SASDF87/packing_result/rodada_2/report.txt
SASDF87,packing,rodada_3,5.349806,4.474412,4.6998,YES,2.0,50.0,0.65,2214.0,,2,,SASDF87/packing_result/rodada_3/report.txt
SASDF89,packing,rodada_1,3.409982,2.653987,3.41,YES,2.0,50.0,0.24,1599.0,,2,,SASDF89/packing_result/rodada_1/report.txt
SASDF89,packing,rodada_2,3.293166,2.544353,3.2932,YES,2.0,50.0,0.24,1599.0,,2,,SASDF89/packing_result/rodada_2/report.txt
SASDF89,packing,rodada_3,3.589597,3.665258,3.5896,NO,2.0,50.0,0.25,1599.0,,2,,SASDF89/packing_result/rodada_3/report.txt
SASDF92,single,rodada_1,5.19694,,,,,,0.22,2485.0,1.0,,SASDF92_fit1_model1.pdb,SASDF92/single_result/rodada_1/report.txt
SASDF92,single,rodada_2,5.19694,,,,,,0.22,2485.0,1.0,,SASDF92_fit1_model1.pdb,SASDF92/single_result/rodada_2/report.txt
SASDF92,single,rodada_3,5.19694,,,,,,0.21,2485.0,1.0,,SASDF92_fit1_model1.pdb,SASDF92/single_result/rodada_3/report.txt
SASDF93,single,rodada_1,3.272563,,,,,,1.67,1631.0,1.0,,SASDF93_fit1_model1.pdb,SASDF93/single_result/rodada_1/report.txt
SASDF93,single,rodada_2,3.272563,,,,,,1.67,1631.0,1.0,,SASDF93_fit1_model1.pdb,SASDF93/single_result/rodada_2/report.txt
SASDF93,single,rodada_3,3.272563,,,,,,1.67,1631.0,1.0,,SASDF93_fit1_model1.pdb,SASDF93/single_result/rodada_3/report.txt
SASDF94,packing,rodada_1,8.016734,2.864535,4.3873,YES,4.0,50.0,0.23,1187.0,,4,,SASDF94/packing_result/rodada_1/report.txt
SASDF94,packing,rodada_2,8.581878,3.18204,4.7328,YES,4.0,50.0,0.23,1187.0,,4,,SASDF94/packing_result/rodada_2/report.txt
SASDF94,packing,rodada_3,8.358767,3.647425,4.3588,YES,4.0,50.0,0.23,1187.0,,4,,SASDF94/packing_result/rodada_3/report.txt
SASDF95,packing,rodada_1,4.513783,3.970457,4.5138,YES,2.0,50.0,0.31,865.0,,2,,SASDF95/packing_result/rodada_1/report.txt
SASDF95,packing,rodada_2,5.935077,4.852886,5.9351,YES,2.0,50.0,0.32,865.0,,2,,SASDF95/packing_result/rodada_2/report.txt
SASDF95,packing,rodada_3,4.632707,4.079144,4.6327,YES,2.0,50.0,0.3,865.0,,2,,SASDF95/packing_result/rodada_3/report.txt
SASDF96,single,rodada_1,21.080413,,,,,,0.07,267.0,1.0,,SASDF96_fit1_model1.pdb,SASDF96/single_result/rodada_1/report.txt
SASDF96,single,rodada_2,21.080413,,,,,,0.07,267.0,1.0,,SASDF96_fit1_model1.pdb,SASDF96/single_result/rodada_2/report.txt
SASDF96,single,rodada_3,21.080413,,,,,,0.07,267.0,1.0,,SASDF96_fit1_model1.pdb,SASDF96/single_result/rodada_3/report.txt
SASDF97,packing,rodada_1,5.632677,3.34504,3.3657,YES,2.0,50.0,0.38,984.0,,2,,SASDF97/packing_result/rodada_1/report.txt
SASDF97,packing,rodada_2,5.646734,3.413782,3.4368,YES,2.0,50.0,0.35,984.0,,2,,SASDF97/packing_result/rodada_2/report.txt
SASDF97,packing,rodada_3,5.832043,3.471625,3.4964,YES,2.0,50.0,0.35,984.0,,2,,SASDF97/packing_result/rodada_3/report.txt
SASDF99,packing,rodada_1,3.163515,2.895675,3.1214,YES,3.0,50.0,0.4,803.0,,3,,SASDF99/packing_result/rodada_1/report.txt
SASDF99,packing,rodada_2,4.60258,3.575784,4.3079,YES,3.0,50.0,0.4,803.0,,3,,SASDF99/packing_result/rodada_2/report.txt
SASDF99,packing,rodada_3,4.421705,3.677576,4.4217,YES,3.0,50.0,0.4,803.0,,3,,SASDF99/packing_result/rodada_3/report.txt
SASDFA2,single,rodada_1,6.540256,,,,,,0.15,1297.0,1.0,,SASDFA2_fit1_model1.pdb,SASDFA2/single_result/rodada_1/report.txt
SASDFA2,single,rodada_2,6.540256,,,,,,0.15,1297.0,1.0,,SASDFA2_fit1_model1.pdb,SASDFA2/single_result/rodada_2/report.txt
SASDFA2,single,rodada_3,6.540256,,,,,,0.15,1297.0,1.0,,SASDFA2_fit1_model1.pdb,SASDFA2/single_result/rodada_3/report.txt
SASDFA4,packing,rodada_1,4.261654,2.396457,2.5693,YES,2.0,50.0,0.2,1224.0,,2,,SASDFA4/packing_result/rodada_1/report.txt
SASDFA4,packing,rodada_2,4.550911,2.369276,2.522,YES,2.0,50.0,0.2,1224.0,,2,,SASDFA4/packing_result/rodada_2/report.txt
SASDFA4,packing,rodada_3,3.898959,2.5415,2.7022,YES,2.0,50.0,0.2,1224.0,,2,,SASDFA4/packing_result/rodada_3/report.txt
SASDFA6,single,rodada_1,9.359721,,,,,,0.15,1800.0,1.0,,SASDFA6_fit1_model1.pdb,SASDFA6/single_result/rodada_1/report.txt
SASDFA6,single,rodada_2,9.359721,,,,,,0.15,1800.0,1.0,,SASDFA6_fit1_model1.pdb,SASDFA6/single_result/rodada_2/report.txt
SASDFA6,single,rodada_3,9.359721,,,,,,0.14,1800.0,1.0,,SASDFA6_fit1_model1.pdb,SASDFA6/single_result/rodada_3/report.txt
SASDFA7,packing,rodada_1,7.543197,4.485722,4.5,YES,2.0,50.0,0.24,238.0,,2,,SASDFA7/packing_result/rodada_1/report.txt
SASDFA7,packing,rodada_2,4.086455,4.079159,4.0865,YES,2.0,50.0,0.23,238.0,,2,,SASDFA7/packing_result/rodada_2/report.txt
SASDFA7,packing,rodada_3,5.109872,3.919383,4.0884,YES,2.0,50.0,0.23,238.0,,2,,SASDFA7/packing_result/rodada_3/report.txt
SASDFA9,packing,rodada_1,4.089375,2.736172,3.9884,YES,20.0,50.0,0.53,233.0,,20,,SASDFA9/packing_result/rodada_1/report.txt
SASDFA9,packing,rodada_2,3.851931,2.869881,3.7605,YES,20.0,50.0,0.53,233.0,,20,,SASDFA9/packing_result/rodada_2/report.txt
SASDFA9,packing,rodada_3,4.169553,2.637336,4.0031,YES,20.0,50.0,0.52,233.0,,20,,SASDFA9/packing_result/rodada_3/report.txt
SASDFB2,single,rodada_1,5.256449,,,,,,0.14,1253.0,1.0,,SASDFB2_fit1_model1.pdb,SASDFB2/single_result/rodada_1/report.txt
SASDFB2,single,rodada_2,5.256449,,,,,,0.14,1253.0,1.0,,SASDFB2_fit1_model1.pdb,SASDFB2/single_result/rodada_2/report.txt
SASDFB2,single,rodada_3,5.256449,,,,,,0.14,1253.0,1.0,,SASDFB2_fit1_model1.pdb,SASDFB2/single_result/rodada_3/report.txt
SASDFB6,packing,rodada_1,7.353603,6.240909,7.3536,YES,3.0,50.0,0.56,2013.0,,3,,SASDFB6/packing_result/rodada_1/report.txt
SASDFB6,packing,rodada_2,6.831658,4.923607,6.8317,YES,3.0,50.0,0.54,2013.0,,3,,SASDFB6/packing_result/rodada_2/report.txt
SASDFB6,packing,rodada_3,8.130966,5.364766,8.131,YES,3.0,50.0,0.6,2013.0,,3,,SASDFB6/packing_result/rodada_3/report.txt
SASDFB7,packing,rodada_1,7.796217,7.708563,7.7962,YES,3.0,50.0,0.91,1017.0,,3,,SASDFB7/packing_result/rodada_1/report.txt
SASDFB7,packing,rodada_2,6.393461,5.786079,6.3935,YES,3.0,50.0,0.76,1017.0,,3,,SASDFB7/packing_result/rodada_2/report.txt
SASDFB7,packing,rodada_3,5.740063,5.412204,5.7401,YES,3.0,50.0,0.74,1017.0,,3,,SASDFB7/packing_result/rodada_3/report.txt
SASDFB9,packing,rodada_1,4.012493,2.464679,3.6691,YES,20.0,50.0,0.55,266.0,,20,,SASDFB9/packing_result/rodada_1/report.txt
SASDFB9,packing,rodada_2,3.703941,2.189003,3.633,YES,20.0,50.0,0.53,266.0,,20,,SASDFB9/packing_result/rodada_2/report.txt
SASDFB9,packing,rodada_3,4.384445,2.362483,3.5906,YES,20.0,50.0,0.53,266.0,,20,,SASDFB9/packing_result/rodada_3/report.txt
SASDFC2,single,rodada_1,5.484728,,,,,,0.13,1098.0,1.0,,SASDFC2_fit1_model1.pdb,SASDFC2/single_result/rodada_1/report.txt
SASDFC2,single,rodada_2,5.484728,,,,,,0.12,1098.0,1.0,,SASDFC2_fit1_model1.pdb,SASDFC2/single_result/rodada_2/report.txt
SASDFC2,single,rodada_3,5.484728,,,,,,0.12,1098.0,1.0,,SASDFC2_fit1_model1.pdb,SASDFC2/single_result/rodada_3/report.txt
SASDFC3,single,rodada_1,6.03924,,,,,,5.43,1158.0,1.0,,SASDFC3_fit1_model1.pdb,SASDFC3/single_result/rodada_1/report.txt
SASDFC3,single,rodada_2,6.03924,,,,,,5.42,1158.0,1.0,,SASDFC3_fit1_model1.pdb,SASDFC3/single_result/rodada_2/report.txt
SASDFC3,single,rodada_3,6.03924,,,,,,5.42,1158.0,1.0,,SASDFC3_fit1_model1.pdb,SASDFC3/single_result/rodada_3/report.txt
SASDFC4,packing,rodada_1,20.913308,7.297358,7.3006,YES,2.0,50.0,0.44,1189.0,,2,,SASDFC4/packing_result/rodada_1/report.txt
SASDFC4,packing,rodada_2,21.062318,7.808991,7.8125,YES,2.0,50.0,0.45,1189.0,,2,,SASDFC4/packing_result/rodada_2/report.txt
SASDFC4,packing,rodada_3,20.817976,7.4773,7.4912,YES,2.0,50.0,0.44,1189.0,,2,,SASDFC4/packing_result/rodada_3/report.txt
SASDFC5,single,rodada_1,6.750406,,,,,,0.13,845.0,1.0,,SASDFC5_fit1_model1.pdb,SASDFC5/single_result/rodada_1/report.txt
SASDFC5,single,rodada_2,6.750406,,,,,,0.13,845.0,1.0,,SASDFC5_fit1_model1.pdb,SASDFC5/single_result/rodada_2/report.txt
SASDFC5,single,rodada_3,6.750406,,,,,,0.13,845.0,1.0,,SASDFC5_fit1_model1.pdb,SASDFC5/single_result/rodada_3/report.txt
SASDFC6,single,rodada_1,5.355534,,,,,,1.05,2402.0,1.0,,SASDFC6_fit1_model1.pdb,SASDFC6/single_result/rodada_1/report.txt
SASDFC6,single,rodada_2,5.355534,,,,,,1.05,2402.0,1.0,,SASDFC6_fit1_model1.pdb,SASDFC6/single_result/rodada_2/report.txt
SASDFC6,single,rodada_3,5.355534,,,,,,1.05,2402.0,1.0,,SASDFC6_fit1_model1.pdb,SASDFC6/single_result/rodada_3/report.txt
SASDFC7,packing,rodada_1,4.645036,4.102442,4.645,YES,3.0,50.0,0.77,1372.0,,3,,SASDFC7/packing_result/rodada_1/report.txt
SASDFC7,packing,rodada_2,4.419272,4.036934,4.4193,YES,3.0,50.0,0.76,1372.0,,3,,SASDFC7/packing_result/rodada_2/report.txt
SASDFC7,packing,rodada_3,6.443846,4.058589,4.6994,YES,3.0,50.0,0.77,1372.0,,3,,SASDFC7/packing_result/rodada_3/report.txt
SASDFC9,packing,rodada_1,3.435257,2.673808,3.4353,YES,20.0,50.0,0.59,230.0,,20,,SASDFC9/packing_result/rodada_1/report.txt
SASDFC9,packing,rodada_2,3.787166,2.468546,3.4639,YES,20.0,50.0,0.53,230.0,,20,,SASDFC9/packing_result/rodada_2/report.txt
SASDFC9,packing,rodada_3,3.928651,2.557814,3.7776,YES,20.0,50.0,0.54,230.0,,20,,SASDFC9/packing_result/rodada_3/report.txt
SASDFD3,packing,rodada_1,3.594919,2.226223,2.5199,YES,2.0,50.0,0.27,4487.0,,2,,SASDFD3/packing_result/rodada_1/report.txt
SASDFD3,packing,rodada_2,2.235919,2.128235,2.2359,YES,2.0,50.0,0.26,4487.0,,2,,SASDFD3/packing_result/rodada_2/report.txt
SASDFD3,packing,rodada_3,3.652344,2.492234,2.9158,YES,2.0,50.0,0.27,4487.0,,2,,SASDFD3/packing_result/rodada_3/report.txt
SASDFD4,packing,rodada_1,18.966129,6.774822,6.7824,YES,2.0,50.0,0.59,2420.0,,2,,SASDFD4/packing_result/rodada_1/report.txt
SASDFD4,packing,rodada_2,19.222905,8.801403,8.8817,YES,2.0,50.0,0.6,2420.0,,2,,SASDFD4/packing_result/rodada_2/report.txt
SASDFD4,packing,rodada_3,19.28873,6.706809,6.7125,YES,2.0,50.0,0.6,2420.0,,2,,SASDFD4/packing_result/rodada_3/report.txt
SASDFD5,single,rodada_1,4.290456,,,,,,0.61,1324.0,1.0,,SASDFD5_fit1_model1.pdb,SASDFD5/single_result/rodada_1/report.txt
SASDFD5,single,rodada_2,4.290456,,,,,,0.61,1324.0,1.0,,SASDFD5_fit1_model1.pdb,SASDFD5/single_result/rodada_2/report.txt
SASDFD5,single,rodada_3,4.290456,,,,,,0.61,1324.0,1.0,,SASDFD5_fit1_model1.pdb,SASDFD5/single_result/rodada_3/report.txt
SASDFD6,packing,rodada_1,6.240091,5.724786,6.2401,YES,3.0,50.0,0.76,2355.0,,3,,SASDFD6/packing_result/rodada_1/report.txt
SASDFD6,packing,rodada_2,4.644813,3.365407,4.6448,YES,3.0,50.0,0.75,2355.0,,3,,SASDFD6/packing_result/rodada_2/report.txt
SASDFD6,packing,rodada_3,5.054565,4.514613,5.0516,YES,3.0,50.0,0.75,2355.0,,3,,SASDFD6/packing_result/rodada_3/report.txt
SASDFD7,single,rodada_1,9.054615,,,,,,0.14,1170.0,1.0,,SASDFD7_fit1_model1.pdb,SASDFD7/single_result/rodada_1/report.txt
SASDFD7,single,rodada_2,9.054615,,,,,,0.14,1170.0,1.0,,SASDFD7_fit1_model1.pdb,SASDFD7/single_result/rodada_2/report.txt
SASDFD7,single,rodada_3,9.054615,,,,,,0.14,1170.0,1.0,,SASDFD7_fit1_model1.pdb,SASDFD7/single_result/rodada_3/report.txt
SASDFE5,single,rodada_1,2.888194,,,,,,0.77,1271.0,1.0,,SASDFE5_fit1_model1.pdb,SASDFE5/single_result/rodada_1/report.txt
SASDFE5,single,rodada_2,2.888194,,,,,,0.76,1271.0,1.0,,SASDFE5_fit1_model1.pdb,SASDFE5/single_result/rodada_2/report.txt
SASDFE5,single,rodada_3,2.888194,,,,,,0.76,1271.0,1.0,,SASDFE5_fit1_model1.pdb,SASDFE5/single_result/rodada_3/report.txt
SASDFE6,single,rodada_1,6.65997,,,,,,0.42,1303.0,1.0,,SASDFE6_fit1_model1.pdb,SASDFE6/single_result/rodada_1/report.txt
SASDFE6,single,rodada_2,6.65997,,,,,,0.42,1303.0,1.0,,SASDFE6_fit1_model1.pdb,SASDFE6/single_result/rodada_2/report.txt
SASDFE6,single,rodada_3,6.65997,,,,,,0.42,1303.0,1.0,,SASDFE6_fit1_model1.pdb,SASDFE6/single_result/rodada_3/report.txt
SASDFE7,single,rodada_1,12.519738,,,,,,0.11,910.0,1.0,,SASDFE7_fit1_model1.pdb,SASDFE7/single_result/rodada_1/report.txt
SASDFE7,single,rodada_2,12.519738,,,,,,0.11,910.0,1.0,,SASDFE7_fit1_model1.pdb,SASDFE7/single_result/rodada_2/report.txt
SASDFE7,single,rodada_3,12.519738,,,,,,0.11,910.0,1.0,,SASDFE7_fit1_model1.pdb,SASDFE7/single_result/rodada_3/report.txt
SASDFF4,packing,rodada_1,18.777777,7.977609,8.7294,YES,2.0,50.0,1.81,4168.0,,2,,SASDFF4/packing_result/rodada_1/report.txt
SASDFF4,packing,rodada_2,7.543958,7.444908,7.544,YES,2.0,50.0,1.86,4168.0,,2,,SASDFF4/packing_result/rodada_2/report.txt
SASDFF4,packing,rodada_3,16.607162,13.062364,16.6072,YES,2.0,50.0,1.92,4168.0,,2,,SASDFF4/packing_result/rodada_3/report.txt
SASDFF5,packing,rodada_1,10.267986,2.913053,3.5225,YES,4.0,50.0,0.33,814.0,,4,,SASDFF5/packing_result/rodada_1/report.txt
SASDFF5,packing,rodada_2,10.301135,2.74666,3.4795,YES,4.0,50.0,0.33,814.0,,4,,SASDFF5/packing_result/rodada_2/report.txt
SASDFF5,packing,rodada_3,10.301171,2.488558,3.0056,YES,4.0,50.0,0.33,814.0,,4,,SASDFF5/packing_result/rodada_3/report.txt
SASDFF6,single,rodada_1,11.495508,,,,,,0.11,286.0,1.0,,SASDFF6_fit1_model1.pdb,SASDFF6/single_result/rodada_1/report.txt
SASDFF6,single,rodada_2,11.495508,,,,,,0.11,286.0,1.0,,SASDFF6_fit1_model1.pdb,SASDFF6/single_result/rodada_2/report.txt
SASDFF6,single,rodada_3,11.495508,,,,,,0.11,286.0,1.0,,SASDFF6_fit1_model1.pdb,SASDFF6/single_result/rodada_3/report.txt
SASDFF7,single,rodada_1,6.741842,,,,,,0.17,1394.0,1.0,,SASDFF7_fit1_model1.pdb,SASDFF7/single_result/rodada_1/report.txt
SASDFF7,single,rodada_2,6.741842,,,,,,0.17,1394.0,1.0,,SASDFF7_fit1_model1.pdb,SASDFF7/single_result/rodada_2/report.txt
SASDFF7,single,rodada_3,6.741842,,,,,,0.17,1394.0,1.0,,SASDFF7_fit1_model1.pdb,SASDFF7/single_result/rodada_3/report.txt
SASDFF9,packing,rodada_1,3.518708,2.462648,3.3383,YES,20.0,50.0,0.55,217.0,,20,,SASDFF9/packing_result/rodada_1/report.txt
SASDFF9,packing,rodada_2,2.918429,2.310002,2.9184,YES,20.0,50.0,0.53,217.0,,20,,SASDFF9/packing_result/rodada_2/report.txt
SASDFF9,packing,rodada_3,3.723135,2.283953,3.663,YES,20.0,50.0,0.53,217.0,,20,,SASDFF9/packing_result/rodada_3/report.txt
SASDFG4,single,rodada_1,10.652476,,,,,,2.26,1530.0,1.0,,SASDFG4_fit1_model1.pdb,SASDFG4/single_result/rodada_1/report.txt
SASDFG4,single,rodada_2,10.652476,,,,,,2.27,1530.0,1.0,,SASDFG4_fit1_model1.pdb,SASDFG4/single_result/rodada_2/report.txt
SASDFG4,single,rodada_3,10.652476,,,,,,2.26,1530.0,1.0,,SASDFG4_fit1_model1.pdb,SASDFG4/single_result/rodada_3/report.txt
SASDFG5,packing,rodada_1,28.789375,6.282117,6.2851,YES,2.0,50.0,0.63,1335.0,,2,,SASDFG5/packing_result/rodada_1/report.txt
SASDFG5,packing,rodada_2,28.83189,6.704839,6.7083,YES,2.0,50.0,0.63,1335.0,,2,,SASDFG5/packing_result/rodada_2/report.txt
SASDFG5,packing,rodada_3,28.603204,6.756231,6.7609,YES,2.0,50.0,0.62,1335.0,,2,,SASDFG5/packing_result/rodada_3/report.txt
SASDFG6,single,rodada_1,10.297055,,,,,,0.4,4603.0,1.0,,SASDFG6_fit1_model1.pdb,SASDFG6/single_result/rodada_1/report.txt
SASDFG6,single,rodada_2,10.297055,,,,,,0.39,4603.0,1.0,,SASDFG6_fit1_model1.pdb,SASDFG6/single_result/rodada_2/report.txt
SASDFG6,single,rodada_3,10.297055,,,,,,0.39,4603.0,1.0,,SASDFG6_fit1_model1.pdb,SASDFG6/single_result/rodada_3/report.txt
SASDFG7,single,rodada_1,8.171738,,,,,,0.17,1513.0,1.0,,SASDFG7_fit1_model1.pdb,SASDFG7/single_result/rodada_1/report.txt
SASDFG7,single,rodada_2,8.171738,,,,,,0.17,1513.0,1.0,,SASDFG7_fit1_model1.pdb,SASDFG7/single_result/rodada_2/report.txt
SASDFG7,single,rodada_3,8.171738,,,,,,0.17,1513.0,1.0,,SASDFG7_fit1_model1.pdb,SASDFG7/single_result/rodada_3/report.txt
SASDFG9,packing,rodada_1,5.104291,2.331464,4.9134,YES,20.0,50.0,0.58,601.0,,20,,SASDFG9/packing_result/rodada_1/report.txt
SASDFG9,packing,rodada_2,4.795574,2.352719,4.6319,YES,20.0,50.0,0.55,601.0,,20,,SASDFG9/packing_result/rodada_2/report.txt
SASDFG9,packing,rodada_3,5.673096,2.528762,5.1985,YES,20.0,50.0,0.55,601.0,,20,,SASDFG9/packing_result/rodada_3/report.txt
SASDFH4,packing,rodada_1,8.183253,5.458368,6.6289,YES,2.0,50.0,0.95,2011.0,,2,,SASDFH4/packing_result/rodada_1/report.txt
SASDFH4,packing,rodada_2,7.971239,5.50597,6.5637,YES,2.0,50.0,0.93,2011.0,,2,,SASDFH4/packing_result/rodada_2/report.txt
SASDFH4,packing,rodada_3,8.814575,5.539041,6.6566,YES,2.0,50.0,0.92,2011.0,,2,,SASDFH4/packing_result/rodada_3/report.txt
SASDFH5,packing,rodada_1,25.124611,8.259881,8.2744,YES,2.0,50.0,0.57,1456.0,,2,,SASDFH5/packing_result/rodada_1/report.txt
SASDFH5,packing,rodada_2,24.977142,6.799379,6.8177,YES,2.0,50.0,0.55,1456.0,,2,,SASDFH5/packing_result/rodada_2/report.txt
SASDFH5,packing,rodada_3,24.974388,6.683414,6.7,YES,2.0,50.0,0.58,1456.0,,2,,SASDFH5/packing_result/rodada_3/report.txt
SASDFH6,single,rodada_1,13.525189,,,,,,0.18,1231.0,1.0,,SASDFH6_fit1_model1.pdb,SASDFH6/single_result/rodada_1/report.txt
SASDFH6,single,rodada_2,13.525189,,,,,,0.18,1231.0,1.0,,SASDFH6_fit1_model1.pdb,SASDFH6/single_result/rodada_2/report.txt
SASDFH6,single,rodada_3,13.525189,,,,,,0.19,1231.0,1.0,,SASDFH6_fit1_model1.pdb,SASDFH6/single_result/rodada_3/report.txt
SASDFH7,single,rodada_1,7.474736,,,,,,0.17,1351.0,1.0,,SASDFH7_fit1_model1.pdb,SASDFH7/single_result/rodada_1/report.txt
SASDFH7,single,rodada_2,7.474736,,,,,,0.17,1351.0,1.0,,SASDFH7_fit1_model1.pdb,SASDFH7/single_result/rodada_2/report.txt
SASDFH7,single,rodada_3,7.474736,,,,,,0.17,1351.0,1.0,,SASDFH7_fit1_model1.pdb,SASDFH7/single_result/rodada_3/report.txt
SASDFJ3,single,rodada_1,3.959173,,,,,,1.31,3304.0,1.0,,SASDFJ3_fit1_model1.pdb,SASDFJ3/single_result/rodada_1/report.txt
SASDFJ3,single,rodada_2,3.959173,,,,,,1.28,3304.0,1.0,,SASDFJ3_fit1_model1.pdb,SASDFJ3/single_result/rodada_2/report.txt
SASDFJ3,single,rodada_3,3.959173,,,,,,1.29,3304.0,1.0,,SASDFJ3_fit1_model1.pdb,SASDFJ3/single_result/rodada_3/report.txt
SASDFJ4,packing,rodada_1,7.651021,5.626376,7.5788,YES,2.0,50.0,0.92,1253.0,,2,,SASDFJ4/packing_result/rodada_1/report.txt
SASDFJ4,packing,rodada_2,9.547589,5.153409,6.0412,YES,2.0,50.0,0.88,1253.0,,2,,SASDFJ4/packing_result/rodada_2/report.txt
SASDFJ4,packing,rodada_3,12.005539,6.551877,8.9689,YES,2.0,50.0,0.92,1253.0,,2,,SASDFJ4/packing_result/rodada_3/report.txt
SASDFJ7,single,rodada_1,12.78857,,,,,,0.13,1245.0,1.0,,SASDFJ7_fit1_model1.pdb,SASDFJ7/single_result/rodada_1/report.txt
SASDFJ7,single,rodada_2,12.78857,,,,,,0.13,1245.0,1.0,,SASDFJ7_fit1_model1.pdb,SASDFJ7/single_result/rodada_2/report.txt
SASDFJ7,single,rodada_3,12.78857,,,,,,0.13,1245.0,1.0,,SASDFJ7_fit1_model1.pdb,SASDFJ7/single_result/rodada_3/report.txt
SASDFJ9,packing,rodada_1,4.144751,3.091616,4.1448,YES,20.0,50.0,0.45,228.0,,20,,SASDFJ9/packing_result/rodada_1/report.txt
SASDFJ9,packing,rodada_2,4.308804,3.139785,4.2736,YES,20.0,50.0,0.45,228.0,,20,,SASDFJ9/packing_result/rodada_2/report.txt
SASDFJ9,packing,rodada_3,4.509461,3.539357,4.5095,YES,20.0,50.0,0.44,228.0,,20,,SASDFJ9/packing_result/rodada_3/report.txt
SASDFK3,packing,rodada_1,3.086736,2.753952,3.0867,YES,2.0,50.0,0.36,1397.0,,2,,SASDFK3/packing_result/rodada_1/report.txt
SASDFK3,packing,rodada_2,3.195687,2.775114,3.1957,YES,2.0,50.0,0.36,1397.0,,2,,SASDFK3/packing_result/rodada_2/report.txt
SASDFK3,packing,rodada_3,3.338826,2.665855,3.1967,YES,2.0,50.0,0.36,1397.0,,2,,SASDFK3/packing_result/rodada_3/report.txt
SASDFK4,packing,rodada_1,9.653364,6.373262,7.1122,YES,2.0,50.0,0.91,1322.0,,2,,SASDFK4/packing_result/rodada_1/report.txt
SASDFK4,packing,rodada_2,7.107087,7.179745,7.1071,NO,2.0,50.0,0.92,1322.0,,2,,SASDFK4/packing_result/rodada_2/report.txt
SASDFK4,packing,rodada_3,9.639402,6.172786,7.1188,YES,2.0,50.0,0.91,1322.0,,2,,SASDFK4/packing_result/rodada_3/report.txt
SASDFK7,single,rodada_1,8.122741,,,,,,1.78,463.0,1.0,,SASDFK7_fit1_model1.pdb,SASDFK7/single_result/rodada_1/report.txt
SASDFK7,single,rodada_2,8.122741,,,,,,1.73,463.0,1.0,,SASDFK7_fit1_model1.pdb,SASDFK7/single_result/rodada_2/report.txt
SASDFK7,single,rodada_3,8.122741,,,,,,1.74,463.0,1.0,,SASDFK7_fit1_model1.pdb,SASDFK7/single_result/rodada_3/report.txt
SASDFK9,packing,rodada_1,3.870399,3.304422,3.8704,YES,20.0,50.0,0.45,262.0,,20,,SASDFK9/packing_result/rodada_1/report.txt
SASDFK9,packing,rodada_2,3.810784,3.070886,3.8108,YES,20.0,50.0,0.45,262.0,,20,,SASDFK9/packing_result/rodada_2/report.txt
SASDFK9,packing,rodada_3,4.082167,2.826392,4.0822,YES,20.0,50.0,0.45,262.0,,20,,SASDFK9/packing_result/rodada_3/report.txt
SASDFL3,single,rodada_1,5.243944,,,,,,1.68,848.0,1.0,,SASDFL3_fit1_model1.pdb,SASDFL3/single_result/rodada_1/report.txt
SASDFL3,single,rodada_2,5.243944,,,,,,1.68,848.0,1.0,,SASDFL3_fit1_model1.pdb,SASDFL3/single_result/rodada_2/report.txt
SASDFL3,single,rodada_3,5.243944,,,,,,1.67,848.0,1.0,,SASDFL3_fit1_model1.pdb,SASDFL3/single_result/rodada_3/report.txt
SASDFL4,packing,rodada_1,3.4128,3.111919,3.4128,YES,3.0,50.0,0.28,935.0,,3,,SASDFL4/packing_result/rodada_1/report.txt
SASDFL4,packing,rodada_2,3.675073,3.006306,3.6751,YES,3.0,50.0,0.27,935.0,,3,,SASDFL4/packing_result/rodada_2/report.txt
SASDFL4,packing,rodada_3,4.492989,3.13859,4.217,YES,3.0,50.0,0.27,935.0,,3,,SASDFL4/packing_result/rodada_3/report.txt
SASDFL5,packing,rodada_1,23.976714,13.732336,14.4766,YES,2.0,50.0,0.06,628.0,,2,,SASDFL5/packing_result/rodada_1/report.txt
SASDFL5,packing,rodada_2,24.501905,13.244578,14.291,YES,2.0,50.0,0.06,628.0,,2,,SASDFL5/packing_result/rodada_2/report.txt
SASDFL5,packing,rodada_3,24.187939,13.501188,14.0076,YES,2.0,50.0,0.06,628.0,,2,,SASDFL5/packing_result/rodada_3/report.txt
SASDFL6,packing,rodada_1,5.734822,4.667766,5.7348,YES,2.0,50.0,0.77,1043.0,,2,,SASDFL6/packing_result/rodada_1/report.txt
SASDFL6,packing,rodada_2,6.57858,5.293903,5.7685,YES,2.0,50.0,0.76,1043.0,,2,,SASDFL6/packing_result/rodada_2/report.txt
SASDFL6,packing,rodada_3,5.522827,5.112867,5.5228,YES,2.0,50.0,0.78,1043.0,,2,,SASDFL6/packing_result/rodada_3/report.txt
SASDFL7,packing,rodada_1,4.537078,3.972905,4.5371,YES,2.0,50.0,0.98,987.0,,2,,SASDFL7/packing_result/rodada_1/report.txt
SASDFL7,packing,rodada_2,4.442937,3.860517,4.4429,YES,2.0,50.0,0.97,987.0,,2,,SASDFL7/packing_result/rodada_2/report.txt
SASDFL7,packing,rodada_3,4.99548,4.16536,4.9955,YES,2.0,50.0,0.97,987.0,,2,,SASDFL7/packing_result/rodada_3/report.txt
SASDFL8,single,rodada_1,4.754248,,,,,,0.71,855.0,1.0,,SASDFL8_fit1_model1.pdb,SASDFL8/single_result/rodada_1/report.txt
SASDFL8,single,rodada_2,4.754248,,,,,,0.72,855.0,1.0,,SASDFL8_fit1_model1.pdb,SASDFL8/single_result/rodada_2/report.txt
SASDFL8,single,rodada_3,4.754248,,,,,,0.71,855.0,1.0,,SASDFL8_fit1_model1.pdb,SASDFL8/single_result/rodada_3/report.txt
SASDFL9,packing,rodada_1,4.185549,2.874491,4.1855,YES,20.0,50.0,0.45,228.0,,20,,SASDFL9/packing_result/rodada_1/report.txt
SASDFL9,packing,rodada_2,4.185549,2.941668,4.1855,YES,20.0,50.0,0.45,228.0,,20,,SASDFL9/packing_result/rodada_2/report.txt
SASDFL9,packing,rodada_3,4.442366,3.019528,4.4424,YES,20.0,50.0,0.45,228.0,,20,,SASDFL9/packing_result/rodada_3/report.txt
SASDFM5,single,rodada_1,10.039771,,,,,,1.55,1092.0,1.0,,SASDFM5_fit1_model1.pdb,SASDFM5/single_result/rodada_1/report.txt
SASDFM5,single,rodada_2,10.039771,,,,,,1.55,1092.0,1.0,,SASDFM5_fit1_model1.pdb,SASDFM5/single_result/rodada_2/report.txt
SASDFM5,single,rodada_3,10.039771,,,,,,1.56,1092.0,1.0,,SASDFM5_fit1_model1.pdb,SASDFM5/single_result/rodada_3/report.txt
SASDFM6,single,rodada_1,8.70326,,,,,,9.27,5945.0,1.0,,SASDFM6_fit1_model1.pdb,SASDFM6/single_result/rodada_1/report.txt
SASDFM6,single,rodada_2,8.899216,,,,,,9.38,5945.0,1.0,,SASDFM6_fit1_model1.pdb,SASDFM6/single_result/rodada_2/report.txt
SASDFM6,single,rodada_3,8.82114,,,,,,9.46,5945.0,1.0,,SASDFM6_fit1_model1.pdb,SASDFM6/single_result/rodada_3/report.txt
SASDFM7,packing,rodada_1,4.179886,3.995189,4.1799,YES,2.0,50.0,0.99,943.0,,2,,SASDFM7/packing_result/rodada_1/report.txt
SASDFM7,packing,rodada_2,4.196044,3.945963,4.196,YES,2.0,50.0,0.98,943.0,,2,,SASDFM7/packing_result/rodada_2/report.txt
SASDFM7,packing,rodada_3,5.265134,4.38184,5.2313,YES,2.0,50.0,1.01,943.0,,2,,SASDFM7/packing_result/rodada_3/report.txt
SASDFN3,single,rodada_1,5.199463,,,,,,2.23,1487.0,1.0,,SASDFN3_fit1_model1.pdb,SASDFN3/single_result/rodada_1/report.txt
SASDFN3,single,rodada_2,5.199463,,,,,,2.22,1487.0,1.0,,SASDFN3_fit1_model1.pdb,SASDFN3/single_result/rodada_2/report.txt
SASDFN3,single,rodada_3,5.199463,,,,,,2.23,1487.0,1.0,,SASDFN3_fit1_model1.pdb,SASDFN3/single_result/rodada_3/report.txt
SASDFN5,single,rodada_1,16.346468,,,,,,2.75,3801.0,1.0,,SASDFN5_fit1_model1.pdb,SASDFN5/single_result/rodada_1/report.txt
SASDFN5,single,rodada_2,16.346468,,,,,,2.75,3801.0,1.0,,SASDFN5_fit1_model1.pdb,SASDFN5/single_result/rodada_2/report.txt
SASDFN5,single,rodada_3,16.346468,,,,,,2.75,3801.0,1.0,,SASDFN5_fit1_model1.pdb,SASDFN5/single_result/rodada_3/report.txt
SASDFN6,packing,rodada_1,6.647784,4.537508,6.6478,YES,2.0,50.0,0.32,1641.0,,2,,SASDFN6/packing_result/rodada_1/report.txt
SASDFN6,packing,rodada_2,7.597139,6.421195,7.4389,YES,2.0,50.0,0.31,1641.0,,2,,SASDFN6/packing_result/rodada_2/report.txt
SASDFN6,packing,rodada_3,7.092256,6.745427,7.0923,YES,2.0,50.0,0.32,1641.0,,2,,SASDFN6/packing_result/rodada_3/report.txt
SASDFN8,packing,rodada_1,7.463633,3.613098,3.7831,YES,4.0,50.0,1.93,911.0,,4,,SASDFN8/packing_result/rodada_1/report.txt
SASDFN8,packing,rodada_2,7.470778,3.577267,3.7112,YES,4.0,50.0,1.94,911.0,,4,,SASDFN8/packing_result/rodada_2/report.txt
SASDFN8,packing,rodada_3,7.485083,3.625744,3.7358,YES,4.0,50.0,1.96,911.0,,4,,SASDFN8/packing_result/rodada_3/report.txt
SASDFP3,single,rodada_1,4.033243,,,,,,1.95,1468.0,1.0,,SASDFP3_fit1_model1.pdb,SASDFP3/single_result/rodada_1/report.txt
SASDFP3,single,rodada_2,4.033243,,,,,,1.96,1468.0,1.0,,SASDFP3_fit1_model1.pdb,SASDFP3/single_result/rodada_2/report.txt
SASDFP3,single,rodada_3,4.033243,,,,,,1.97,1468.0,1.0,,SASDFP3_fit1_model1.pdb,SASDFP3/single_result/rodada_3/report.txt
SASDFP5,single,rodada_1,51.275774,,,,,,0.38,101.0,1.0,,SASDFP5_fit1_model1.pdb,SASDFP5/single_result/rodada_1/report.txt
SASDFP5,single,rodada_2,51.275774,,,,,,0.38,101.0,1.0,,SASDFP5_fit1_model1.pdb,SASDFP5/single_result/rodada_2/report.txt
SASDFP5,single,rodada_3,51.275774,,,,,,0.38,101.0,1.0,,SASDFP5_fit1_model1.pdb,SASDFP5/single_result/rodada_3/report.txt
SASDFP6,single,rodada_1,31.009352,,,,,,0.13,478.0,1.0,,SASDFP6_fit1_model1.pdb,SASDFP6/single_result/rodada_1/report.txt
SASDFP6,single,rodada_2,31.009352,,,,,,0.13,478.0,1.0,,SASDFP6_fit1_model1.pdb,SASDFP6/single_result/rodada_2/report.txt
SASDFP6,single,rodada_3,31.009352,,,,,,0.13,478.0,1.0,,SASDFP6_fit1_model1.pdb,SASDFP6/single_result/rodada_3/report.txt
SASDFP8,packing,rodada_1,2.272296,2.126906,2.2723,YES,3.0,50.0,0.2,986.0,,3,,SASDFP8/packing_result/rodada_1/report.txt
SASDFP8,packing,rodada_2,3.078795,2.287798,2.4756,YES,3.0,50.0,0.21,986.0,,3,,SASDFP8/packing_result/rodada_2/report.txt
SASDFP8,packing,rodada_3,3.092146,2.325966,2.5837,YES,3.0,50.0,0.21,986.0,,3,,SASDFP8/packing_result/rodada_3/report.txt
SASDFP9,packing,rodada_1,4.706582,3.148472,4.1579,YES,20.0,50.0,0.45,194.0,,20,,SASDFP9/packing_result/rodada_1/report.txt
SASDFP9,packing,rodada_2,5.394381,3.262785,4.9031,YES,20.0,50.0,0.45,194.0,,20,,SASDFP9/packing_result/rodada_2/report.txt
SASDFP9,packing,rodada_3,4.703984,3.037072,4.5336,YES,20.0,50.0,0.45,194.0,,20,,SASDFP9/packing_result/rodada_3/report.txt
SASDFQ3,single,rodada_1,6.120127,,,,,,1.98,954.0,1.0,,SASDFQ3_fit1_model1.pdb,SASDFQ3/single_result/rodada_1/report.txt
SASDFQ3,single,rodada_2,6.120127,,,,,,2.01,954.0,1.0,,SASDFQ3_fit1_model1.pdb,SASDFQ3/single_result/rodada_2/report.txt
SASDFQ3,single,rodada_3,6.120127,,,,,,2.04,954.0,1.0,,SASDFQ3_fit1_model1.pdb,SASDFQ3/single_result/rodada_3/report.txt
SASDFQ5,single,rodada_1,25.516851,,,,,,0.55,643.0,1.0,,SASDFQ5_fit1_model1.pdb,SASDFQ5/single_result/rodada_1/report.txt
SASDFQ5,single,rodada_2,25.516851,,,,,,0.54,643.0,1.0,,SASDFQ5_fit1_model1.pdb,SASDFQ5/single_result/rodada_2/report.txt
SASDFQ5,single,rodada_3,25.516851,,,,,,0.54,643.0,1.0,,SASDFQ5_fit1_model1.pdb,SASDFQ5/single_result/rodada_3/report.txt
SASDFQ6,single,rodada_1,3.224289,,,,,,0.52,2947.0,1.0,,SASDFQ6_fit1_model1.pdb,SASDFQ6/single_result/rodada_1/report.txt
SASDFQ6,single,rodada_2,3.224289,,,,,,0.52,2947.0,1.0,,SASDFQ6_fit1_model1.pdb,SASDFQ6/single_result/rodada_2/report.txt
SASDFQ6,single,rodada_3,3.224289,,,,,,0.52,2947.0,1.0,,SASDFQ6_fit1_model1.pdb,SASDFQ6/single_result/rodada_3/report.txt
SASDFQ8,packing,rodada_1,5.085052,4.271381,5.0851,YES,2.0,50.0,0.31,852.0,,2,,SASDFQ8/packing_result/rodada_1/report.txt
SASDFQ8,packing,rodada_2,4.322465,3.832497,4.3225,YES,2.0,50.0,0.3,852.0,,2,,SASDFQ8/packing_result/rodada_2/report.txt
SASDFQ8,packing,rodada_3,4.131702,3.769316,4.1317,YES,2.0,50.0,0.3,852.0,,2,,SASDFQ8/packing_result/rodada_3/report.txt
SASDFQ9,packing,rodada_1,3.537443,2.625661,3.5374,YES,20.0,50.0,0.45,241.0,,20,,SASDFQ9/packing_result/rodada_1/report.txt
SASDFQ9,packing,rodada_2,3.463339,2.602979,3.4633,YES,20.0,50.0,0.45,241.0,,20,,SASDFQ9/packing_result/rodada_2/report.txt
SASDFQ9,packing,rodada_3,3.938525,2.754358,3.8597,YES,20.0,50.0,0.45,241.0,,20,,SASDFQ9/packing_result/rodada_3/report.txt
SASDFR3,single,rodada_1,5.065099,,,,,,2.36,2275.0,1.0,,SASDFR3_fit1_model1.pdb,SASDFR3/single_result/rodada_1/report.txt
SASDFR3,single,rodada_2,5.065099,,,,,,2.37,2275.0,1.0,,SASDFR3_fit1_model1.pdb,SASDFR3/single_result/rodada_2/report.txt
SASDFR3,single,rodada_3,5.065099,,,,,,2.38,2275.0,1.0,,SASDFR3_fit1_model1.pdb,SASDFR3/single_result/rodada_3/report.txt
SASDFR4,single,rodada_1,9.157301,,,,,,1.63,1464.0,1.0,,SASDFR4_fit1_model1.pdb,SASDFR4/single_result/rodada_1/report.txt
SASDFR4,single,rodada_2,9.157301,,,,,,1.61,1464.0,1.0,,SASDFR4_fit1_model1.pdb,SASDFR4/single_result/rodada_2/report.txt
SASDFR4,single,rodada_3,9.157301,,,,,,1.61,1464.0,1.0,,SASDFR4_fit1_model1.pdb,SASDFR4/single_result/rodada_3/report.txt
SASDFR5,single,rodada_1,18.680285,,,,,,0.57,614.0,1.0,,SASDFR5_fit1_model1.pdb,SASDFR5/single_result/rodada_1/report.txt
SASDFR5,single,rodada_2,18.680285,,,,,,0.57,614.0,1.0,,SASDFR5_fit1_model1.pdb,SASDFR5/single_result/rodada_2/report.txt
SASDFR5,single,rodada_3,18.680285,,,,,,0.57,614.0,1.0,,SASDFR5_fit1_model1.pdb,SASDFR5/single_result/rodada_3/report.txt
SASDFR6,packing,rodada_1,21.32006,14.842329,16.5167,YES,2.0,50.0,0.69,303.0,,2,,SASDFR6/packing_result/rodada_1/report.txt
SASDFR6,packing,rodada_2,14.813774,12.257416,14.8138,YES,2.0,50.0,0.67,303.0,,2,,SASDFR6/packing_result/rodada_2/report.txt
SASDFR6,packing,rodada_3,15.531647,10.060721,12.9615,YES,2.0,50.0,0.67,303.0,,2,,SASDFR6/packing_result/rodada_3/report.txt
SASDFR7,packing,rodada_1,7.933692,4.314711,4.6346,YES,2.0,50.0,1.32,1247.0,,2,,SASDFR7/packing_result/rodada_1/report.txt
SASDFR7,packing,rodada_2,3.637824,3.589046,3.6378,YES,2.0,50.0,1.24,1247.0,,2,,SASDFR7/packing_result/rodada_2/report.txt
SASDFR7,packing,rodada_3,3.70796,3.546831,3.708,YES,2.0,50.0,1.26,1247.0,,2,,SASDFR7/packing_result/rodada_3/report.txt
SASDFR8,packing,rodada_1,7.088053,5.464491,7.0881,YES,2.0,50.0,0.55,879.0,,2,,SASDFR8/packing_result/rodada_1/report.txt
SASDFR8,packing,rodada_2,4.678104,4.131026,4.6781,YES,2.0,50.0,0.55,879.0,,2,,SASDFR8/packing_result/rodada_2/report.txt
SASDFR8,packing,rodada_3,5.114035,4.321815,5.114,YES,2.0,50.0,0.55,879.0,,2,,SASDFR8/packing_result/rodada_3/report.txt
SASDFS3,single,rodada_1,6.201606,,,,,,0.31,813.0,1.0,,SASDFS3_fit1_model1.pdb,SASDFS3/single_result/rodada_1/report.txt
SASDFS3,single,rodada_2,6.201606,,,,,,0.31,813.0,1.0,,SASDFS3_fit1_model1.pdb,SASDFS3/single_result/rodada_2/report.txt
SASDFS3,single,rodada_3,6.201606,,,,,,0.31,813.0,1.0,,SASDFS3_fit1_model1.pdb,SASDFS3/single_result/rodada_3/report.txt
SASDFS4,single,rodada_1,10.105648,,,,,,1.49,826.0,1.0,,SASDFS4_fit1_model1.pdb,SASDFS4/single_result/rodada_1/report.txt
SASDFS4,single,rodada_2,10.105648,,,,,,1.5,826.0,1.0,,SASDFS4_fit1_model1.pdb,SASDFS4/single_result/rodada_2/report.txt
SASDFS4,single,rodada_3,10.105648,,,,,,1.49,826.0,1.0,,SASDFS4_fit1_model1.pdb,SASDFS4/single_result/rodada_3/report.txt
SASDFS5,single,rodada_1,23.613289,,,,,,0.53,1453.0,1.0,,SASDFS5_fit1_model1.pdb,SASDFS5/single_result/rodada_1/report.txt
SASDFS5,single,rodada_2,23.613289,,,,,,0.53,1453.0,1.0,,SASDFS5_fit1_model1.pdb,SASDFS5/single_result/rodada_2/report.txt
SASDFS5,single,rodada_3,23.613289,,,,,,0.53,1453.0,1.0,,SASDFS5_fit1_model1.pdb,SASDFS5/single_result/rodada_3/report.txt
SASDFS6,packing,rodada_1,17.233636,14.437692,15.3645,YES,2.0,50.0,0.78,271.0,,2,,SASDFS6/packing_result/rodada_1/report.txt
SASDFS6,packing,rodada_2,11.473291,9.039819,11.4733,YES,2.0,50.0,0.74,271.0,,2,,SASDFS6/packing_result/rodada_2/report.txt
SASDFS6,packing,rodada_3,14.041932,10.978378,12.1319,YES,2.0,50.0,0.75,271.0,,2,,SASDFS6/packing_result/rodada_3/report.txt
SASDFS7,packing,rodada_1,7.065072,4.9273,6.9612,YES,3.0,50.0,0.51,1355.0,,3,,SASDFS7/packing_result/rodada_1/report.txt
SASDFS7,packing,rodada_2,6.889551,5.337116,6.8896,YES,3.0,50.0,0.51,1355.0,,3,,SASDFS7/packing_result/rodada_2/report.txt
SASDFS7,packing,rodada_3,5.946398,3.543682,5.9464,YES,3.0,50.0,0.51,1355.0,,3,,SASDFS7/packing_result/rodada_3/report.txt
SASDFS8,packing,rodada_1,5.595057,4.375098,5.5951,YES,2.0,50.0,0.54,1115.0,,2,,SASDFS8/packing_result/rodada_1/report.txt
SASDFS8,packing,rodada_2,5.214073,4.076159,5.2141,YES,2.0,50.0,0.53,1115.0,,2,,SASDFS8/packing_result/rodada_2/report.txt
SASDFS8,packing,rodada_3,5.848779,4.17321,5.4928,YES,2.0,50.0,0.53,1115.0,,2,,SASDFS8/packing_result/rodada_3/report.txt
SASDFT3,single,rodada_1,12.741071,,,,,,0.36,235.0,1.0,,SASDFT3_fit1_model1.pdb,SASDFT3/single_result/rodada_1/report.txt
SASDFT3,single,rodada_2,12.741071,,,,,,0.36,235.0,1.0,,SASDFT3_fit1_model1.pdb,SASDFT3/single_result/rodada_2/report.txt
SASDFT3,single,rodada_3,12.741071,,,,,,0.36,235.0,1.0,,SASDFT3_fit1_model1.pdb,SASDFT3/single_result/rodada_3/report.txt
SASDFT4,packing,rodada_1,27.608972,9.574465,10.0879,YES,2.0,50.0,0.45,497.0,,2,,SASDFT4/packing_result/rodada_1/report.txt
SASDFT4,packing,rodada_2,27.257102,6.513389,6.6338,YES,2.0,50.0,0.44,497.0,,2,,SASDFT4/packing_result/rodada_2/report.txt
SASDFT4,packing,rodada_3,26.81193,10.00058,10.6155,YES,2.0,50.0,0.45,497.0,,2,,SASDFT4/packing_result/rodada_3/report.txt
SASDFT6,packing,rodada_1,12.404919,9.143411,9.7043,YES,2.0,50.0,0.78,275.0,,2,,SASDFT6/packing_result/rodada_1/report.txt
SASDFT6,packing,rodada_2,10.70335,9.78534,10.7033,YES,2.0,50.0,0.77,275.0,,2,,SASDFT6/packing_result/rodada_2/report.txt
SASDFT6,packing,rodada_3,10.023409,9.875124,10.0234,YES,2.0,50.0,0.76,275.0,,2,,SASDFT6/packing_result/rodada_3/report.txt
SASDFT7,packing,rodada_1,8.364122,5.190289,7.8765,YES,4.0,50.0,0.62,1421.0,,4,,SASDFT7/packing_result/rodada_1/report.txt
SASDFT7,packing,rodada_2,5.047687,4.749538,5.0477,YES,4.0,50.0,0.63,1421.0,,4,,SASDFT7/packing_result/rodada_2/report.txt
SASDFT7,packing,rodada_3,4.367646,3.065924,4.3676,YES,4.0,50.0,0.61,1421.0,,4,,SASDFT7/packing_result/rodada_3/report.txt
SASDFT8,single,rodada_1,6.476059,,,,,,0.98,1138.0,1.0,,SASDFT8_fit1_model1.pdb,SASDFT8/single_result/rodada_1/report.txt
SASDFT8,single,rodada_2,6.476059,,,,,,0.98,1138.0,1.0,,SASDFT8_fit1_model1.pdb,SASDFT8/single_result/rodada_2/report.txt
SASDFT8,single,rodada_3,6.476059,,,,,,0.99,1138.0,1.0,,SASDFT8_fit1_model1.pdb,SASDFT8/single_result/rodada_3/report.txt
SASDFU4,single,rodada_1,27.528559,,,,,,0.12,528.0,1.0,,SASDFU4_fit1_model1.pdb,SASDFU4/single_result/rodada_1/report.txt
SASDFU4,single,rodada_2,27.528559,,,,,,0.12,528.0,1.0,,SASDFU4_fit1_model1.pdb,SASDFU4/single_result/rodada_2/report.txt
SASDFU4,single,rodada_3,27.528559,,,,,,0.12,528.0,1.0,,SASDFU4_fit1_model1.pdb,SASDFU4/single_result/rodada_3/report.txt
SASDFU5,single,rodada_1,19.997128,,,,,,0.63,1008.0,1.0,,SASDFU5_fit1_model1.pdb,SASDFU5/single_result/rodada_1/report.txt
SASDFU5,single,rodada_2,19.997128,,,,,,0.63,1008.0,1.0,,SASDFU5_fit1_model1.pdb,SASDFU5/single_result/rodada_2/report.txt
SASDFU5,single,rodada_3,19.997128,,,,,,0.63,1008.0,1.0,,SASDFU5_fit1_model1.pdb,SASDFU5/single_result/rodada_3/report.txt
SASDFU6,packing,rodada_1,16.990979,13.173295,14.227,YES,2.0,50.0,0.84,208.0,,2,,SASDFU6/packing_result/rodada_1/report.txt
SASDFU6,packing,rodada_2,13.251291,12.830529,13.2513,YES,2.0,50.0,0.83,208.0,,2,,SASDFU6/packing_result/rodada_2/report.txt
SASDFU6,packing,rodada_3,14.3585,13.808996,14.3585,YES,2.0,50.0,0.82,208.0,,2,,SASDFU6/packing_result/rodada_3/report.txt
SASDFU7,packing,rodada_1,5.199691,2.807408,5.1997,YES,3.0,50.0,0.53,1907.0,,3,,SASDFU7/packing_result/rodada_1/report.txt
SASDFU7,packing,rodada_2,4.784085,3.079577,4.7841,YES,3.0,50.0,0.53,1907.0,,3,,SASDFU7/packing_result/rodada_2/report.txt
SASDFU7,packing,rodada_3,4.970691,2.799083,3.9591,YES,3.0,50.0,0.52,1907.0,,3,,SASDFU7/packing_result/rodada_3/report.txt
SASDFU8,single,rodada_1,6.939511,,,,,,1.12,1512.0,1.0,,SASDFU8_fit1_model1.pdb,SASDFU8/single_result/rodada_1/report.txt
SASDFU8,single,rodada_2,6.939511,,,,,,1.07,1512.0,1.0,,SASDFU8_fit1_model1.pdb,SASDFU8/single_result/rodada_2/report.txt
SASDFU8,single,rodada_3,6.939511,,,,,,1.08,1512.0,1.0,,SASDFU8_fit1_model1.pdb,SASDFU8/single_result/rodada_3/report.txt
SASDFV4,single,rodada_1,32.681257,,,,,,0.1,366.0,1.0,,SASDFV4_fit1_model1.pdb,SASDFV4/single_result/rodada_1/report.txt
SASDFV4,single,rodada_2,32.681257,,,,,,0.09,366.0,1.0,,SASDFV4_fit1_model1.pdb,SASDFV4/single_result/rodada_2/report.txt
SASDFV4,single,rodada_3,32.681257,,,,,,0.09,366.0,1.0,,SASDFV4_fit1_model1.pdb,SASDFV4/single_result/rodada_3/report.txt
SASDFV5,single,rodada_1,20.393437,,,,,,0.53,476.0,1.0,,SASDFV5_fit1_model1.pdb,SASDFV5/single_result/rodada_1/report.txt
SASDFV5,single,rodada_2,20.393437,,,,,,0.53,476.0,1.0,,SASDFV5_fit1_model1.pdb,SASDFV5/single_result/rodada_2/report.txt
SASDFV5,single,rodada_3,20.393437,,,,,,0.53,476.0,1.0,,SASDFV5_fit1_model1.pdb,SASDFV5/single_result/rodada_3/report.txt
SASDFV6,packing,rodada_1,11.136243,11.031108,11.1362,YES,2.0,50.0,0.27,4555.0,,2,,SASDFV6/packing_result/rodada_1/report.txt
SASDFV6,packing,rodada_2,11.686496,10.014143,10.5759,YES,2.0,50.0,0.27,4555.0,,2,,SASDFV6/packing_result/rodada_2/report.txt
SASDFV6,packing,rodada_3,9.102166,7.861745,8.7727,YES,2.0,50.0,0.27,4555.0,,2,,SASDFV6/packing_result/rodada_3/report.txt
SASDFW4,single,rodada_1,9.941462,,,,,,1.52,319.0,1.0,,SASDFW4_fit1_model1.pdb,SASDFW4/single_result/rodada_1/report.txt
SASDFW4,single,rodada_2,9.941462,,,,,,1.51,319.0,1.0,,SASDFW4_fit1_model1.pdb,SASDFW4/single_result/rodada_2/report.txt
SASDFW4,single,rodada_3,9.941462,,,,,,1.51,319.0,1.0,,SASDFW4_fit1_model1.pdb,SASDFW4/single_result/rodada_3/report.txt
SASDFW5,single,rodada_1,17.372083,,,,,,0.45,596.0,1.0,,SASDFW5_fit1_model1.pdb,SASDFW5/single_result/rodada_1/report.txt
SASDFW5,single,rodada_2,17.372083,,,,,,0.43,596.0,1.0,,SASDFW5_fit1_model1.pdb,SASDFW5/single_result/rodada_2/report.txt
SASDFW5,single,rodada_3,17.372083,,,,,,0.43,596.0,1.0,,SASDFW5_fit1_model1.pdb,SASDFW5/single_result/rodada_3/report.txt
SASDFW6,packing,rodada_1,34.715301,20.823354,20.982,YES,2.0,50.0,0.23,317.0,,2,,SASDFW6/packing_result/rodada_1/report.txt
SASDFW6,packing,rodada_2,34.873535,20.930987,21.2578,YES,2.0,50.0,0.23,317.0,,2,,SASDFW6/packing_result/rodada_2/report.txt
SASDFW6,packing,rodada_3,34.545875,20.261303,20.4098,YES,2.0,50.0,0.23,317.0,,2,,SASDFW6/packing_result/rodada_3/report.txt
SASDFW7,packing,rodada_1,2.29691,2.281298,2.2969,YES,2.0,50.0,0.48,1380.0,,2,,SASDFW7/packing_result/rodada_1/report.txt
SASDFW7,packing,rodada_2,4.151196,2.206823,2.2624,YES,2.0,50.0,0.47,1380.0,,2,,SASDFW7/packing_result/rodada_2/report.txt
SASDFW7,packing,rodada_3,2.376134,2.312144,2.3761,YES,2.0,50.0,0.48,1380.0,,2,,SASDFW7/packing_result/rodada_3/report.txt
SASDFX4,single,rodada_1,14.626421,,,,,,1.99,522.0,1.0,,SASDFX4_fit1_model1.pdb,SASDFX4/single_result/rodada_1/report.txt
SASDFX4,single,rodada_2,14.626421,,,,,,1.97,522.0,1.0,,SASDFX4_fit1_model1.pdb,SASDFX4/single_result/rodada_2/report.txt
SASDFX4,single,rodada_3,14.626421,,,,,,1.99,522.0,1.0,,SASDFX4_fit1_model1.pdb,SASDFX4/single_result/rodada_3/report.txt
SASDFX6,single,rodada_1,22.076703,,,,,,0.52,606.0,1.0,,SASDFX6_fit1_model1.pdb,SASDFX6/single_result/rodada_1/report.txt
SASDFX6,single,rodada_2,22.076703,,,,,,0.51,606.0,1.0,,SASDFX6_fit1_model1.pdb,SASDFX6/single_result/rodada_2/report.txt
SASDFX6,single,rodada_3,22.076703,,,,,,0.51,606.0,1.0,,SASDFX6_fit1_model1.pdb,SASDFX6/single_result/rodada_3/report.txt
SASDFX7,packing,rodada_1,3.253439,2.040573,2.1301,YES,2.0,50.0,0.5,1580.0,,2,,SASDFX7/packing_result/rodada_1/report.txt
SASDFX7,packing,rodada_2,2.396639,2.289901,2.3966,YES,2.0,50.0,0.5,1580.0,,2,,SASDFX7/packing_result/rodada_2/report.txt
SASDFX7,packing,rodada_3,2.223789,2.169221,2.2238,YES,2.0,50.0,0.49,1580.0,,2,,SASDFX7/packing_result/rodada_3/report.txt
SASDFY6,single,rodada_1,16.738482,,,,,,0.85,736.0,1.0,,SASDFY6_fit1_model1.pdb,SASDFY6/single_result/rodada_1/report.txt
SASDFY6,single,rodada_2,16.738482,,,,,,0.85,736.0,1.0,,SASDFY6_fit1_model1.pdb,SASDFY6/single_result/rodada_2/report.txt
SASDFY6,single,rodada_3,16.738482,,,,,,0.84,736.0,1.0,,SASDFY6_fit1_model1.pdb,SASDFY6/single_result/rodada_3/report.txt
SASDFY7,packing,rodada_1,3.826434,2.311646,2.5135,YES,2.0,50.0,0.5,1643.0,,2,,SASDFY7/packing_result/rodada_1/report.txt
SASDFY7,packing,rodada_2,4.153476,2.372504,2.5469,YES,2.0,50.0,0.5,1643.0,,2,,SASDFY7/packing_result/rodada_2/report.txt
SASDFY7,packing,rodada_3,3.890115,2.309741,2.5666,YES,2.0,50.0,0.5,1643.0,,2,,SASDFY7/packing_result/rodada_3/report.txt
SASDFY9,single,rodada_1,34.21474,,,,,,0.07,140.0,1.0,,SASDFY9_fit1_model1.pdb,SASDFY9/single_result/rodada_1/report.txt
SASDFY9,single,rodada_2,34.21474,,,,,,0.06,140.0,1.0,,SASDFY9_fit1_model1.pdb,SASDFY9/single_result/rodada_2/report.txt
SASDFY9,single,rodada_3,34.21474,,,,,,0.06,140.0,1.0,,SASDFY9_fit1_model1.pdb,SASDFY9/single_result/rodada_3/report.txt
SASDFZ3,single,rodada_1,3.31205,,,,,,1.67,1057.0,1.0,,SASDFZ3_fit1_model1.pdb,SASDFZ3/single_result/rodada_1/report.txt
SASDFZ3,single,rodada_2,3.31205,,,,,,1.67,1057.0,1.0,,SASDFZ3_fit1_model1.pdb,SASDFZ3/single_result/rodada_2/report.txt
SASDFZ3,single,rodada_3,3.31205,,,,,,1.66,1057.0,1.0,,SASDFZ3_fit1_model1.pdb,SASDFZ3/single_result/rodada_3/report.txt
SASDFZ6,single,rodada_1,14.269527,,,,,,1.4,266.0,1.0,,SASDFZ6_fit1_model1.pdb,SASDFZ6/single_result/rodada_1/report.txt
SASDFZ6,single,rodada_2,14.269527,,,,,,1.4,266.0,1.0,,SASDFZ6_fit1_model1.pdb,SASDFZ6/single_result/rodada_2/report.txt
SASDFZ6,single,rodada_3,14.269527,,,,,,1.4,266.0,1.0,,SASDFZ6_fit1_model1.pdb,SASDFZ6/single_result/rodada_3/report.txt
SASDFZ7,packing,rodada_1,23.884337,5.493345,9.2989,YES,7.0,50.0,0.77,231.0,,7,,SASDFZ7/packing_result/rodada_1/report.txt
SASDFZ7,packing,rodada_2,23.667202,5.52585,8.3946,YES,7.0,50.0,0.77,231.0,,7,,SASDFZ7/packing_result/rodada_2/report.txt
SASDFZ7,packing,rodada_3,23.648179,5.749464,6.7975,YES,7.0,50.0,0.77,231.0,,7,,SASDFZ7/packing_result/rodada_3/report.txt
SASDFZ9,single,rodada_1,32.433713,,,,,,0.2,1007.0,1.0,,SASDFZ9_fit1_model1.pdb,SASDFZ9/single_result/rodada_1/report.txt
SASDFZ9,single,rodada_2,32.433713,,,,,,0.19,1007.0,1.0,,SASDFZ9_fit1_model1.pdb,SASDFZ9/single_result/rodada_2/report.txt
SASDFZ9,single,rodada_3,32.433713,,,,,,0.19,1007.0,1.0,,SASDFZ9_fit1_model1.pdb,SASDFZ9/single_result/rodada_3/report.txt
SASDG22,single,rodada_1,29.162642,,,,,,0.23,1240.0,1.0,,SASDG22_fit1_model1.pdb,SASDG22/single_result/rodada_1/report.txt
SASDG22,single,rodada_2,29.162642,,,,,,0.23,1240.0,1.0,,SASDG22_fit1_model1.pdb,SASDG22/single_result/rodada_2/report.txt
SASDG22,single,rodada_3,29.162642,,,,,,0.22,1240.0,1.0,,SASDG22_fit1_model1.pdb,SASDG22/single_result/rodada_3/report.txt
SASDG24,packing,rodada_1,16.787022,12.617529,16.787,YES,4.0,50.0,0.96,115.0,,4,,SASDG24/packing_result/rodada_1/report.txt
SASDG24,packing,rodada_2,16.816532,14.769248,16.8165,YES,4.0,50.0,0.96,115.0,,4,,SASDG24/packing_result/rodada_2/report.txt
SASDG24,packing,rodada_3,18.040077,14.600664,18.0401,YES,4.0,50.0,0.97,115.0,,4,,SASDG24/packing_result/rodada_3/report.txt
SASDG26,packing,rodada_1,15.282503,6.815629,6.9142,YES,2.0,50.0,0.18,1368.0,,2,,SASDG26/packing_result/rodada_1/report.txt
SASDG26,packing,rodada_2,15.365238,6.282318,6.3528,YES,2.0,50.0,0.2,1368.0,,2,,SASDG26/packing_result/rodada_2/report.txt
SASDG26,packing,rodada_3,15.240874,6.685318,6.7781,YES,2.0,50.0,0.18,1368.0,,2,,SASDG26/packing_result/rodada_3/report.txt
SASDG32,single,rodada_1,31.136238,,,,,,0.07,191.0,1.0,,SASDG32_fit1_model1.pdb,SASDG32/single_result/rodada_1/report.txt
SASDG32,single,rodada_2,31.136238,,,,,,0.07,191.0,1.0,,SASDG32_fit1_model1.pdb,SASDG32/single_result/rodada_2/report.txt
SASDG32,single,rodada_3,31.136238,,,,,,0.08,191.0,1.0,,SASDG32_fit1_model1.pdb,SASDG32/single_result/rodada_3/report.txt
SASDG34,packing,rodada_1,22.980199,16.774395,22.9802,YES,4.0,50.0,1.3,121.0,,4,,SASDG34/packing_result/rodada_1/report.txt
SASDG34,packing,rodada_2,21.845948,11.685296,17.8164,YES,4.0,50.0,1.29,121.0,,4,,SASDG34/packing_result/rodada_2/report.txt
SASDG34,packing,rodada_3,23.053923,15.63796,23.0539,YES,4.0,50.0,1.29,121.0,,4,,SASDG34/packing_result/rodada_3/report.txt
SASDG36,packing,rodada_1,14.325047,8.137458,8.3055,YES,2.0,50.0,0.15,941.0,,2,,SASDG36/packing_result/rodada_1/report.txt
SASDG36,packing,rodada_2,14.331671,7.317297,7.474,YES,2.0,50.0,0.14,941.0,,2,,SASDG36/packing_result/rodada_2/report.txt
SASDG36,packing,rodada_3,14.285114,7.232464,7.3635,YES,2.0,50.0,0.14,941.0,,2,,SASDG36/packing_result/rodada_3/report.txt
SASDG37,packing,rodada_1,4.854668,3.598118,3.5502,YES,3.0,50.0,0.33,1144.0,,3,,SASDG37/packing_result/rodada_1/report.txt
SASDG37,packing,rodada_2,4.964144,4.052179,4.9641,YES,3.0,50.0,0.31,1144.0,,3,,SASDG37/packing_result/rodada_2/report.txt
SASDG37,packing,rodada_3,4.632343,3.736717,4.3288,YES,3.0,50.0,0.32,1144.0,,3,,SASDG37/packing_result/rodada_3/report.txt
SASDG42,single,rodada_1,23.524805,,,,,,0.08,255.0,1.0,,SASDG42_fit1_model1.pdb,SASDG42/single_result/rodada_1/report.txt
SASDG42,single,rodada_2,23.524805,,,,,,0.08,255.0,1.0,,SASDG42_fit1_model1.pdb,SASDG42/single_result/rodada_2/report.txt
SASDG42,single,rodada_3,23.524805,,,,,,0.08,255.0,1.0,,SASDG42_fit1_model1.pdb,SASDG42/single_result/rodada_3/report.txt
SASDG44,packing,rodada_1,5.723094,4.486113,5.5051,YES,4.0,50.0,0.84,1269.0,,4,,SASDG44/packing_result/rodada_1/report.txt
SASDG44,packing,rodada_2,3.946998,3.650997,3.947,YES,4.0,50.0,0.83,1269.0,,4,,SASDG44/packing_result/rodada_2/report.txt
SASDG44,packing,rodada_3,3.903234,3.629454,3.9032,YES,4.0,50.0,0.83,1269.0,,4,,SASDG44/packing_result/rodada_3/report.txt
SASDG46,packing,rodada_1,15.356973,6.915879,7.033,YES,2.0,50.0,0.17,1200.0,,2,,SASDG46/packing_result/rodada_1/report.txt
SASDG46,packing,rodada_2,15.373526,7.032208,7.1456,YES,2.0,50.0,0.17,1200.0,,2,,SASDG46/packing_result/rodada_2/report.txt
SASDG46,packing,rodada_3,15.198152,6.993271,7.1175,YES,2.0,50.0,0.19,1200.0,,2,,SASDG46/packing_result/rodada_3/report.txt
SASDG47,packing,rodada_1,7.500313,8.2526,7.5003,NO,2.0,50.0,0.22,550.0,,2,,SASDG47/packing_result/rodada_1/report.txt
SASDG47,packing,rodada_2,7.535012,7.974967,7.535,NO,2.0,50.0,0.22,550.0,,2,,SASDG47/packing_result/rodada_2/report.txt
SASDG47,packing,rodada_3,13.41457,12.064228,13.4146,YES,2.0,50.0,0.21,550.0,,2,,SASDG47/packing_result/rodada_3/report.txt
SASDG54,single,rodada_1,24.865766,,,,,,1.52,174.0,1.0,,SASDG54_fit1_model1.pdb,SASDG54/single_result/rodada_1/report.txt
SASDG54,single,rodada_2,24.865766,,,,,,1.51,174.0,1.0,,SASDG54_fit1_model1.pdb,SASDG54/single_result/rodada_2/report.txt
SASDG54,single,rodada_3,24.865766,,,,,,1.53,174.0,1.0,,SASDG54_fit1_model1.pdb,SASDG54/single_result/rodada_3/report.txt
SASDG57,packing,rodada_1,9.154544,8.667591,9.1545,YES,2.0,50.0,0.32,2680.0,,2,,SASDG57/packing_result/rodada_1/report.txt
SASDG57,packing,rodada_2,6.3337,8.822554,6.3337,NO,2.0,50.0,0.32,2680.0,,2,,SASDG57/packing_result/rodada_2/report.txt
SASDG57,packing,rodada_3,7.298957,6.935305,7.299,YES,2.0,50.0,0.31,2680.0,,2,,SASDG57/packing_result/rodada_3/report.txt
SASDG64,packing,rodada_1,25.292213,7.274924,7.9153,YES,4.0,50.0,0.15,165.0,,4,,SASDG64/packing_result/rodada_1/report.txt
SASDG64,packing,rodada_2,24.103091,6.978293,7.6816,YES,4.0,50.0,0.15,165.0,,4,,SASDG64/packing_result/rodada_2/report.txt
SASDG64,packing,rodada_3,23.987643,6.811234,7.6874,YES,4.0,50.0,0.15,165.0,,4,,SASDG64/packing_result/rodada_3/report.txt
SASDG65,single,rodada_1,4.484851,,,,,,0.16,501.0,1.0,,SASDG65_fit1_model1.pdb,SASDG65/single_result/rodada_1/report.txt
SASDG65,single,rodada_2,4.484851,,,,,,0.16,501.0,1.0,,SASDG65_fit1_model1.pdb,SASDG65/single_result/rodada_2/report.txt
SASDG65,single,rodada_3,4.484851,,,,,,0.16,501.0,1.0,,SASDG65_fit1_model1.pdb,SASDG65/single_result/rodada_3/report.txt
SASDG74,packing,rodada_1,21.091497,5.746972,6.0729,YES,4.0,50.0,0.18,1143.0,,4,,SASDG74/packing_result/rodada_1/report.txt
SASDG74,packing,rodada_2,20.035973,6.660175,6.9384,YES,4.0,50.0,0.18,1143.0,,4,,SASDG74/packing_result/rodada_2/report.txt
SASDG74,packing,rodada_3,20.05962,11.641424,9.2964,YES,4.0,50.0,0.19,1143.0,,4,,SASDG74/packing_result/rodada_3/report.txt
SASDG75,packing,rodada_1,20.867175,20.714213,20.8672,YES,3.0,50.0,0.18,1292.0,,3,,SASDG75/packing_result/rodada_1/report.txt
SASDG75,packing,rodada_2,21.15745,20.830944,21.1574,YES,3.0,50.0,0.18,1292.0,,3,,SASDG75/packing_result/rodada_2/report.txt
SASDG75,packing,rodada_3,21.041768,20.720569,21.0418,YES,3.0,50.0,0.18,1292.0,,3,,SASDG75/packing_result/rodada_3/report.txt
SASDG84,packing,rodada_1,23.719318,5.4518,6.3599,YES,5.0,50.0,0.37,176.0,,5,,SASDG84/packing_result/rodada_1/report.txt
SASDG84,packing,rodada_2,24.0076,5.78056,6.4884,YES,5.0,50.0,0.37,176.0,,5,,SASDG84/packing_result/rodada_2/report.txt
SASDG84,packing,rodada_3,24.376045,5.534063,5.9107,YES,5.0,50.0,0.37,176.0,,5,,SASDG84/packing_result/rodada_3/report.txt
SASDG94,packing,rodada_1,7.082324,5.977936,7.0823,YES,7.0,50.0,1.02,168.0,,7,,SASDG94/packing_result/rodada_1/report.txt
SASDG94,packing,rodada_2,6.800939,6.080687,6.8009,YES,7.0,50.0,1.0,168.0,,7,,SASDG94/packing_result/rodada_2/report.txt
SASDG94,packing,rodada_3,7.312772,5.938402,7.3128,YES,7.0,50.0,1.0,168.0,,7,,SASDG94/packing_result/rodada_3/report.txt
SASDG95,single,rodada_1,8.716114,,,,,,0.18,1944.0,1.0,,SASDG95_fit1_model1.pdb,SASDG95/single_result/rodada_1/report.txt
SASDG95,single,rodada_2,8.716114,,,,,,0.18,1944.0,1.0,,SASDG95_fit1_model1.pdb,SASDG95/single_result/rodada_2/report.txt
SASDG95,single,rodada_3,8.716114,,,,,,0.18,1944.0,1.0,,SASDG95_fit1_model1.pdb,SASDG95/single_result/rodada_3/report.txt
SASDG97,packing,rodada_1,43.315635,3.829478,3.8352,YES,2.0,50.0,0.31,508.0,,2,,SASDG97/packing_result/rodada_1/report.txt
SASDG97,packing,rodada_2,43.245005,3.67678,3.6846,YES,2.0,50.0,0.31,508.0,,2,,SASDG97/packing_result/rodada_2/report.txt
SASDG97,packing,rodada_3,43.621152,3.854847,3.861,YES,2.0,50.0,0.32,508.0,,2,,SASDG97/packing_result/rodada_3/report.txt
SASDGA4,packing,rodada_1,7.874609,5.896215,7.6291,YES,7.0,50.0,1.03,161.0,,7,,SASDGA4/packing_result/rodada_1/report.txt
SASDGA4,packing,rodada_2,7.762284,6.52239,7.7538,YES,7.0,50.0,1.05,161.0,,7,,SASDGA4/packing_result/rodada_2/report.txt
SASDGA4,packing,rodada_3,7.760776,7.178489,7.7608,YES,7.0,50.0,1.04,161.0,,7,,SASDGA4/packing_result/rodada_3/report.txt
SASDGA5,packing,rodada_1,4.739081,3.681522,4.7262,YES,3.0,50.0,0.27,1003.0,,3,,SASDGA5/packing_result/rodada_1/report.txt
SASDGA5,packing,rodada_2,3.33276,2.662828,3.3328,YES,3.0,50.0,0.27,1003.0,,3,,SASDGA5/packing_result/rodada_2/report.txt
SASDGA5,packing,rodada_3,3.868487,2.775374,3.8685,YES,3.0,50.0,0.27,1003.0,,3,,SASDGA5/packing_result/rodada_3/report.txt
SASDGA7,single,rodada_1,2.749088,,,,,,0.59,1355.0,1.0,,SASDGA7_fit1_model1.pdb,SASDGA7/single_result/rodada_1/report.txt
SASDGA7,single,rodada_2,2.749088,,,,,,0.59,1355.0,1.0,,SASDGA7_fit1_model1.pdb,SASDGA7/single_result/rodada_2/report.txt
SASDGA7,single,rodada_3,2.749088,,,,,,0.59,1355.0,1.0,,SASDGA7_fit1_model1.pdb,SASDGA7/single_result/rodada_3/report.txt
SASDGB4,packing,rodada_1,5.899816,4.831527,5.8998,YES,4.0,50.0,0.76,1151.0,,4,,SASDGB4/packing_result/rodada_1/report.txt
SASDGB4,packing,rodada_2,7.494009,5.748098,7.494,YES,4.0,50.0,0.75,1151.0,,4,,SASDGB4/packing_result/rodada_2/report.txt
SASDGB4,packing,rodada_3,7.448203,4.812407,7.4482,YES,4.0,50.0,0.73,1151.0,,4,,SASDGB4/packing_result/rodada_3/report.txt
SASDGB5,packing,rodada_1,6.241446,14.977768,6.2414,NO,10.0,50.0,5.21,332.0,,10,,SASDGB5/packing_result/rodada_1/report.txt
SASDGB5,packing,rodada_2,4.809764,15.059978,4.8098,NO,10.0,50.0,5.23,332.0,,10,,SASDGB5/packing_result/rodada_2/report.txt
SASDGB5,packing,rodada_3,5.304412,15.02732,5.3044,NO,10.0,50.0,4.74,332.0,,10,,SASDGB5/packing_result/rodada_3/report.txt
SASDGB6,packing,rodada_1,4.973333,4.902797,4.9733,YES,2.0,50.0,0.79,840.0,,2,,SASDGB6/packing_result/rodada_1/report.txt
SASDGB6,packing,rodada_2,4.387062,4.22515,4.3871,YES,2.0,50.0,0.78,840.0,,2,,SASDGB6/packing_result/rodada_2/report.txt
SASDGB6,packing,rodada_3,5.709014,5.651036,5.709,YES,2.0,50.0,0.77,840.0,,2,,SASDGB6/packing_result/rodada_3/report.txt
SASDGB7,packing,rodada_1,8.079103,4.116292,4.2086,YES,2.0,50.0,0.22,488.0,,2,,SASDGB7/packing_result/rodada_1/report.txt
SASDGB7,packing,rodada_2,9.588537,4.446777,4.449,YES,2.0,50.0,0.21,488.0,,2,,SASDGB7/packing_result/rodada_2/report.txt
SASDGB7,packing,rodada_3,7.135825,4.022182,4.0817,YES,2.0,50.0,0.21,488.0,,2,,SASDGB7/packing_result/rodada_3/report.txt
SASDGC4,packing,rodada_1,6.517522,5.663949,6.5175,YES,5.0,50.0,0.87,1132.0,,5,,SASDGC4/packing_result/rodada_1/report.txt
SASDGC4,packing,rodada_2,8.34825,5.546062,6.9691,YES,5.0,50.0,0.85,1132.0,,5,,SASDGC4/packing_result/rodada_2/report.txt
SASDGC4,packing,rodada_3,6.422879,5.769375,6.4229,YES,5.0,50.0,0.87,1132.0,,5,,SASDGC4/packing_result/rodada_3/report.txt
SASDGC5,packing,rodada_1,4.70712,13.90065,4.7071,NO,10.0,50.0,5.61,1100.0,,10,,SASDGC5/packing_result/rodada_1/report.txt
SASDGC5,packing,rodada_2,4.753572,15.220831,4.6165,NO,10.0,50.0,5.87,1100.0,,10,,SASDGC5/packing_result/rodada_2/report.txt
SASDGC5,packing,rodada_3,4.129764,14.478756,4.1298,NO,10.0,50.0,5.7,1100.0,,10,,SASDGC5/packing_result/rodada_3/report.txt
SASDGC6,packing,rodada_1,5.698386,4.327857,4.4582,YES,2.0,50.0,0.2,4840.0,,2,,SASDGC6/packing_result/rodada_1/report.txt
SASDGC6,packing,rodada_2,3.669177,2.583236,2.738,YES,2.0,50.0,0.2,4840.0,,2,,SASDGC6/packing_result/rodada_2/report.txt
SASDGC6,packing,rodada_3,3.775218,2.694698,2.8651,YES,2.0,50.0,0.19,4840.0,,2,,SASDGC6/packing_result/rodada_3/report.txt
SASDGC7,packing,rodada_1,2.993598,2.98782,2.9936,YES,2.0,50.0,0.24,1441.0,,2,,SASDGC7/packing_result/rodada_1/report.txt
SASDGC7,packing,rodada_2,3.008678,2.97361,3.0087,YES,2.0,50.0,0.23,1441.0,,2,,SASDGC7/packing_result/rodada_2/report.txt
SASDGC7,packing,rodada_3,3.003065,2.99361,3.0031,YES,2.0,50.0,0.24,1441.0,,2,,SASDGC7/packing_result/rodada_3/report.txt
SASDGD2,single,rodada_1,2.135545,,,,,,0.87,1317.0,1.0,,SASDGD2_fit1_model1.pdb,SASDGD2/single_result/rodada_1/report.txt
SASDGD2,single,rodada_2,2.135545,,,,,,0.86,1317.0,1.0,,SASDGD2_fit1_model1.pdb,SASDGD2/single_result/rodada_2/report.txt
SASDGD2,single,rodada_3,2.135545,,,,,,0.86,1317.0,1.0,,SASDGD2_fit1_model1.pdb,SASDGD2/single_result/rodada_3/report.txt
SASDGD5,packing,rodada_1,4.335916,16.363782,3.3673,NO,10.0,50.0,5.91,1390.0,,10,,SASDGD5/packing_result/rodada_1/report.txt
SASDGD5,packing,rodada_2,3.55331,16.128075,3.5439,NO,10.0,50.0,5.79,1390.0,,10,,SASDGD5/packing_result/rodada_2/report.txt
SASDGD5,packing,rodada_3,3.701988,16.157024,3.702,NO,10.0,50.0,5.93,1390.0,,10,,SASDGD5/packing_result/rodada_3/report.txt
SASDGD6,single,rodada_1,2.581325,,,,,,0.61,1604.0,1.0,,SASDGD6_fit1_model1.pdb,SASDGD6/single_result/rodada_1/report.txt
SASDGD6,single,rodada_2,2.581325,,,,,,0.62,1604.0,1.0,,SASDGD6_fit1_model1.pdb,SASDGD6/single_result/rodada_2/report.txt
SASDGD6,single,rodada_3,2.581325,,,,,,0.61,1604.0,1.0,,SASDGD6_fit1_model1.pdb,SASDGD6/single_result/rodada_3/report.txt
SASDGE2,packing,rodada_1,2.780769,2.826381,2.7808,NO,5.0,50.0,0.29,921.0,,5,,SASDGE2/packing_result/rodada_1/report.txt
SASDGE2,packing,rodada_2,2.271639,2.722465,2.2716,NO,5.0,50.0,0.28,921.0,,5,,SASDGE2/packing_result/rodada_2/report.txt
SASDGE2,packing,rodada_3,2.424866,2.744635,2.4249,NO,5.0,50.0,0.28,921.0,,5,,SASDGE2/packing_result/rodada_3/report.txt
SASDGE5,packing,rodada_1,3.970851,3.520592,3.9709,YES,5.0,50.0,0.55,1669.0,,5,,SASDGE5/packing_result/rodada_1/report.txt
SASDGE5,packing,rodada_2,3.997487,3.756518,3.9975,YES,5.0,50.0,0.54,1669.0,,5,,SASDGE5/packing_result/rodada_2/report.txt
SASDGE5,packing,rodada_3,4.311364,3.297007,3.6204,YES,5.0,50.0,0.53,1669.0,,5,,SASDGE5/packing_result/rodada_3/report.txt
SASDGE6,single,rodada_1,2.707736,,,,,,0.16,1284.0,1.0,,SASDGE6_fit1_model1.pdb,SASDGE6/single_result/rodada_1/report.txt
SASDGE6,single,rodada_2,2.707736,,,,,,0.16,1284.0,1.0,,SASDGE6_fit1_model1.pdb,SASDGE6/single_result/rodada_2/report.txt
SASDGE6,single,rodada_3,2.707736,,,,,,0.16,1284.0,1.0,,SASDGE6_fit1_model1.pdb,SASDGE6/single_result/rodada_3/report.txt
SASDGF2,packing,rodada_1,5.432111,5.591469,5.4321,NO,2.0,50.0,0.38,406.0,,2,,SASDGF2/packing_result/rodada_1/report.txt
SASDGF2,packing,rodada_2,5.716008,5.827025,5.716,NO,2.0,50.0,0.38,406.0,,2,,SASDGF2/packing_result/rodada_2/report.txt
SASDGF2,packing,rodada_3,7.270398,7.307604,7.2704,NO,2.0,50.0,0.4,406.0,,2,,SASDGF2/packing_result/rodada_3/report.txt
SASDGF3,packing,rodada_1,4.178874,3.042571,4.1789,YES,2.0,50.0,0.15,1575.0,,2,,SASDGF3/packing_result/rodada_1/report.txt
SASDGF3,packing,rodada_2,5.891122,3.237243,4.4588,YES,2.0,50.0,0.15,1575.0,,2,,SASDGF3/packing_result/rodada_2/report.txt
SASDGF3,packing,rodada_3,4.83182,4.301576,4.8318,YES,2.0,50.0,0.15,1575.0,,2,,SASDGF3/packing_result/rodada_3/report.txt
SASDGF5,packing,rodada_1,4.776409,3.682946,4.4432,YES,5.0,50.0,0.72,1538.0,,5,,SASDGF5/packing_result/rodada_1/report.txt
SASDGF5,packing,rodada_2,4.813763,3.326797,4.8138,YES,5.0,50.0,0.58,1538.0,,5,,SASDGF5/packing_result/rodada_2/report.txt
SASDGF5,packing,rodada_3,5.151751,3.321791,4.4831,YES,5.0,50.0,0.56,1538.0,,5,,SASDGF5/packing_result/rodada_3/report.txt
SASDGF6,single,rodada_1,2.424341,,,,,,0.21,2523.0,1.0,,SASDGF6_fit1_model1.pdb,SASDGF6/single_result/rodada_1/report.txt
SASDGF6,single,rodada_2,2.424341,,,,,,0.21,2523.0,1.0,,SASDGF6_fit1_model1.pdb,SASDGF6/single_result/rodada_2/report.txt
SASDGF6,single,rodada_3,2.424341,,,,,,0.21,2523.0,1.0,,SASDGF6_fit1_model1.pdb,SASDGF6/single_result/rodada_3/report.txt
SASDGG2,single,rodada_1,12.3699,,,,,,0.57,1064.0,1.0,,SASDGG2_fit1_model1.pdb,SASDGG2/single_result/rodada_1/report.txt
SASDGG2,single,rodada_2,12.3699,,,,,,0.57,1064.0,1.0,,SASDGG2_fit1_model1.pdb,SASDGG2/single_result/rodada_2/report.txt
SASDGG2,single,rodada_3,12.3699,,,,,,0.57,1064.0,1.0,,SASDGG2_fit1_model1.pdb,SASDGG2/single_result/rodada_3/report.txt
SASDGG3,single,rodada_1,5.656548,,,,,,0.19,1996.0,1.0,,SASDGG3_fit1_model1.pdb,SASDGG3/single_result/rodada_1/report.txt
SASDGG3,single,rodada_2,5.656548,,,,,,0.19,1996.0,1.0,,SASDGG3_fit1_model1.pdb,SASDGG3/single_result/rodada_2/report.txt
SASDGG3,single,rodada_3,5.656548,,,,,,0.19,1996.0,1.0,,SASDGG3_fit1_model1.pdb,SASDGG3/single_result/rodada_3/report.txt
SASDGG5,packing,rodada_1,3.492684,3.97004,3.4927,NO,5.0,50.0,0.56,1912.0,,5,,SASDGG5/packing_result/rodada_1/report.txt
SASDGG5,packing,rodada_2,5.139422,3.817557,4.4059,YES,5.0,50.0,0.55,1912.0,,5,,SASDGG5/packing_result/rodada_2/report.txt
SASDGG5,packing,rodada_3,5.295132,3.939244,4.342,YES,5.0,50.0,0.55,1912.0,,5,,SASDGG5/packing_result/rodada_3/report.txt
SASDGG6,packing,rodada_1,4.248123,3.442431,4.2481,YES,3.0,50.0,0.68,604.0,,3,,SASDGG6/packing_result/rodada_1/report.txt
SASDGG6,packing,rodada_2,5.179359,3.237818,3.9179,YES,3.0,50.0,0.7,604.0,,3,,SASDGG6/packing_result/rodada_2/report.txt
SASDGG6,packing,rodada_3,4.0714,3.221279,3.8287,YES,3.0,50.0,0.68,604.0,,3,,SASDGG6/packing_result/rodada_3/report.txt
SASDGH2,single,rodada_1,2.802022,,,,,,0.49,582.0,1.0,,SASDGH2_fit1_model1.pdb,SASDGH2/single_result/rodada_1/report.txt
SASDGH2,single,rodada_2,2.802022,,,,,,0.49,582.0,1.0,,SASDGH2_fit1_model1.pdb,SASDGH2/single_result/rodada_2/report.txt
SASDGH2,single,rodada_3,2.802022,,,,,,0.49,582.0,1.0,,SASDGH2_fit1_model1.pdb,SASDGH2/single_result/rodada_3/report.txt
SASDGH3,single,rodada_1,7.565742,,,,,,0.07,296.0,1.0,,SASDGH3_fit1_model1.pdb,SASDGH3/single_result/rodada_1/report.txt
SASDGH3,single,rodada_2,7.565742,,,,,,0.07,296.0,1.0,,SASDGH3_fit1_model1.pdb,SASDGH3/single_result/rodada_2/report.txt
SASDGH3,single,rodada_3,7.565742,,,,,,0.07,296.0,1.0,,SASDGH3_fit1_model1.pdb,SASDGH3/single_result/rodada_3/report.txt
SASDGH5,packing,rodada_1,3.233189,9.595545,3.2332,NO,7.0,50.0,1.71,1510.0,,7,,SASDGH5/packing_result/rodada_1/report.txt
SASDGH5,packing,rodada_2,4.964458,9.05729,3.9377,NO,7.0,50.0,1.56,1510.0,,7,,SASDGH5/packing_result/rodada_2/report.txt
SASDGH5,packing,rodada_3,3.098497,8.96711,3.0985,NO,7.0,50.0,1.66,1510.0,,7,,SASDGH5/packing_result/rodada_3/report.txt
SASDGH6,packing,rodada_1,4.522957,3.189716,4.474,YES,3.0,50.0,0.72,969.0,,3,,SASDGH6/packing_result/rodada_1/report.txt
SASDGH6,packing,rodada_2,6.178565,3.413597,4.618,YES,3.0,50.0,0.71,969.0,,3,,SASDGH6/packing_result/rodada_2/report.txt
SASDGH6,packing,rodada_3,3.834962,3.47124,3.835,YES,3.0,50.0,0.69,969.0,,3,,SASDGH6/packing_result/rodada_3/report.txt
SASDGJ2,single,rodada_1,2.608619,,,,,,0.47,470.0,1.0,,SASDGJ2_fit1_model1.pdb,SASDGJ2/single_result/rodada_1/report.txt
SASDGJ2,single,rodada_2,2.608619,,,,,,0.47,470.0,1.0,,SASDGJ2_fit1_model1.pdb,SASDGJ2/single_result/rodada_2/report.txt
SASDGJ2,single,rodada_3,2.608619,,,,,,0.47,470.0,1.0,,SASDGJ2_fit1_model1.pdb,SASDGJ2/single_result/rodada_3/report.txt
SASDGJ3,single,rodada_1,6.444155,,,,,,0.18,1516.0,1.0,,SASDGJ3_fit1_model1.pdb,SASDGJ3/single_result/rodada_1/report.txt
SASDGJ3,single,rodada_2,6.444155,,,,,,0.15,1516.0,1.0,,SASDGJ3_fit1_model1.pdb,SASDGJ3/single_result/rodada_2/report.txt
SASDGJ3,single,rodada_3,6.444155,,,,,,0.15,1516.0,1.0,,SASDGJ3_fit1_model1.pdb,SASDGJ3/single_result/rodada_3/report.txt
SASDGJ5,packing,rodada_1,3.525538,8.151673,3.5255,NO,7.0,50.0,1.63,1978.0,,7,,SASDGJ5/packing_result/rodada_1/report.txt
SASDGJ5,packing,rodada_2,3.673683,8.045005,3.6737,NO,7.0,50.0,1.55,1978.0,,7,,SASDGJ5/packing_result/rodada_2/report.txt
SASDGJ5,packing,rodada_3,4.370541,8.317241,4.3705,NO,7.0,50.0,1.6,1978.0,,7,,SASDGJ5/packing_result/rodada_3/report.txt
SASDGJ6,packing,rodada_1,5.446898,4.271014,4.9533,YES,2.0,50.0,0.68,860.0,,2,,SASDGJ6/packing_result/rodada_1/report.txt
SASDGJ6,packing,rodada_2,5.08561,4.807835,5.0856,YES,2.0,50.0,0.67,860.0,,2,,SASDGJ6/packing_result/rodada_2/report.txt
SASDGJ6,packing,rodada_3,5.092304,4.394373,5.0923,YES,2.0,50.0,0.67,860.0,,2,,SASDGJ6/packing_result/rodada_3/report.txt
SASDGK2,packing,rodada_1,7.623724,4.961047,7.6237,YES,2.0,50.0,0.45,2030.0,,2,,SASDGK2/packing_result/rodada_1/report.txt
SASDGK2,packing,rodada_2,6.411754,4.421806,6.2603,YES,2.0,50.0,0.5,2030.0,,2,,SASDGK2/packing_result/rodada_2/report.txt
SASDGK2,packing,rodada_3,5.960211,4.682564,5.9602,YES,2.0,50.0,0.47,2030.0,,2,,SASDGK2/packing_result/rodada_3/report.txt
SASDGK3,single,rodada_1,6.870769,,,,,,0.15,1508.0,1.0,,SASDGK3_fit1_model1.pdb,SASDGK3/single_result/rodada_1/report.txt
SASDGK3,single,rodada_2,6.870769,,,,,,0.15,1508.0,1.0,,SASDGK3_fit1_model1.pdb,SASDGK3/single_result/rodada_2/report.txt
SASDGK3,single,rodada_3,6.870769,,,,,,0.15,1508.0,1.0,,SASDGK3_fit1_model1.pdb,SASDGK3/single_result/rodada_3/report.txt
SASDGK5,packing,rodada_1,3.137856,8.568073,3.1379,NO,7.0,50.0,1.53,1491.0,,7,,SASDGK5/packing_result/rodada_1/report.txt
SASDGK5,packing,rodada_2,3.498404,8.471361,3.4984,NO,7.0,50.0,1.54,1491.0,,7,,SASDGK5/packing_result/rodada_2/report.txt
SASDGK5,packing,rodada_3,3.381609,9.008769,3.3636,NO,7.0,50.0,1.58,1491.0,,7,,SASDGK5/packing_result/rodada_3/report.txt
SASDGK6,packing,rodada_1,4.146055,4.062376,4.1461,YES,3.0,50.0,0.88,906.0,,3,,SASDGK6/packing_result/rodada_1/report.txt
SASDGK6,packing,rodada_2,3.797288,3.100515,3.7607,YES,3.0,50.0,0.87,906.0,,3,,SASDGK6/packing_result/rodada_2/report.txt
SASDGK6,packing,rodada_3,4.919097,3.962092,4.5518,YES,3.0,50.0,0.88,906.0,,3,,SASDGK6/packing_result/rodada_3/report.txt
SASDGL2,single,rodada_1,5.325478,,,,,,5.88,2996.0,1.0,,SASDGL2_fit1_model1.pdb,SASDGL2/single_result/rodada_1/report.txt
SASDGL2,single,rodada_2,5.325478,,,,,,5.92,2996.0,1.0,,SASDGL2_fit1_model1.pdb,SASDGL2/single_result/rodada_2/report.txt
SASDGL2,single,rodada_3,5.325478,,,,,,5.92,2996.0,1.0,,SASDGL2_fit1_model1.pdb,SASDGL2/single_result/rodada_3/report.txt
SASDGL3,single,rodada_1,10.042144,,,,,,0.07,505.0,1.0,,SASDGL3_fit1_model1.pdb,SASDGL3/single_result/rodada_1/report.txt
SASDGL3,single,rodada_2,10.042144,,,,,,0.07,505.0,1.0,,SASDGL3_fit1_model1.pdb,SASDGL3/single_result/rodada_2/report.txt
SASDGL3,single,rodada_3,10.042144,,,,,,0.07,505.0,1.0,,SASDGL3_fit1_model1.pdb,SASDGL3/single_result/rodada_3/report.txt
SASDGL6,single,rodada_1,4.296881,,,,,,1.4,923.0,1.0,,SASDGL6_fit1_model1.pdb,SASDGL6/single_result/rodada_1/report.txt
SASDGL6,single,rodada_2,4.296881,,,,,,1.41,923.0,1.0,,SASDGL6_fit1_model1.pdb,SASDGL6/single_result/rodada_2/report.txt
SASDGL6,single,rodada_3,4.296881,,,,,,1.41,923.0,1.0,,SASDGL6_fit1_model1.pdb,SASDGL6/single_result/rodada_3/report.txt
SASDGM3,single,rodada_1,9.351879,,,,,,0.07,371.0,1.0,,SASDGM3_fit1_model1.pdb,SASDGM3/single_result/rodada_1/report.txt
SASDGM3,single,rodada_2,9.351879,,,,,,0.07,371.0,1.0,,SASDGM3_fit1_model1.pdb,SASDGM3/single_result/rodada_2/report.txt
SASDGM3,single,rodada_3,9.351879,,,,,,0.07,371.0,1.0,,SASDGM3_fit1_model1.pdb,SASDGM3/single_result/rodada_3/report.txt
SASDGM5,single,rodada_1,5.198527,,,,,,0.64,301.0,1.0,,SASDGM5_fit1_model1.pdb,SASDGM5/single_result/rodada_1/report.txt
SASDGM5,single,rodada_2,5.198527,,,,,,0.64,301.0,1.0,,SASDGM5_fit1_model1.pdb,SASDGM5/single_result/rodada_2/report.txt
SASDGM5,single,rodada_3,5.198527,,,,,,0.64,301.0,1.0,,SASDGM5_fit1_model1.pdb,SASDGM5/single_result/rodada_3/report.txt
SASDGM6,packing,rodada_1,4.38789,3.163474,3.8449,YES,3.0,50.0,0.78,1001.0,,3,,SASDGM6/packing_result/rodada_1/report.txt
SASDGM6,packing,rodada_2,4.494576,3.256931,4.2418,YES,3.0,50.0,0.79,1001.0,,3,,SASDGM6/packing_result/rodada_2/report.txt
SASDGM6,packing,rodada_3,4.125168,3.119293,4.1252,YES,3.0,50.0,0.79,1001.0,,3,,SASDGM6/packing_result/rodada_3/report.txt
SASDGN3,single,rodada_1,5.059989,,,,,,0.21,1994.0,1.0,,SASDGN3_fit1_model1.pdb,SASDGN3/single_result/rodada_1/report.txt
SASDGN3,single,rodada_2,5.059989,,,,,,0.21,1994.0,1.0,,SASDGN3_fit1_model1.pdb,SASDGN3/single_result/rodada_2/report.txt
SASDGN3,single,rodada_3,5.059989,,,,,,0.21,1994.0,1.0,,SASDGN3_fit1_model1.pdb,SASDGN3/single_result/rodada_3/report.txt
SASDGN5,single,rodada_1,43.275962,,,,,,4.12,93.0,1.0,,SASDGN5_fit1_model1.pdb,SASDGN5/single_result/rodada_1/report.txt
SASDGN5,single,rodada_2,43.275962,,,,,,4.15,93.0,1.0,,SASDGN5_fit1_model1.pdb,SASDGN5/single_result/rodada_2/report.txt
SASDGN5,single,rodada_3,43.275962,,,,,,4.15,93.0,1.0,,SASDGN5_fit1_model1.pdb,SASDGN5/single_result/rodada_3/report.txt
SASDGP3,single,rodada_1,14.605752,,,,,,0.09,694.0,1.0,,SASDGP3_fit1_model1.pdb,SASDGP3/single_result/rodada_1/report.txt
SASDGP3,single,rodada_2,14.605752,,,,,,0.09,694.0,1.0,,SASDGP3_fit1_model1.pdb,SASDGP3/single_result/rodada_2/report.txt
SASDGP3,single,rodada_3,14.605752,,,,,,0.09,694.0,1.0,,SASDGP3_fit1_model1.pdb,SASDGP3/single_result/rodada_3/report.txt
SASDGQ3,single,rodada_1,7.994049,,,,,,0.11,886.0,1.0,,SASDGQ3_fit1_model1.pdb,SASDGQ3/single_result/rodada_1/report.txt
SASDGQ3,single,rodada_2,7.994049,,,,,,0.11,886.0,1.0,,SASDGQ3_fit1_model1.pdb,SASDGQ3/single_result/rodada_2/report.txt
SASDGQ3,single,rodada_3,7.994049,,,,,,0.11,886.0,1.0,,SASDGQ3_fit1_model1.pdb,SASDGQ3/single_result/rodada_3/report.txt
SASDGR3,single,rodada_1,4.882514,,,,,,0.18,1921.0,1.0,,SASDGR3_fit1_model1.pdb,SASDGR3/single_result/rodada_1/report.txt
SASDGR3,single,rodada_2,4.882514,,,,,,0.18,1921.0,1.0,,SASDGR3_fit1_model1.pdb,SASDGR3/single_result/rodada_2/report.txt
SASDGR3,single,rodada_3,4.882514,,,,,,0.18,1921.0,1.0,,SASDGR3_fit1_model1.pdb,SASDGR3/single_result/rodada_3/report.txt
SASDGS3,single,rodada_1,14.578669,,,,,,0.06,247.0,1.0,,SASDGS3_fit1_model1.pdb,SASDGS3/single_result/rodada_1/report.txt
SASDGS3,single,rodada_2,14.578669,,,,,,0.06,247.0,1.0,,SASDGS3_fit1_model1.pdb,SASDGS3/single_result/rodada_2/report.txt
SASDGS3,single,rodada_3,14.578669,,,,,,0.06,247.0,1.0,,SASDGS3_fit1_model1.pdb,SASDGS3/single_result/rodada_3/report.txt
SASDGS5,single,rodada_1,15.201141,,,,,,1.72,270.0,1.0,,SASDGS5_fit1_model2.pdb,SASDGS5/single_result/rodada_1/report.txt
SASDGS5,single,rodada_2,15.201141,,,,,,1.72,270.0,1.0,,SASDGS5_fit1_model2.pdb,SASDGS5/single_result/rodada_2/report.txt
SASDGS5,single,rodada_3,15.201141,,,,,,1.7,270.0,1.0,,SASDGS5_fit1_model2.pdb,SASDGS5/single_result/rodada_3/report.txt
SASDGT3,single,rodada_1,3.409783,,,,,,0.4,5041.0,1.0,,SASDGT3_fit1_model1.pdb,SASDGT3/single_result/rodada_1/report.txt
SASDGT3,single,rodada_2,3.402235,,,,,,0.39,5041.0,1.0,,SASDGT3_fit1_model1.pdb,SASDGT3/single_result/rodada_2/report.txt
SASDGT3,single,rodada_3,3.43815,,,,,,0.39,5041.0,1.0,,SASDGT3_fit1_model1.pdb,SASDGT3/single_result/rodada_3/report.txt
SASDGT5,single,rodada_1,14.430102,,,,,,1.38,195.0,1.0,,SASDGT5_fit1_model2.pdb,SASDGT5/single_result/rodada_1/report.txt
SASDGT5,single,rodada_2,14.430102,,,,,,1.33,195.0,1.0,,SASDGT5_fit1_model2.pdb,SASDGT5/single_result/rodada_2/report.txt
SASDGT5,single,rodada_3,14.430102,,,,,,1.4,195.0,1.0,,SASDGT5_fit1_model2.pdb,SASDGT5/single_result/rodada_3/report.txt
SASDGU3,single,rodada_1,8.173476,,,,,,0.38,5003.0,1.0,,SASDGU3_fit1_model1.pdb,SASDGU3/single_result/rodada_1/report.txt
SASDGU3,single,rodada_2,8.173103,,,,,,0.38,5003.0,1.0,,SASDGU3_fit1_model1.pdb,SASDGU3/single_result/rodada_2/report.txt
SASDGU3,single,rodada_3,8.189951,,,,,,0.38,5003.0,1.0,,SASDGU3_fit1_model1.pdb,SASDGU3/single_result/rodada_3/report.txt
SASDGU5,packing,rodada_1,4.604002,3.588068,4.604,YES,2.0,50.0,0.17,925.0,,2,,SASDGU5/packing_result/rodada_1/report.txt
SASDGU5,packing,rodada_2,4.416527,3.963222,4.4165,YES,2.0,50.0,0.17,925.0,,2,,SASDGU5/packing_result/rodada_2/report.txt
SASDGU5,packing,rodada_3,5.067498,3.505474,5.0169,YES,2.0,50.0,0.17,925.0,,2,,SASDGU5/packing_result/rodada_3/report.txt
SASDGU9,single,rodada_1,33.01637,,,,,,0.2,1086.0,1.0,,SASDGU9_fit1_model1.pdb,SASDGU9/single_result/rodada_1/report.txt
SASDGU9,single,rodada_2,33.01637,,,,,,0.21,1086.0,1.0,,SASDGU9_fit1_model1.pdb,SASDGU9/single_result/rodada_2/report.txt
SASDGU9,single,rodada_3,33.01637,,,,,,0.21,1086.0,1.0,,SASDGU9_fit1_model1.pdb,SASDGU9/single_result/rodada_3/report.txt
SASDGV3,single,rodada_1,6.674822,,,,,,0.14,1418.0,1.0,,SASDGV3_fit1_model1.pdb,SASDGV3/single_result/rodada_1/report.txt
SASDGV3,single,rodada_2,6.674822,,,,,,0.14,1418.0,1.0,,SASDGV3_fit1_model1.pdb,SASDGV3/single_result/rodada_2/report.txt
SASDGV3,single,rodada_3,6.674822,,,,,,0.14,1418.0,1.0,,SASDGV3_fit1_model1.pdb,SASDGV3/single_result/rodada_3/report.txt
SASDGV4,single,rodada_1,7.985247,,,,,,0.59,183.0,1.0,,SASDGV4_fit1_model1.pdb,SASDGV4/single_result/rodada_1/report.txt
SASDGV4,single,rodada_2,7.985247,,,,,,0.6,183.0,1.0,,SASDGV4_fit1_model1.pdb,SASDGV4/single_result/rodada_2/report.txt
SASDGV4,single,rodada_3,7.985247,,,,,,0.59,183.0,1.0,,SASDGV4_fit1_model1.pdb,SASDGV4/single_result/rodada_3/report.txt
SASDGV6,single,rodada_1,4.427454,,,,,,0.16,1504.0,1.0,,SASDGV6_fit1_model1.pdb,SASDGV6/single_result/rodada_1/report.txt
SASDGV6,single,rodada_2,4.427454,,,,,,0.16,1504.0,1.0,,SASDGV6_fit1_model1.pdb,SASDGV6/single_result/rodada_2/report.txt
SASDGV6,single,rodada_3,4.427454,,,,,,0.16,1504.0,1.0,,SASDGV6_fit1_model1.pdb,SASDGV6/single_result/rodada_3/report.txt
SASDGV9,single,rodada_1,22.139702,,,,,,0.21,1106.0,1.0,,SASDGV9_fit1_model1.pdb,SASDGV9/single_result/rodada_1/report.txt
SASDGV9,single,rodada_2,22.139702,,,,,,0.21,1106.0,1.0,,SASDGV9_fit1_model1.pdb,SASDGV9/single_result/rodada_2/report.txt
SASDGV9,single,rodada_3,22.139702,,,,,,0.21,1106.0,1.0,,SASDGV9_fit1_model1.pdb,SASDGV9/single_result/rodada_3/report.txt
SASDGW3,single,rodada_1,9.147896,,,,,,0.2,2237.0,1.0,,SASDGW3_fit1_model1.pdb,SASDGW3/single_result/rodada_1/report.txt
SASDGW3,single,rodada_2,9.147896,,,,,,0.2,2237.0,1.0,,SASDGW3_fit1_model1.pdb,SASDGW3/single_result/rodada_2/report.txt
SASDGW3,single,rodada_3,9.147896,,,,,,0.2,2237.0,1.0,,SASDGW3_fit1_model1.pdb,SASDGW3/single_result/rodada_3/report.txt
SASDGW4,single,rodada_1,4.674506,,,,,,0.28,265.0,1.0,,SASDGW4_fit1_model1.pdb,SASDGW4/single_result/rodada_1/report.txt
SASDGW4,single,rodada_2,4.674506,,,,,,0.28,265.0,1.0,,SASDGW4_fit1_model1.pdb,SASDGW4/single_result/rodada_2/report.txt
SASDGW4,single,rodada_3,4.674506,,,,,,0.28,265.0,1.0,,SASDGW4_fit1_model1.pdb,SASDGW4/single_result/rodada_3/report.txt
SASDGW5,packing,rodada_1,3.346389,3.1508,3.3464,YES,2.0,50.0,0.5,982.0,,2,,SASDGW5/packing_result/rodada_1/report.txt
SASDGW5,packing,rodada_2,4.301374,4.08028,4.3014,YES,2.0,50.0,0.48,982.0,,2,,SASDGW5/packing_result/rodada_2/report.txt
SASDGW5,packing,rodada_3,5.161035,4.990053,5.161,YES,2.0,50.0,0.49,982.0,,2,,SASDGW5/packing_result/rodada_3/report.txt
SASDGW6,single,rodada_1,7.886014,,,,,,0.13,1173.0,1.0,,SASDGW6_fit1_model1.pdb,SASDGW6/single_result/rodada_1/report.txt
SASDGW6,single,rodada_2,7.886014,,,,,,0.13,1173.0,1.0,,SASDGW6_fit1_model1.pdb,SASDGW6/single_result/rodada_2/report.txt
SASDGW6,single,rodada_3,7.886014,,,,,,0.13,1173.0,1.0,,SASDGW6_fit1_model1.pdb,SASDGW6/single_result/rodada_3/report.txt
SASDGW9,packing,rodada_1,20.611187,6.733844,7.1214,YES,3.0,50.0,0.63,747.0,,3,,SASDGW9/packing_result/rodada_1/report.txt
SASDGW9,packing,rodada_2,20.47591,7.087404,7.477,YES,3.0,50.0,0.62,747.0,,3,,SASDGW9/packing_result/rodada_2/report.txt
SASDGW9,packing,rodada_3,20.146302,7.429611,7.4592,YES,3.0,50.0,0.62,747.0,,3,,SASDGW9/packing_result/rodada_3/report.txt
SASDGX3,single,rodada_1,5.461069,,,,,,0.13,1400.0,1.0,,SASDGX3_fit1_model1.pdb,SASDGX3/single_result/rodada_1/report.txt
SASDGX3,single,rodada_2,5.461069,,,,,,0.13,1400.0,1.0,,SASDGX3_fit1_model1.pdb,SASDGX3/single_result/rodada_2/report.txt
SASDGX3,single,rodada_3,5.461069,,,,,,0.13,1400.0,1.0,,SASDGX3_fit1_model1.pdb,SASDGX3/single_result/rodada_3/report.txt
SASDGX6,single,rodada_1,15.766957,,,,,,0.16,992.0,1.0,,SASDGX6_fit1_model1.pdb,SASDGX6/single_result/rodada_1/report.txt
SASDGX6,single,rodada_2,15.766957,,,,,,0.16,992.0,1.0,,SASDGX6_fit1_model1.pdb,SASDGX6/single_result/rodada_2/report.txt
SASDGX6,single,rodada_3,15.766957,,,,,,0.16,992.0,1.0,,SASDGX6_fit1_model1.pdb,SASDGX6/single_result/rodada_3/report.txt
SASDGX9,packing,rodada_1,20.607034,6.238316,6.278,YES,2.0,50.0,0.38,390.0,,2,,SASDGX9/packing_result/rodada_1/report.txt
SASDGX9,packing,rodada_2,20.566495,5.937409,5.965,YES,2.0,50.0,0.37,390.0,,2,,SASDGX9/packing_result/rodada_2/report.txt
SASDGX9,packing,rodada_3,20.54021,6.298679,6.3069,YES,2.0,50.0,0.38,390.0,,2,,SASDGX9/packing_result/rodada_3/report.txt
SASDGY3,single,rodada_1,7.075088,,,,,,0.06,220.0,1.0,,SASDGY3_fit1_model1.pdb,SASDGY3/single_result/rodada_1/report.txt
SASDGY3,single,rodada_2,7.075088,,,,,,0.06,220.0,1.0,,SASDGY3_fit1_model1.pdb,SASDGY3/single_result/rodada_2/report.txt
SASDGY3,single,rodada_3,7.075088,,,,,,0.06,220.0,1.0,,SASDGY3_fit1_model1.pdb,SASDGY3/single_result/rodada_3/report.txt
SASDGY4,packing,rodada_1,9.136075,5.314147,6.0197,YES,3.0,50.0,1.72,982.0,,3,,SASDGY4/packing_result/rodada_1/report.txt
SASDGY4,packing,rodada_2,9.103964,5.54861,5.943,YES,3.0,50.0,1.71,982.0,,3,,SASDGY4/packing_result/rodada_2/report.txt
SASDGY4,packing,rodada_3,4.942389,4.510553,4.9424,YES,3.0,50.0,1.7,982.0,,3,,SASDGY4/packing_result/rodada_3/report.txt
SASDGZ3,packing,rodada_1,30.432118,12.244477,14.1746,YES,4.0,50.0,1.05,107.0,,4,,SASDGZ3/packing_result/rodada_1/report.txt
SASDGZ3,packing,rodada_2,21.851097,11.546736,14.2259,YES,4.0,50.0,1.04,107.0,,4,,SASDGZ3/packing_result/rodada_2/report.txt
SASDGZ3,packing,rodada_3,28.420881,11.293367,14.0046,YES,4.0,50.0,1.06,107.0,,4,,SASDGZ3/packing_result/rodada_3/report.txt
SASDGZ5,single,rodada_1,5.388956,,,,,,1.0,625.0,1.0,,SASDGZ5_fit1_model1.pdb,SASDGZ5/single_result/rodada_1/report.txt
SASDGZ5,single,rodada_2,5.388956,,,,,,0.99,625.0,1.0,,SASDGZ5_fit1_model1.pdb,SASDGZ5/single_result/rodada_2/report.txt
SASDGZ5,single,rodada_3,5.388956,,,,,,1.0,625.0,1.0,,SASDGZ5_fit1_model1.pdb,SASDGZ5/single_result/rodada_3/report.txt
SASDGZ9,packing,rodada_1,12.102875,5.880974,6.1097,YES,5.0,50.0,0.1,1140.0,,5,,SASDGZ9/packing_result/rodada_1/report.txt
SASDGZ9,packing,rodada_2,12.127561,6.1238,6.3896,YES,5.0,50.0,0.1,1140.0,,5,,SASDGZ9/packing_result/rodada_2/report.txt
SASDGZ9,packing,rodada_3,12.385119,4.504662,4.6519,YES,5.0,50.0,0.1,1140.0,,5,,SASDGZ9/packing_result/rodada_3/report.txt
SASDH22,packing,rodada_1,12.211569,6.104054,6.5251,YES,5.0,50.0,0.1,1078.0,,5,,SASDH22/packing_result/rodada_1/report.txt
SASDH22,packing,rodada_2,11.829538,6.76888,7.3079,YES,5.0,50.0,0.1,1078.0,,5,,SASDH22/packing_result/rodada_2/report.txt
SASDH22,packing,rodada_3,12.351539,6.443711,6.8781,YES,5.0,50.0,0.1,1078.0,,5,,SASDH22/packing_result/rodada_3/report.txt
SASDH23,packing,rodada_1,3.136848,2.790905,3.1368,YES,2.0,50.0,0.22,408.0,,2,,SASDH23/packing_result/rodada_1/report.txt
SASDH23,packing,rodada_2,3.122821,2.923787,3.1228,YES,2.0,50.0,0.22,408.0,,2,,SASDH23/packing_result/rodada_2/report.txt
SASDH23,packing,rodada_3,3.135022,2.972249,3.135,YES,2.0,50.0,0.22,408.0,,2,,SASDH23/packing_result/rodada_3/report.txt
SASDH24,single,rodada_1,3.826898,,,,,,0.13,726.0,1.0,,SASDH24_fit1_model1.pdb,SASDH24/single_result/rodada_1/report.txt
SASDH24,single,rodada_2,3.826898,,,,,,0.12,726.0,1.0,,SASDH24_fit1_model1.pdb,SASDH24/single_result/rodada_2/report.txt
SASDH24,single,rodada_3,3.826898,,,,,,0.12,726.0,1.0,,SASDH24_fit1_model1.pdb,SASDH24/single_result/rodada_3/report.txt
SASDH28,packing,rodada_1,3.509565,2.497269,3.4945,YES,10.0,50.0,1.22,1378.0,,10,,SASDH28/packing_result/rodada_1/report.txt
SASDH28,packing,rodada_2,3.498877,2.605605,3.4989,YES,10.0,50.0,1.2,1378.0,,10,,SASDH28/packing_result/rodada_2/report.txt
SASDH28,packing,rodada_3,3.475115,2.54137,3.3673,YES,10.0,50.0,1.2,1378.0,,10,,SASDH28/packing_result/rodada_3/report.txt
SASDH29,packing,rodada_1,4.844175,2.546841,4.0047,YES,5.0,50.0,2.68,4524.0,,5,,SASDH29/packing_result/rodada_1/report.txt
SASDH29,packing,rodada_2,3.862807,2.576972,3.8628,YES,5.0,50.0,2.72,4524.0,,5,,SASDH29/packing_result/rodada_2/report.txt
SASDH29,packing,rodada_3,4.083885,2.667118,4.0839,YES,5.0,50.0,2.68,4524.0,,5,,SASDH29/packing_result/rodada_3/report.txt
SASDH32,packing,rodada_1,12.054909,5.907553,6.2436,YES,5.0,50.0,0.12,1038.0,,5,,SASDH32/packing_result/rodada_1/report.txt
SASDH32,packing,rodada_2,12.241459,6.334481,6.7007,YES,5.0,50.0,0.11,1038.0,,5,,SASDH32/packing_result/rodada_2/report.txt
SASDH32,packing,rodada_3,11.45515,6.295035,6.8158,YES,5.0,50.0,0.12,1038.0,,5,,SASDH32/packing_result/rodada_3/report.txt
SASDH33,single,rodada_1,5.639265,,,,,,0.65,1792.0,1.0,,SASDH33_fit1_model1.pdb,SASDH33/single_result/rodada_1/report.txt
SASDH33,single,rodada_2,5.639265,,,,,,0.65,1792.0,1.0,,SASDH33_fit1_model1.pdb,SASDH33/single_result/rodada_2/report.txt
SASDH33,single,rodada_3,5.639265,,,,,,0.65,1792.0,1.0,,SASDH33_fit1_model1.pdb,SASDH33/single_result/rodada_3/report.txt
SASDH34,single,rodada_1,8.503314,,,,,,0.15,1365.0,1.0,,SASDH34_fit1_model1.pdb,SASDH34/single_result/rodada_1/report.txt
SASDH34,single,rodada_2,8.503314,,,,,,0.15,1365.0,1.0,,SASDH34_fit1_model1.pdb,SASDH34/single_result/rodada_2/report.txt
SASDH34,single,rodada_3,8.503314,,,,,,0.15,1365.0,1.0,,SASDH34_fit1_model1.pdb,SASDH34/single_result/rodada_3/report.txt
SASDH39,packing,rodada_1,3.101567,2.836103,3.1016,YES,3.0,50.0,0.55,1134.0,,3,,SASDH39/packing_result/rodada_1/report.txt
SASDH39,packing,rodada_2,5.865994,3.784363,5.4266,YES,3.0,50.0,0.56,1134.0,,3,,SASDH39/packing_result/rodada_2/report.txt
SASDH39,packing,rodada_3,3.439527,3.373171,3.4395,YES,3.0,50.0,0.56,1134.0,,3,,SASDH39/packing_result/rodada_3/report.txt
SASDH43,single,rodada_1,4.877849,,,,,,0.78,1125.0,1.0,,SASDH43_fit1_model1.pdb,SASDH43/single_result/rodada_1/report.txt
SASDH43,single,rodada_2,4.877849,,,,,,0.76,1125.0,1.0,,SASDH43_fit1_model1.pdb,SASDH43/single_result/rodada_2/report.txt
SASDH43,single,rodada_3,4.877849,,,,,,0.75,1125.0,1.0,,SASDH43_fit1_model1.pdb,SASDH43/single_result/rodada_3/report.txt
SASDH49,packing,rodada_1,4.330462,3.70608,4.3305,YES,2.0,50.0,0.26,841.0,,2,,SASDH49/packing_result/rodada_1/report.txt
SASDH49,packing,rodada_2,5.15202,2.969319,3.4807,YES,2.0,50.0,0.25,841.0,,2,,SASDH49/packing_result/rodada_2/report.txt
SASDH49,packing,rodada_3,4.81596,2.940255,3.7691,YES,2.0,50.0,0.27,841.0,,2,,SASDH49/packing_result/rodada_3/report.txt
SASDH52,packing,rodada_1,7.326289,3.180689,3.4454,YES,5.0,50.0,0.11,961.0,,5,,SASDH52/packing_result/rodada_1/report.txt
SASDH52,packing,rodada_2,7.835808,4.835528,5.2788,YES,5.0,50.0,0.1,961.0,,5,,SASDH52/packing_result/rodada_2/report.txt
SASDH52,packing,rodada_3,7.345391,3.534303,3.8215,YES,5.0,50.0,0.1,961.0,,5,,SASDH52/packing_result/rodada_3/report.txt
SASDH53,single,rodada_1,6.634346,,,,,,0.8,1031.0,1.0,,SASDH53_fit1_model1.pdb,SASDH53/single_result/rodada_1/report.txt
SASDH53,single,rodada_2,6.634346,,,,,,0.77,1031.0,1.0,,SASDH53_fit1_model1.pdb,SASDH53/single_result/rodada_2/report.txt
SASDH53,single,rodada_3,6.634346,,,,,,0.78,1031.0,1.0,,SASDH53_fit1_model1.pdb,SASDH53/single_result/rodada_3/report.txt
SASDH59,single,rodada_1,4.182925,,,,,,0.71,788.0,1.0,,SASDH59_fit1_model1.pdb,SASDH59/single_result/rodada_1/report.txt
SASDH59,single,rodada_2,4.182925,,,,,,0.71,788.0,1.0,,SASDH59_fit1_model1.pdb,SASDH59/single_result/rodada_2/report.txt
SASDH59,single,rodada_3,4.182925,,,,,,0.72,788.0,1.0,,SASDH59_fit1_model1.pdb,SASDH59/single_result/rodada_3/report.txt
SASDH63,single,rodada_1,4.49401,,,,,,0.79,1157.0,1.0,,SASDH63_fit1_model1.pdb,SASDH63/single_result/rodada_1/report.txt
SASDH63,single,rodada_2,4.49401,,,,,,0.78,1157.0,1.0,,SASDH63_fit1_model1.pdb,SASDH63/single_result/rodada_2/report.txt
SASDH63,single,rodada_3,4.49401,,,,,,0.78,1157.0,1.0,,SASDH63_fit1_model1.pdb,SASDH63/single_result/rodada_3/report.txt
SASDH64,single,rodada_1,4.085778,,,,,,0.17,481.0,1.0,,SASDH64_fit1_model1.pdb,SASDH64/single_result/rodada_1/report.txt
SASDH64,single,rodada_2,4.085778,,,,,,0.16,481.0,1.0,,SASDH64_fit1_model1.pdb,SASDH64/single_result/rodada_2/report.txt
SASDH64,single,rodada_3,4.085778,,,,,,0.16,481.0,1.0,,SASDH64_fit1_model1.pdb,SASDH64/single_result/rodada_3/report.txt
SASDH69,single,rodada_1,3.383877,,,,,,0.62,2175.0,1.0,,SASDH69_fit1_model1.pdb,SASDH69/single_result/rodada_1/report.txt
SASDH69,single,rodada_2,3.383877,,,,,,0.62,2175.0,1.0,,SASDH69_fit1_model1.pdb,SASDH69/single_result/rodada_2/report.txt
SASDH69,single,rodada_3,3.383877,,,,,,0.62,2175.0,1.0,,SASDH69_fit1_model1.pdb,SASDH69/single_result/rodada_3/report.txt
SASDH73,single,rodada_1,5.524069,,,,,,0.82,1188.0,1.0,,SASDH73_fit1_model1.pdb,SASDH73/single_result/rodada_1/report.txt
SASDH73,single,rodada_2,5.524069,,,,,,0.82,1188.0,1.0,,SASDH73_fit1_model1.pdb,SASDH73/single_result/rodada_2/report.txt
SASDH73,single,rodada_3,5.524069,,,,,,0.8,1188.0,1.0,,SASDH73_fit1_model1.pdb,SASDH73/single_result/rodada_3/report.txt
SASDH79,single,rodada_1,3.901515,,,,,,0.72,812.0,1.0,,SASDH79_fit1_model1.pdb,SASDH79/single_result/rodada_1/report.txt
SASDH79,single,rodada_2,3.901515,,,,,,0.72,812.0,1.0,,SASDH79_fit1_model1.pdb,SASDH79/single_result/rodada_2/report.txt
SASDH79,single,rodada_3,3.901515,,,,,,0.72,812.0,1.0,,SASDH79_fit1_model1.pdb,SASDH79/single_result/rodada_3/report.txt
SASDH83,single,rodada_1,7.689734,,,,,,0.99,595.0,1.0,,SASDH83_fit1_model1.pdb,SASDH83/single_result/rodada_1/report.txt
SASDH83,single,rodada_2,7.689734,,,,,,1.0,595.0,1.0,,SASDH83_fit1_model1.pdb,SASDH83/single_result/rodada_2/report.txt
SASDH83,single,rodada_3,7.689734,,,,,,1.0,595.0,1.0,,SASDH83_fit1_model1.pdb,SASDH83/single_result/rodada_3/report.txt
SASDH89,packing,rodada_1,3.759911,3.336143,3.7599,YES,10.0,50.0,3.0,1127.0,,10,,SASDH89/packing_result/rodada_1/report.txt
SASDH89,packing,rodada_2,5.156956,3.491813,4.6678,YES,10.0,50.0,3.01,1127.0,,10,,SASDH89/packing_result/rodada_2/report.txt
SASDH89,packing,rodada_3,4.496503,3.938083,4.4965,YES,10.0,50.0,3.02,1127.0,,10,,SASDH89/packing_result/rodada_3/report.txt
SASDH92,packing,rodada_1,6.900446,3.123697,3.3843,YES,2.0,50.0,0.43,1109.0,,2,,SASDH92/packing_result/rodada_1/report.txt
SASDH92,packing,rodada_2,6.48022,3.664109,3.9434,YES,2.0,50.0,0.42,1109.0,,2,,SASDH92/packing_result/rodada_2/report.txt
SASDH92,packing,rodada_3,6.244186,3.699196,3.98,YES,2.0,50.0,0.43,1109.0,,2,,SASDH92/packing_result/rodada_3/report.txt
SASDH93,packing,rodada_1,17.54581,15.784049,17.5458,YES,3.0,50.0,0.04,140.0,,3,,SASDH93/packing_result/rodada_1/report.txt
SASDH93,packing,rodada_2,20.408416,17.179396,20.4084,YES,3.0,50.0,0.04,140.0,,3,,SASDH93/packing_result/rodada_2/report.txt
SASDH93,packing,rodada_3,20.508298,20.140728,20.5083,YES,3.0,50.0,0.04,140.0,,3,,SASDH93/packing_result/rodada_3/report.txt
SASDH94,single,rodada_1,2.166493,,,,,,0.39,1370.0,1.0,,SASDH94_fit1_model1.pdb,SASDH94/single_result/rodada_1/report.txt
SASDH94,single,rodada_2,2.166493,,,,,,0.35,1370.0,1.0,,SASDH94_fit1_model1.pdb,SASDH94/single_result/rodada_2/report.txt
SASDH94,single,rodada_3,2.166493,,,,,,0.35,1370.0,1.0,,SASDH94_fit1_model1.pdb,SASDH94/single_result/rodada_3/report.txt
SASDH99,packing,rodada_1,20.606095,13.706061,16.2947,YES,2.0,50.0,0.04,179.0,,2,,SASDH99/packing_result/rodada_1/report.txt
SASDH99,packing,rodada_2,21.045879,8.197898,9.1288,YES,2.0,50.0,0.04,179.0,,2,,SASDH99/packing_result/rodada_2/report.txt
SASDH99,packing,rodada_3,20.634841,8.652692,9.6246,YES,2.0,50.0,0.04,179.0,,2,,SASDH99/packing_result/rodada_3/report.txt
SASDHA2,single,rodada_1,8.775458,,,,,,3.07,1599.0,1.0,,SASDHA2_fit1_model1.pdb,SASDHA2/single_result/rodada_1/report.txt
SASDHA2,single,rodada_2,8.775458,,,,,,3.07,1599.0,1.0,,SASDHA2_fit1_model1.pdb,SASDHA2/single_result/rodada_2/report.txt
SASDHA2,single,rodada_3,8.775458,,,,,,3.07,1599.0,1.0,,SASDHA2_fit1_model1.pdb,SASDHA2/single_result/rodada_3/report.txt
SASDHA3,packing,rodada_1,21.948884,21.372491,21.9489,YES,3.0,50.0,0.03,119.0,,3,,SASDHA3/packing_result/rodada_1/report.txt
SASDHA3,packing,rodada_2,23.154439,19.766314,23.1544,YES,3.0,50.0,0.03,119.0,,3,,SASDHA3/packing_result/rodada_2/report.txt
SASDHA3,packing,rodada_3,26.990909,19.772241,26.9909,YES,3.0,50.0,0.03,119.0,,3,,SASDHA3/packing_result/rodada_3/report.txt
SASDHA4,single,rodada_1,4.497337,,,,,,0.84,3255.0,1.0,,SASDHA4_fit1_model1.pdb,SASDHA4/single_result/rodada_1/report.txt
SASDHA4,single,rodada_2,4.497337,,,,,,0.83,3255.0,1.0,,SASDHA4_fit1_model1.pdb,SASDHA4/single_result/rodada_2/report.txt
SASDHA4,single,rodada_3,4.497337,,,,,,0.83,3255.0,1.0,,SASDHA4_fit1_model1.pdb,SASDHA4/single_result/rodada_3/report.txt
SASDHA9,packing,rodada_1,18.520429,9.852294,11.6458,YES,2.0,50.0,0.04,200.0,,2,,SASDHA9/packing_result/rodada_1/report.txt
SASDHA9,packing,rodada_2,19.390451,11.579916,12.367,YES,2.0,50.0,0.04,200.0,,2,,SASDHA9/packing_result/rodada_2/report.txt
SASDHA9,packing,rodada_3,21.192802,14.756556,18.1921,YES,2.0,50.0,0.04,200.0,,2,,SASDHA9/packing_result/rodada_3/report.txt
SASDHB2,single,rodada_1,12.30822,,,,,,1.87,1437.0,1.0,,SASDHB2_fit1_model1.pdb,SASDHB2/single_result/rodada_1/report.txt
SASDHB2,single,rodada_2,12.30822,,,,,,1.87,1437.0,1.0,,SASDHB2_fit1_model1.pdb,SASDHB2/single_result/rodada_2/report.txt
SASDHB2,single,rodada_3,12.30822,,,,,,1.89,1437.0,1.0,,SASDHB2_fit1_model1.pdb,SASDHB2/single_result/rodada_3/report.txt
SASDHB3,packing,rodada_1,14.94562,13.676409,14.9456,YES,3.0,50.0,0.06,212.0,,3,,SASDHB3/packing_result/rodada_1/report.txt
SASDHB3,packing,rodada_2,13.229697,14.278282,13.2297,NO,3.0,50.0,0.04,212.0,,3,,SASDHB3/packing_result/rodada_2/report.txt
SASDHB3,packing,rodada_3,14.687359,11.612975,14.6874,YES,3.0,50.0,0.04,212.0,,3,,SASDHB3/packing_result/rodada_3/report.txt
SASDHB4,single,rodada_1,4.74092,,,,,,0.67,1869.0,1.0,,SASDHB4_fit1_model1.pdb,SASDHB4/single_result/rodada_1/report.txt
SASDHB4,single,rodada_2,4.74092,,,,,,0.66,1869.0,1.0,,SASDHB4_fit1_model1.pdb,SASDHB4/single_result/rodada_2/report.txt
SASDHB4,single,rodada_3,4.74092,,,,,,0.67,1869.0,1.0,,SASDHB4_fit1_model1.pdb,SASDHB4/single_result/rodada_3/report.txt
SASDHB5,single,rodada_1,7.1094,,,,,,0.9,1450.0,1.0,,SASDHB5_fit1_model1.pdb,SASDHB5/single_result/rodada_1/report.txt
SASDHB5,single,rodada_2,7.1094,,,,,,0.9,1450.0,1.0,,SASDHB5_fit1_model1.pdb,SASDHB5/single_result/rodada_2/report.txt
SASDHB5,single,rodada_3,7.1094,,,,,,0.91,1450.0,1.0,,SASDHB5_fit1_model1.pdb,SASDHB5/single_result/rodada_3/report.txt
SASDHB9,packing,rodada_1,23.571205,13.236951,14.2693,YES,2.0,50.0,0.04,326.0,,2,,SASDHB9/packing_result/rodada_1/report.txt
SASDHB9,packing,rodada_2,23.34018,16.690781,18.2388,YES,2.0,50.0,0.04,326.0,,2,,SASDHB9/packing_result/rodada_2/report.txt
SASDHB9,packing,rodada_3,24.59596,14.075657,14.7276,YES,2.0,50.0,0.04,326.0,,2,,SASDHB9/packing_result/rodada_3/report.txt
SASDHC2,single,rodada_1,9.744207,,,,,,0.16,1196.0,1.0,,SASDHC2_fit1_model1.pdb,SASDHC2/single_result/rodada_1/report.txt
SASDHC2,single,rodada_2,9.744207,,,,,,0.16,1196.0,1.0,,SASDHC2_fit1_model1.pdb,SASDHC2/single_result/rodada_2/report.txt
SASDHC2,single,rodada_3,9.744207,,,,,,0.16,1196.0,1.0,,SASDHC2_fit1_model1.pdb,SASDHC2/single_result/rodada_3/report.txt
SASDHC3,packing,rodada_1,34.023962,29.018097,33.441,YES,3.0,50.0,0.04,117.0,,3,,SASDHC3/packing_result/rodada_1/report.txt
SASDHC3,packing,rodada_2,46.981916,36.640433,43.5235,YES,3.0,50.0,0.03,117.0,,3,,SASDHC3/packing_result/rodada_2/report.txt
SASDHC3,packing,rodada_3,34.326648,25.917103,34.3266,YES,3.0,50.0,0.03,117.0,,3,,SASDHC3/packing_result/rodada_3/report.txt
SASDHC4,single,rodada_1,7.017472,,,,,,0.73,2089.0,1.0,,SASDHC4_fit1_model1.pdb,SASDHC4/single_result/rodada_1/report.txt
SASDHC4,single,rodada_2,7.017472,,,,,,0.73,2089.0,1.0,,SASDHC4_fit1_model1.pdb,SASDHC4/single_result/rodada_2/report.txt
SASDHC4,single,rodada_3,7.017472,,,,,,0.73,2089.0,1.0,,SASDHC4_fit1_model1.pdb,SASDHC4/single_result/rodada_3/report.txt
SASDHC5,packing,rodada_1,8.713208,7.725723,8.7132,YES,2.0,50.0,0.66,1402.0,,2,,SASDHC5/packing_result/rodada_1/report.txt
SASDHC5,packing,rodada_2,10.831737,10.74245,10.8317,YES,2.0,50.0,0.68,1402.0,,2,,SASDHC5/packing_result/rodada_2/report.txt
SASDHC5,packing,rodada_3,10.311485,9.136904,10.3115,YES,2.0,50.0,0.67,1402.0,,2,,SASDHC5/packing_result/rodada_3/report.txt
SASDHC9,packing,rodada_1,12.355628,15.139154,12.3556,NO,2.0,50.0,0.03,152.0,,2,,SASDHC9/packing_result/rodada_1/report.txt
SASDHC9,packing,rodada_2,11.191152,5.278945,5.6746,YES,2.0,50.0,0.03,152.0,,2,,SASDHC9/packing_result/rodada_2/report.txt
SASDHC9,packing,rodada_3,12.201378,5.156421,5.5318,YES,2.0,50.0,0.03,152.0,,2,,SASDHC9/packing_result/rodada_3/report.txt
SASDHD2,packing,rodada_1,2.946403,2.880391,2.9464,YES,2.0,50.0,0.58,1527.0,,2,,SASDHD2/packing_result/rodada_1/report.txt
SASDHD2,packing,rodada_2,2.936431,2.874354,2.9364,YES,2.0,50.0,0.58,1527.0,,2,,SASDHD2/packing_result/rodada_2/report.txt
SASDHD2,packing,rodada_3,2.964958,2.903486,2.965,YES,2.0,50.0,0.58,1527.0,,2,,SASDHD2/packing_result/rodada_3/report.txt
SASDHD3,packing,rodada_1,33.771347,28.944943,33.0859,YES,3.0,50.0,0.04,364.0,,3,,SASDHD3/packing_result/rodada_1/report.txt
SASDHD3,packing,rodada_2,28.938065,21.686026,28.9381,YES,3.0,50.0,0.04,364.0,,3,,SASDHD3/packing_result/rodada_2/report.txt
SASDHD3,packing,rodada_3,27.196483,21.493239,27.1965,YES,3.0,50.0,0.04,364.0,,3,,SASDHD3/packing_result/rodada_3/report.txt
SASDHD4,single,rodada_1,4.376036,,,,,,0.67,1853.0,1.0,,SASDHD4_fit1_model1.pdb,SASDHD4/single_result/rodada_1/report.txt
SASDHD4,single,rodada_2,4.376036,,,,,,0.67,1853.0,1.0,,SASDHD4_fit1_model1.pdb,SASDHD4/single_result/rodada_2/report.txt
SASDHD4,single,rodada_3,4.376036,,,,,,0.67,1853.0,1.0,,SASDHD4_fit1_model1.pdb,SASDHD4/single_result/rodada_3/report.txt
SASDHD5,single,rodada_1,3.998186,,,,,,1.35,6291.0,1.0,,SASDHD5_fit1_model1.pdb,SASDHD5/single_result/rodada_1/report.txt
SASDHD5,single,rodada_2,4.05098,,,,,,1.38,6291.0,1.0,,SASDHD5_fit1_model1.pdb,SASDHD5/single_result/rodada_2/report.txt
SASDHD5,single,rodada_3,3.995858,,,,,,1.36,6291.0,1.0,,SASDHD5_fit1_model1.pdb,SASDHD5/single_result/rodada_3/report.txt
SASDHD9,packing,rodada_1,15.515526,9.024139,14.8781,YES,2.0,50.0,0.06,872.0,,2,,SASDHD9/packing_result/rodada_1/report.txt
SASDHD9,packing,rodada_2,13.890422,13.367834,13.8904,YES,2.0,50.0,0.05,872.0,,2,,SASDHD9/packing_result/rodada_2/report.txt
SASDHD9,packing,rodada_3,16.526272,15.503133,16.5263,YES,2.0,50.0,0.05,872.0,,2,,SASDHD9/packing_result/rodada_3/report.txt
SASDHE2,single,rodada_1,7.53597,,,,,,1.95,699.0,1.0,,SASDHE2_fit1_model1.pdb,SASDHE2/single_result/rodada_1/report.txt
SASDHE2,single,rodada_2,7.53597,,,,,,1.92,699.0,1.0,,SASDHE2_fit1_model1.pdb,SASDHE2/single_result/rodada_2/report.txt
SASDHE2,single,rodada_3,7.53597,,,,,,1.94,699.0,1.0,,SASDHE2_fit1_model1.pdb,SASDHE2/single_result/rodada_3/report.txt
SASDHE3,packing,rodada_1,22.796857,21.094289,22.7969,YES,3.0,50.0,0.05,357.0,,3,,SASDHE3/packing_result/rodada_1/report.txt
SASDHE3,packing,rodada_2,23.956861,21.39062,23.9569,YES,3.0,50.0,0.05,357.0,,3,,SASDHE3/packing_result/rodada_2/report.txt
SASDHE3,packing,rodada_3,22.83215,18.397715,22.8321,YES,3.0,50.0,0.05,357.0,,3,,SASDHE3/packing_result/rodada_3/report.txt
SASDHE9,packing,rodada_1,9.328708,3.742501,6.0881,YES,7.0,50.0,1.02,1221.0,,7,,SASDHE9/packing_result/rodada_1/report.txt
SASDHE9,packing,rodada_2,11.6504,3.230097,5.8071,YES,7.0,50.0,1.01,1221.0,,7,,SASDHE9/packing_result/rodada_2/report.txt
SASDHE9,packing,rodada_3,6.604806,3.918628,5.8016,YES,7.0,50.0,1.04,1221.0,,7,,SASDHE9/packing_result/rodada_3/report.txt
SASDHF2,single,rodada_1,7.330503,,,,,,1.91,739.0,1.0,,SASDHF2_fit1_model1.pdb,SASDHF2/single_result/rodada_1/report.txt
SASDHF2,single,rodada_2,7.330503,,,,,,1.96,739.0,1.0,,SASDHF2_fit1_model1.pdb,SASDHF2/single_result/rodada_2/report.txt
SASDHF2,single,rodada_3,7.330503,,,,,,1.92,739.0,1.0,,SASDHF2_fit1_model1.pdb,SASDHF2/single_result/rodada_3/report.txt
SASDHF3,packing,rodada_1,9.180187,7.450754,9.1802,YES,3.0,50.0,0.04,270.0,,3,,SASDHF3/packing_result/rodada_1/report.txt
SASDHF3,packing,rodada_2,9.97249,7.625942,9.7728,YES,3.0,50.0,0.04,270.0,,3,,SASDHF3/packing_result/rodada_2/report.txt
SASDHF3,packing,rodada_3,7.865976,7.063963,7.866,YES,3.0,50.0,0.04,270.0,,3,,SASDHF3/packing_result/rodada_3/report.txt
SASDHF4,packing,rodada_1,10.156913,9.145574,10.1569,YES,2.0,50.0,0.46,1204.0,,2,,SASDHF4/packing_result/rodada_1/report.txt
SASDHF4,packing,rodada_2,6.659608,5.835115,6.6596,YES,2.0,50.0,0.54,1204.0,,2,,SASDHF4/packing_result/rodada_2/report.txt
SASDHF4,packing,rodada_3,9.469929,6.652897,8.3783,YES,2.0,50.0,0.46,1204.0,,2,,SASDHF4/packing_result/rodada_3/report.txt
SASDHF9,packing,rodada_1,3.983731,3.673941,3.9837,YES,2.0,50.0,0.07,846.0,,2,,SASDHF9/packing_result/rodada_1/report.txt
SASDHF9,packing,rodada_2,4.216264,3.825391,4.2163,YES,2.0,50.0,0.07,846.0,,2,,SASDHF9/packing_result/rodada_2/report.txt
SASDHF9,packing,rodada_3,4.470261,3.987644,4.4703,YES,2.0,50.0,0.07,846.0,,2,,SASDHF9/packing_result/rodada_3/report.txt
SASDHG3,packing,rodada_1,12.003979,10.767354,12.004,YES,3.0,50.0,0.04,264.0,,3,,SASDHG3/packing_result/rodada_1/report.txt
SASDHG3,packing,rodada_2,9.698698,8.727767,9.6987,YES,3.0,50.0,0.04,264.0,,3,,SASDHG3/packing_result/rodada_2/report.txt
SASDHG3,packing,rodada_3,11.679719,9.358476,11.6797,YES,3.0,50.0,0.04,264.0,,3,,SASDHG3/packing_result/rodada_3/report.txt
SASDHG4,single,rodada_1,3.094574,,,,,,0.95,5193.0,1.0,,SASDHG4_fit1_model1.pdb,SASDHG4/single_result/rodada_1/report.txt
SASDHG4,single,rodada_2,3.086079,,,,,,0.95,5193.0,1.0,,SASDHG4_fit1_model1.pdb,SASDHG4/single_result/rodada_2/report.txt
SASDHG4,single,rodada_3,3.08595,,,,,,0.95,5193.0,1.0,,SASDHG4_fit1_model1.pdb,SASDHG4/single_result/rodada_3/report.txt
SASDHG9,packing,rodada_1,3.552052,2.944244,3.5521,YES,4.0,50.0,0.28,1223.0,,4,,SASDHG9/packing_result/rodada_1/report.txt
SASDHG9,packing,rodada_2,4.233984,2.424828,2.7838,YES,4.0,50.0,0.28,1223.0,,4,,SASDHG9/packing_result/rodada_2/report.txt
SASDHG9,packing,rodada_3,4.978673,2.792998,3.2617,YES,4.0,50.0,0.28,1223.0,,4,,SASDHG9/packing_result/rodada_3/report.txt
SASDHH3,packing,rodada_1,14.870245,13.357209,14.8702,YES,3.0,50.0,0.04,197.0,,3,,SASDHH3/packing_result/rodada_1/report.txt
SASDHH3,packing,rodada_2,15.330024,12.3427,15.33,YES,3.0,50.0,0.04,197.0,,3,,SASDHH3/packing_result/rodada_2/report.txt
SASDHH3,packing,rodada_3,15.813304,12.331261,15.8133,YES,3.0,50.0,0.04,197.0,,3,,SASDHH3/packing_result/rodada_3/report.txt
SASDHH9,packing,rodada_1,4.480946,3.003,3.1345,YES,4.0,50.0,0.28,1375.0,,4,,SASDHH9/packing_result/rodada_1/report.txt
SASDHH9,packing,rodada_2,4.844409,3.966295,4.557,YES,4.0,50.0,0.27,1375.0,,4,,SASDHH9/packing_result/rodada_2/report.txt
SASDHH9,packing,rodada_3,2.898074,2.533202,2.8981,YES,4.0,50.0,0.27,1375.0,,4,,SASDHH9/packing_result/rodada_3/report.txt
SASDHJ3,packing,rodada_1,16.539632,11.92915,16.5396,YES,3.0,50.0,0.04,186.0,,3,,SASDHJ3/packing_result/rodada_1/report.txt
SASDHJ3,packing,rodada_2,14.466345,11.987431,13.8788,YES,3.0,50.0,0.04,186.0,,3,,SASDHJ3/packing_result/rodada_2/report.txt
SASDHJ3,packing,rodada_3,12.471919,12.811478,12.4719,NO,3.0,50.0,0.04,186.0,,3,,SASDHJ3/packing_result/rodada_3/report.txt
SASDHJ4,single,rodada_1,2.606533,,,,,,0.36,1600.0,1.0,,SASDHJ4_fit1_model1.pdb,SASDHJ4/single_result/rodada_1/report.txt
SASDHJ4,single,rodada_2,2.606533,,,,,,0.36,1600.0,1.0,,SASDHJ4_fit1_model1.pdb,SASDHJ4/single_result/rodada_2/report.txt
SASDHJ4,single,rodada_3,2.606533,,,,,,0.36,1600.0,1.0,,SASDHJ4_fit1_model1.pdb,SASDHJ4/single_result/rodada_3/report.txt
SASDHJ9,packing,rodada_1,3.290863,2.828879,3.2909,YES,4.0,50.0,0.27,1222.0,,4,,SASDHJ9/packing_result/rodada_1/report.txt
SASDHJ9,packing,rodada_2,4.090413,3.464972,4.0904,YES,4.0,50.0,0.27,1222.0,,4,,SASDHJ9/packing_result/rodada_2/report.txt
SASDHJ9,packing,rodada_3,2.674803,2.434332,2.6748,YES,4.0,50.0,0.26,1222.0,,4,,SASDHJ9/packing_result/rodada_3/report.txt
SASDHK3,packing,rodada_1,29.298899,25.273758,29.2989,YES,3.0,50.0,0.04,161.0,,3,,SASDHK3/packing_result/rodada_1/report.txt
SASDHK3,packing,rodada_2,30.785627,29.374026,30.7856,YES,3.0,50.0,0.04,161.0,,3,,SASDHK3/packing_result/rodada_2/report.txt
SASDHK3,packing,rodada_3,29.227158,24.926358,29.2272,YES,3.0,50.0,0.04,161.0,,3,,SASDHK3/packing_result/rodada_3/report.txt
SASDHK4,packing,rodada_1,3.164209,2.19551,2.5608,YES,2.0,50.0,0.23,1246.0,,2,,SASDHK4/packing_result/rodada_1/report.txt
SASDHK4,packing,rodada_2,2.842509,2.614364,2.8425,YES,2.0,50.0,0.23,1246.0,,2,,SASDHK4/packing_result/rodada_2/report.txt
SASDHK4,packing,rodada_3,3.270574,2.222516,2.6317,YES,2.0,50.0,0.23,1246.0,,2,,SASDHK4/packing_result/rodada_3/report.txt
SASDHK9,packing,rodada_1,4.199785,2.336804,2.8376,YES,4.0,50.0,0.28,1186.0,,4,,SASDHK9/packing_result/rodada_1/report.txt
SASDHK9,packing,rodada_2,3.956662,2.45818,2.8204,YES,4.0,50.0,0.28,1186.0,,4,,SASDHK9/packing_result/rodada_2/report.txt
SASDHK9,packing,rodada_3,4.793565,2.733244,3.4185,YES,4.0,50.0,0.27,1186.0,,4,,SASDHK9/packing_result/rodada_3/report.txt
SASDHL3,packing,rodada_1,32.133101,27.330221,32.1331,YES,3.0,50.0,0.03,129.0,,3,,SASDHL3/packing_result/rodada_1/report.txt
SASDHL3,packing,rodada_2,20.943677,20.268087,20.9437,YES,3.0,50.0,0.03,129.0,,3,,SASDHL3/packing_result/rodada_2/report.txt
SASDHL3,packing,rodada_3,18.895459,17.963178,18.8955,YES,3.0,50.0,0.03,129.0,,3,,SASDHL3/packing_result/rodada_3/report.txt
SASDHL8,packing,rodada_1,2.27031,2.217474,2.2703,YES,2.0,50.0,0.49,1394.0,,2,,SASDHL8/packing_result/rodada_1/report.txt
SASDHL8,packing,rodada_2,4.030651,2.533167,2.593,YES,2.0,50.0,0.5,1394.0,,2,,SASDHL8/packing_result/rodada_2/report.txt
SASDHL8,packing,rodada_3,4.47121,2.492786,2.5209,YES,2.0,50.0,0.51,1394.0,,2,,SASDHL8/packing_result/rodada_3/report.txt
SASDHM3,single,rodada_1,3.355707,,,,,,0.4,4842.0,1.0,,SASDHM3_fit1_model1.pdb,SASDHM3/single_result/rodada_1/report.txt
SASDHM3,single,rodada_2,3.355707,,,,,,0.39,4842.0,1.0,,SASDHM3_fit1_model1.pdb,SASDHM3/single_result/rodada_2/report.txt
SASDHM3,single,rodada_3,3.355707,,,,,,0.39,4842.0,1.0,,SASDHM3_fit1_model1.pdb,SASDHM3/single_result/rodada_3/report.txt
SASDHM8,packing,rodada_1,4.243465,2.171157,2.1894,YES,2.0,50.0,0.49,1445.0,,2,,SASDHM8/packing_result/rodada_1/report.txt
SASDHM8,packing,rodada_2,4.15993,2.494556,2.5744,YES,2.0,50.0,0.5,1445.0,,2,,SASDHM8/packing_result/rodada_2/report.txt
SASDHM8,packing,rodada_3,2.069046,2.040724,2.069,YES,2.0,50.0,0.49,1445.0,,2,,SASDHM8/packing_result/rodada_3/report.txt
SASDHM9,packing,rodada_1,17.766605,12.402874,13.469,YES,2.0,50.0,0.05,632.0,,2,,SASDHM9/packing_result/rodada_1/report.txt
SASDHM9,packing,rodada_2,14.530283,12.627942,13.469,YES,2.0,50.0,0.05,632.0,,2,,SASDHM9/packing_result/rodada_2/report.txt
SASDHM9,packing,rodada_3,19.709007,14.196401,15.0483,YES,2.0,50.0,0.05,632.0,,2,,SASDHM9/packing_result/rodada_3/report.txt
SASDHN3,single,rodada_1,5.001964,,,,,,0.15,1352.0,1.0,,SASDHN3_fit1_model1.pdb,SASDHN3/single_result/rodada_1/report.txt
SASDHN3,single,rodada_2,5.001964,,,,,,0.14,1352.0,1.0,,SASDHN3_fit1_model1.pdb,SASDHN3/single_result/rodada_2/report.txt
SASDHN3,single,rodada_3,5.001964,,,,,,0.15,1352.0,1.0,,SASDHN3_fit1_model1.pdb,SASDHN3/single_result/rodada_3/report.txt
SASDHN7,single,rodada_1,4.285324,,,,,,0.12,693.0,1.0,,SASDHN7_fit1_model1.pdb,SASDHN7/single_result/rodada_1/report.txt
SASDHN7,single,rodada_2,4.285324,,,,,,0.11,693.0,1.0,,SASDHN7_fit1_model1.pdb,SASDHN7/single_result/rodada_2/report.txt
SASDHN7,single,rodada_3,4.285324,,,,,,0.12,693.0,1.0,,SASDHN7_fit1_model1.pdb,SASDHN7/single_result/rodada_3/report.txt
SASDHN9,packing,rodada_1,13.292592,10.027892,10.8065,YES,2.0,50.0,0.04,489.0,,2,,SASDHN9/packing_result/rodada_1/report.txt
SASDHN9,packing,rodada_2,16.764074,14.511721,15.6439,YES,2.0,50.0,0.05,489.0,,2,,SASDHN9/packing_result/rodada_2/report.txt
SASDHN9,packing,rodada_3,12.36007,11.084268,12.3601,YES,2.0,50.0,0.05,489.0,,2,,SASDHN9/packing_result/rodada_3/report.txt
SASDHP3,single,rodada_1,3.827833,,,,,,0.15,1111.0,1.0,,SASDHP3_fit1_model1.pdb,SASDHP3/single_result/rodada_1/report.txt
SASDHP3,single,rodada_2,3.827833,,,,,,0.15,1111.0,1.0,,SASDHP3_fit1_model1.pdb,SASDHP3/single_result/rodada_2/report.txt
SASDHP3,single,rodada_3,3.827833,,,,,,0.15,1111.0,1.0,,SASDHP3_fit1_model1.pdb,SASDHP3/single_result/rodada_3/report.txt
SASDHP5,packing,rodada_1,8.995684,5.911412,6.805,YES,3.0,50.0,0.66,1204.0,,3,,SASDHP5/packing_result/rodada_1/report.txt
SASDHP5,packing,rodada_2,6.328696,5.728335,6.3287,YES,3.0,50.0,0.63,1204.0,,3,,SASDHP5/packing_result/rodada_2/report.txt
SASDHP5,packing,rodada_3,8.894037,6.520078,7.1257,YES,3.0,50.0,0.66,1204.0,,3,,SASDHP5/packing_result/rodada_3/report.txt
SASDHP7,single,rodada_1,2.442618,,,,,,0.48,1010.0,1.0,,SASDHP7_fit1_model1.pdb,SASDHP7/single_result/rodada_1/report.txt
SASDHP7,single,rodada_2,2.442618,,,,,,0.48,1010.0,1.0,,SASDHP7_fit1_model1.pdb,SASDHP7/single_result/rodada_2/report.txt
SASDHP7,single,rodada_3,2.442618,,,,,,0.48,1010.0,1.0,,SASDHP7_fit1_model1.pdb,SASDHP7/single_result/rodada_3/report.txt
SASDHP9,packing,rodada_1,11.970205,14.745752,11.9702,NO,2.0,50.0,0.05,482.0,,2,,SASDHP9/packing_result/rodada_1/report.txt
SASDHP9,packing,rodada_2,13.031015,12.559842,13.031,YES,2.0,50.0,0.05,482.0,,2,,SASDHP9/packing_result/rodada_2/report.txt
SASDHP9,packing,rodada_3,15.638733,12.186776,13.7829,YES,2.0,50.0,0.05,482.0,,2,,SASDHP9/packing_result/rodada_3/report.txt
SASDHQ3,single,rodada_1,3.394495,,,,,,0.15,1039.0,1.0,,SASDHQ3_fit1_model1.pdb,SASDHQ3/single_result/rodada_1/report.txt
SASDHQ3,single,rodada_2,3.394495,,,,,,0.15,1039.0,1.0,,SASDHQ3_fit1_model1.pdb,SASDHQ3/single_result/rodada_2/report.txt
SASDHQ3,single,rodada_3,3.394495,,,,,,0.15,1039.0,1.0,,SASDHQ3_fit1_model1.pdb,SASDHQ3/single_result/rodada_3/report.txt
SASDHQ7,packing,rodada_1,2.2108,1.94208,2.2108,YES,3.0,50.0,0.59,4863.0,,3,,SASDHQ7/packing_result/rodada_1/report.txt
SASDHQ7,packing,rodada_2,2.129897,2.739367,2.0808,NO,3.0,50.0,0.6,4863.0,,3,,SASDHQ7/packing_result/rodada_2/report.txt
SASDHQ7,packing,rodada_3,2.205882,2.836745,2.2059,NO,3.0,50.0,0.62,4863.0,,3,,SASDHQ7/packing_result/rodada_3/report.txt
SASDHQ9,single,rodada_1,4.56343,,,,,,0.36,1026.0,1.0,,SASDHQ9_fit1_model1.pdb,SASDHQ9/single_result/rodada_1/report.txt
SASDHQ9,single,rodada_2,4.56343,,,,,,0.36,1026.0,1.0,,SASDHQ9_fit1_model1.pdb,SASDHQ9/single_result/rodada_2/report.txt
SASDHQ9,single,rodada_3,4.56343,,,,,,0.36,1026.0,1.0,,SASDHQ9_fit1_model1.pdb,SASDHQ9/single_result/rodada_3/report.txt
SASDHR3,single,rodada_1,5.144774,,,,,,0.16,1559.0,1.0,,SASDHR3_fit1_model1.pdb,SASDHR3/single_result/rodada_1/report.txt
SASDHR3,single,rodada_2,5.144774,,,,,,0.16,1559.0,1.0,,SASDHR3_fit1_model1.pdb,SASDHR3/single_result/rodada_2/report.txt
SASDHR3,single,rodada_3,5.144774,,,,,,0.16,1559.0,1.0,,SASDHR3_fit1_model1.pdb,SASDHR3/single_result/rodada_3/report.txt
SASDHR4,single,rodada_1,3.477713,,,,,,0.67,807.0,1.0,,SASDHR4_fit1_model1.pdb,SASDHR4/single_result/rodada_1/report.txt
SASDHR4,single,rodada_2,3.477713,,,,,,0.66,807.0,1.0,,SASDHR4_fit1_model1.pdb,SASDHR4/single_result/rodada_2/report.txt
SASDHR4,single,rodada_3,3.477713,,,,,,0.67,807.0,1.0,,SASDHR4_fit1_model1.pdb,SASDHR4/single_result/rodada_3/report.txt
SASDHR5,packing,rodada_1,13.947804,12.546946,13.9478,YES,2.0,50.0,0.05,849.0,,2,,SASDHR5/packing_result/rodada_1/report.txt
SASDHR5,packing,rodada_2,11.974261,10.264971,11.8895,YES,2.0,50.0,0.05,849.0,,2,,SASDHR5/packing_result/rodada_2/report.txt
SASDHR5,packing,rodada_3,13.80565,11.745868,13.203,YES,2.0,50.0,0.05,849.0,,2,,SASDHR5/packing_result/rodada_3/report.txt
SASDHR8,packing,rodada_1,8.782003,5.453507,5.4945,YES,2.0,50.0,0.62,1746.0,,2,,SASDHR8/packing_result/rodada_1/report.txt
SASDHR8,packing,rodada_2,8.355434,5.862365,5.8985,YES,2.0,50.0,0.64,1746.0,,2,,SASDHR8/packing_result/rodada_2/report.txt
SASDHR8,packing,rodada_3,7.119417,5.31291,5.3568,YES,2.0,50.0,0.66,1746.0,,2,,SASDHR8/packing_result/rodada_3/report.txt
SASDHR9,single,rodada_1,5.199713,,,,,,1.27,1813.0,1.0,,SASDHR9_fit1_model1.pdb,SASDHR9/single_result/rodada_1/report.txt
SASDHR9,single,rodada_2,5.199713,,,,,,1.28,1813.0,1.0,,SASDHR9_fit1_model1.pdb,SASDHR9/single_result/rodada_2/report.txt
SASDHR9,single,rodada_3,5.199713,,,,,,1.27,1813.0,1.0,,SASDHR9_fit1_model1.pdb,SASDHR9/single_result/rodada_3/report.txt
SASDHS4,packing,rodada_1,8.3256,3.614298,3.7091,YES,3.0,50.0,0.14,932.0,,3,,SASDHS4/packing_result/rodada_1/report.txt
SASDHS4,packing,rodada_2,8.546423,3.85806,4.1679,YES,3.0,50.0,0.14,932.0,,3,,SASDHS4/packing_result/rodada_2/report.txt
SASDHS4,packing,rodada_3,8.320264,2.794139,2.9011,YES,3.0,50.0,0.14,932.0,,3,,SASDHS4/packing_result/rodada_3/report.txt
SASDHS5,single,rodada_1,10.084064,,,,,,0.37,4858.0,1.0,,SASDHS5_fit1_model1.pdb,SASDHS5/single_result/rodada_1/report.txt
SASDHS5,single,rodada_2,10.084064,,,,,,0.37,4858.0,1.0,,SASDHS5_fit1_model1.pdb,SASDHS5/single_result/rodada_2/report.txt
SASDHS5,single,rodada_3,10.084064,,,,,,0.37,4858.0,1.0,,SASDHS5_fit1_model1.pdb,SASDHS5/single_result/rodada_3/report.txt
SASDHS8,packing,rodada_1,6.409562,5.654116,6.4096,YES,2.0,50.0,0.25,295.0,,2,,SASDHS8/packing_result/rodada_1/report.txt
SASDHS8,packing,rodada_2,4.948423,4.784223,4.9484,YES,2.0,50.0,0.25,295.0,,2,,SASDHS8/packing_result/rodada_2/report.txt
SASDHS8,packing,rodada_3,5.660596,4.062385,5.6606,YES,2.0,50.0,0.25,295.0,,2,,SASDHS8/packing_result/rodada_3/report.txt
SASDHS9,single,rodada_1,4.992974,,,,,,1.45,2626.0,1.0,,SASDHS9_fit1_model1.pdb,SASDHS9/single_result/rodada_1/report.txt
SASDHS9,single,rodada_2,4.992974,,,,,,1.45,2626.0,1.0,,SASDHS9_fit1_model1.pdb,SASDHS9/single_result/rodada_2/report.txt
SASDHS9,single,rodada_3,4.992974,,,,,,1.45,2626.0,1.0,,SASDHS9_fit1_model1.pdb,SASDHS9/single_result/rodada_3/report.txt
SASDHT8,packing,rodada_1,8.121566,5.591268,7.2703,YES,2.0,50.0,0.53,1542.0,,2,,SASDHT8/packing_result/rodada_1/report.txt
SASDHT8,packing,rodada_2,6.127832,5.245604,6.1278,YES,2.0,50.0,0.54,1542.0,,2,,SASDHT8/packing_result/rodada_2/report.txt
SASDHT8,packing,rodada_3,7.643004,5.13284,5.465,YES,2.0,50.0,0.53,1542.0,,2,,SASDHT8/packing_result/rodada_3/report.txt
SASDHT9,single,rodada_1,7.540485,,,,,,1.11,991.0,1.0,,SASDHT9_fit1_model1.pdb,SASDHT9/single_result/rodada_1/report.txt
SASDHT9,single,rodada_2,7.540485,,,,,,1.1,991.0,1.0,,SASDHT9_fit1_model1.pdb,SASDHT9/single_result/rodada_2/report.txt
SASDHT9,single,rodada_3,7.540485,,,,,,1.09,991.0,1.0,,SASDHT9_fit1_model1.pdb,SASDHT9/single_result/rodada_3/report.txt
SASDHU4,single,rodada_1,13.102897,,,,,,0.1,775.0,1.0,,SASDHU4_fit1_model1.pdb,SASDHU4/single_result/rodada_1/report.txt
SASDHU4,single,rodada_2,13.102897,,,,,,0.09,775.0,1.0,,SASDHU4_fit1_model1.pdb,SASDHU4/single_result/rodada_2/report.txt
SASDHU4,single,rodada_3,13.102897,,,,,,0.09,775.0,1.0,,SASDHU4_fit1_model1.pdb,SASDHU4/single_result/rodada_3/report.txt
SASDHU5,single,rodada_1,23.414959,,,,,,0.11,1128.0,1.0,,SASDHU5_fit1_model1.pdb,SASDHU5/single_result/rodada_1/report.txt
SASDHU5,single,rodada_2,23.414959,,,,,,0.11,1128.0,1.0,,SASDHU5_fit1_model1.pdb,SASDHU5/single_result/rodada_2/report.txt
SASDHU5,single,rodada_3,23.414959,,,,,,0.11,1128.0,1.0,,SASDHU5_fit1_model1.pdb,SASDHU5/single_result/rodada_3/report.txt
SASDHU8,packing,rodada_1,12.209403,7.436193,8.3197,YES,2.0,50.0,0.49,758.0,,2,,SASDHU8/packing_result/rodada_1/report.txt
SASDHU8,packing,rodada_2,6.239398,5.726746,6.2394,YES,2.0,50.0,0.47,758.0,,2,,SASDHU8/packing_result/rodada_2/report.txt
SASDHU8,packing,rodada_3,7.741186,6.840438,7.7412,YES,2.0,50.0,0.48,758.0,,2,,SASDHU8/packing_result/rodada_3/report.txt
SASDHU9,single,rodada_1,9.567318,,,,,,0.06,243.0,1.0,,SASDHU9_fit1_model1.pdb,SASDHU9/single_result/rodada_1/report.txt
SASDHU9,single,rodada_2,9.567318,,,,,,0.07,243.0,1.0,,SASDHU9_fit1_model1.pdb,SASDHU9/single_result/rodada_2/report.txt
SASDHU9,single,rodada_3,9.567318,,,,,,0.06,243.0,1.0,,SASDHU9_fit1_model1.pdb,SASDHU9/single_result/rodada_3/report.txt
SASDHV4,single,rodada_1,5.341398,,,,,,0.36,5445.0,1.0,,SASDHV4_fit1_model1.pdb,SASDHV4/single_result/rodada_1/report.txt
SASDHV4,single,rodada_2,5.375596,,,,,,0.35,5445.0,1.0,,SASDHV4_fit1_model1.pdb,SASDHV4/single_result/rodada_2/report.txt
SASDHV4,single,rodada_3,5.376918,,,,,,0.36,5445.0,1.0,,SASDHV4_fit1_model1.pdb,SASDHV4/single_result/rodada_3/report.txt
SASDHV5,single,rodada_1,4.156575,,,,,,2.13,1323.0,1.0,,SASDHV5_fit1_model1.pdb,SASDHV5/single_result/rodada_1/report.txt
SASDHV5,single,rodada_2,4.156575,,,,,,2.12,1323.0,1.0,,SASDHV5_fit1_model1.pdb,SASDHV5/single_result/rodada_2/report.txt
SASDHV5,single,rodada_3,4.156575,,,,,,2.13,1323.0,1.0,,SASDHV5_fit1_model1.pdb,SASDHV5/single_result/rodada_3/report.txt
SASDHV8,packing,rodada_1,6.343067,5.062238,6.3431,YES,5.0,50.0,2.57,1559.0,,5,,SASDHV8/packing_result/rodada_1/report.txt
SASDHV8,packing,rodada_2,7.181975,6.577892,7.182,YES,5.0,50.0,2.66,1559.0,,5,,SASDHV8/packing_result/rodada_2/report.txt
SASDHV8,packing,rodada_3,7.425596,4.465804,7.4256,YES,5.0,50.0,2.56,1559.0,,5,,SASDHV8/packing_result/rodada_3/report.txt
SASDHV9,single,rodada_1,3.639027,,,,,,0.61,3520.0,1.0,,SASDHV9_fit1_model1.pdb,SASDHV9/single_result/rodada_1/report.txt
SASDHV9,single,rodada_2,3.639027,,,,,,0.62,3520.0,1.0,,SASDHV9_fit1_model1.pdb,SASDHV9/single_result/rodada_2/report.txt
SASDHV9,single,rodada_3,3.639027,,,,,,0.62,3520.0,1.0,,SASDHV9_fit1_model1.pdb,SASDHV9/single_result/rodada_3/report.txt
SASDHW2,single,rodada_1,4.981594,,,,,,0.29,1255.0,1.0,,SASDHW2_fit1_model1.pdb,SASDHW2/single_result/rodada_1/report.txt
SASDHW2,single,rodada_2,4.981594,,,,,,0.29,1255.0,1.0,,SASDHW2_fit1_model1.pdb,SASDHW2/single_result/rodada_2/report.txt
SASDHW2,single,rodada_3,4.981594,,,,,,0.3,1255.0,1.0,,SASDHW2_fit1_model1.pdb,SASDHW2/single_result/rodada_3/report.txt
SASDHW3,packing,rodada_1,2.716524,1.87671,2.1887,YES,2.0,50.0,0.24,4369.0,,2,,SASDHW3/packing_result/rodada_1/report.txt
SASDHW3,packing,rodada_2,3.698086,2.98457,3.6981,YES,2.0,50.0,0.23,4369.0,,2,,SASDHW3/packing_result/rodada_2/report.txt
SASDHW3,packing,rodada_3,2.75727,4.891674,2.7573,NO,2.0,50.0,0.24,4369.0,,2,,SASDHW3/packing_result/rodada_3/report.txt
SASDHW4,single,rodada_1,6.538054,,,,,,0.21,1418.0,1.0,,SASDHW4_fit1_model1.pdb,SASDHW4/single_result/rodada_1/report.txt
SASDHW4,single,rodada_2,6.538054,,,,,,0.21,1418.0,1.0,,SASDHW4_fit1_model1.pdb,SASDHW4/single_result/rodada_2/report.txt
SASDHW4,single,rodada_3,6.538054,,,,,,0.21,1418.0,1.0,,SASDHW4_fit1_model1.pdb,SASDHW4/single_result/rodada_3/report.txt
SASDHW5,single,rodada_1,4.290253,,,,,,2.16,1142.0,1.0,,SASDHW5_fit1_model1.pdb,SASDHW5/single_result/rodada_1/report.txt
SASDHW5,single,rodada_2,4.290253,,,,,,2.14,1142.0,1.0,,SASDHW5_fit1_model1.pdb,SASDHW5/single_result/rodada_2/report.txt
SASDHW5,single,rodada_3,4.290253,,,,,,2.16,1142.0,1.0,,SASDHW5_fit1_model1.pdb,SASDHW5/single_result/rodada_3/report.txt
SASDHW8,packing,rodada_1,4.52802,2.428321,4.0728,YES,4.0,50.0,2.19,4619.0,,4,,SASDHW8/packing_result/rodada_1/report.txt
SASDHW8,packing,rodada_2,4.24563,2.661165,4.2456,YES,4.0,50.0,2.21,4619.0,,4,,SASDHW8/packing_result/rodada_2/report.txt
SASDHW8,packing,rodada_3,4.950471,2.809861,4.0916,YES,4.0,50.0,2.25,4619.0,,4,,SASDHW8/packing_result/rodada_3/report.txt
SASDHW9,packing,rodada_1,,,,,,,,,,,,SASDHW9/packing_result/rodada_1/report.txt
SASDHW9,packing,rodada_2,,,,,,,,,,,,SASDHW9/packing_result/rodada_2/report.txt
SASDHW9,packing,rodada_3,,,,,,,,,,,,SASDHW9/packing_result/rodada_3/report.txt
SASDHX3,packing,rodada_1,3.100407,2.025241,2.5864,YES,2.0,50.0,0.23,4509.0,,2,,SASDHX3/packing_result/rodada_1/report.txt
SASDHX3,packing,rodada_2,3.215007,2.081362,2.9003,YES,2.0,50.0,0.23,4509.0,,2,,SASDHX3/packing_result/rodada_2/report.txt
SASDHX3,packing,rodada_3,4.02342,5.753267,4.0234,NO,2.0,50.0,0.24,4509.0,,2,,SASDHX3/packing_result/rodada_3/report.txt
SASDHX4,packing,rodada_1,16.422425,8.343764,8.6456,YES,2.0,50.0,0.19,1100.0,,2,,SASDHX4/packing_result/rodada_1/report.txt
SASDHX4,packing,rodada_2,16.308554,9.596943,9.8858,YES,2.0,50.0,0.17,1100.0,,2,,SASDHX4/packing_result/rodada_2/report.txt
SASDHX4,packing,rodada_3,16.376128,8.993199,9.3821,YES,2.0,50.0,0.17,1100.0,,2,,SASDHX4/packing_result/rodada_3/report.txt
SASDHX5,single,rodada_1,4.046458,,,,,,2.18,1380.0,1.0,,SASDHX5_fit1_model1.pdb,SASDHX5/single_result/rodada_1/report.txt
SASDHX5,single,rodada_2,4.046458,,,,,,2.19,1380.0,1.0,,SASDHX5_fit1_model1.pdb,SASDHX5/single_result/rodada_2/report.txt
SASDHX5,single,rodada_3,4.046458,,,,,,2.16,1380.0,1.0,,SASDHX5_fit1_model1.pdb,SASDHX5/single_result/rodada_3/report.txt
SASDHX8,packing,rodada_1,3.872991,2.569584,3.873,YES,5.0,50.0,2.7,4428.0,,5,,SASDHX8/packing_result/rodada_1/report.txt
SASDHX8,packing,rodada_2,4.385472,2.49615,4.2873,YES,5.0,50.0,2.65,4428.0,,5,,SASDHX8/packing_result/rodada_2/report.txt
SASDHX8,packing,rodada_3,3.880334,2.567373,3.8803,YES,5.0,50.0,2.66,4428.0,,5,,SASDHX8/packing_result/rodada_3/report.txt
SASDHX9,packing,rodada_1,,,,,,,,,,,,SASDHX9/packing_result/rodada_1/report.txt
SASDHX9,packing,rodada_2,,,,,,,,,,,,SASDHX9/packing_result/rodada_2/report.txt
SASDHX9,packing,rodada_3,,,,,,,,,,,,SASDHX9/packing_result/rodada_3/report.txt
SASDHY2,single,rodada_1,4.807241,,,,,,0.71,255.0,1.0,,SASDHY2_fit1_model1.pdb,SASDHY2/single_result/rodada_1/report.txt
SASDHY2,single,rodada_2,4.807241,,,,,,0.71,255.0,1.0,,SASDHY2_fit1_model1.pdb,SASDHY2/single_result/rodada_2/report.txt
SASDHY2,single,rodada_3,4.807241,,,,,,0.71,255.0,1.0,,SASDHY2_fit1_model1.pdb,SASDHY2/single_result/rodada_3/report.txt
SASDHY3,single,rodada_1,3.153872,,,,,,0.9,1226.0,1.0,,SASDHY3_fit1_model1.pdb,SASDHY3/single_result/rodada_1/report.txt
SASDHY3,single,rodada_2,3.153872,,,,,,0.9,1226.0,1.0,,SASDHY3_fit1_model1.pdb,SASDHY3/single_result/rodada_2/report.txt
SASDHY3,single,rodada_3,3.153872,,,,,,0.9,1226.0,1.0,,SASDHY3_fit1_model1.pdb,SASDHY3/single_result/rodada_3/report.txt
SASDHY4,packing,rodada_1,14.651046,5.770983,5.916,YES,2.0,50.0,0.22,1438.0,,2,,SASDHY4/packing_result/rodada_1/report.txt
SASDHY4,packing,rodada_2,14.788053,6.96865,7.1648,YES,2.0,50.0,0.22,1438.0,,2,,SASDHY4/packing_result/rodada_2/report.txt
SASDHY4,packing,rodada_3,14.616873,6.848242,7.0458,YES,2.0,50.0,0.21,1438.0,,2,,SASDHY4/packing_result/rodada_3/report.txt
SASDHY8,packing,rodada_1,8.96751,4.55126,8.9675,YES,5.0,50.0,2.57,1343.0,,5,,SASDHY8/packing_result/rodada_1/report.txt
SASDHY8,packing,rodada_2,9.886457,4.947589,9.0278,YES,5.0,50.0,2.6,1343.0,,5,,SASDHY8/packing_result/rodada_2/report.txt
SASDHY8,packing,rodada_3,9.12007,5.048572,8.3884,YES,5.0,50.0,2.65,1343.0,,5,,SASDHY8/packing_result/rodada_3/report.txt
SASDHY9,packing,rodada_1,3.86671,2.692385,3.81,YES,6.0,50.0,0.85,2155.0,,6,,SASDHY9/packing_result/rodada_1/report.txt
SASDHY9,packing,rodada_2,3.844046,3.505869,3.8421,YES,6.0,50.0,0.85,2155.0,,6,,SASDHY9/packing_result/rodada_2/report.txt
SASDHY9,packing,rodada_3,4.423906,2.773914,4.0259,YES,6.0,50.0,0.87,2155.0,,6,,SASDHY9/packing_result/rodada_3/report.txt
SASDHZ2,single,rodada_1,4.327063,,,,,,0.65,936.0,1.0,,SASDHZ2_fit1_model1.pdb,SASDHZ2/single_result/rodada_1/report.txt
SASDHZ2,single,rodada_2,4.327063,,,,,,0.63,936.0,1.0,,SASDHZ2_fit1_model1.pdb,SASDHZ2/single_result/rodada_2/report.txt
SASDHZ2,single,rodada_3,4.327063,,,,,,0.63,936.0,1.0,,SASDHZ2_fit1_model1.pdb,SASDHZ2/single_result/rodada_3/report.txt
SASDHZ3,single,rodada_1,3.184595,,,,,,0.75,1009.0,1.0,,SASDHZ3_fit1_model1.pdb,SASDHZ3/single_result/rodada_1/report.txt
SASDHZ3,single,rodada_2,3.184595,,,,,,0.73,1009.0,1.0,,SASDHZ3_fit1_model1.pdb,SASDHZ3/single_result/rodada_2/report.txt
SASDHZ3,single,rodada_3,3.184595,,,,,,0.72,1009.0,1.0,,SASDHZ3_fit1_model1.pdb,SASDHZ3/single_result/rodada_3/report.txt
SASDHZ4,single,rodada_1,6.540142,,,,,,0.74,983.0,1.0,,SASDHZ4_fit1_model1.pdb,SASDHZ4/single_result/rodada_1/report.txt
SASDHZ4,single,rodada_2,6.540142,,,,,,0.72,983.0,1.0,,SASDHZ4_fit1_model1.pdb,SASDHZ4/single_result/rodada_2/report.txt
SASDHZ4,single,rodada_3,6.540142,,,,,,0.73,983.0,1.0,,SASDHZ4_fit1_model1.pdb,SASDHZ4/single_result/rodada_3/report.txt
SASDHZ8,packing,rodada_1,4.340891,2.737948,4.3409,YES,6.0,50.0,3.19,4001.0,,6,,SASDHZ8/packing_result/rodada_1/report.txt
SASDHZ8,packing,rodada_2,3.833309,2.650506,3.8333,YES,6.0,50.0,3.11,4001.0,,6,,SASDHZ8/packing_result/rodada_2/report.txt
SASDHZ8,packing,rodada_3,3.81807,2.563107,3.8181,YES,6.0,50.0,3.15,4001.0,,6,,SASDHZ8/packing_result/rodada_3/report.txt
SASDHZ9,packing,rodada_1,11.390139,8.110693,11.3901,YES,2.0,50.0,0.48,1533.0,,2,,SASDHZ9/packing_result/rodada_1/report.txt
SASDHZ9,packing,rodada_2,8.750169,8.307365,8.7502,YES,2.0,50.0,0.49,1533.0,,2,,SASDHZ9/packing_result/rodada_2/report.txt
SASDHZ9,packing,rodada_3,8.822242,7.294218,8.8222,YES,2.0,50.0,0.48,1533.0,,2,,SASDHZ9/packing_result/rodada_3/report.txt
SASDJ22,packing,rodada_1,5.880582,5.231497,5.8806,YES,2.0,50.0,0.54,1685.0,,2,,SASDJ22/packing_result/rodada_1/report.txt
SASDJ22,packing,rodada_2,7.221763,6.484798,7.2218,YES,2.0,50.0,0.54,1685.0,,2,,SASDJ22/packing_result/rodada_2/report.txt
SASDJ22,packing,rodada_3,8.501575,6.2442,8.5016,YES,2.0,50.0,0.62,1685.0,,2,,SASDJ22/packing_result/rodada_3/report.txt
SASDJ24,single,rodada_1,3.405887,,,,,,1.37,3071.0,1.0,,SASDJ24_fit1_model1.pdb,SASDJ24/single_result/rodada_1/report.txt
SASDJ24,single,rodada_2,3.405887,,,,,,1.36,3071.0,1.0,,SASDJ24_fit1_model1.pdb,SASDJ24/single_result/rodada_2/report.txt
SASDJ24,single,rodada_3,3.405887,,,,,,1.39,3071.0,1.0,,SASDJ24_fit1_model1.pdb,SASDJ24/single_result/rodada_3/report.txt
SASDJ26,single,rodada_1,13.132213,,,,,,0.1,833.0,1.0,,SASDJ26_fit1_model1.pdb,SASDJ26/single_result/rodada_1/report.txt
SASDJ26,single,rodada_2,13.132213,,,,,,0.1,833.0,1.0,,SASDJ26_fit1_model1.pdb,SASDJ26/single_result/rodada_2/report.txt
SASDJ26,single,rodada_3,13.132213,,,,,,0.1,833.0,1.0,,SASDJ26_fit1_model1.pdb,SASDJ26/single_result/rodada_3/report.txt
SASDJ27,packing,rodada_1,7.062748,6.576035,7.0627,YES,2.0,50.0,0.06,1562.0,,2,,SASDJ27/packing_result/rodada_1/report.txt
SASDJ27,packing,rodada_2,6.084041,5.686633,6.084,YES,2.0,50.0,0.06,1562.0,,2,,SASDJ27/packing_result/rodada_2/report.txt
SASDJ27,packing,rodada_3,6.207768,5.845166,6.2078,YES,2.0,50.0,0.06,1562.0,,2,,SASDJ27/packing_result/rodada_3/report.txt
SASDJ28,single,rodada_1,4.773743,,,,,,0.12,841.0,1.0,,SASDJ28_fit1_model1.pdb,SASDJ28/single_result/rodada_1/report.txt
SASDJ28,single,rodada_2,4.773743,,,,,,0.12,841.0,1.0,,SASDJ28_fit1_model1.pdb,SASDJ28/single_result/rodada_2/report.txt
SASDJ28,single,rodada_3,4.773743,,,,,,0.12,841.0,1.0,,SASDJ28_fit1_model1.pdb,SASDJ28/single_result/rodada_3/report.txt
SASDJ29,single,rodada_1,3.499507,,,,,,0.22,1158.0,1.0,,SASDJ29_fit1_model1.pdb,SASDJ29/single_result/rodada_1/report.txt
SASDJ29,single,rodada_2,3.499507,,,,,,0.22,1158.0,1.0,,SASDJ29_fit1_model1.pdb,SASDJ29/single_result/rodada_2/report.txt
SASDJ29,single,rodada_3,3.499507,,,,,,0.22,1158.0,1.0,,SASDJ29_fit1_model1.pdb,SASDJ29/single_result/rodada_3/report.txt
SASDJ32,packing,rodada_1,7.936303,5.743963,7.2654,YES,2.0,50.0,0.58,1911.0,,2,,SASDJ32/packing_result/rodada_1/report.txt
SASDJ32,packing,rodada_2,8.488548,7.14669,8.4885,YES,2.0,50.0,0.59,1911.0,,2,,SASDJ32/packing_result/rodada_2/report.txt
SASDJ32,packing,rodada_3,8.720949,6.023744,8.7209,YES,2.0,50.0,0.57,1911.0,,2,,SASDJ32/packing_result/rodada_3/report.txt
SASDJ33,single,rodada_1,4.792233,,,,,,0.98,2088.0,1.0,,SASDJ33_fit1_model1.pdb,SASDJ33/single_result/rodada_1/report.txt
SASDJ33,single,rodada_2,4.792233,,,,,,0.98,2088.0,1.0,,SASDJ33_fit1_model1.pdb,SASDJ33/single_result/rodada_2/report.txt
SASDJ33,single,rodada_3,4.792233,,,,,,0.98,2088.0,1.0,,SASDJ33_fit1_model1.pdb,SASDJ33/single_result/rodada_3/report.txt
SASDJ34,packing,rodada_1,13.954466,4.546892,5.0644,YES,3.0,50.0,0.53,1377.0,,3,,SASDJ34/packing_result/rodada_1/report.txt
SASDJ34,packing,rodada_2,13.916813,4.063077,4.2391,YES,3.0,50.0,0.53,1377.0,,3,,SASDJ34/packing_result/rodada_2/report.txt
SASDJ34,packing,rodada_3,14.007456,3.616216,3.9242,YES,3.0,50.0,0.52,1377.0,,3,,SASDJ34/packing_result/rodada_3/report.txt
SASDJ35,single,rodada_1,6.461612,,,,,,1.2,891.0,1.0,,SASDJ35_fit1_model1.pdb,SASDJ35/single_result/rodada_1/report.txt
SASDJ35,single,rodada_2,6.461612,,,,,,1.2,891.0,1.0,,SASDJ35_fit1_model1.pdb,SASDJ35/single_result/rodada_2/report.txt
SASDJ35,single,rodada_3,6.461612,,,,,,1.2,891.0,1.0,,SASDJ35_fit1_model1.pdb,SASDJ35/single_result/rodada_3/report.txt
SASDJ36,single,rodada_1,13.551021,,,,,,0.12,788.0,1.0,,SASDJ36_fit1_model1.pdb,SASDJ36/single_result/rodada_1/report.txt
SASDJ36,single,rodada_2,13.551021,,,,,,0.12,788.0,1.0,,SASDJ36_fit1_model1.pdb,SASDJ36/single_result/rodada_2/report.txt
SASDJ36,single,rodada_3,13.551021,,,,,,0.12,788.0,1.0,,SASDJ36_fit1_model1.pdb,SASDJ36/single_result/rodada_3/report.txt
SASDJ37,packing,rodada_1,16.533733,7.251657,7.5977,YES,2.0,50.0,0.05,1182.0,,2,,SASDJ37/packing_result/rodada_1/report.txt
SASDJ37,packing,rodada_2,6.324679,6.232979,6.3247,YES,2.0,50.0,0.05,1182.0,,2,,SASDJ37/packing_result/rodada_2/report.txt
SASDJ37,packing,rodada_3,16.531098,8.304584,9.0548,YES,2.0,50.0,0.05,1182.0,,2,,SASDJ37/packing_result/rodada_3/report.txt
SASDJ39,single,rodada_1,3.531405,,,,,,0.58,921.0,1.0,,SASDJ39_fit1_model1.pdb,SASDJ39/single_result/rodada_1/report.txt
SASDJ39,single,rodada_2,3.531405,,,,,,0.59,921.0,1.0,,SASDJ39_fit1_model1.pdb,SASDJ39/single_result/rodada_2/report.txt
SASDJ39,single,rodada_3,3.531405,,,,,,0.58,921.0,1.0,,SASDJ39_fit1_model1.pdb,SASDJ39/single_result/rodada_3/report.txt
SASDJ42,packing,rodada_1,7.195926,6.16659,7.1959,YES,2.0,50.0,0.79,2021.0,,2,,SASDJ42/packing_result/rodada_1/report.txt
SASDJ42,packing,rodada_2,7.238463,6.116673,7.2385,YES,2.0,50.0,0.76,2021.0,,2,,SASDJ42/packing_result/rodada_2/report.txt
SASDJ42,packing,rodada_3,5.381551,4.928777,5.3816,YES,2.0,50.0,0.79,2021.0,,2,,SASDJ42/packing_result/rodada_3/report.txt
SASDJ44,packing,rodada_1,18.152825,11.343313,11.7514,YES,2.0,50.0,0.08,1035.0,,2,,SASDJ44/packing_result/rodada_1/report.txt
SASDJ44,packing,rodada_2,18.270865,9.93938,10.2708,YES,2.0,50.0,0.07,1035.0,,2,,SASDJ44/packing_result/rodada_2/report.txt
SASDJ44,packing,rodada_3,18.540054,10.101927,10.5145,YES,2.0,50.0,0.08,1035.0,,2,,SASDJ44/packing_result/rodada_3/report.txt
SASDJ45,single,rodada_1,5.000909,,,,,,1.12,890.0,1.0,,SASDJ45_fit1_model1.pdb,SASDJ45/single_result/rodada_1/report.txt
SASDJ45,single,rodada_2,5.000909,,,,,,1.11,890.0,1.0,,SASDJ45_fit1_model1.pdb,SASDJ45/single_result/rodada_2/report.txt
SASDJ45,single,rodada_3,5.000909,,,,,,1.11,890.0,1.0,,SASDJ45_fit1_model1.pdb,SASDJ45/single_result/rodada_3/report.txt
SASDJ47,packing,rodada_1,8.913436,5.828831,8.6707,YES,7.0,50.0,0.54,113.0,,7,,SASDJ47/packing_result/rodada_1/report.txt
SASDJ47,packing,rodada_2,7.543263,5.63533,7.4521,YES,7.0,50.0,0.5,113.0,,7,,SASDJ47/packing_result/rodada_2/report.txt
SASDJ47,packing,rodada_3,6.602019,5.379259,6.602,YES,7.0,50.0,0.5,113.0,,7,,SASDJ47/packing_result/rodada_3/report.txt
SASDJ54,packing,rodada_1,25.915678,16.107376,16.7533,YES,2.0,50.0,0.07,1178.0,,2,,SASDJ54/packing_result/rodada_1/report.txt
SASDJ54,packing,rodada_2,26.424583,15.23033,15.7981,YES,2.0,50.0,0.07,1178.0,,2,,SASDJ54/packing_result/rodada_2/report.txt
SASDJ54,packing,rodada_3,25.644785,14.497272,15.0454,YES,2.0,50.0,0.07,1178.0,,2,,SASDJ54/packing_result/rodada_3/report.txt
SASDJ57,packing,rodada_1,9.050254,5.821559,9.0503,YES,8.0,50.0,0.58,114.0,,8,,SASDJ57/packing_result/rodada_1/report.txt
SASDJ57,packing,rodada_2,8.953057,5.348089,8.0403,YES,8.0,50.0,0.56,114.0,,8,,SASDJ57/packing_result/rodada_2/report.txt
SASDJ57,packing,rodada_3,7.171418,5.266924,7.0379,YES,8.0,50.0,0.58,114.0,,8,,SASDJ57/packing_result/rodada_3/report.txt
SASDJ64,single,rodada_1,,,,,,,0.05,1694.0,0.0,,,SASDJ64/single_result/rodada_1/report.txt
SASDJ64,single,rodada_2,,,,,,,0.05,1694.0,0.0,,,SASDJ64/single_result/rodada_2/report.txt
SASDJ64,single,rodada_3,,,,,,,0.04,1694.0,0.0,,,SASDJ64/single_result/rodada_3/report.txt
SASDJ66,single,rodada_1,7.094324,,,,,,0.18,376.0,1.0,,SASDJ66_fit1_model1.pdb,SASDJ66/single_result/rodada_1/report.txt
SASDJ66,single,rodada_2,7.094324,,,,,,0.17,376.0,1.0,,SASDJ66_fit1_model1.pdb,SASDJ66/single_result/rodada_2/report.txt
SASDJ66,single,rodada_3,7.094324,,,,,,0.17,376.0,1.0,,SASDJ66_fit1_model1.pdb,SASDJ66/single_result/rodada_3/report.txt
SASDJ74,packing,rodada_1,3.006689,3.006689,3.0067,NO,1.0,50.0,0.12,1099.0,,1,,SASDJ74/packing_result/rodada_1/report.txt
SASDJ74,packing,rodada_2,2.914026,2.914026,2.914,NO,1.0,50.0,0.12,1099.0,,1,,SASDJ74/packing_result/rodada_2/report.txt
SASDJ74,packing,rodada_3,4.487987,4.487987,4.488,NO,1.0,50.0,0.12,1099.0,,1,,SASDJ74/packing_result/rodada_3/report.txt
SASDJ75,packing,rodada_1,7.264706,6.916806,7.2647,YES,2.0,50.0,0.52,838.0,,2,,SASDJ75/packing_result/rodada_1/report.txt
SASDJ75,packing,rodada_2,6.426139,4.786802,6.1118,YES,2.0,50.0,0.51,838.0,,2,,SASDJ75/packing_result/rodada_2/report.txt
SASDJ75,packing,rodada_3,5.265836,4.356188,5.2658,YES,2.0,50.0,0.52,838.0,,2,,SASDJ75/packing_result/rodada_3/report.txt
SASDJ76,packing,rodada_1,10.627475,5.990184,8.7353,YES,6.0,50.0,0.1,158.0,,6,,SASDJ76/packing_result/rodada_1/report.txt
SASDJ76,packing,rodada_2,8.644878,6.935788,8.6449,YES,6.0,50.0,0.1,158.0,,6,,SASDJ76/packing_result/rodada_2/report.txt
SASDJ76,packing,rodada_3,7.335697,6.820196,7.3357,YES,6.0,50.0,0.11,158.0,,6,,SASDJ76/packing_result/rodada_3/report.txt
SASDJ79,packing,rodada_1,6.214759,43.708728,6.2148,NO,4.0,50.0,0.88,42.0,,4,,SASDJ79/packing_result/rodada_1/report.txt
SASDJ79,packing,rodada_2,6.387597,43.730481,6.3876,NO,4.0,50.0,0.87,42.0,,4,,SASDJ79/packing_result/rodada_2/report.txt
SASDJ79,packing,rodada_3,6.733544,43.672115,6.7335,NO,4.0,50.0,0.86,42.0,,4,,SASDJ79/packing_result/rodada_3/report.txt
SASDJ84,packing,rodada_1,5.506444,3.577396,4.546,YES,4.0,50.0,0.66,1297.0,,4,,SASDJ84/packing_result/rodada_1/report.txt
SASDJ84,packing,rodada_2,5.502735,4.316307,4.8393,YES,4.0,50.0,0.67,1297.0,,4,,SASDJ84/packing_result/rodada_2/report.txt
SASDJ84,packing,rodada_3,5.881747,4.77623,5.4091,YES,4.0,50.0,0.67,1297.0,,4,,SASDJ84/packing_result/rodada_3/report.txt
SASDJ85,packing,rodada_1,3.284035,2.783372,3.284,YES,2.0,50.0,0.27,4681.0,,2,,SASDJ85/packing_result/rodada_1/report.txt
SASDJ85,packing,rodada_2,4.06831,2.737685,3.0426,YES,2.0,50.0,0.27,4681.0,,2,,SASDJ85/packing_result/rodada_2/report.txt
SASDJ85,packing,rodada_3,4.307656,2.77675,3.0035,YES,2.0,50.0,0.28,4681.0,,2,,SASDJ85/packing_result/rodada_3/report.txt
SASDJ86,packing,rodada_1,8.674058,6.633856,8.6741,YES,3.0,50.0,0.07,207.0,,3,,SASDJ86/packing_result/rodada_1/report.txt
SASDJ86,packing,rodada_2,9.049549,7.801226,9.0495,YES,3.0,50.0,0.06,207.0,,3,,SASDJ86/packing_result/rodada_2/report.txt
SASDJ86,packing,rodada_3,8.656044,7.286092,8.3531,YES,3.0,50.0,0.06,207.0,,3,,SASDJ86/packing_result/rodada_3/report.txt
SASDJ89,single,rodada_1,24.41776,,,,,,0.59,290.0,1.0,,SASDJ89_fit1_model1.pdb,SASDJ89/single_result/rodada_1/report.txt
SASDJ89,single,rodada_2,24.41776,,,,,,0.59,290.0,1.0,,SASDJ89_fit1_model1.pdb,SASDJ89/single_result/rodada_2/report.txt
SASDJ89,single,rodada_3,24.41776,,,,,,0.59,290.0,1.0,,SASDJ89_fit1_model1.pdb,SASDJ89/single_result/rodada_3/report.txt
SASDJ93,single,rodada_1,2.884827,,,,,,0.43,1226.0,1.0,,SASDJ93_fit1_model1.pdb,SASDJ93/single_result/rodada_1/report.txt
SASDJ93,single,rodada_2,2.884827,,,,,,0.43,1226.0,1.0,,SASDJ93_fit1_model1.pdb,SASDJ93/single_result/rodada_2/report.txt
SASDJ93,single,rodada_3,2.884827,,,,,,0.43,1226.0,1.0,,SASDJ93_fit1_model1.pdb,SASDJ93/single_result/rodada_3/report.txt
SASDJ94,packing,rodada_1,,,,,,,,,,,,SASDJ94/packing_result/rodada_1/report.txt
SASDJ94,packing,rodada_2,,,,,,,,,,,,SASDJ94/packing_result/rodada_2/report.txt
SASDJ94,packing,rodada_3,,,,,,,,,,,,SASDJ94/packing_result/rodada_3/report.txt
SASDJ95,packing,rodada_1,7.078766,6.799369,7.0788,YES,3.0,50.0,0.48,1648.0,,3,,SASDJ95/packing_result/rodada_1/report.txt
SASDJ95,packing,rodada_2,5.895846,5.514885,5.8958,YES,3.0,50.0,0.49,1648.0,,3,,SASDJ95/packing_result/rodada_2/report.txt
SASDJ95,packing,rodada_3,5.11956,4.899852,5.1196,YES,3.0,50.0,0.48,1648.0,,3,,SASDJ95/packing_result/rodada_3/report.txt
SASDJ99,single,rodada_1,21.847154,,,,,,0.45,46.0,1.0,,SASDJ99_fit1_model1.pdb,SASDJ99/single_result/rodada_1/report.txt
SASDJ99,single,rodada_2,21.847154,,,,,,0.45,46.0,1.0,,SASDJ99_fit1_model1.pdb,SASDJ99/single_result/rodada_2/report.txt
SASDJ99,single,rodada_3,21.847154,,,,,,0.45,46.0,1.0,,SASDJ99_fit1_model1.pdb,SASDJ99/single_result/rodada_3/report.txt
SASDJA3,single,rodada_1,3.453368,,,,,,0.53,1204.0,1.0,,SASDJA3_fit1_model1.pdb,SASDJA3/single_result/rodada_1/report.txt
SASDJA3,single,rodada_2,3.453368,,,,,,0.53,1204.0,1.0,,SASDJA3_fit1_model1.pdb,SASDJA3/single_result/rodada_2/report.txt
SASDJA3,single,rodada_3,3.453368,,,,,,0.53,1204.0,1.0,,SASDJA3_fit1_model1.pdb,SASDJA3/single_result/rodada_3/report.txt
SASDJA4,packing,rodada_1,3.144332,2.649981,3.1443,YES,2.0,50.0,0.22,865.0,,2,,SASDJA4/packing_result/rodada_1/report.txt
SASDJA4,packing,rodada_2,2.865649,2.656587,2.8656,YES,2.0,50.0,0.22,865.0,,2,,SASDJA4/packing_result/rodada_2/report.txt
SASDJA4,packing,rodada_3,2.916431,2.646318,2.9164,YES,2.0,50.0,0.21,865.0,,2,,SASDJA4/packing_result/rodada_3/report.txt
SASDJA5,packing,rodada_1,4.132127,3.447141,4.1321,YES,3.0,50.0,0.2,2075.0,,3,,SASDJA5/packing_result/rodada_1/report.txt
SASDJA5,packing,rodada_2,3.039823,2.470384,3.0398,YES,3.0,50.0,0.19,2075.0,,3,,SASDJA5/packing_result/rodada_2/report.txt
SASDJA5,packing,rodada_3,3.655512,3.053473,3.6555,YES,3.0,50.0,0.19,2075.0,,3,,SASDJA5/packing_result/rodada_3/report.txt
SASDJA6,packing,rodada_1,8.949648,8.525696,8.9496,YES,2.0,50.0,0.87,976.0,,2,,SASDJA6/packing_result/rodada_1/report.txt
SASDJA6,packing,rodada_2,6.397107,6.053639,6.3971,YES,2.0,50.0,0.89,976.0,,2,,SASDJA6/packing_result/rodada_2/report.txt
SASDJA6,packing,rodada_3,10.121274,9.885059,10.1213,YES,2.0,50.0,0.87,976.0,,2,,SASDJA6/packing_result/rodada_3/report.txt
SASDJA9,packing,rodada_1,11.674483,11.621003,11.6745,YES,2.0,50.0,0.6,606.0,,2,,SASDJA9/packing_result/rodada_1/report.txt
SASDJA9,packing,rodada_2,13.309884,12.791297,13.3099,YES,2.0,50.0,0.61,606.0,,2,,SASDJA9/packing_result/rodada_2/report.txt
SASDJA9,packing,rodada_3,11.316811,11.132318,11.3168,YES,2.0,50.0,0.6,606.0,,2,,SASDJA9/packing_result/rodada_3/report.txt
SASDJB2,packing,rodada_1,2.806027,2.668465,2.806,YES,2.0,50.0,0.18,1340.0,,2,,SASDJB2/packing_result/rodada_1/report.txt
SASDJB2,packing,rodada_2,3.517526,2.575351,3.0258,YES,2.0,50.0,0.18,1340.0,,2,,SASDJB2/packing_result/rodada_2/report.txt
SASDJB2,packing,rodada_3,2.830215,2.298744,2.8302,YES,2.0,50.0,0.18,1340.0,,2,,SASDJB2/packing_result/rodada_3/report.txt
SASDJB3,packing,rodada_1,3.451254,2.807064,3.3645,YES,2.0,50.0,0.27,1207.0,,2,,SASDJB3/packing_result/rodada_1/report.txt
SASDJB3,packing,rodada_2,3.331112,2.891751,3.3311,YES,2.0,50.0,0.27,1207.0,,2,,SASDJB3/packing_result/rodada_2/report.txt
SASDJB3,packing,rodada_3,4.283198,3.553551,4.2793,YES,2.0,50.0,0.27,1207.0,,2,,SASDJB3/packing_result/rodada_3/report.txt
SASDJB6,packing,rodada_1,16.895659,5.478615,5.5464,YES,3.0,50.0,1.69,904.0,,3,,SASDJB6/packing_result/rodada_1/report.txt
SASDJB6,packing,rodada_2,16.572042,7.33531,7.8572,YES,3.0,50.0,1.72,904.0,,3,,SASDJB6/packing_result/rodada_2/report.txt
SASDJB6,packing,rodada_3,17.314439,5.745219,6.0038,YES,3.0,50.0,1.72,904.0,,3,,SASDJB6/packing_result/rodada_3/report.txt
SASDJB9,packing,rodada_1,3.901949,3.923752,3.9019,NO,2.0,50.0,0.15,1547.0,,2,,SASDJB9/packing_result/rodada_1/report.txt
SASDJB9,packing,rodada_2,4.091206,3.819044,4.0912,YES,2.0,50.0,0.15,1547.0,,2,,SASDJB9/packing_result/rodada_2/report.txt
SASDJB9,packing,rodada_3,5.033463,4.220374,4.5375,YES,2.0,50.0,0.15,1547.0,,2,,SASDJB9/packing_result/rodada_3/report.txt
SASDJC2,packing,rodada_1,2.860906,2.774323,2.8609,YES,2.0,50.0,0.4,1320.0,,2,,SASDJC2/packing_result/rodada_1/report.txt
SASDJC2,packing,rodada_2,2.805989,2.771809,2.806,YES,2.0,50.0,0.39,1320.0,,2,,SASDJC2/packing_result/rodada_2/report.txt
SASDJC2,packing,rodada_3,5.612339,3.576957,3.6536,YES,2.0,50.0,0.4,1320.0,,2,,SASDJC2/packing_result/rodada_3/report.txt
SASDJC3,packing,rodada_1,4.235408,4.135392,4.2354,YES,2.0,50.0,0.33,1277.0,,2,,SASDJC3/packing_result/rodada_1/report.txt
SASDJC3,packing,rodada_2,3.418277,3.048823,3.4183,YES,2.0,50.0,0.32,1277.0,,2,,SASDJC3/packing_result/rodada_2/report.txt
SASDJC3,packing,rodada_3,3.28281,3.00125,3.2828,YES,2.0,50.0,0.32,1277.0,,2,,SASDJC3/packing_result/rodada_3/report.txt
SASDJC4,packing,rodada_1,6.047414,5.794427,6.0474,YES,2.0,50.0,0.24,2028.0,,2,,SASDJC4/packing_result/rodada_1/report.txt
SASDJC4,packing,rodada_2,3.568625,3.011948,3.5686,YES,2.0,50.0,0.24,2028.0,,2,,SASDJC4/packing_result/rodada_2/report.txt
SASDJC4,packing,rodada_3,5.155541,4.387298,4.7348,YES,2.0,50.0,0.23,2028.0,,2,,SASDJC4/packing_result/rodada_3/report.txt
SASDJC5,packing,rodada_1,4.59376,4.017728,4.5938,YES,4.0,50.0,0.94,1070.0,,4,,SASDJC5/packing_result/rodada_1/report.txt
SASDJC5,packing,rodada_2,8.608081,4.309793,4.7981,YES,4.0,50.0,0.92,1070.0,,4,,SASDJC5/packing_result/rodada_2/report.txt
SASDJC5,packing,rodada_3,8.512639,4.275729,4.8811,YES,4.0,50.0,0.93,1070.0,,4,,SASDJC5/packing_result/rodada_3/report.txt
SASDJC6,packing,rodada_1,15.694051,11.084732,11.5574,YES,2.0,50.0,0.13,3871.0,,2,,SASDJC6/packing_result/rodada_1/report.txt
SASDJC6,packing,rodada_2,15.499086,7.269623,7.5482,YES,2.0,50.0,0.13,3871.0,,2,,SASDJC6/packing_result/rodada_2/report.txt
SASDJC6,packing,rodada_3,16.093289,7.689341,7.9688,YES,2.0,50.0,0.14,3871.0,,2,,SASDJC6/packing_result/rodada_3/report.txt
SASDJC9,packing,rodada_1,18.004676,10.917212,11.0419,YES,2.0,50.0,0.13,246.0,,2,,SASDJC9/packing_result/rodada_1/report.txt
SASDJC9,packing,rodada_2,6.110339,10.458032,6.1103,NO,2.0,50.0,0.13,246.0,,2,,SASDJC9/packing_result/rodada_2/report.txt
SASDJC9,packing,rodada_3,17.776433,10.62163,10.8379,YES,2.0,50.0,0.13,246.0,,2,,SASDJC9/packing_result/rodada_3/report.txt
SASDJD2,single,rodada_1,3.777488,,,,,,0.3,828.0,1.0,,SASDJD2_fit1_model1.pdb,SASDJD2/single_result/rodada_1/report.txt
SASDJD2,single,rodada_2,3.777488,,,,,,0.3,828.0,1.0,,SASDJD2_fit1_model1.pdb,SASDJD2/single_result/rodada_2/report.txt
SASDJD2,single,rodada_3,3.777488,,,,,,0.3,828.0,1.0,,SASDJD2_fit1_model1.pdb,SASDJD2/single_result/rodada_3/report.txt
SASDJD3,packing,rodada_1,4.167714,3.530206,4.1677,YES,2.0,50.0,0.53,1258.0,,2,,SASDJD3/packing_result/rodada_1/report.txt
SASDJD3,packing,rodada_2,2.953709,2.661684,2.9537,YES,2.0,50.0,0.46,1258.0,,2,,SASDJD3/packing_result/rodada_2/report.txt
SASDJD3,packing,rodada_3,4.069562,3.870487,4.0696,YES,2.0,50.0,0.53,1258.0,,2,,SASDJD3/packing_result/rodada_3/report.txt
SASDJD5,packing,rodada_1,11.491332,4.444273,5.0239,YES,4.0,50.0,0.9,899.0,,4,,SASDJD5/packing_result/rodada_1/report.txt
SASDJD5,packing,rodada_2,10.068117,4.461184,5.0593,YES,4.0,50.0,0.89,899.0,,4,,SASDJD5/packing_result/rodada_2/report.txt
SASDJD5,packing,rodada_3,10.05256,4.17296,4.6936,YES,4.0,50.0,0.9,899.0,,4,,SASDJD5/packing_result/rodada_3/report.txt
SASDJD6,packing,rodada_1,14.60502,7.243623,7.6713,YES,2.0,50.0,0.14,4354.0,,2,,SASDJD6/packing_result/rodada_1/report.txt
SASDJD6,packing,rodada_2,13.905763,8.867295,10.4713,YES,2.0,50.0,0.14,4354.0,,2,,SASDJD6/packing_result/rodada_2/report.txt
SASDJD6,packing,rodada_3,14.832602,6.572113,6.9408,YES,2.0,50.0,0.14,4354.0,,2,,SASDJD6/packing_result/rodada_3/report.txt
SASDJD9,packing,rodada_1,7.21065,10.688104,7.2107,NO,2.0,50.0,0.13,241.0,,2,,SASDJD9/packing_result/rodada_1/report.txt
SASDJD9,packing,rodada_2,7.78086,10.412585,7.7809,NO,2.0,50.0,0.13,241.0,,2,,SASDJD9/packing_result/rodada_2/report.txt
SASDJD9,packing,rodada_3,7.883432,10.312152,7.8834,NO,2.0,50.0,0.13,241.0,,2,,SASDJD9/packing_result/rodada_3/report.txt
SASDJE2,single,rodada_1,5.245306,,,,,,0.05,197.0,1.0,,SASDJE2_fit1_model1.pdb,SASDJE2/single_result/rodada_1/report.txt
SASDJE2,single,rodada_2,5.245306,,,,,,0.05,197.0,1.0,,SASDJE2_fit1_model1.pdb,SASDJE2/single_result/rodada_2/report.txt
SASDJE2,single,rodada_3,5.245306,,,,,,0.05,197.0,1.0,,SASDJE2_fit1_model1.pdb,SASDJE2/single_result/rodada_3/report.txt
SASDJE3,packing,rodada_1,3.440127,2.906978,3.4032,YES,2.0,50.0,0.41,1272.0,,2,,SASDJE3/packing_result/rodada_1/report.txt
SASDJE3,packing,rodada_2,3.444345,3.23763,3.4443,YES,2.0,50.0,0.41,1272.0,,2,,SASDJE3/packing_result/rodada_2/report.txt
SASDJE3,packing,rodada_3,4.633531,4.279942,4.6335,YES,2.0,50.0,0.4,1272.0,,2,,SASDJE3/packing_result/rodada_3/report.txt
SASDJE5,packing,rodada_1,9.678266,4.831859,7.4563,YES,4.0,50.0,0.78,1188.0,,4,,SASDJE5/packing_result/rodada_1/report.txt
SASDJE5,packing,rodada_2,6.440647,4.879236,6.4406,YES,4.0,50.0,0.77,1188.0,,4,,SASDJE5/packing_result/rodada_2/report.txt
SASDJE5,packing,rodada_3,10.817622,4.746785,8.2481,YES,4.0,50.0,0.78,1188.0,,4,,SASDJE5/packing_result/rodada_3/report.txt
SASDJE6,packing,rodada_1,8.276209,3.664598,4.0465,YES,4.0,50.0,0.06,181.0,,4,,SASDJE6/packing_result/rodada_1/report.txt
SASDJE6,packing,rodada_2,8.438505,3.518124,3.8597,YES,4.0,50.0,0.05,181.0,,4,,SASDJE6/packing_result/rodada_2/report.txt
SASDJE6,packing,rodada_3,8.34683,3.682037,4.0857,YES,4.0,50.0,0.05,181.0,,4,,SASDJE6/packing_result/rodada_3/report.txt
SASDJE9,packing,rodada_1,7.640531,10.994046,7.6405,NO,2.0,50.0,0.12,455.0,,2,,SASDJE9/packing_result/rodada_1/report.txt
SASDJE9,packing,rodada_2,6.672259,11.488235,6.6723,NO,2.0,50.0,0.12,455.0,,2,,SASDJE9/packing_result/rodada_2/report.txt
SASDJE9,packing,rodada_3,12.125687,11.475944,12.1257,YES,2.0,50.0,0.12,455.0,,2,,SASDJE9/packing_result/rodada_3/report.txt
SASDJF2,packing,rodada_1,2.803425,1.920966,2.8034,YES,3.0,50.0,0.19,2186.0,,3,,SASDJF2/packing_result/rodada_1/report.txt
SASDJF2,packing,rodada_2,3.337366,2.366801,3.2342,YES,3.0,50.0,0.18,2186.0,,3,,SASDJF2/packing_result/rodada_2/report.txt
SASDJF2,packing,rodada_3,3.902665,3.113524,3.9027,YES,3.0,50.0,0.18,2186.0,,3,,SASDJF2/packing_result/rodada_3/report.txt
SASDJF4,single,rodada_1,3.391614,,,,,,0.7,5050.0,1.0,,SASDJF4_fit1_model1.pdb,SASDJF4/single_result/rodada_1/report.txt
SASDJF4,single,rodada_2,3.399542,,,,,,0.69,5050.0,1.0,,SASDJF4_fit1_model1.pdb,SASDJF4/single_result/rodada_2/report.txt
SASDJF4,single,rodada_3,3.388883,,,,,,0.69,5050.0,1.0,,SASDJF4_fit1_model1.pdb,SASDJF4/single_result/rodada_3/report.txt
SASDJF5,packing,rodada_1,8.802622,2.439896,2.5862,YES,4.0,50.0,0.31,1021.0,,4,,SASDJF5/packing_result/rodada_1/report.txt
SASDJF5,packing,rodada_2,8.896449,2.54801,3.0611,YES,4.0,50.0,0.31,1021.0,,4,,SASDJF5/packing_result/rodada_2/report.txt
SASDJF5,packing,rodada_3,8.93447,2.976277,3.3841,YES,4.0,50.0,0.3,1021.0,,4,,SASDJF5/packing_result/rodada_3/report.txt
SASDJF6,packing,rodada_1,10.491654,5.0747,7.9511,YES,5.0,50.0,0.06,186.0,,5,,SASDJF6/packing_result/rodada_1/report.txt
SASDJF6,packing,rodada_2,10.779,4.98175,8.0526,YES,5.0,50.0,0.06,186.0,,5,,SASDJF6/packing_result/rodada_2/report.txt
SASDJF6,packing,rodada_3,10.441589,5.058656,7.8356,YES,5.0,50.0,0.06,186.0,,5,,SASDJF6/packing_result/rodada_3/report.txt
SASDJF9,packing,rodada_1,4.021821,4.13264,4.0218,NO,3.0,50.0,0.23,1834.0,,3,,SASDJF9/packing_result/rodada_1/report.txt
SASDJF9,packing,rodada_2,3.910381,4.262476,3.9104,NO,3.0,50.0,0.23,1834.0,,3,,SASDJF9/packing_result/rodada_2/report.txt
SASDJF9,packing,rodada_3,4.86752,4.234731,4.6485,YES,3.0,50.0,0.23,1834.0,,3,,SASDJF9/packing_result/rodada_3/report.txt
SASDJG2,single,rodada_1,2.81717,,,,,,0.06,297.0,1.0,,SASDJG2_fit1_model1.pdb,SASDJG2/single_result/rodada_1/report.txt
SASDJG2,single,rodada_2,2.81717,,,,,,0.06,297.0,1.0,,SASDJG2_fit1_model1.pdb,SASDJG2/single_result/rodada_2/report.txt
SASDJG2,single,rodada_3,2.81717,,,,,,0.06,297.0,1.0,,SASDJG2_fit1_model1.pdb,SASDJG2/single_result/rodada_3/report.txt
SASDJG4,single,rodada_1,9.055726,,,,,,1.25,4369.0,1.0,,SASDJG4_fit1_model1.pdb,SASDJG4/single_result/rodada_1/report.txt
SASDJG4,single,rodada_2,9.055726,,,,,,1.23,4369.0,1.0,,SASDJG4_fit1_model1.pdb,SASDJG4/single_result/rodada_2/report.txt
SASDJG4,single,rodada_3,9.055726,,,,,,1.24,4369.0,1.0,,SASDJG4_fit1_model1.pdb,SASDJG4/single_result/rodada_3/report.txt
SASDJG6,packing,rodada_1,6.533084,2.612112,2.7527,YES,4.0,50.0,0.03,73.0,,4,,SASDJG6/packing_result/rodada_1/report.txt
SASDJG6,packing,rodada_2,5.126985,2.954946,3.4563,YES,4.0,50.0,0.03,73.0,,4,,SASDJG6/packing_result/rodada_2/report.txt
SASDJG6,packing,rodada_3,5.000435,2.655149,2.6936,YES,4.0,50.0,0.03,73.0,,4,,SASDJG6/packing_result/rodada_3/report.txt
SASDJG9,packing,rodada_1,14.433409,14.578755,14.4334,NO,3.0,50.0,0.17,313.0,,3,,SASDJG9/packing_result/rodada_1/report.txt
SASDJG9,packing,rodada_2,7.826257,13.873926,7.8263,NO,3.0,50.0,0.16,313.0,,3,,SASDJG9/packing_result/rodada_2/report.txt
SASDJG9,packing,rodada_3,9.99627,14.304998,9.9963,NO,3.0,50.0,0.16,313.0,,3,,SASDJG9/packing_result/rodada_3/report.txt
SASDJH4,single,rodada_1,3.978932,,,,,,1.04,3997.0,1.0,,SASDJH4_fit1_model1.pdb,SASDJH4/single_result/rodada_1/report.txt
SASDJH4,single,rodada_2,3.978932,,,,,,1.04,3997.0,1.0,,SASDJH4_fit1_model1.pdb,SASDJH4/single_result/rodada_2/report.txt
SASDJH4,single,rodada_3,3.978932,,,,,,1.03,3997.0,1.0,,SASDJH4_fit1_model1.pdb,SASDJH4/single_result/rodada_3/report.txt
SASDJH6,packing,rodada_1,8.266207,3.95719,5.9955,YES,7.0,50.0,0.09,809.0,,7,,SASDJH6/packing_result/rodada_1/report.txt
SASDJH6,packing,rodada_2,8.419258,3.148062,4.7676,YES,7.0,50.0,0.09,809.0,,7,,SASDJH6/packing_result/rodada_2/report.txt
SASDJH6,packing,rodada_3,8.266241,3.122764,4.1669,YES,7.0,50.0,0.09,809.0,,7,,SASDJH6/packing_result/rodada_3/report.txt
SASDJH9,packing,rodada_1,4.878388,5.159547,4.8784,NO,3.0,50.0,0.24,2455.0,,3,,SASDJH9/packing_result/rodada_1/report.txt
SASDJH9,packing,rodada_2,3.830251,5.031569,3.8303,NO,3.0,50.0,0.24,2455.0,,3,,SASDJH9/packing_result/rodada_2/report.txt
SASDJH9,packing,rodada_3,4.443599,4.944944,4.4436,NO,3.0,50.0,0.24,2455.0,,3,,SASDJH9/packing_result/rodada_3/report.txt
SASDJJ4,packing,rodada_1,2.83501,2.238715,2.835,YES,4.0,50.0,0.18,950.0,,4,,SASDJJ4/packing_result/rodada_1/report.txt
SASDJJ4,packing,rodada_2,3.073974,2.176416,2.8968,YES,4.0,50.0,0.17,950.0,,4,,SASDJJ4/packing_result/rodada_2/report.txt
SASDJJ4,packing,rodada_3,2.636656,2.245083,2.6367,YES,4.0,50.0,0.17,950.0,,4,,SASDJJ4/packing_result/rodada_3/report.txt
SASDJJ5,single,rodada_1,14.457817,,,,,,0.13,1306.0,1.0,,SASDJJ5_fit1_model1.pdb,SASDJJ5/single_result/rodada_1/report.txt
SASDJJ5,single,rodada_2,14.457817,,,,,,0.13,1306.0,1.0,,SASDJJ5_fit1_model1.pdb,SASDJJ5/single_result/rodada_2/report.txt
SASDJJ5,single,rodada_3,14.457817,,,,,,0.14,1306.0,1.0,,SASDJJ5_fit1_model1.pdb,SASDJJ5/single_result/rodada_3/report.txt
SASDJJ6,packing,rodada_1,8.345522,5.510097,7.6016,YES,9.0,50.0,0.15,198.0,,9,,SASDJJ6/packing_result/rodada_1/report.txt
SASDJJ6,packing,rodada_2,6.86944,5.734801,6.8694,YES,9.0,50.0,0.14,198.0,,9,,SASDJJ6/packing_result/rodada_2/report.txt
SASDJJ6,packing,rodada_3,7.631823,5.559064,7.6318,YES,9.0,50.0,0.14,198.0,,9,,SASDJJ6/packing_result/rodada_3/report.txt
SASDJJ9,packing,rodada_1,11.438105,12.498374,11.4381,NO,3.0,50.0,0.18,963.0,,3,,SASDJJ9/packing_result/rodada_1/report.txt
SASDJJ9,packing,rodada_2,12.059294,12.885056,12.0593,NO,3.0,50.0,0.18,963.0,,3,,SASDJJ9/packing_result/rodada_2/report.txt
SASDJJ9,packing,rodada_3,10.826745,12.300515,10.8267,NO,3.0,50.0,0.18,963.0,,3,,SASDJJ9/packing_result/rodada_3/report.txt
SASDJK2,packing,rodada_1,2.829285,2.597997,2.8293,YES,2.0,50.0,0.15,1009.0,,2,,SASDJK2/packing_result/rodada_1/report.txt
SASDJK2,packing,rodada_2,3.242526,2.488595,2.7823,YES,2.0,50.0,0.15,1009.0,,2,,SASDJK2/packing_result/rodada_2/report.txt
SASDJK2,packing,rodada_3,2.193363,2.055415,2.1934,YES,2.0,50.0,0.15,1009.0,,2,,SASDJK2/packing_result/rodada_3/report.txt
SASDJK4,packing,rodada_1,21.825021,10.240122,10.5403,YES,2.0,50.0,0.05,324.0,,2,,SASDJK4/packing_result/rodada_1/report.txt
SASDJK4,packing,rodada_2,21.242476,17.985239,19.0422,YES,2.0,50.0,0.05,324.0,,2,,SASDJK4/packing_result/rodada_2/report.txt
SASDJK4,packing,rodada_3,22.124775,10.180475,10.3776,YES,2.0,50.0,0.05,324.0,,2,,SASDJK4/packing_result/rodada_3/report.txt
SASDJK6,packing,rodada_1,7.842483,5.409985,7.7834,YES,8.0,50.0,0.13,384.0,,8,,SASDJK6/packing_result/rodada_1/report.txt
SASDJK6,packing,rodada_2,8.850207,5.6161,8.8502,YES,8.0,50.0,0.12,384.0,,8,,SASDJK6/packing_result/rodada_2/report.txt
SASDJK6,packing,rodada_3,7.041659,4.923448,7.0417,YES,8.0,50.0,0.13,384.0,,8,,SASDJK6/packing_result/rodada_3/report.txt
SASDJK8,single,rodada_1,16.747394,,,,,,0.07,431.0,1.0,,SASDJK8_fit1_model1.pdb,SASDJK8/single_result/rodada_1/report.txt
SASDJK8,single,rodada_2,16.747394,,,,,,0.07,431.0,1.0,,SASDJK8_fit1_model1.pdb,SASDJK8/single_result/rodada_2/report.txt
SASDJK8,single,rodada_3,16.747394,,,,,,0.07,431.0,1.0,,SASDJK8_fit1_model1.pdb,SASDJK8/single_result/rodada_3/report.txt
SASDJK9,packing,rodada_1,2.883894,4.154209,2.8839,NO,2.0,50.0,0.2,3604.0,,2,,SASDJK9/packing_result/rodada_1/report.txt
SASDJK9,packing,rodada_2,2.870143,4.15695,2.8701,NO,2.0,50.0,0.2,3604.0,,2,,SASDJK9/packing_result/rodada_2/report.txt
SASDJK9,packing,rodada_3,3.320897,4.353248,3.3209,NO,2.0,50.0,0.2,3604.0,,2,,SASDJK9/packing_result/rodada_3/report.txt
SASDJL2,packing,rodada_1,2.792841,2.297692,2.7928,YES,2.0,50.0,0.22,1114.0,,2,,SASDJL2/packing_result/rodada_1/report.txt
SASDJL2,packing,rodada_2,3.339186,2.611986,3.3392,YES,2.0,50.0,0.22,1114.0,,2,,SASDJL2/packing_result/rodada_2/report.txt
SASDJL2,packing,rodada_3,2.911256,2.268629,2.9113,YES,2.0,50.0,0.21,1114.0,,2,,SASDJL2/packing_result/rodada_3/report.txt
SASDJL4,packing,rodada_1,31.032764,26.866952,29.5922,YES,2.0,50.0,0.04,567.0,,2,,SASDJL4/packing_result/rodada_1/report.txt
SASDJL4,packing,rodada_2,30.584207,14.547465,16.0821,YES,2.0,50.0,0.04,567.0,,2,,SASDJL4/packing_result/rodada_2/report.txt
SASDJL4,packing,rodada_3,30.928559,14.683649,15.6814,YES,2.0,50.0,0.04,567.0,,2,,SASDJL4/packing_result/rodada_3/report.txt
SASDJL6,packing,rodada_1,7.23459,3.723874,3.8377,YES,2.0,50.0,0.52,1182.0,,2,,SASDJL6/packing_result/rodada_1/report.txt
SASDJL6,packing,rodada_2,3.853596,3.774109,3.8536,YES,2.0,50.0,0.5,1182.0,,2,,SASDJL6/packing_result/rodada_2/report.txt
SASDJL6,packing,rodada_3,7.311972,3.904096,3.9849,YES,2.0,50.0,0.51,1182.0,,2,,SASDJL6/packing_result/rodada_3/report.txt
SASDJL7,packing,rodada_1,6.54262,3.824974,4.3961,YES,2.0,50.0,0.4,1946.0,,2,,SASDJL7/packing_result/rodada_1/report.txt
SASDJL7,packing,rodada_2,6.54906,3.980081,4.7279,YES,2.0,50.0,0.4,1946.0,,2,,SASDJL7/packing_result/rodada_2/report.txt
SASDJL7,packing,rodada_3,6.210944,3.896817,4.2133,YES,2.0,50.0,0.4,1946.0,,2,,SASDJL7/packing_result/rodada_3/report.txt
SASDJL8,single,rodada_1,8.43354,,,,,,0.11,1266.0,1.0,,SASDJL8_fit1_model1.pdb,SASDJL8/single_result/rodada_1/report.txt
SASDJL8,single,rodada_2,8.43354,,,,,,0.11,1266.0,1.0,,SASDJL8_fit1_model1.pdb,SASDJL8/single_result/rodada_2/report.txt
SASDJL8,single,rodada_3,8.43354,,,,,,0.11,1266.0,1.0,,SASDJL8_fit1_model1.pdb,SASDJL8/single_result/rodada_3/report.txt
SASDJM2,packing,rodada_1,9.879156,5.993619,7.8362,YES,3.0,50.0,0.19,449.0,,3,,SASDJM2/packing_result/rodada_1/report.txt
SASDJM2,packing,rodada_2,7.177523,5.779097,6.6693,YES,3.0,50.0,0.19,449.0,,3,,SASDJM2/packing_result/rodada_2/report.txt
SASDJM2,packing,rodada_3,8.736475,7.12071,7.4284,YES,3.0,50.0,0.19,449.0,,3,,SASDJM2/packing_result/rodada_3/report.txt
SASDJM4,packing,rodada_1,9.852653,6.158087,6.4738,YES,2.0,50.0,0.31,399.0,,2,,SASDJM4/packing_result/rodada_1/report.txt
SASDJM4,packing,rodada_2,8.862199,5.429072,5.4711,YES,2.0,50.0,0.3,399.0,,2,,SASDJM4/packing_result/rodada_2/report.txt
SASDJM4,packing,rodada_3,8.369925,4.53703,4.6724,YES,2.0,50.0,0.3,399.0,,2,,SASDJM4/packing_result/rodada_3/report.txt
SASDJM6,packing,rodada_1,10.199111,8.182105,10.1001,YES,5.0,50.0,1.42,768.0,,5,,SASDJM6/packing_result/rodada_1/report.txt
SASDJM6,packing,rodada_2,14.322491,13.713478,14.3225,YES,5.0,50.0,1.42,768.0,,5,,SASDJM6/packing_result/rodada_2/report.txt
SASDJM6,packing,rodada_3,13.773515,11.358231,13.0567,YES,5.0,50.0,1.44,768.0,,5,,SASDJM6/packing_result/rodada_3/report.txt
SASDJM7,single,rodada_1,8.687834,,,,,,0.18,1975.0,1.0,,SASDJM7_fit1_model1.pdb,SASDJM7/single_result/rodada_1/report.txt
SASDJM7,single,rodada_2,8.687834,,,,,,0.18,1975.0,1.0,,SASDJM7_fit1_model1.pdb,SASDJM7/single_result/rodada_2/report.txt
SASDJM7,single,rodada_3,8.687834,,,,,,0.18,1975.0,1.0,,SASDJM7_fit1_model1.pdb,SASDJM7/single_result/rodada_3/report.txt
SASDJM8,single,rodada_1,15.46737,,,,,,0.06,215.0,1.0,,SASDJM8_fit1_model1.pdb,SASDJM8/single_result/rodada_1/report.txt
SASDJM8,single,rodada_2,15.46737,,,,,,0.06,215.0,1.0,,SASDJM8_fit1_model1.pdb,SASDJM8/single_result/rodada_2/report.txt
SASDJM8,single,rodada_3,15.46737,,,,,,0.06,215.0,1.0,,SASDJM8_fit1_model1.pdb,SASDJM8/single_result/rodada_3/report.txt
SASDJN4,packing,rodada_1,6.452061,5.018537,5.7928,YES,2.0,50.0,0.43,1396.0,,2,,SASDJN4/packing_result/rodada_1/report.txt
SASDJN4,packing,rodada_2,7.537147,5.002156,5.1648,YES,2.0,50.0,0.41,1396.0,,2,,SASDJN4/packing_result/rodada_2/report.txt
SASDJN4,packing,rodada_3,7.479912,5.605992,5.7661,YES,2.0,50.0,0.43,1396.0,,2,,SASDJN4/packing_result/rodada_3/report.txt
SASDJN5,packing,rodada_1,5.546773,5.273748,5.5468,YES,2.0,50.0,0.25,1204.0,,2,,SASDJN5/packing_result/rodada_1/report.txt
SASDJN5,packing,rodada_2,7.440776,7.407647,7.4408,YES,2.0,50.0,0.25,1204.0,,2,,SASDJN5/packing_result/rodada_2/report.txt
SASDJN5,packing,rodada_3,7.205105,6.979572,7.2051,YES,2.0,50.0,0.24,1204.0,,2,,SASDJN5/packing_result/rodada_3/report.txt
SASDJN6,packing,rodada_1,17.607161,7.863384,13.6773,YES,5.0,50.0,1.64,191.0,,5,,SASDJN6/packing_result/rodada_1/report.txt
SASDJN6,packing,rodada_2,13.870749,7.888731,13.8707,YES,5.0,50.0,1.74,191.0,,5,,SASDJN6/packing_result/rodada_2/report.txt
SASDJN6,packing,rodada_3,16.84693,9.904289,13.8024,YES,5.0,50.0,1.74,191.0,,5,,SASDJN6/packing_result/rodada_3/report.txt
SASDJN7,single,rodada_1,30.512683,,,,,,0.16,770.0,1.0,,SASDJN7_fit1_model1.pdb,SASDJN7/single_result/rodada_1/report.txt
SASDJN7,single,rodada_2,30.512683,,,,,,0.16,770.0,1.0,,SASDJN7_fit1_model1.pdb,SASDJN7/single_result/rodada_2/report.txt
SASDJN7,single,rodada_3,30.512683,,,,,,0.16,770.0,1.0,,SASDJN7_fit1_model1.pdb,SASDJN7/single_result/rodada_3/report.txt
SASDJN8,packing,rodada_1,6.659253,4.938681,6.6593,YES,2.0,50.0,0.41,1444.0,,2,,SASDJN8/packing_result/rodada_1/report.txt
SASDJN8,packing,rodada_2,8.879946,7.942129,8.6639,YES,2.0,50.0,0.4,1444.0,,2,,SASDJN8/packing_result/rodada_2/report.txt
SASDJN8,packing,rodada_3,6.518901,5.203997,6.5189,YES,2.0,50.0,0.4,1444.0,,2,,SASDJN8/packing_result/rodada_3/report.txt
SASDJP5,packing,rodada_1,2.546155,2.483192,2.5462,YES,2.0,50.0,0.24,3112.0,,2,,SASDJP5/packing_result/rodada_1/report.txt
SASDJP5,packing,rodada_2,2.598718,2.535457,2.5987,YES,2.0,50.0,0.24,3112.0,,2,,SASDJP5/packing_result/rodada_2/report.txt
SASDJP5,packing,rodada_3,2.452394,2.424533,2.4524,YES,2.0,50.0,0.24,3112.0,,2,,SASDJP5/packing_result/rodada_3/report.txt
SASDJP6,packing,rodada_1,10.0518,5.001176,9.7298,YES,7.0,50.0,1.96,894.0,,7,,SASDJP6/packing_result/rodada_1/report.txt
SASDJP6,packing,rodada_2,14.502229,4.974554,9.1466,YES,7.0,50.0,2.04,894.0,,7,,SASDJP6/packing_result/rodada_2/report.txt
SASDJP6,packing,rodada_3,12.92618,8.507149,10.8453,YES,7.0,50.0,2.09,894.0,,7,,SASDJP6/packing_result/rodada_3/report.txt
SASDJP7,single,rodada_1,26.065133,,,,,,0.1,802.0,1.0,,SASDJP7_fit1_model1.pdb,SASDJP7/single_result/rodada_1/report.txt
SASDJP7,single,rodada_2,26.065133,,,,,,0.1,802.0,1.0,,SASDJP7_fit1_model1.pdb,SASDJP7/single_result/rodada_2/report.txt
SASDJP7,single,rodada_3,26.065133,,,,,,0.1,802.0,1.0,,SASDJP7_fit1_model1.pdb,SASDJP7/single_result/rodada_3/report.txt
SASDJP8,packing,rodada_1,6.50154,5.818497,6.5015,YES,2.0,50.0,0.37,1715.0,,2,,SASDJP8/packing_result/rodada_1/report.txt
SASDJP8,packing,rodada_2,7.431024,4.91893,6.1097,YES,2.0,50.0,0.37,1715.0,,2,,SASDJP8/packing_result/rodada_2/report.txt
SASDJP8,packing,rodada_3,7.458086,5.01655,7.4581,YES,2.0,50.0,0.39,1715.0,,2,,SASDJP8/packing_result/rodada_3/report.txt
SASDJQ5,packing,rodada_1,14.45203,7.240591,7.4201,YES,3.0,50.0,0.25,759.0,,3,,SASDJQ5/packing_result/rodada_1/report.txt
SASDJQ5,packing,rodada_2,14.106277,4.766435,7.4118,YES,3.0,50.0,0.24,759.0,,3,,SASDJQ5/packing_result/rodada_2/report.txt
SASDJQ5,packing,rodada_3,14.276341,8.296722,9.6224,YES,3.0,50.0,0.24,759.0,,3,,SASDJQ5/packing_result/rodada_3/report.txt
SASDJQ6,packing,rodada_1,15.460915,8.882521,9.2309,YES,2.0,50.0,0.06,1264.0,,2,,SASDJQ6/packing_result/rodada_1/report.txt
SASDJQ6,packing,rodada_2,15.190696,10.419153,10.9719,YES,2.0,50.0,0.06,1264.0,,2,,SASDJQ6/packing_result/rodada_2/report.txt
SASDJQ6,packing,rodada_3,15.850395,10.524815,10.9796,YES,2.0,50.0,0.06,1264.0,,2,,SASDJQ6/packing_result/rodada_3/report.txt
SASDJQ7,single,rodada_1,2.877142,,,,,,0.71,1339.0,1.0,,SASDJQ7_fit1_model1.pdb,SASDJQ7/single_result/rodada_1/report.txt
SASDJQ7,single,rodada_2,2.877142,,,,,,0.71,1339.0,1.0,,SASDJQ7_fit1_model1.pdb,SASDJQ7/single_result/rodada_2/report.txt
SASDJQ7,single,rodada_3,2.877142,,,,,,0.71,1339.0,1.0,,SASDJQ7_fit1_model1.pdb,SASDJQ7/single_result/rodada_3/report.txt
SASDJQ8,packing,rodada_1,7.162735,4.586112,7.1627,YES,2.0,50.0,0.93,1751.0,,2,,SASDJQ8/packing_result/rodada_1/report.txt
SASDJQ8,packing,rodada_2,6.275801,5.239169,6.2758,YES,2.0,50.0,0.96,1751.0,,2,,SASDJQ8/packing_result/rodada_2/report.txt
SASDJQ8,packing,rodada_3,7.987216,4.520775,6.7093,YES,2.0,50.0,0.94,1751.0,,2,,SASDJQ8/packing_result/rodada_3/report.txt
SASDJR3,packing,rodada_1,4.160028,3.275903,3.6099,YES,2.0,50.0,0.27,1106.0,,2,,SASDJR3/packing_result/rodada_1/report.txt
SASDJR3,packing,rodada_2,3.660025,3.396131,3.66,YES,2.0,50.0,0.26,1106.0,,2,,SASDJR3/packing_result/rodada_2/report.txt
SASDJR3,packing,rodada_3,4.831487,3.926984,4.5164,YES,2.0,50.0,0.27,1106.0,,2,,SASDJR3/packing_result/rodada_3/report.txt
SASDJR4,packing,rodada_1,3.774045,3.540655,3.774,YES,2.0,50.0,0.12,3723.0,,2,,SASDJR4/packing_result/rodada_1/report.txt
SASDJR4,packing,rodada_2,11.828012,11.269582,11.828,YES,2.0,50.0,0.11,3723.0,,2,,SASDJR4/packing_result/rodada_2/report.txt
SASDJR4,packing,rodada_3,12.177825,11.864823,12.1778,YES,2.0,50.0,0.12,3723.0,,2,,SASDJR4/packing_result/rodada_3/report.txt
SASDJR6,packing,rodada_1,9.402942,6.957967,7.2739,YES,2.0,50.0,0.07,1427.0,,2,,SASDJR6/packing_result/rodada_1/report.txt
SASDJR6,packing,rodada_2,9.506731,6.842694,7.1414,YES,2.0,50.0,0.07,1427.0,,2,,SASDJR6/packing_result/rodada_2/report.txt
SASDJR6,packing,rodada_3,9.189976,6.813899,7.0953,YES,2.0,50.0,0.07,1427.0,,2,,SASDJR6/packing_result/rodada_3/report.txt
SASDJR7,packing,rodada_1,4.600775,3.39348,4.6008,YES,2.0,50.0,0.81,1218.0,,2,,SASDJR7/packing_result/rodada_1/report.txt
SASDJR7,packing,rodada_2,3.81387,3.377327,3.8139,YES,2.0,50.0,0.8,1218.0,,2,,SASDJR7/packing_result/rodada_2/report.txt
SASDJR7,packing,rodada_3,3.838672,3.616863,3.8387,YES,2.0,50.0,0.82,1218.0,,2,,SASDJR7/packing_result/rodada_3/report.txt
SASDJR8,single,rodada_1,4.983879,,,,,,0.27,1079.0,1.0,,SASDJR8_fit1_model1.pdb,SASDJR8/single_result/rodada_1/report.txt
SASDJR8,single,rodada_2,4.983879,,,,,,0.27,1079.0,1.0,,SASDJR8_fit1_model1.pdb,SASDJR8/single_result/rodada_2/report.txt
SASDJR8,single,rodada_3,4.983879,,,,,,0.27,1079.0,1.0,,SASDJR8_fit1_model1.pdb,SASDJR8/single_result/rodada_3/report.txt
SASDJS3,single,rodada_1,8.520459,,,,,,0.13,1071.0,1.0,,SASDJS3_fit1_model1.pdb,SASDJS3/single_result/rodada_1/report.txt
SASDJS3,single,rodada_2,8.520459,,,,,,0.13,1071.0,1.0,,SASDJS3_fit1_model1.pdb,SASDJS3/single_result/rodada_2/report.txt
SASDJS3,single,rodada_3,8.520459,,,,,,0.13,1071.0,1.0,,SASDJS3_fit1_model1.pdb,SASDJS3/single_result/rodada_3/report.txt
SASDJS4,packing,rodada_1,3.858423,3.306265,3.8584,YES,2.0,50.0,0.1,1914.0,,2,,SASDJS4/packing_result/rodada_1/report.txt
SASDJS4,packing,rodada_2,5.195628,4.715068,5.1956,YES,2.0,50.0,0.1,1914.0,,2,,SASDJS4/packing_result/rodada_2/report.txt
SASDJS4,packing,rodada_3,4.559925,4.33064,4.5599,YES,2.0,50.0,0.1,1914.0,,2,,SASDJS4/packing_result/rodada_3/report.txt
SASDJS5,single,rodada_1,11.298685,,,,,,0.1,833.0,1.0,,SASDJS5_fit1_model1.pdb,SASDJS5/single_result/rodada_1/report.txt
SASDJS5,single,rodada_2,11.298685,,,,,,0.1,833.0,1.0,,SASDJS5_fit1_model1.pdb,SASDJS5/single_result/rodada_2/report.txt
SASDJS5,single,rodada_3,11.298685,,,,,,0.1,833.0,1.0,,SASDJS5_fit1_model1.pdb,SASDJS5/single_result/rodada_3/report.txt
SASDJS6,packing,rodada_1,12.192187,6.674889,7.0252,YES,2.0,50.0,0.04,340.0,,2,,SASDJS6/packing_result/rodada_1/report.txt
SASDJS6,packing,rodada_2,13.956884,9.599216,10.5859,YES,2.0,50.0,0.04,340.0,,2,,SASDJS6/packing_result/rodada_2/report.txt
SASDJS6,packing,rodada_3,12.949896,7.313073,7.9587,YES,2.0,50.0,0.04,340.0,,2,,SASDJS6/packing_result/rodada_3/report.txt
SASDJS8,single,rodada_1,4.453062,,,,,,0.28,1081.0,1.0,,SASDJS8_fit1_model1.pdb,SASDJS8/single_result/rodada_1/report.txt
SASDJS8,single,rodada_2,4.453062,,,,,,0.27,1081.0,1.0,,SASDJS8_fit1_model1.pdb,SASDJS8/single_result/rodada_2/report.txt
SASDJS8,single,rodada_3,4.453062,,,,,,0.28,1081.0,1.0,,SASDJS8_fit1_model1.pdb,SASDJS8/single_result/rodada_3/report.txt
SASDJT3,single,rodada_1,6.578982,,,,,,0.15,1348.0,1.0,,SASDJT3_fit1_model1.pdb,SASDJT3/single_result/rodada_1/report.txt
SASDJT3,single,rodada_2,6.578982,,,,,,0.14,1348.0,1.0,,SASDJT3_fit1_model1.pdb,SASDJT3/single_result/rodada_2/report.txt
SASDJT3,single,rodada_3,6.578982,,,,,,0.15,1348.0,1.0,,SASDJT3_fit1_model1.pdb,SASDJT3/single_result/rodada_3/report.txt
SASDJT5,single,rodada_1,11.917827,,,,,,0.12,775.0,1.0,,SASDJT5_fit1_model1.pdb,SASDJT5/single_result/rodada_1/report.txt
SASDJT5,single,rodada_2,11.917827,,,,,,0.12,775.0,1.0,,SASDJT5_fit1_model1.pdb,SASDJT5/single_result/rodada_2/report.txt
SASDJT5,single,rodada_3,11.917827,,,,,,0.12,775.0,1.0,,SASDJT5_fit1_model1.pdb,SASDJT5/single_result/rodada_3/report.txt
SASDJT6,packing,rodada_1,15.765276,6.269881,7.6519,YES,2.0,50.0,0.05,982.0,,2,,SASDJT6/packing_result/rodada_1/report.txt
SASDJT6,packing,rodada_2,14.930393,7.640795,10.5721,YES,2.0,50.0,0.05,982.0,,2,,SASDJT6/packing_result/rodada_2/report.txt
SASDJT6,packing,rodada_3,13.480861,6.921857,8.2891,YES,2.0,50.0,0.05,982.0,,2,,SASDJT6/packing_result/rodada_3/report.txt
SASDJT8,single,rodada_1,4.033969,,,,,,0.22,1031.0,1.0,,SASDJT8_fit1_model1.pdb,SASDJT8/single_result/rodada_1/report.txt
SASDJT8,single,rodada_2,4.033969,,,,,,0.2,1031.0,1.0,,SASDJT8_fit1_model1.pdb,SASDJT8/single_result/rodada_2/report.txt
SASDJT8,single,rodada_3,4.033969,,,,,,0.2,1031.0,1.0,,SASDJT8_fit1_model1.pdb,SASDJT8/single_result/rodada_3/report.txt
SASDJU3,single,rodada_1,5.592433,,,,,,0.18,1736.0,1.0,,SASDJU3_fit1_model1.pdb,SASDJU3/single_result/rodada_1/report.txt
SASDJU3,single,rodada_2,5.592433,,,,,,0.17,1736.0,1.0,,SASDJU3_fit1_model1.pdb,SASDJU3/single_result/rodada_2/report.txt
SASDJU3,single,rodada_3,5.592433,,,,,,0.17,1736.0,1.0,,SASDJU3_fit1_model1.pdb,SASDJU3/single_result/rodada_3/report.txt
SASDJU5,single,rodada_1,6.459523,,,,,,0.79,628.0,1.0,,SASDJU5_fit1_model1.pdb,SASDJU5/single_result/rodada_1/report.txt
SASDJU5,single,rodada_2,6.459523,,,,,,0.8,628.0,1.0,,SASDJU5_fit1_model1.pdb,SASDJU5/single_result/rodada_2/report.txt
SASDJU5,single,rodada_3,6.459523,,,,,,0.79,628.0,1.0,,SASDJU5_fit1_model1.pdb,SASDJU5/single_result/rodada_3/report.txt
SASDJU6,packing,rodada_1,14.501237,5.04164,5.2126,YES,2.0,50.0,0.05,290.0,,2,,SASDJU6/packing_result/rodada_1/report.txt
SASDJU6,packing,rodada_2,14.50976,5.252412,5.4545,YES,2.0,50.0,0.05,290.0,,2,,SASDJU6/packing_result/rodada_2/report.txt
SASDJU6,packing,rodada_3,14.995966,6.369241,6.8276,YES,2.0,50.0,0.05,290.0,,2,,SASDJU6/packing_result/rodada_3/report.txt
SASDJU7,single,rodada_1,13.930176,,,,,,0.11,1372.0,1.0,,SASDJU7_fit1_model1.pdb,SASDJU7/single_result/rodada_1/report.txt
SASDJU7,single,rodada_2,13.930176,,,,,,0.11,1372.0,1.0,,SASDJU7_fit1_model1.pdb,SASDJU7/single_result/rodada_2/report.txt
SASDJU7,single,rodada_3,13.930176,,,,,,0.11,1372.0,1.0,,SASDJU7_fit1_model1.pdb,SASDJU7/single_result/rodada_3/report.txt
SASDJU8,single,rodada_1,4.299519,,,,,,0.2,1010.0,1.0,,SASDJU8_fit1_model1.pdb,SASDJU8/single_result/rodada_1/report.txt
SASDJU8,single,rodada_2,4.299519,,,,,,0.2,1010.0,1.0,,SASDJU8_fit1_model1.pdb,SASDJU8/single_result/rodada_2/report.txt
SASDJU8,single,rodada_3,4.299519,,,,,,0.2,1010.0,1.0,,SASDJU8_fit1_model1.pdb,SASDJU8/single_result/rodada_3/report.txt
SASDJU9,packing,rodada_1,3.59365,2.898588,3.512,YES,3.0,50.0,0.19,785.0,,3,,SASDJU9/packing_result/rodada_1/report.txt
SASDJU9,packing,rodada_2,3.421096,2.551523,3.1014,YES,3.0,50.0,0.2,785.0,,3,,SASDJU9/packing_result/rodada_2/report.txt
SASDJU9,packing,rodada_3,4.021406,2.560664,3.3822,YES,3.0,50.0,0.18,785.0,,3,,SASDJU9/packing_result/rodada_3/report.txt
SASDJV5,packing,rodada_1,8.375589,6.304716,7.3772,YES,2.0,50.0,0.33,729.0,,2,,SASDJV5/packing_result/rodada_1/report.txt
SASDJV5,packing,rodada_2,6.357489,5.732557,6.3575,YES,2.0,50.0,0.33,729.0,,2,,SASDJV5/packing_result/rodada_2/report.txt
SASDJV5,packing,rodada_3,9.103745,6.95655,8.2356,YES,2.0,50.0,0.34,729.0,,2,,SASDJV5/packing_result/rodada_3/report.txt
SASDJV6,packing,rodada_1,18.414115,6.612532,6.9385,YES,2.0,50.0,0.05,1001.0,,2,,SASDJV6/packing_result/rodada_1/report.txt
SASDJV6,packing,rodada_2,16.906185,7.695899,7.8513,YES,2.0,50.0,0.05,1001.0,,2,,SASDJV6/packing_result/rodada_2/report.txt
SASDJV6,packing,rodada_3,16.636302,8.413496,9.4658,YES,2.0,50.0,0.05,1001.0,,2,,SASDJV6/packing_result/rodada_3/report.txt
SASDJV7,packing,rodada_1,20.987815,12.369283,13.1687,YES,2.0,50.0,0.04,395.0,,2,,SASDJV7/packing_result/rodada_1/report.txt
SASDJV7,packing,rodada_2,20.882963,10.585795,10.9354,YES,2.0,50.0,0.04,395.0,,2,,SASDJV7/packing_result/rodada_2/report.txt
SASDJV7,packing,rodada_3,20.261407,11.215332,11.9956,YES,2.0,50.0,0.04,395.0,,2,,SASDJV7/packing_result/rodada_3/report.txt
SASDJV8,packing,rodada_1,3.540028,3.269209,3.54,YES,2.0,50.0,0.44,1163.0,,2,,SASDJV8/packing_result/rodada_1/report.txt
SASDJV8,packing,rodada_2,3.7268,3.35366,3.7268,YES,2.0,50.0,0.43,1163.0,,2,,SASDJV8/packing_result/rodada_2/report.txt
SASDJV8,packing,rodada_3,3.290529,2.827275,3.2905,YES,2.0,50.0,0.42,1163.0,,2,,SASDJV8/packing_result/rodada_3/report.txt
SASDJV9,packing,rodada_1,3.723477,3.258307,3.7235,YES,3.0,50.0,0.18,630.0,,3,,SASDJV9/packing_result/rodada_1/report.txt
SASDJV9,packing,rodada_2,3.448196,2.231923,3.4482,YES,3.0,50.0,0.18,630.0,,3,,SASDJV9/packing_result/rodada_2/report.txt
SASDJV9,packing,rodada_3,3.766179,3.279328,3.7662,YES,3.0,50.0,0.18,630.0,,3,,SASDJV9/packing_result/rodada_3/report.txt
SASDJW2,single,rodada_1,6.565738,,,,,,0.81,1219.0,1.0,,SASDJW2_fit1_model1.pdb,SASDJW2/single_result/rodada_1/report.txt
SASDJW2,single,rodada_2,6.565738,,,,,,0.81,1219.0,1.0,,SASDJW2_fit1_model1.pdb,SASDJW2/single_result/rodada_2/report.txt
SASDJW2,single,rodada_3,6.565738,,,,,,0.81,1219.0,1.0,,SASDJW2_fit1_model1.pdb,SASDJW2/single_result/rodada_3/report.txt
SASDJW3,packing,rodada_1,16.623587,10.130051,11.1714,YES,2.0,50.0,0.08,1336.0,,2,,SASDJW3/packing_result/rodada_1/report.txt
SASDJW3,packing,rodada_2,16.9778,10.184016,11.2388,YES,2.0,50.0,0.08,1336.0,,2,,SASDJW3/packing_result/rodada_2/report.txt
SASDJW3,packing,rodada_3,16.583458,11.621312,13.2153,YES,2.0,50.0,0.08,1336.0,,2,,SASDJW3/packing_result/rodada_3/report.txt
SASDJW6,packing,rodada_1,16.214604,5.678999,5.8387,YES,2.0,50.0,0.05,252.0,,2,,SASDJW6/packing_result/rodada_1/report.txt
SASDJW6,packing,rodada_2,15.894927,6.085297,6.223,YES,2.0,50.0,0.05,252.0,,2,,SASDJW6/packing_result/rodada_2/report.txt
SASDJW6,packing,rodada_3,15.920523,6.797062,7.2329,YES,2.0,50.0,0.05,252.0,,2,,SASDJW6/packing_result/rodada_3/report.txt
SASDJW7,packing,rodada_1,23.319921,12.450982,13.3724,YES,2.0,50.0,0.04,211.0,,2,,SASDJW7/packing_result/rodada_1/report.txt
SASDJW7,packing,rodada_2,23.32278,10.00465,10.9551,YES,2.0,50.0,0.04,211.0,,2,,SASDJW7/packing_result/rodada_2/report.txt
SASDJW7,packing,rodada_3,23.640344,10.344661,11.3981,YES,2.0,50.0,0.04,211.0,,2,,SASDJW7/packing_result/rodada_3/report.txt
SASDJW8,single,rodada_1,3.832974,,,,,,0.2,1028.0,1.0,,SASDJW8_fit1_model1.pdb,SASDJW8/single_result/rodada_1/report.txt
SASDJW8,single,rodada_2,3.832974,,,,,,0.2,1028.0,1.0,,SASDJW8_fit1_model1.pdb,SASDJW8/single_result/rodada_2/report.txt
SASDJW8,single,rodada_3,3.832974,,,,,,0.2,1028.0,1.0,,SASDJW8_fit1_model1.pdb,SASDJW8/single_result/rodada_3/report.txt
SASDJX2,packing,rodada_1,5.078322,4.020224,5.0783,YES,3.0,50.0,0.46,344.0,,3,,SASDJX2/packing_result/rodada_1/report.txt
SASDJX2,packing,rodada_2,5.376833,4.623459,5.3768,YES,3.0,50.0,0.46,344.0,,3,,SASDJX2/packing_result/rodada_2/report.txt
SASDJX2,packing,rodada_3,4.986903,4.461595,4.9869,YES,3.0,50.0,0.47,344.0,,3,,SASDJX2/packing_result/rodada_3/report.txt
SASDJX3,packing,rodada_1,11.181903,11.181903,11.1819,NO,2.0,50.0,0.09,3376.0,,2,,SASDJX3/packing_result/rodada_1/report.txt
SASDJX3,packing,rodada_2,11.681476,11.681476,11.6815,NO,2.0,50.0,0.09,3376.0,,2,,SASDJX3/packing_result/rodada_2/report.txt
SASDJX3,packing,rodada_3,11.070351,11.070351,11.0704,NO,2.0,50.0,0.09,3376.0,,2,,SASDJX3/packing_result/rodada_3/report.txt
SASDJX5,single,rodada_1,5.379314,,,,,,0.11,902.0,1.0,,SASDJX5_fit1_model1.pdb,SASDJX5/single_result/rodada_1/report.txt
SASDJX5,single,rodada_2,5.379314,,,,,,0.11,902.0,1.0,,SASDJX5_fit1_model1.pdb,SASDJX5/single_result/rodada_2/report.txt
SASDJX5,single,rodada_3,5.379314,,,,,,0.11,902.0,1.0,,SASDJX5_fit1_model1.pdb,SASDJX5/single_result/rodada_3/report.txt
SASDJX6,packing,rodada_1,24.185508,10.945791,11.7005,YES,2.0,50.0,0.05,948.0,,2,,SASDJX6/packing_result/rodada_1/report.txt
SASDJX6,packing,rodada_2,24.317633,11.264655,11.7005,YES,2.0,50.0,0.05,948.0,,2,,SASDJX6/packing_result/rodada_2/report.txt
SASDJX6,packing,rodada_3,25.192371,10.233331,10.8608,YES,2.0,50.0,0.05,948.0,,2,,SASDJX6/packing_result/rodada_3/report.txt
SASDJX7,single,rodada_1,3.921801,,,,,,0.62,1952.0,1.0,,SASDJX7_fit1_model1.pdb,SASDJX7/single_result/rodada_1/report.txt
SASDJX7,single,rodada_2,3.921801,,,,,,0.62,1952.0,1.0,,SASDJX7_fit1_model1.pdb,SASDJX7/single_result/rodada_2/report.txt
SASDJX7,single,rodada_3,3.921801,,,,,,0.61,1952.0,1.0,,SASDJX7_fit1_model1.pdb,SASDJX7/single_result/rodada_3/report.txt
SASDJX8,single,rodada_1,6.437401,,,,,,0.31,690.0,1.0,,SASDJX8_fit1_model1.pdb,SASDJX8/single_result/rodada_1/report.txt
SASDJX8,single,rodada_2,6.437401,,,,,,0.31,690.0,1.0,,SASDJX8_fit1_model1.pdb,SASDJX8/single_result/rodada_2/report.txt
SASDJX8,single,rodada_3,6.437401,,,,,,0.31,690.0,1.0,,SASDJX8_fit1_model1.pdb,SASDJX8/single_result/rodada_3/report.txt
SASDJY2,single,rodada_1,4.248803,,,,,,0.94,7090.0,1.0,,SASDJY2_fit1_model1.pdb,SASDJY2/single_result/rodada_1/report.txt
SASDJY2,single,rodada_2,4.233824,,,,,,0.95,7090.0,1.0,,SASDJY2_fit1_model1.pdb,SASDJY2/single_result/rodada_2/report.txt
SASDJY2,single,rodada_3,4.22447,,,,,,0.92,7090.0,1.0,,SASDJY2_fit1_model1.pdb,SASDJY2/single_result/rodada_3/report.txt
SASDJY3,packing,rodada_1,4.98717,3.455055,4.5078,YES,2.0,50.0,0.61,4966.0,,2,,SASDJY3/packing_result/rodada_1/report.txt
SASDJY3,packing,rodada_2,4.045848,3.160574,4.0458,YES,2.0,50.0,0.6,4966.0,,2,,SASDJY3/packing_result/rodada_2/report.txt
SASDJY3,packing,rodada_3,4.065422,2.912651,4.0654,YES,2.0,50.0,0.61,4966.0,,2,,SASDJY3/packing_result/rodada_3/report.txt
SASDJY6,packing,rodada_1,14.36333,12.920652,14.0947,YES,2.0,50.0,0.04,260.0,,2,,SASDJY6/packing_result/rodada_1/report.txt
SASDJY6,packing,rodada_2,13.846457,7.797751,8.0875,YES,2.0,50.0,0.04,260.0,,2,,SASDJY6/packing_result/rodada_2/report.txt
SASDJY6,packing,rodada_3,13.630874,8.144833,8.7741,YES,2.0,50.0,0.04,260.0,,2,,SASDJY6/packing_result/rodada_3/report.txt
SASDJY7,packing,rodada_1,6.091132,2.688467,4.9896,YES,5.0,50.0,1.07,2097.0,,5,,SASDJY7/packing_result/rodada_1/report.txt
SASDJY7,packing,rodada_2,5.548856,3.34484,5.0316,YES,5.0,50.0,0.99,2097.0,,5,,SASDJY7/packing_result/rodada_2/report.txt
SASDJY7,packing,rodada_3,6.678437,2.783078,5.9137,YES,5.0,50.0,1.06,2097.0,,5,,SASDJY7/packing_result/rodada_3/report.txt
SASDJY8,single,rodada_1,4.163286,,,,,,0.37,1175.0,1.0,,SASDJY8_fit1_model1.pdb,SASDJY8/single_result/rodada_1/report.txt
SASDJY8,single,rodada_2,4.163286,,,,,,0.36,1175.0,1.0,,SASDJY8_fit1_model1.pdb,SASDJY8/single_result/rodada_2/report.txt
SASDJY8,single,rodada_3,4.163286,,,,,,0.36,1175.0,1.0,,SASDJY8_fit1_model1.pdb,SASDJY8/single_result/rodada_3/report.txt
SASDJZ2,single,rodada_1,3.998608,,,,,,1.02,6859.0,1.0,,SASDJZ2_fit1_model1.pdb,SASDJZ2/single_result/rodada_1/report.txt
SASDJZ2,single,rodada_2,3.941668,,,,,,1.03,6859.0,1.0,,SASDJZ2_fit1_model1.pdb,SASDJZ2/single_result/rodada_2/report.txt
SASDJZ2,single,rodada_3,3.931916,,,,,,1.03,6859.0,1.0,,SASDJZ2_fit1_model1.pdb,SASDJZ2/single_result/rodada_3/report.txt
SASDJZ3,packing,rodada_1,5.217374,2.940295,3.5923,YES,2.0,50.0,0.58,4234.0,,2,,SASDJZ3/packing_result/rodada_1/report.txt
SASDJZ3,packing,rodada_2,4.655517,2.932934,3.6113,YES,2.0,50.0,0.58,4234.0,,2,,SASDJZ3/packing_result/rodada_2/report.txt
SASDJZ3,packing,rodada_3,4.230678,3.038165,3.9527,YES,2.0,50.0,0.61,4234.0,,2,,SASDJZ3/packing_result/rodada_3/report.txt
SASDJZ6,packing,rodada_1,10.104675,6.394219,7.6876,YES,2.0,50.0,0.08,1194.0,,2,,SASDJZ6/packing_result/rodada_1/report.txt
SASDJZ6,packing,rodada_2,10.169991,5.912584,7.0281,YES,2.0,50.0,0.08,1194.0,,2,,SASDJZ6/packing_result/rodada_2/report.txt
SASDJZ6,packing,rodada_3,9.714731,6.168918,6.2909,YES,2.0,50.0,0.08,1194.0,,2,,SASDJZ6/packing_result/rodada_3/report.txt
SASDJZ7,single,rodada_1,8.100136,,,,,,0.42,1465.0,1.0,,SASDJZ7_fit1_model1.pdb,SASDJZ7/single_result/rodada_1/report.txt
SASDJZ7,single,rodada_2,8.100136,,,,,,0.43,1465.0,1.0,,SASDJZ7_fit1_model1.pdb,SASDJZ7/single_result/rodada_2/report.txt
SASDJZ7,single,rodada_3,8.100136,,,,,,0.42,1465.0,1.0,,SASDJZ7_fit1_model1.pdb,SASDJZ7/single_result/rodada_3/report.txt
SASDJZ8,single,rodada_1,4.361464,,,,,,0.21,995.0,1.0,,SASDJZ8_fit1_model1.pdb,SASDJZ8/single_result/rodada_1/report.txt
SASDJZ8,single,rodada_2,4.361464,,,,,,0.21,995.0,1.0,,SASDJZ8_fit1_model1.pdb,SASDJZ8/single_result/rodada_2/report.txt
SASDJZ8,single,rodada_3,4.361464,,,,,,0.21,995.0,1.0,,SASDJZ8_fit1_model1.pdb,SASDJZ8/single_result/rodada_3/report.txt
SASDK24,single,rodada_1,5.958832,,,,,,0.1,639.0,1.0,,SASDK24_fit1_model1.pdb,SASDK24/single_result/rodada_1/report.txt
SASDK24,single,rodada_2,5.958832,,,,,,0.1,639.0,1.0,,SASDK24_fit1_model1.pdb,SASDK24/single_result/rodada_2/report.txt
SASDK24,single,rodada_3,5.958832,,,,,,0.1,639.0,1.0,,SASDK24_fit1_model1.pdb,SASDK24/single_result/rodada_3/report.txt
SASDK27,single,rodada_1,13.516874,,,,,,2.31,267.0,1.0,,SASDK27_fit1_model1.pdb,SASDK27/single_result/rodada_1/report.txt
SASDK27,single,rodada_2,13.516874,,,,,,2.32,267.0,1.0,,SASDK27_fit1_model1.pdb,SASDK27/single_result/rodada_2/report.txt
SASDK27,single,rodada_3,13.516874,,,,,,2.33,267.0,1.0,,SASDK27_fit1_model1.pdb,SASDK27/single_result/rodada_3/report.txt
SASDK28,packing,rodada_1,7.540025,4.570417,7.54,YES,3.0,50.0,1.38,1181.0,,3,,SASDK28/packing_result/rodada_1/report.txt
SASDK28,packing,rodada_2,6.249096,6.409155,6.2491,NO,3.0,50.0,1.29,1181.0,,3,,SASDK28/packing_result/rodada_2/report.txt
SASDK28,packing,rodada_3,15.559882,5.008241,11.0643,YES,3.0,50.0,1.32,1181.0,,3,,SASDK28/packing_result/rodada_3/report.txt
SASDK34,single,rodada_1,8.375838,,,,,,0.14,1398.0,1.0,,SASDK34_fit1_model1.pdb,SASDK34/single_result/rodada_1/report.txt
SASDK34,single,rodada_2,8.375838,,,,,,0.13,1398.0,1.0,,SASDK34_fit1_model1.pdb,SASDK34/single_result/rodada_2/report.txt
SASDK34,single,rodada_3,8.375838,,,,,,0.14,1398.0,1.0,,SASDK34_fit1_model1.pdb,SASDK34/single_result/rodada_3/report.txt
SASDK36,packing,rodada_1,3.25018,3.12549,3.2502,YES,2.0,50.0,0.18,3873.0,,2,,SASDK36/packing_result/rodada_1/report.txt
SASDK36,packing,rodada_2,2.15567,1.90814,2.1557,YES,2.0,50.0,0.17,3873.0,,2,,SASDK36/packing_result/rodada_2/report.txt
SASDK36,packing,rodada_3,3.388433,2.40983,2.912,YES,2.0,50.0,0.17,3873.0,,2,,SASDK36/packing_result/rodada_3/report.txt
SASDK37,single,rodada_1,14.165915,,,,,,1.78,94.0,1.0,,SASDK37_fit1_model1.pdb,SASDK37/single_result/rodada_1/report.txt
SASDK37,single,rodada_2,14.165915,,,,,,1.78,94.0,1.0,,SASDK37_fit1_model1.pdb,SASDK37/single_result/rodada_2/report.txt
SASDK37,single,rodada_3,14.165915,,,,,,1.78,94.0,1.0,,SASDK37_fit1_model1.pdb,SASDK37/single_result/rodada_3/report.txt
SASDK38,packing,rodada_1,9.029432,6.334902,8.5545,YES,2.0,50.0,1.54,605.0,,2,,SASDK38/packing_result/rodada_1/report.txt
SASDK38,packing,rodada_2,9.414826,6.606857,8.4743,YES,2.0,50.0,1.56,605.0,,2,,SASDK38/packing_result/rodada_2/report.txt
SASDK38,packing,rodada_3,8.629391,6.60711,8.2955,YES,2.0,50.0,1.57,605.0,,2,,SASDK38/packing_result/rodada_3/report.txt
SASDK42,packing,rodada_1,14.512128,7.828578,8.0939,YES,3.0,50.0,0.24,811.0,,3,,SASDK42/packing_result/rodada_1/report.txt
SASDK42,packing,rodada_2,14.409568,6.978678,7.9028,YES,3.0,50.0,0.24,811.0,,3,,SASDK42/packing_result/rodada_2/report.txt
SASDK42,packing,rodada_3,14.084509,4.42798,6.3014,YES,3.0,50.0,0.24,811.0,,3,,SASDK42/packing_result/rodada_3/report.txt
SASDK44,single,rodada_1,13.476811,,,,,,0.07,318.0,1.0,,SASDK44_fit1_model1.pdb,SASDK44/single_result/rodada_1/report.txt
SASDK44,single,rodada_2,13.476811,,,,,,0.07,318.0,1.0,,SASDK44_fit1_model1.pdb,SASDK44/single_result/rodada_2/report.txt
SASDK44,single,rodada_3,13.476811,,,,,,0.07,318.0,1.0,,SASDK44_fit1_model1.pdb,SASDK44/single_result/rodada_3/report.txt
SASDK46,packing,rodada_1,4.223834,5.229203,4.2238,NO,2.0,50.0,0.08,981.0,,2,,SASDK46/packing_result/rodada_1/report.txt
SASDK46,packing,rodada_2,5.054676,6.031751,5.0547,NO,2.0,50.0,0.08,981.0,,2,,SASDK46/packing_result/rodada_2/report.txt
SASDK46,packing,rodada_3,4.211133,3.436964,4.2111,YES,2.0,50.0,0.08,981.0,,2,,SASDK46/packing_result/rodada_3/report.txt
SASDK47,packing,rodada_1,6.377453,11.796205,6.3775,NO,2.0,50.0,3.69,513.0,,2,,SASDK47/packing_result/rodada_1/report.txt
SASDK47,packing,rodada_2,7.245103,12.026077,7.2451,NO,2.0,50.0,3.79,513.0,,2,,SASDK47/packing_result/rodada_2/report.txt
SASDK47,packing,rodada_3,7.112903,11.978329,7.1129,NO,2.0,50.0,3.75,513.0,,2,,SASDK47/packing_result/rodada_3/report.txt
SASDK48,single,rodada_1,8.48674,,,,,,0.43,1013.0,1.0,,SASDK48_fit1_model1.pdb,SASDK48/single_result/rodada_1/report.txt
SASDK48,single,rodada_2,8.48674,,,,,,0.42,1013.0,1.0,,SASDK48_fit1_model1.pdb,SASDK48/single_result/rodada_2/report.txt
SASDK48,single,rodada_3,8.48674,,,,,,0.42,1013.0,1.0,,SASDK48_fit1_model1.pdb,SASDK48/single_result/rodada_3/report.txt
SASDK54,packing,rodada_1,11.974018,9.613228,10.1644,YES,3.0,50.0,0.18,2075.0,,3,,SASDK54/packing_result/rodada_1/report.txt
SASDK54,packing,rodada_2,11.411588,9.616424,10.1798,YES,3.0,50.0,0.18,2075.0,,3,,SASDK54/packing_result/rodada_2/report.txt
SASDK54,packing,rodada_3,12.121524,9.475929,9.1099,YES,3.0,50.0,0.18,2075.0,,3,,SASDK54/packing_result/rodada_3/report.txt
SASDK56,single,rodada_1,3.774247,,,,,,0.15,685.0,1.0,,SASDK56_fit1_model1.pdb,SASDK56/single_result/rodada_1/report.txt
SASDK56,single,rodada_2,3.774247,,,,,,0.15,685.0,1.0,,SASDK56_fit1_model1.pdb,SASDK56/single_result/rodada_2/report.txt
SASDK56,single,rodada_3,3.774247,,,,,,0.15,685.0,1.0,,SASDK56_fit1_model1.pdb,SASDK56/single_result/rodada_3/report.txt
SASDK57,packing,rodada_1,9.595834,13.273968,9.5958,NO,2.0,50.0,3.73,489.0,,2,,SASDK57/packing_result/rodada_1/report.txt
SASDK57,packing,rodada_2,8.465494,12.977069,8.4655,NO,2.0,50.0,3.68,489.0,,2,,SASDK57/packing_result/rodada_2/report.txt
SASDK57,packing,rodada_3,9.886758,13.098679,9.8868,NO,2.0,50.0,3.86,489.0,,2,,SASDK57/packing_result/rodada_3/report.txt
SASDK58,single,rodada_1,7.187542,,,,,,1.58,575.0,1.0,,SASDK58_fit1_model1.pdb,SASDK58/single_result/rodada_1/report.txt
SASDK58,single,rodada_2,7.187542,,,,,,1.58,575.0,1.0,,SASDK58_fit1_model1.pdb,SASDK58/single_result/rodada_2/report.txt
SASDK58,single,rodada_3,7.187542,,,,,,1.58,575.0,1.0,,SASDK58_fit1_model1.pdb,SASDK58/single_result/rodada_3/report.txt
SASDK64,packing,rodada_1,9.316866,9.798502,9.3169,NO,3.0,50.0,0.15,1705.0,,3,,SASDK64/packing_result/rodada_1/report.txt
SASDK64,packing,rodada_2,9.863214,10.23094,9.8632,NO,3.0,50.0,0.15,1705.0,,3,,SASDK64/packing_result/rodada_2/report.txt
SASDK64,packing,rodada_3,10.502529,9.666141,10.0987,YES,3.0,50.0,0.15,1705.0,,3,,SASDK64/packing_result/rodada_3/report.txt
SASDK67,packing,rodada_1,8.97234,10.112809,8.8447,NO,4.0,50.0,4.78,518.0,,4,,SASDK67/packing_result/rodada_1/report.txt
SASDK67,packing,rodada_2,9.817584,12.04246,9.8176,NO,4.0,50.0,4.58,518.0,,4,,SASDK67/packing_result/rodada_2/report.txt
SASDK67,packing,rodada_3,8.973624,10.129153,8.9374,NO,4.0,50.0,4.75,518.0,,4,,SASDK67/packing_result/rodada_3/report.txt
SASDK74,single,rodada_1,2.138305,,,,,,0.6,1354.0,1.0,,SASDK74_fit1_model1.pdb,SASDK74/single_result/rodada_1/report.txt
SASDK74,single,rodada_2,2.138305,,,,,,0.6,1354.0,1.0,,SASDK74_fit1_model1.pdb,SASDK74/single_result/rodada_2/report.txt
SASDK74,single,rodada_3,2.138305,,,,,,0.6,1354.0,1.0,,SASDK74_fit1_model1.pdb,SASDK74/single_result/rodada_3/report.txt
SASDK82,single,rodada_1,4.54238,,,,,,1.12,1769.0,1.0,,SASDK82_fit1_model1.pdb,SASDK82/single_result/rodada_1/report.txt
SASDK82,single,rodada_2,4.54238,,,,,,1.13,1769.0,1.0,,SASDK82_fit1_model1.pdb,SASDK82/single_result/rodada_2/report.txt
SASDK82,single,rodada_3,4.54238,,,,,,1.13,1769.0,1.0,,SASDK82_fit1_model1.pdb,SASDK82/single_result/rodada_3/report.txt
SASDK86,packing,rodada_1,12.599809,11.301625,12.5998,YES,3.0,50.0,0.34,195.0,,3,,SASDK86/packing_result/rodada_1/report.txt
SASDK86,packing,rodada_2,10.593478,9.096553,10.5935,YES,3.0,50.0,0.34,195.0,,3,,SASDK86/packing_result/rodada_2/report.txt
SASDK86,packing,rodada_3,16.727751,11.612176,13.7384,YES,3.0,50.0,0.35,195.0,,3,,SASDK86/packing_result/rodada_3/report.txt
SASDK92,packing,rodada_1,7.848514,6.198308,6.3687,YES,3.0,50.0,0.07,265.0,,3,,SASDK92/packing_result/rodada_1/report.txt
SASDK92,packing,rodada_2,6.175666,5.68284,6.1034,YES,3.0,50.0,0.07,265.0,,3,,SASDK92/packing_result/rodada_2/report.txt
SASDK92,packing,rodada_3,12.796244,11.354148,11.5986,YES,3.0,50.0,0.07,265.0,,3,,SASDK92/packing_result/rodada_3/report.txt
SASDK94,single,rodada_1,7.739393,,,,,,1.31,1327.0,1.0,,SASDK94_fit1_model1.pdb,SASDK94/single_result/rodada_1/report.txt
SASDK94,single,rodada_2,7.739393,,,,,,1.31,1327.0,1.0,,SASDK94_fit1_model1.pdb,SASDK94/single_result/rodada_2/report.txt
SASDK94,single,rodada_3,7.739393,,,,,,1.3,1327.0,1.0,,SASDK94_fit1_model1.pdb,SASDK94/single_result/rodada_3/report.txt
SASDK96,packing,rodada_1,18.020514,14.46432,14.7557,YES,3.0,50.0,0.39,266.0,,3,,SASDK96/packing_result/rodada_1/report.txt
SASDK96,packing,rodada_2,16.242251,13.156749,16.2423,YES,3.0,50.0,0.39,266.0,,3,,SASDK96/packing_result/rodada_2/report.txt
SASDK96,packing,rodada_3,9.304758,10.442408,9.3048,NO,3.0,50.0,0.38,266.0,,3,,SASDK96/packing_result/rodada_3/report.txt
SASDKA6,packing,rodada_1,6.033819,4.986475,6.0338,YES,2.0,50.0,0.3,848.0,,2,,SASDKA6/packing_result/rodada_1/report.txt
SASDKA6,packing,rodada_2,4.085091,3.221664,4.0851,YES,2.0,50.0,0.3,848.0,,2,,SASDKA6/packing_result/rodada_2/report.txt
SASDKA6,packing,rodada_3,4.08636,3.491074,4.0864,YES,2.0,50.0,0.29,848.0,,2,,SASDKA6/packing_result/rodada_3/report.txt
SASDKB8,single,rodada_1,8.428514,,,,,,1.36,1428.0,1.0,,SASDKB8_fit1_model1.pdb,SASDKB8/single_result/rodada_1/report.txt
SASDKB8,single,rodada_2,8.428514,,,,,,1.36,1428.0,1.0,,SASDKB8_fit1_model1.pdb,SASDKB8/single_result/rodada_2/report.txt
SASDKB8,single,rodada_3,8.428514,,,,,,1.36,1428.0,1.0,,SASDKB8_fit1_model1.pdb,SASDKB8/single_result/rodada_3/report.txt
SASDKC8,single,rodada_1,13.707564,,,,,,1.32,1423.0,1.0,,SASDKC8_fit1_model1.pdb,SASDKC8/single_result/rodada_1/report.txt
SASDKC8,single,rodada_2,13.707564,,,,,,1.33,1423.0,1.0,,SASDKC8_fit1_model1.pdb,SASDKC8/single_result/rodada_2/report.txt
SASDKC8,single,rodada_3,13.707564,,,,,,1.31,1423.0,1.0,,SASDKC8_fit1_model1.pdb,SASDKC8/single_result/rodada_3/report.txt
SASDKD8,packing,rodada_1,5.849341,3.612841,4.6646,YES,2.0,50.0,0.56,790.0,,2,,SASDKD8/packing_result/rodada_1/report.txt
SASDKD8,packing,rodada_2,4.729254,3.575603,4.4745,YES,2.0,50.0,0.57,790.0,,2,,SASDKD8/packing_result/rodada_2/report.txt
SASDKD8,packing,rodada_3,5.981836,3.537075,4.2113,YES,2.0,50.0,0.56,790.0,,2,,SASDKD8/packing_result/rodada_3/report.txt
SASDKE6,single,rodada_1,4.113766,,,,,,0.81,1159.0,1.0,,SASDKE6_fit1_model1.pdb,SASDKE6/single_result/rodada_1/report.txt
SASDKE6,single,rodada_2,4.113766,,,,,,0.81,1159.0,1.0,,SASDKE6_fit1_model1.pdb,SASDKE6/single_result/rodada_2/report.txt
SASDKE6,single,rodada_3,4.113766,,,,,,0.81,1159.0,1.0,,SASDKE6_fit1_model1.pdb,SASDKE6/single_result/rodada_3/report.txt
SASDKE8,packing,rodada_1,6.783547,3.427497,4.6681,YES,2.0,50.0,0.36,2575.0,,2,,SASDKE8/packing_result/rodada_1/report.txt
SASDKE8,packing,rodada_2,7.046294,3.406514,5.0,YES,2.0,50.0,0.35,2575.0,,2,,SASDKE8/packing_result/rodada_2/report.txt
SASDKE8,packing,rodada_3,8.023434,3.521627,5.6798,YES,2.0,50.0,0.35,2575.0,,2,,SASDKE8/packing_result/rodada_3/report.txt
SASDKF3,single,rodada_1,1.899558,,,,,,0.21,1660.0,1.0,,SASDKF3_fit1_model1.pdb,SASDKF3/single_result/rodada_1/report.txt
SASDKF3,single,rodada_2,1.899558,,,,,,0.21,1660.0,1.0,,SASDKF3_fit1_model1.pdb,SASDKF3/single_result/rodada_2/report.txt
SASDKF3,single,rodada_3,1.899558,,,,,,0.21,1660.0,1.0,,SASDKF3_fit1_model1.pdb,SASDKF3/single_result/rodada_3/report.txt
SASDKF4,packing,rodada_1,3.031707,3.014506,3.0317,YES,2.0,50.0,0.78,1340.0,,2,,SASDKF4/packing_result/rodada_1/report.txt
SASDKF4,packing,rodada_2,3.295368,3.284992,3.2954,YES,2.0,50.0,0.78,1340.0,,2,,SASDKF4/packing_result/rodada_2/report.txt
SASDKF4,packing,rodada_3,3.336087,3.274462,3.3361,YES,2.0,50.0,0.78,1340.0,,2,,SASDKF4/packing_result/rodada_3/report.txt
SASDKG3,single,rodada_1,6.125225,,,,,,0.18,1735.0,1.0,,SASDKG3_fit1_model1.pdb,SASDKG3/single_result/rodada_1/report.txt
SASDKG3,single,rodada_2,6.125225,,,,,,0.18,1735.0,1.0,,SASDKG3_fit1_model1.pdb,SASDKG3/single_result/rodada_2/report.txt
SASDKG3,single,rodada_3,6.125225,,,,,,0.18,1735.0,1.0,,SASDKG3_fit1_model1.pdb,SASDKG3/single_result/rodada_3/report.txt
SASDKG8,single,rodada_1,5.434863,,,,,,0.14,360.0,1.0,,SASDKG8_fit1_model1.pdb,SASDKG8/single_result/rodada_1/report.txt
SASDKG8,single,rodada_2,5.434863,,,,,,0.14,360.0,1.0,,SASDKG8_fit1_model1.pdb,SASDKG8/single_result/rodada_2/report.txt
SASDKG8,single,rodada_3,5.434863,,,,,,0.13,360.0,1.0,,SASDKG8_fit1_model1.pdb,SASDKG8/single_result/rodada_3/report.txt
SASDKH3,single,rodada_1,11.221064,,,,,,0.16,1338.0,1.0,,SASDKH3_fit1_model1.pdb,SASDKH3/single_result/rodada_1/report.txt
SASDKH3,single,rodada_2,11.221064,,,,,,0.16,1338.0,1.0,,SASDKH3_fit1_model1.pdb,SASDKH3/single_result/rodada_2/report.txt
SASDKH3,single,rodada_3,11.221064,,,,,,0.15,1338.0,1.0,,SASDKH3_fit1_model1.pdb,SASDKH3/single_result/rodada_3/report.txt
SASDKH4,packing,rodada_1,4.908317,4.908317,4.9083,YES,3.0,50.0,0.53,968.0,,3,,SASDKH4/packing_result/rodada_1/report.txt
SASDKH4,packing,rodada_2,5.327748,5.327748,5.3277,YES,3.0,50.0,0.5,968.0,,3,,SASDKH4/packing_result/rodada_2/report.txt
SASDKH4,packing,rodada_3,4.871717,4.871717,4.8717,YES,3.0,50.0,0.51,968.0,,3,,SASDKH4/packing_result/rodada_3/report.txt
SASDKH6,single,rodada_1,,,,,,,0.05,1806.0,0.0,,,SASDKH6/single_result/rodada_1/report.txt
SASDKH6,single,rodada_2,,,,,,,0.05,1806.0,0.0,,,SASDKH6/single_result/rodada_2/report.txt
SASDKH6,single,rodada_3,,,,,,,0.05,1806.0,0.0,,,SASDKH6/single_result/rodada_3/report.txt
SASDKJ2,single,rodada_1,13.324827,,,,,,0.33,4651.0,1.0,,SASDKJ2_fit1_model1.pdb,SASDKJ2/single_result/rodada_1/report.txt
SASDKJ2,single,rodada_2,13.324827,,,,,,0.32,4651.0,1.0,,SASDKJ2_fit1_model1.pdb,SASDKJ2/single_result/rodada_2/report.txt
SASDKJ2,single,rodada_3,13.324827,,,,,,0.32,4651.0,1.0,,SASDKJ2_fit1_model1.pdb,SASDKJ2/single_result/rodada_3/report.txt
SASDKJ3,single,rodada_1,15.121393,,,,,,0.09,327.0,1.0,,SASDKJ3_fit1_model1.pdb,SASDKJ3/single_result/rodada_1/report.txt
SASDKJ3,single,rodada_2,15.121393,,,,,,0.09,327.0,1.0,,SASDKJ3_fit1_model1.pdb,SASDKJ3/single_result/rodada_2/report.txt
SASDKJ3,single,rodada_3,15.121393,,,,,,0.09,327.0,1.0,,SASDKJ3_fit1_model1.pdb,SASDKJ3/single_result/rodada_3/report.txt
SASDKJ6,single,rodada_1,,,,,,,0.04,1283.0,0.0,,,SASDKJ6/single_result/rodada_1/report.txt
SASDKJ6,single,rodada_2,,,,,,,0.04,1283.0,0.0,,,SASDKJ6/single_result/rodada_2/report.txt
SASDKJ6,single,rodada_3,,,,,,,0.04,1283.0,0.0,,,SASDKJ6/single_result/rodada_3/report.txt
SASDKJ9,packing,rodada_1,4.417709,4.463674,4.4177,NO,4.0,50.0,0.25,400.0,,4,,SASDKJ9/packing_result/rodada_1/report.txt
SASDKJ9,packing,rodada_2,4.828149,3.295574,4.2492,YES,4.0,50.0,0.24,400.0,,4,,SASDKJ9/packing_result/rodada_2/report.txt
SASDKJ9,packing,rodada_3,4.736186,3.163337,4.3711,YES,4.0,50.0,0.24,400.0,,4,,SASDKJ9/packing_result/rodada_3/report.txt
SASDKK2,packing,rodada_1,7.257726,4.427724,6.3529,YES,5.0,50.0,0.36,4486.0,,5,,SASDKK2/packing_result/rodada_1/report.txt
SASDKK2,packing,rodada_2,6.947602,4.014709,6.9476,YES,5.0,50.0,0.36,4486.0,,5,,SASDKK2/packing_result/rodada_2/report.txt
SASDKK2,packing,rodada_3,7.477118,3.976308,6.8174,YES,5.0,50.0,0.36,4486.0,,5,,SASDKK2/packing_result/rodada_3/report.txt
SASDKK4,single,rodada_1,13.50482,,,,,,13.57,1488.0,1.0,,SASDKK4_fit1_model1.pdb,SASDKK4/single_result/rodada_1/report.txt
SASDKK4,single,rodada_2,13.50482,,,,,,13.64,1488.0,1.0,,SASDKK4_fit1_model1.pdb,SASDKK4/single_result/rodada_2/report.txt
SASDKK4,single,rodada_3,13.50482,,,,,,13.6,1488.0,1.0,,SASDKK4_fit1_model1.pdb,SASDKK4/single_result/rodada_3/report.txt
SASDKK6,single,rodada_1,,,,,,,0.03,827.0,0.0,,,SASDKK6/single_result/rodada_1/report.txt
SASDKK6,single,rodada_2,,,,,,,0.03,827.0,0.0,,,SASDKK6/single_result/rodada_2/report.txt
SASDKK6,single,rodada_3,,,,,,,0.03,827.0,0.0,,,SASDKK6/single_result/rodada_3/report.txt
SASDKK9,packing,rodada_1,4.441003,2.738637,3.6778,YES,4.0,50.0,0.34,2979.0,,4,,SASDKK9/packing_result/rodada_1/report.txt
SASDKK9,packing,rodada_2,4.668036,2.712847,3.8078,YES,4.0,50.0,0.33,2979.0,,4,,SASDKK9/packing_result/rodada_2/report.txt
SASDKK9,packing,rodada_3,4.524883,2.723711,4.3585,YES,4.0,50.0,0.33,2979.0,,4,,SASDKK9/packing_result/rodada_3/report.txt
SASDKL2,single,rodada_1,4.975597,,,,,,0.77,858.0,1.0,,SASDKL2_fit1_model1.pdb,SASDKL2/single_result/rodada_1/report.txt
SASDKL2,single,rodada_2,4.975597,,,,,,0.77,858.0,1.0,,SASDKL2_fit1_model1.pdb,SASDKL2/single_result/rodada_2/report.txt
SASDKL2,single,rodada_3,4.975597,,,,,,0.76,858.0,1.0,,SASDKL2_fit1_model1.pdb,SASDKL2/single_result/rodada_3/report.txt
SASDKL6,single,rodada_1,,,,,,,0.02,348.0,0.0,,,SASDKL6/single_result/rodada_1/report.txt
SASDKL6,single,rodada_2,,,,,,,0.02,348.0,0.0,,,SASDKL6/single_result/rodada_2/report.txt
SASDKL6,single,rodada_3,,,,,,,0.02,348.0,0.0,,,SASDKL6/single_result/rodada_3/report.txt
SASDKL8,single,rodada_1,10.541863,,,,,,1.06,330.0,1.0,,SASDKL8_fit1_model1.pdb,SASDKL8/single_result/rodada_1/report.txt
SASDKL8,single,rodada_2,10.541863,,,,,,1.05,330.0,1.0,,SASDKL8_fit1_model1.pdb,SASDKL8/single_result/rodada_2/report.txt
SASDKL8,single,rodada_3,10.541863,,,,,,1.06,330.0,1.0,,SASDKL8_fit1_model1.pdb,SASDKL8/single_result/rodada_3/report.txt
SASDKM6,single,rodada_1,,,,,,,0.05,1714.0,0.0,,,SASDKM6/single_result/rodada_1/report.txt
SASDKM6,single,rodada_2,,,,,,,0.04,1714.0,0.0,,,SASDKM6/single_result/rodada_2/report.txt
SASDKM6,single,rodada_3,,,,,,,0.04,1714.0,0.0,,,SASDKM6/single_result/rodada_3/report.txt
SASDKM7,single,rodada_1,,,,,,,0.03,1020.0,0.0,,,SASDKM7/single_result/rodada_1/report.txt
SASDKM7,single,rodada_2,,,,,,,0.03,1020.0,0.0,,,SASDKM7/single_result/rodada_2/report.txt
SASDKM7,single,rodada_3,,,,,,,0.03,1020.0,0.0,,,SASDKM7/single_result/rodada_3/report.txt
SASDKM8,packing,rodada_1,3.269259,2.187562,2.8274,YES,2.0,50.0,0.33,4535.0,,2,,SASDKM8/packing_result/rodada_1/report.txt
SASDKM8,packing,rodada_2,3.1251,2.043261,2.7454,YES,2.0,50.0,0.34,4535.0,,2,,SASDKM8/packing_result/rodada_2/report.txt
SASDKM8,packing,rodada_3,3.070482,2.272909,3.0705,YES,2.0,50.0,0.33,4535.0,,2,,SASDKM8/packing_result/rodada_3/report.txt
SASDKN6,single,rodada_1,,,,,,,0.04,1158.0,0.0,,,SASDKN6/single_result/rodada_1/report.txt
SASDKN6,single,rodada_2,,,,,,,0.04,1158.0,0.0,,,SASDKN6/single_result/rodada_2/report.txt
SASDKN6,single,rodada_3,,,,,,,0.04,1158.0,0.0,,,SASDKN6/single_result/rodada_3/report.txt
SASDKN7,single,rodada_1,,,,,,,0.04,1252.0,0.0,,,SASDKN7/single_result/rodada_1/report.txt
SASDKN7,single,rodada_2,,,,,,,0.04,1252.0,0.0,,,SASDKN7/single_result/rodada_2/report.txt
SASDKN7,single,rodada_3,,,,,,,0.04,1252.0,0.0,,,SASDKN7/single_result/rodada_3/report.txt
SASDKN8,single,rodada_1,12.588681,,,,,,0.09,540.0,1.0,,SASDKN8_fit1_model1.pdb,SASDKN8/single_result/rodada_1/report.txt
SASDKN8,single,rodada_2,12.588681,,,,,,0.09,540.0,1.0,,SASDKN8_fit1_model1.pdb,SASDKN8/single_result/rodada_2/report.txt
SASDKN8,single,rodada_3,12.588681,,,,,,0.09,540.0,1.0,,SASDKN8_fit1_model1.pdb,SASDKN8/single_result/rodada_3/report.txt
SASDKP6,packing,rodada_1,3.01875,2.546723,3.0188,YES,3.0,50.0,0.19,1181.0,,3,,SASDKP6/packing_result/rodada_1/report.txt
SASDKP6,packing,rodada_2,2.420421,2.041111,2.4204,YES,3.0,50.0,0.19,1181.0,,3,,SASDKP6/packing_result/rodada_2/report.txt
SASDKP6,packing,rodada_3,2.927944,2.544057,2.9279,YES,3.0,50.0,0.19,1181.0,,3,,SASDKP6/packing_result/rodada_3/report.txt
SASDKP7,packing,rodada_1,12.637821,5.961645,6.8456,YES,3.0,50.0,0.19,1319.0,,3,,SASDKP7/packing_result/rodada_1/report.txt
SASDKP7,packing,rodada_2,12.200476,6.011083,7.3484,YES,3.0,50.0,0.19,1319.0,,3,,SASDKP7/packing_result/rodada_2/report.txt
SASDKP7,packing,rodada_3,12.687403,4.624258,6.4481,YES,3.0,50.0,0.19,1319.0,,3,,SASDKP7/packing_result/rodada_3/report.txt
SASDKP8,single,rodada_1,9.928476,,,,,,0.12,1137.0,1.0,,SASDKP8_fit1_model1.pdb,SASDKP8/single_result/rodada_1/report.txt
SASDKP8,single,rodada_2,9.928476,,,,,,0.12,1137.0,1.0,,SASDKP8_fit1_model1.pdb,SASDKP8/single_result/rodada_2/report.txt
SASDKP8,single,rodada_3,9.928476,,,,,,0.12,1137.0,1.0,,SASDKP8_fit1_model1.pdb,SASDKP8/single_result/rodada_3/report.txt
SASDKQ2,packing,rodada_1,16.379948,4.379101,4.6165,YES,3.0,50.0,0.29,654.0,,3,,SASDKQ2/packing_result/rodada_1/report.txt
SASDKQ2,packing,rodada_2,16.4112,4.964648,5.612,YES,3.0,50.0,0.29,654.0,,3,,SASDKQ2/packing_result/rodada_2/report.txt
SASDKQ2,packing,rodada_3,16.270295,4.795966,4.9912,YES,3.0,50.0,0.29,654.0,,3,,SASDKQ2/packing_result/rodada_3/report.txt
SASDKQ6,packing,rodada_1,4.34215,4.13949,4.3421,YES,3.0,50.0,0.14,929.0,,3,,SASDKQ6/packing_result/rodada_1/report.txt
SASDKQ6,packing,rodada_2,3.540279,3.242353,3.5403,YES,3.0,50.0,0.14,929.0,,3,,SASDKQ6/packing_result/rodada_2/report.txt
SASDKQ6,packing,rodada_3,3.23277,2.794166,3.2277,YES,3.0,50.0,0.13,929.0,,3,,SASDKQ6/packing_result/rodada_3/report.txt
SASDKQ7,packing,rodada_1,17.477042,5.609305,7.0301,YES,4.0,50.0,0.56,852.0,,4,,SASDKQ7/packing_result/rodada_1/report.txt
SASDKQ7,packing,rodada_2,17.636099,5.12165,6.3071,YES,4.0,50.0,0.55,852.0,,4,,SASDKQ7/packing_result/rodada_2/report.txt
SASDKQ7,packing,rodada_3,17.315652,4.406399,4.9473,YES,4.0,50.0,0.53,852.0,,4,,SASDKQ7/packing_result/rodada_3/report.txt
SASDKQ8,packing,rodada_1,2.944757,2.348371,2.9448,YES,2.0,50.0,0.3,3380.0,,2,,SASDKQ8/packing_result/rodada_1/report.txt
SASDKQ8,packing,rodada_2,3.497232,2.473124,3.4972,YES,2.0,50.0,0.31,3380.0,,2,,SASDKQ8/packing_result/rodada_2/report.txt
SASDKQ8,packing,rodada_3,2.854902,2.55303,2.8549,YES,2.0,50.0,0.29,3380.0,,2,,SASDKQ8/packing_result/rodada_3/report.txt
SASDKQ9,single,rodada_1,3.413015,,,,,,1.19,5835.0,1.0,,SASDKQ9_fit1_model1.pdb,SASDKQ9/single_result/rodada_1/report.txt
SASDKQ9,single,rodada_2,3.393307,,,,,,1.18,5835.0,1.0,,SASDKQ9_fit1_model1.pdb,SASDKQ9/single_result/rodada_2/report.txt
SASDKQ9,single,rodada_3,3.410838,,,,,,1.17,5835.0,1.0,,SASDKQ9_fit1_model1.pdb,SASDKQ9/single_result/rodada_3/report.txt
SASDKR2,packing,rodada_1,12.571335,5.042625,6.2261,YES,3.0,50.0,0.28,651.0,,3,,SASDKR2/packing_result/rodada_1/report.txt
SASDKR2,packing,rodada_2,12.246478,5.435516,5.8205,YES,3.0,50.0,0.29,651.0,,3,,SASDKR2/packing_result/rodada_2/report.txt
SASDKR2,packing,rodada_3,12.984521,4.29084,4.4736,YES,3.0,50.0,0.28,651.0,,3,,SASDKR2/packing_result/rodada_3/report.txt
SASDKR3,packing,rodada_1,4.255726,4.783266,4.2557,NO,2.0,50.0,0.28,3825.0,,2,,SASDKR3/packing_result/rodada_1/report.txt
SASDKR3,packing,rodada_2,4.629027,4.670747,4.629,NO,2.0,50.0,0.28,3825.0,,2,,SASDKR3/packing_result/rodada_2/report.txt
SASDKR3,packing,rodada_3,3.755659,4.157086,3.7557,NO,2.0,50.0,0.26,3825.0,,2,,SASDKR3/packing_result/rodada_3/report.txt
SASDKR6,packing,rodada_1,5.322503,4.921954,5.3225,YES,3.0,50.0,0.16,2299.0,,3,,SASDKR6/packing_result/rodada_1/report.txt
SASDKR6,packing,rodada_2,3.576352,2.915963,3.5764,YES,3.0,50.0,0.16,2299.0,,3,,SASDKR6/packing_result/rodada_2/report.txt
SASDKR6,packing,rodada_3,3.526323,3.379183,3.5263,YES,3.0,50.0,0.16,2299.0,,3,,SASDKR6/packing_result/rodada_3/report.txt
SASDKR8,single,rodada_1,7.351361,,,,,,0.14,1434.0,1.0,,SASDKR8_fit1_model1.pdb,SASDKR8/single_result/rodada_1/report.txt
SASDKR8,single,rodada_2,7.351361,,,,,,0.14,1434.0,1.0,,SASDKR8_fit1_model1.pdb,SASDKR8/single_result/rodada_2/report.txt
SASDKR8,single,rodada_3,7.351361,,,,,,0.14,1434.0,1.0,,SASDKR8_fit1_model1.pdb,SASDKR8/single_result/rodada_3/report.txt
SASDKR9,single,rodada_1,8.416724,,,,,,2.37,5444.0,1.0,,SASDKR9_fit1_model1.pdb,SASDKR9/single_result/rodada_1/report.txt
SASDKR9,single,rodada_2,8.434639,,,,,,2.38,5444.0,1.0,,SASDKR9_fit1_model1.pdb,SASDKR9/single_result/rodada_2/report.txt
SASDKR9,single,rodada_3,8.406474,,,,,,2.38,5444.0,1.0,,SASDKR9_fit1_model1.pdb,SASDKR9/single_result/rodada_3/report.txt
SASDKS2,packing,rodada_1,15.291167,5.757673,5.8539,YES,3.0,50.0,0.27,639.0,,3,,SASDKS2/packing_result/rodada_1/report.txt
SASDKS2,packing,rodada_2,15.548713,5.59817,6.1558,YES,3.0,50.0,0.27,639.0,,3,,SASDKS2/packing_result/rodada_2/report.txt
SASDKS2,packing,rodada_3,15.239808,5.497641,5.7866,YES,3.0,50.0,0.27,639.0,,3,,SASDKS2/packing_result/rodada_3/report.txt
SASDKS3,single,rodada_1,9.507584,,,,,,2.27,2107.0,1.0,,SASDKS3_fit1_model1.pdb,SASDKS3/single_result/rodada_1/report.txt
SASDKS3,single,rodada_2,9.507584,,,,,,2.27,2107.0,1.0,,SASDKS3_fit1_model1.pdb,SASDKS3/single_result/rodada_2/report.txt
SASDKS3,single,rodada_3,9.507584,,,,,,2.26,2107.0,1.0,,SASDKS3_fit1_model1.pdb,SASDKS3/single_result/rodada_3/report.txt
SASDKS6,packing,rodada_1,4.837622,4.161659,4.8376,YES,3.0,50.0,0.16,1961.0,,3,,SASDKS6/packing_result/rodada_1/report.txt
SASDKS6,packing,rodada_2,5.200931,4.1054,4.7919,YES,3.0,50.0,0.16,1961.0,,3,,SASDKS6/packing_result/rodada_2/report.txt
SASDKS6,packing,rodada_3,4.056817,3.601634,4.0568,YES,3.0,50.0,0.16,1961.0,,3,,SASDKS6/packing_result/rodada_3/report.txt
SASDKS7,packing,rodada_1,2.9817,2.632422,2.9817,YES,2.0,50.0,1.12,1817.0,,2,,SASDKS7/packing_result/rodada_1/report.txt
SASDKS7,packing,rodada_2,2.894486,2.579223,2.8945,YES,2.0,50.0,1.11,1817.0,,2,,SASDKS7/packing_result/rodada_2/report.txt
SASDKS7,packing,rodada_3,2.802099,2.603724,2.8021,YES,2.0,50.0,1.12,1817.0,,2,,SASDKS7/packing_result/rodada_3/report.txt
SASDKS8,packing,rodada_1,16.800531,7.916737,7.9188,YES,2.0,50.0,0.45,1174.0,,2,,SASDKS8/packing_result/rodada_1/report.txt
SASDKS8,packing,rodada_2,16.681327,6.657322,6.6582,YES,2.0,50.0,0.44,1174.0,,2,,SASDKS8/packing_result/rodada_2/report.txt
SASDKS8,packing,rodada_3,16.739066,7.610052,7.6113,YES,2.0,50.0,0.44,1174.0,,2,,SASDKS8/packing_result/rodada_3/report.txt
SASDKS9,packing,rodada_1,9.80796,4.615287,9.808,YES,2.0,50.0,0.54,2637.0,,2,,SASDKS9/packing_result/rodada_1/report.txt
SASDKS9,packing,rodada_2,9.038273,4.873774,9.0383,YES,2.0,50.0,0.56,2637.0,,2,,SASDKS9/packing_result/rodada_2/report.txt
SASDKS9,packing,rodada_3,8.888491,6.486526,8.8885,YES,2.0,50.0,0.55,2637.0,,2,,SASDKS9/packing_result/rodada_3/report.txt
SASDKT3,single,rodada_1,8.970043,,,,,,2.18,2075.0,1.0,,SASDKT3_fit1_model1.pdb,SASDKT3/single_result/rodada_1/report.txt
SASDKT3,single,rodada_2,8.970043,,,,,,2.19,2075.0,1.0,,SASDKT3_fit1_model1.pdb,SASDKT3/single_result/rodada_2/report.txt
SASDKT3,single,rodada_3,8.970043,,,,,,2.21,2075.0,1.0,,SASDKT3_fit1_model1.pdb,SASDKT3/single_result/rodada_3/report.txt
SASDKT4,single,rodada_1,12.716573,,,,,,5.55,593.0,1.0,,SASDKT4_fit2_model1.pdb,SASDKT4/single_result/rodada_1/report.txt
SASDKT4,single,rodada_2,12.716573,,,,,,5.56,593.0,1.0,,SASDKT4_fit2_model1.pdb,SASDKT4/single_result/rodada_2/report.txt
SASDKT4,single,rodada_3,12.716573,,,,,,5.59,593.0,1.0,,SASDKT4_fit2_model1.pdb,SASDKT4/single_result/rodada_3/report.txt
SASDKT6,packing,rodada_1,4.700112,3.640434,4.7001,YES,2.0,50.0,0.34,996.0,,2,,SASDKT6/packing_result/rodada_1/report.txt
SASDKT6,packing,rodada_2,4.832881,3.914074,4.8329,YES,2.0,50.0,0.35,996.0,,2,,SASDKT6/packing_result/rodada_2/report.txt
SASDKT6,packing,rodada_3,4.437103,3.661481,4.4371,YES,2.0,50.0,0.34,996.0,,2,,SASDKT6/packing_result/rodada_3/report.txt
SASDKT7,packing,rodada_1,2.950329,2.546622,2.9503,YES,2.0,50.0,1.12,1839.0,,2,,SASDKT7/packing_result/rodada_1/report.txt
SASDKT7,packing,rodada_2,2.818858,2.461275,2.8189,YES,2.0,50.0,1.12,1839.0,,2,,SASDKT7/packing_result/rodada_2/report.txt
SASDKT7,packing,rodada_3,2.90589,2.604937,2.9059,YES,2.0,50.0,1.15,1839.0,,2,,SASDKT7/packing_result/rodada_3/report.txt
SASDKT9,single,rodada_1,3.354537,,,,,,0.87,1548.0,1.0,,SASDKT9_fit1_model1.pdb,SASDKT9/single_result/rodada_1/report.txt
SASDKT9,single,rodada_2,3.354537,,,,,,0.87,1548.0,1.0,,SASDKT9_fit1_model1.pdb,SASDKT9/single_result/rodada_2/report.txt
SASDKT9,single,rodada_3,3.354537,,,,,,0.87,1548.0,1.0,,SASDKT9_fit1_model1.pdb,SASDKT9/single_result/rodada_3/report.txt
SASDKU3,single,rodada_1,3.759137,,,,,,0.36,685.0,1.0,,SASDKU3_fit1_model1.pdb,SASDKU3/single_result/rodada_1/report.txt
SASDKU3,single,rodada_2,3.759137,,,,,,0.35,685.0,1.0,,SASDKU3_fit1_model1.pdb,SASDKU3/single_result/rodada_2/report.txt
SASDKU3,single,rodada_3,3.759137,,,,,,0.35,685.0,1.0,,SASDKU3_fit1_model1.pdb,SASDKU3/single_result/rodada_3/report.txt
SASDKU4,single,rodada_1,19.709812,,,,,,5.85,672.0,1.0,,SASDKU4_fit2_model1.pdb,SASDKU4/single_result/rodada_1/report.txt
SASDKU4,single,rodada_2,19.709812,,,,,,5.86,672.0,1.0,,SASDKU4_fit2_model1.pdb,SASDKU4/single_result/rodada_2/report.txt
SASDKU4,single,rodada_3,19.709812,,,,,,5.88,672.0,1.0,,SASDKU4_fit2_model1.pdb,SASDKU4/single_result/rodada_3/report.txt
SASDKU6,packing,rodada_1,5.988538,4.975998,5.9885,YES,2.0,50.0,0.39,702.0,,2,,SASDKU6/packing_result/rodada_1/report.txt
SASDKU6,packing,rodada_2,5.97234,5.191641,5.9723,YES,2.0,50.0,0.39,702.0,,2,,SASDKU6/packing_result/rodada_2/report.txt
SASDKU6,packing,rodada_3,7.726119,6.449548,7.7261,YES,2.0,50.0,0.39,702.0,,2,,SASDKU6/packing_result/rodada_3/report.txt
SASDKU7,packing,rodada_1,3.137428,2.693827,3.1374,YES,2.0,50.0,1.13,1845.0,,2,,SASDKU7/packing_result/rodada_1/report.txt
SASDKU7,packing,rodada_2,2.657012,2.432351,2.657,YES,2.0,50.0,1.11,1845.0,,2,,SASDKU7/packing_result/rodada_2/report.txt
SASDKU7,packing,rodada_3,2.799157,2.438765,2.7992,YES,2.0,50.0,1.11,1845.0,,2,,SASDKU7/packing_result/rodada_3/report.txt
SASDKU9,packing,rodada_1,12.193851,8.13102,8.3332,YES,2.0,50.0,0.08,1286.0,,2,,SASDKU9/packing_result/rodada_1/report.txt
SASDKU9,packing,rodada_2,12.27593,6.13873,6.1802,YES,2.0,50.0,0.08,1286.0,,2,,SASDKU9/packing_result/rodada_2/report.txt
SASDKU9,packing,rodada_3,12.180039,5.724274,5.7569,YES,2.0,50.0,0.08,1286.0,,2,,SASDKU9/packing_result/rodada_3/report.txt
SASDKV3,single,rodada_1,4.578078,,,,,,0.33,807.0,1.0,,SASDKV3_fit1_model1.pdb,SASDKV3/single_result/rodada_1/report.txt
SASDKV3,single,rodada_2,4.578078,,,,,,0.33,807.0,1.0,,SASDKV3_fit1_model1.pdb,SASDKV3/single_result/rodada_2/report.txt
SASDKV3,single,rodada_3,4.578078,,,,,,0.33,807.0,1.0,,SASDKV3_fit1_model1.pdb,SASDKV3/single_result/rodada_3/report.txt
SASDKV6,packing,rodada_1,3.064445,3.259527,3.0644,NO,2.0,50.0,0.29,890.0,,2,,SASDKV6/packing_result/rodada_1/report.txt
SASDKV6,packing,rodada_2,3.524816,3.458535,3.5248,YES,2.0,50.0,0.29,890.0,,2,,SASDKV6/packing_result/rodada_2/report.txt
SASDKV6,packing,rodada_3,2.988403,3.007876,2.9884,NO,2.0,50.0,0.29,890.0,,2,,SASDKV6/packing_result/rodada_3/report.txt
SASDKV7,single,rodada_1,4.991756,,,,,,0.51,935.0,1.0,,SASDKV7_fit1_model1.pdb,SASDKV7/single_result/rodada_1/report.txt
SASDKV7,single,rodada_2,4.991756,,,,,,0.51,935.0,1.0,,SASDKV7_fit1_model1.pdb,SASDKV7/single_result/rodada_2/report.txt
SASDKV7,single,rodada_3,4.991756,,,,,,0.51,935.0,1.0,,SASDKV7_fit1_model1.pdb,SASDKV7/single_result/rodada_3/report.txt
SASDKV9,packing,rodada_1,12.086866,6.3225,6.4442,YES,2.0,50.0,0.33,980.0,,2,,SASDKV9/packing_result/rodada_1/report.txt
SASDKV9,packing,rodada_2,11.554625,7.619504,7.7699,YES,2.0,50.0,0.34,980.0,,2,,SASDKV9/packing_result/rodada_2/report.txt
SASDKV9,packing,rodada_3,6.8553,6.743341,6.8553,YES,2.0,50.0,0.33,980.0,,2,,SASDKV9/packing_result/rodada_3/report.txt
SASDKW3,single,rodada_1,3.57865,,,,,,0.22,793.0,1.0,,SASDKW3_fit1_model1.pdb,SASDKW3/single_result/rodada_1/report.txt
SASDKW3,single,rodada_2,3.57865,,,,,,0.23,793.0,1.0,,SASDKW3_fit1_model1.pdb,SASDKW3/single_result/rodada_2/report.txt
SASDKW3,single,rodada_3,3.57865,,,,,,0.22,793.0,1.0,,SASDKW3_fit1_model1.pdb,SASDKW3/single_result/rodada_3/report.txt
SASDKW6,single,rodada_1,5.587223,,,,,,0.49,1802.0,1.0,,SASDKW6_fit1_model1.pdb,SASDKW6/single_result/rodada_1/report.txt
SASDKW6,single,rodada_2,5.587223,,,,,,0.49,1802.0,1.0,,SASDKW6_fit1_model1.pdb,SASDKW6/single_result/rodada_2/report.txt
SASDKW6,single,rodada_3,5.587223,,,,,,0.49,1802.0,1.0,,SASDKW6_fit1_model1.pdb,SASDKW6/single_result/rodada_3/report.txt
SASDKW7,single,rodada_1,2.672928,,,,,,0.74,4662.0,1.0,,SASDKW7_fit1_model1.pdb,SASDKW7/single_result/rodada_1/report.txt
SASDKW7,single,rodada_2,2.672928,,,,,,0.74,4662.0,1.0,,SASDKW7_fit1_model1.pdb,SASDKW7/single_result/rodada_2/report.txt
SASDKW7,single,rodada_3,2.672928,,,,,,0.74,4662.0,1.0,,SASDKW7_fit1_model1.pdb,SASDKW7/single_result/rodada_3/report.txt
SASDKW8,packing,rodada_1,,,,,,,,,,,,SASDKW8/packing_result/rodada_1/report.txt
SASDKW8,packing,rodada_2,,,,,,,,,,,,SASDKW8/packing_result/rodada_2/report.txt
SASDKW8,packing,rodada_3,,,,,,,,,,,,SASDKW8/packing_result/rodada_3/report.txt
SASDKW9,packing,rodada_1,11.55301,8.725586,9.2662,YES,2.0,50.0,0.33,959.0,,2,,SASDKW9/packing_result/rodada_1/report.txt
SASDKW9,packing,rodada_2,11.798105,5.380186,6.2383,YES,2.0,50.0,0.33,959.0,,2,,SASDKW9/packing_result/rodada_2/report.txt
SASDKW9,packing,rodada_3,7.346775,5.069039,7.3468,YES,2.0,50.0,0.32,959.0,,2,,SASDKW9/packing_result/rodada_3/report.txt
SASDKX6,single,rodada_1,2.77011,,,,,,0.16,1127.0,1.0,,SASDKX6_fit1_model1.pdb,SASDKX6/single_result/rodada_1/report.txt
SASDKX6,single,rodada_2,2.77011,,,,,,0.15,1127.0,1.0,,SASDKX6_fit1_model1.pdb,SASDKX6/single_result/rodada_2/report.txt
SASDKX6,single,rodada_3,2.77011,,,,,,0.15,1127.0,1.0,,SASDKX6_fit1_model1.pdb,SASDKX6/single_result/rodada_3/report.txt
SASDKX7,single,rodada_1,6.77708,,,,,,1.17,979.0,1.0,,SASDKX7_fit1_model1.pdb,SASDKX7/single_result/rodada_1/report.txt
SASDKX7,single,rodada_2,6.77708,,,,,,1.18,979.0,1.0,,SASDKX7_fit1_model1.pdb,SASDKX7/single_result/rodada_2/report.txt
SASDKX7,single,rodada_3,6.77708,,,,,,1.18,979.0,1.0,,SASDKX7_fit1_model1.pdb,SASDKX7/single_result/rodada_3/report.txt
SASDKX9,packing,rodada_1,9.441242,9.24718,9.4412,YES,2.0,50.0,0.32,826.0,,2,,SASDKX9/packing_result/rodada_1/report.txt
SASDKX9,packing,rodada_2,9.384233,5.247647,9.3842,YES,2.0,50.0,0.33,826.0,,2,,SASDKX9/packing_result/rodada_2/report.txt
SASDKX9,packing,rodada_3,10.94522,8.496425,10.9452,YES,2.0,50.0,0.32,826.0,,2,,SASDKX9/packing_result/rodada_3/report.txt
SASDKY3,single,rodada_1,6.376416,,,,,,0.63,989.0,1.0,,SASDKY3_fit1_model1.pdb,SASDKY3/single_result/rodada_1/report.txt
SASDKY3,single,rodada_2,6.376416,,,,,,0.63,989.0,1.0,,SASDKY3_fit1_model1.pdb,SASDKY3/single_result/rodada_2/report.txt
SASDKY3,single,rodada_3,6.376416,,,,,,0.63,989.0,1.0,,SASDKY3_fit1_model1.pdb,SASDKY3/single_result/rodada_3/report.txt
SASDKY4,packing,rodada_1,3.129589,3.090944,3.1296,YES,2.0,50.0,0.82,1274.0,,2,,SASDKY4/packing_result/rodada_1/report.txt
SASDKY4,packing,rodada_2,3.116283,3.101704,3.1163,YES,2.0,50.0,0.81,1274.0,,2,,SASDKY4/packing_result/rodada_2/report.txt
SASDKY4,packing,rodada_3,3.039472,3.024549,3.0395,YES,2.0,50.0,0.84,1274.0,,2,,SASDKY4/packing_result/rodada_3/report.txt
SASDKY7,packing,rodada_1,11.194113,6.060826,6.6378,YES,2.0,50.0,1.26,1156.0,,2,,SASDKY7/packing_result/rodada_1/report.txt
SASDKY7,packing,rodada_2,10.262319,6.230467,7.5569,YES,2.0,50.0,1.23,1156.0,,2,,SASDKY7/packing_result/rodada_2/report.txt
SASDKY7,packing,rodada_3,10.106205,6.462288,7.5919,YES,2.0,50.0,1.24,1156.0,,2,,SASDKY7/packing_result/rodada_3/report.txt
SASDKY9,single,rodada_1,17.40955,,,,,,0.16,1246.0,1.0,,SASDKY9_fit1_model1.pdb,SASDKY9/single_result/rodada_1/report.txt
SASDKY9,single,rodada_2,17.40955,,,,,,0.16,1246.0,1.0,,SASDKY9_fit1_model1.pdb,SASDKY9/single_result/rodada_2/report.txt
SASDKY9,single,rodada_3,17.40955,,,,,,0.16,1246.0,1.0,,SASDKY9_fit1_model1.pdb,SASDKY9/single_result/rodada_3/report.txt
SASDKZ6,single,rodada_1,9.281744,,,,,,1.25,295.0,1.0,,SASDKZ6_fit1_model1.pdb,SASDKZ6/single_result/rodada_1/report.txt
SASDKZ6,single,rodada_2,9.281744,,,,,,1.25,295.0,1.0,,SASDKZ6_fit1_model1.pdb,SASDKZ6/single_result/rodada_2/report.txt
SASDKZ6,single,rodada_3,9.281744,,,,,,1.26,295.0,1.0,,SASDKZ6_fit1_model1.pdb,SASDKZ6/single_result/rodada_3/report.txt
SASDKZ7,packing,rodada_1,10.696472,6.42984,9.2595,YES,2.0,50.0,0.58,1060.0,,2,,SASDKZ7/packing_result/rodada_1/report.txt
SASDKZ7,packing,rodada_2,13.126232,6.895438,9.0886,YES,2.0,50.0,0.57,1060.0,,2,,SASDKZ7/packing_result/rodada_2/report.txt
SASDKZ7,packing,rodada_3,11.136884,6.865115,10.4267,YES,2.0,50.0,0.57,1060.0,,2,,SASDKZ7/packing_result/rodada_3/report.txt
SASDKZ9,single,rodada_1,10.488414,,,,,,1.76,2276.0,1.0,,SASDKZ9_fit1_model1.pdb,SASDKZ9/single_result/rodada_1/report.txt
SASDKZ9,single,rodada_2,10.488414,,,,,,1.74,2276.0,1.0,,SASDKZ9_fit1_model1.pdb,SASDKZ9/single_result/rodada_2/report.txt
SASDKZ9,single,rodada_3,10.488414,,,,,,1.72,2276.0,1.0,,SASDKZ9_fit1_model1.pdb,SASDKZ9/single_result/rodada_3/report.txt
SASDL22,packing,rodada_1,5.507066,4.457392,5.343,YES,5.0,50.0,1.47,1221.0,,5,,SASDL22/packing_result/rodada_1/report.txt
SASDL22,packing,rodada_2,6.029689,4.985602,6.0297,YES,5.0,50.0,1.47,1221.0,,5,,SASDL22/packing_result/rodada_2/report.txt
SASDL22,packing,rodada_3,5.249065,4.599471,5.2491,YES,5.0,50.0,1.46,1221.0,,5,,SASDL22/packing_result/rodada_3/report.txt
SASDL23,single,rodada_1,9.397036,,,,,,3.05,1383.0,1.0,,SASDL23_fit1_model1.pdb,SASDL23/single_result/rodada_1/report.txt
SASDL23,single,rodada_2,9.397036,,,,,,3.06,1383.0,1.0,,SASDL23_fit1_model1.pdb,SASDL23/single_result/rodada_2/report.txt
SASDL23,single,rodada_3,9.397036,,,,,,3.05,1383.0,1.0,,SASDL23_fit1_model1.pdb,SASDL23/single_result/rodada_3/report.txt
SASDL26,packing,rodada_1,4.016192,3.627865,4.0162,YES,4.0,50.0,0.41,1649.0,,4,,SASDL26/packing_result/rodada_1/report.txt
SASDL26,packing,rodada_2,3.601485,2.179661,3.1614,YES,4.0,50.0,0.41,1649.0,,4,,SASDL26/packing_result/rodada_2/report.txt
SASDL26,packing,rodada_3,3.136536,2.744161,3.1365,YES,4.0,50.0,0.42,1649.0,,4,,SASDL26/packing_result/rodada_3/report.txt
SASDL27,single,rodada_1,4.660319,,,,,,0.69,1346.0,1.0,,SASDL27_fit1_model1.pdb,SASDL27/single_result/rodada_1/report.txt
SASDL27,single,rodada_2,4.660319,,,,,,0.69,1346.0,1.0,,SASDL27_fit1_model1.pdb,SASDL27/single_result/rodada_2/report.txt
SASDL27,single,rodada_3,4.660319,,,,,,0.69,1346.0,1.0,,SASDL27_fit1_model1.pdb,SASDL27/single_result/rodada_3/report.txt
SASDL29,packing,rodada_1,4.176704,3.89063,4.1767,YES,3.0,50.0,0.74,845.0,,3,,SASDL29/packing_result/rodada_1/report.txt
SASDL29,packing,rodada_2,5.900829,5.666518,5.9008,YES,3.0,50.0,0.72,845.0,,3,,SASDL29/packing_result/rodada_2/report.txt
SASDL29,packing,rodada_3,4.7967,4.185947,4.7967,YES,3.0,50.0,0.76,845.0,,3,,SASDL29/packing_result/rodada_3/report.txt
SASDL32,packing,rodada_1,4.887435,4.529361,4.8874,YES,5.0,50.0,1.85,2642.0,,5,,SASDL32/packing_result/rodada_1/report.txt
SASDL32,packing,rodada_2,4.53063,4.561652,4.5306,NO,5.0,50.0,1.86,2642.0,,5,,SASDL32/packing_result/rodada_2/report.txt
SASDL32,packing,rodada_3,5.435687,4.790401,5.149,YES,5.0,50.0,1.89,2642.0,,5,,SASDL32/packing_result/rodada_3/report.txt
SASDL36,packing,rodada_1,5.522052,4.087562,5.2481,YES,3.0,50.0,0.3,1327.0,,3,,SASDL36/packing_result/rodada_1/report.txt
SASDL36,packing,rodada_2,5.082041,3.096266,5.082,YES,3.0,50.0,0.3,1327.0,,3,,SASDL36/packing_result/rodada_2/report.txt
SASDL36,packing,rodada_3,5.626067,4.200847,5.5864,YES,3.0,50.0,0.29,1327.0,,3,,SASDL36/packing_result/rodada_3/report.txt
SASDL37,single,rodada_1,4.92188,,,,,,0.66,1482.0,1.0,,SASDL37_fit1_model1.pdb,SASDL37/single_result/rodada_1/report.txt
SASDL37,single,rodada_2,4.92188,,,,,,0.66,1482.0,1.0,,SASDL37_fit1_model1.pdb,SASDL37/single_result/rodada_2/report.txt
SASDL37,single,rodada_3,4.92188,,,,,,0.65,1482.0,1.0,,SASDL37_fit1_model1.pdb,SASDL37/single_result/rodada_3/report.txt
SASDL42,packing,rodada_1,7.670657,7.670657,7.6707,NO,1.0,50.0,0.13,2049.0,,1,,SASDL42/packing_result/rodada_1/report.txt
SASDL42,packing,rodada_2,7.401478,7.401478,7.4015,NO,1.0,50.0,0.12,2049.0,,1,,SASDL42/packing_result/rodada_2/report.txt
SASDL42,packing,rodada_3,7.837441,7.837441,7.8374,NO,1.0,50.0,0.12,2049.0,,1,,SASDL42/packing_result/rodada_3/report.txt
SASDL46,packing,rodada_1,8.2521,4.698307,6.8008,YES,3.0,50.0,0.7,1115.0,,3,,SASDL46/packing_result/rodada_1/report.txt
SASDL46,packing,rodada_2,8.278497,5.304946,7.1095,YES,3.0,50.0,0.7,1115.0,,3,,SASDL46/packing_result/rodada_2/report.txt
SASDL46,packing,rodada_3,8.921101,5.0447,8.182,YES,3.0,50.0,0.72,1115.0,,3,,SASDL46/packing_result/rodada_3/report.txt
SASDL52,single,rodada_1,9.605802,,,,,,0.18,2030.0,1.0,,SASDL52_fit1_model1.pdb,SASDL52/single_result/rodada_1/report.txt
SASDL52,single,rodada_2,9.605802,,,,,,0.18,2030.0,1.0,,SASDL52_fit1_model1.pdb,SASDL52/single_result/rodada_2/report.txt
SASDL52,single,rodada_3,9.605802,,,,,,0.18,2030.0,1.0,,SASDL52_fit1_model1.pdb,SASDL52/single_result/rodada_3/report.txt
SASDL62,single,rodada_1,4.503714,,,,,,0.18,1891.0,1.0,,SASDL62_fit1_model1.pdb,SASDL62/single_result/rodada_1/report.txt
SASDL62,single,rodada_2,4.503714,,,,,,0.18,1891.0,1.0,,SASDL62_fit1_model1.pdb,SASDL62/single_result/rodada_2/report.txt
SASDL62,single,rodada_3,4.503714,,,,,,0.18,1891.0,1.0,,SASDL62_fit1_model1.pdb,SASDL62/single_result/rodada_3/report.txt
SASDL72,single,rodada_1,4.435086,,,,,,0.21,2045.0,1.0,,SASDL72_fit1_model1.pdb,SASDL72/single_result/rodada_1/report.txt
SASDL72,single,rodada_2,4.435086,,,,,,0.21,2045.0,1.0,,SASDL72_fit1_model1.pdb,SASDL72/single_result/rodada_2/report.txt
SASDL72,single,rodada_3,4.435086,,,,,,0.2,2045.0,1.0,,SASDL72_fit1_model1.pdb,SASDL72/single_result/rodada_3/report.txt
SASDL73,packing,rodada_1,7.295079,3.068014,3.4006,YES,3.0,50.0,0.72,962.0,,3,,SASDL73/packing_result/rodada_1/report.txt
SASDL73,packing,rodada_2,7.691363,3.568201,3.9584,YES,3.0,50.0,0.74,962.0,,3,,SASDL73/packing_result/rodada_2/report.txt
SASDL73,packing,rodada_3,6.756717,3.897391,4.1783,YES,3.0,50.0,0.71,962.0,,3,,SASDL73/packing_result/rodada_3/report.txt
SASDL82,packing,rodada_1,9.601949,9.419031,9.6019,YES,2.0,50.0,0.63,712.0,,2,,SASDL82/packing_result/rodada_1/report.txt
SASDL82,packing,rodada_2,5.751903,5.628311,5.7519,YES,2.0,50.0,0.65,712.0,,2,,SASDL82/packing_result/rodada_2/report.txt
SASDL82,packing,rodada_3,9.288192,9.18906,9.2882,YES,2.0,50.0,0.64,712.0,,2,,SASDL82/packing_result/rodada_3/report.txt
SASDL83,packing,rodada_1,8.183459,3.85923,4.1554,YES,3.0,50.0,0.7,453.0,,3,,SASDL83/packing_result/rodada_1/report.txt
SASDL83,packing,rodada_2,8.390585,3.56216,3.884,YES,3.0,50.0,0.69,453.0,,3,,SASDL83/packing_result/rodada_2/report.txt
SASDL83,packing,rodada_3,7.976887,3.857241,4.2144,YES,3.0,50.0,0.69,453.0,,3,,SASDL83/packing_result/rodada_3/report.txt
SASDL87,single,rodada_1,3.954782,,,,,,1.24,6709.0,1.0,,SASDL87_fit1_model1.pdb,SASDL87/single_result/rodada_1/report.txt
SASDL87,single,rodada_2,3.993897,,,,,,1.25,6709.0,1.0,,SASDL87_fit1_model1.pdb,SASDL87/single_result/rodada_2/report.txt
SASDL87,single,rodada_3,3.965735,,,,,,1.25,6709.0,1.0,,SASDL87_fit1_model1.pdb,SASDL87/single_result/rodada_3/report.txt
SASDL92,packing,rodada_1,5.387235,3.056551,3.7878,YES,2.0,50.0,0.57,828.0,,2,,SASDL92/packing_result/rodada_1/report.txt
SASDL92,packing,rodada_2,6.04786,4.439041,5.3181,YES,2.0,50.0,0.57,828.0,,2,,SASDL92/packing_result/rodada_2/report.txt
SASDL92,packing,rodada_3,5.545196,3.114289,3.7985,YES,2.0,50.0,0.57,828.0,,2,,SASDL92/packing_result/rodada_3/report.txt
SASDL93,packing,rodada_1,7.980586,3.558115,4.5908,YES,4.0,50.0,0.9,863.0,,4,,SASDL93/packing_result/rodada_1/report.txt
SASDL93,packing,rodada_2,8.170053,3.257052,3.8087,YES,4.0,50.0,0.89,863.0,,4,,SASDL93/packing_result/rodada_2/report.txt
SASDL93,packing,rodada_3,8.2611,4.128571,4.8888,YES,4.0,50.0,0.9,863.0,,4,,SASDL93/packing_result/rodada_3/report.txt
SASDL97,single,rodada_1,14.848312,,,,,,0.12,1244.0,1.0,,SASDL97_fit1_model1.pdb,SASDL97/single_result/rodada_1/report.txt
SASDL97,single,rodada_2,14.848312,,,,,,0.12,1244.0,1.0,,SASDL97_fit1_model1.pdb,SASDL97/single_result/rodada_2/report.txt
SASDL97,single,rodada_3,14.848312,,,,,,0.12,1244.0,1.0,,SASDL97_fit1_model1.pdb,SASDL97/single_result/rodada_3/report.txt
SASDLA3,packing,rodada_1,7.880653,3.071935,3.8079,YES,4.0,50.0,0.9,840.0,,4,,SASDLA3/packing_result/rodada_1/report.txt
SASDLA3,packing,rodada_2,8.821885,3.144807,3.6626,YES,4.0,50.0,0.89,840.0,,4,,SASDLA3/packing_result/rodada_2/report.txt
SASDLA3,packing,rodada_3,7.82929,4.078557,5.1846,YES,4.0,50.0,0.91,840.0,,4,,SASDLA3/packing_result/rodada_3/report.txt
SASDLA5,packing,rodada_1,2.152823,1.724231,1.8206,YES,2.0,50.0,0.16,1544.0,,2,,SASDLA5/packing_result/rodada_1/report.txt
SASDLA5,packing,rodada_2,2.138735,1.70993,1.8037,YES,2.0,50.0,0.16,1544.0,,2,,SASDLA5/packing_result/rodada_2/report.txt
SASDLA5,packing,rodada_3,2.14761,1.573586,1.6522,YES,2.0,50.0,0.16,1544.0,,2,,SASDLA5/packing_result/rodada_3/report.txt
SASDLA7,single,rodada_1,10.624762,,,,,,0.13,1350.0,1.0,,SASDLA7_fit1_model1.pdb,SASDLA7/single_result/rodada_1/report.txt
SASDLA7,single,rodada_2,10.624762,,,,,,0.13,1350.0,1.0,,SASDLA7_fit1_model1.pdb,SASDLA7/single_result/rodada_2/report.txt
SASDLA7,single,rodada_3,10.624762,,,,,,0.13,1350.0,1.0,,SASDLA7_fit1_model1.pdb,SASDLA7/single_result/rodada_3/report.txt
SASDLB3,packing,rodada_1,7.925806,2.769047,3.3165,YES,4.0,50.0,0.9,941.0,,4,,SASDLB3/packing_result/rodada_1/report.txt
SASDLB3,packing,rodada_2,8.266503,2.760907,3.4076,YES,4.0,50.0,0.91,941.0,,4,,SASDLB3/packing_result/rodada_2/report.txt
SASDLB3,packing,rodada_3,8.280165,2.774896,3.3497,YES,4.0,50.0,0.91,941.0,,4,,SASDLB3/packing_result/rodada_3/report.txt
SASDLB5,single,rodada_1,1.999571,,,,,,0.26,1598.0,1.0,,SASDLB5_fit1_model1.pdb,SASDLB5/single_result/rodada_1/report.txt
SASDLB5,single,rodada_2,1.999571,,,,,,0.26,1598.0,1.0,,SASDLB5_fit1_model1.pdb,SASDLB5/single_result/rodada_2/report.txt
SASDLB5,single,rodada_3,1.999571,,,,,,0.26,1598.0,1.0,,SASDLB5_fit1_model1.pdb,SASDLB5/single_result/rodada_3/report.txt
SASDLB7,single,rodada_1,7.045296,,,,,,0.16,234.0,1.0,,SASDLB7_fit1_model1.pdb,SASDLB7/single_result/rodada_1/report.txt
SASDLB7,single,rodada_2,7.045296,,,,,,0.16,234.0,1.0,,SASDLB7_fit1_model1.pdb,SASDLB7/single_result/rodada_2/report.txt
SASDLB7,single,rodada_3,7.045296,,,,,,0.16,234.0,1.0,,SASDLB7_fit1_model1.pdb,SASDLB7/single_result/rodada_3/report.txt
SASDLC3,packing,rodada_1,8.788146,3.506447,4.6631,YES,4.0,50.0,0.89,913.0,,4,,SASDLC3/packing_result/rodada_1/report.txt
SASDLC3,packing,rodada_2,8.832459,3.706247,4.4284,YES,4.0,50.0,0.88,913.0,,4,,SASDLC3/packing_result/rodada_2/report.txt
SASDLC3,packing,rodada_3,8.356439,3.956216,4.4892,YES,4.0,50.0,0.88,913.0,,4,,SASDLC3/packing_result/rodada_3/report.txt
SASDLC5,single,rodada_1,2.200023,,,,,,0.25,1488.0,1.0,,SASDLC5_fit1_model1.pdb,SASDLC5/single_result/rodada_1/report.txt
SASDLC5,single,rodada_2,2.200023,,,,,,0.24,1488.0,1.0,,SASDLC5_fit1_model1.pdb,SASDLC5/single_result/rodada_2/report.txt
SASDLC5,single,rodada_3,2.200023,,,,,,0.25,1488.0,1.0,,SASDLC5_fit1_model1.pdb,SASDLC5/single_result/rodada_3/report.txt
SASDLC7,single,rodada_1,7.140404,,,,,,0.18,1570.0,1.0,,SASDLC7_fit1_model1.pdb,SASDLC7/single_result/rodada_1/report.txt
SASDLC7,single,rodada_2,7.140404,,,,,,0.18,1570.0,1.0,,SASDLC7_fit1_model1.pdb,SASDLC7/single_result/rodada_2/report.txt
SASDLC7,single,rodada_3,7.140404,,,,,,0.18,1570.0,1.0,,SASDLC7_fit1_model1.pdb,SASDLC7/single_result/rodada_3/report.txt
SASDLC9,single,rodada_1,3.19435,,,,,,2.2,1503.0,1.0,,SASDLC9_fit1_model1.pdb,SASDLC9/single_result/rodada_1/report.txt
SASDLC9,single,rodada_2,3.19435,,,,,,2.19,1503.0,1.0,,SASDLC9_fit1_model1.pdb,SASDLC9/single_result/rodada_2/report.txt
SASDLC9,single,rodada_3,3.19435,,,,,,2.21,1503.0,1.0,,SASDLC9_fit1_model1.pdb,SASDLC9/single_result/rodada_3/report.txt
SASDLD2,packing,rodada_1,6.416414,3.614717,6.4164,YES,2.0,50.0,0.46,1460.0,,2,,SASDLD2/packing_result/rodada_1/report.txt
SASDLD2,packing,rodada_2,6.424241,3.88116,6.4242,YES,2.0,50.0,0.46,1460.0,,2,,SASDLD2/packing_result/rodada_2/report.txt
SASDLD2,packing,rodada_3,7.491387,7.343049,7.4914,YES,2.0,50.0,0.46,1460.0,,2,,SASDLD2/packing_result/rodada_3/report.txt
SASDLD3,packing,rodada_1,7.511993,3.88233,4.8939,YES,4.0,50.0,0.92,871.0,,4,,SASDLD3/packing_result/rodada_1/report.txt
SASDLD3,packing,rodada_2,8.892774,2.986476,3.7537,YES,4.0,50.0,0.91,871.0,,4,,SASDLD3/packing_result/rodada_2/report.txt
SASDLD3,packing,rodada_3,7.771064,3.813386,5.0161,YES,4.0,50.0,0.91,871.0,,4,,SASDLD3/packing_result/rodada_3/report.txt
SASDLD5,single,rodada_1,2.048146,,,,,,0.26,1580.0,1.0,,SASDLD5_fit1_model1.pdb,SASDLD5/single_result/rodada_1/report.txt
SASDLD5,single,rodada_2,2.048146,,,,,,0.26,1580.0,1.0,,SASDLD5_fit1_model1.pdb,SASDLD5/single_result/rodada_2/report.txt
SASDLD5,single,rodada_3,2.048146,,,,,,0.26,1580.0,1.0,,SASDLD5_fit1_model1.pdb,SASDLD5/single_result/rodada_3/report.txt
SASDLD7,single,rodada_1,6.85253,,,,,,0.17,1436.0,1.0,,SASDLD7_fit1_model1.pdb,SASDLD7/single_result/rodada_1/report.txt
SASDLD7,single,rodada_2,6.85253,,,,,,0.17,1436.0,1.0,,SASDLD7_fit1_model1.pdb,SASDLD7/single_result/rodada_2/report.txt
SASDLD7,single,rodada_3,6.85253,,,,,,0.17,1436.0,1.0,,SASDLD7_fit1_model1.pdb,SASDLD7/single_result/rodada_3/report.txt
SASDLD9,single,rodada_1,6.718726,,,,,,2.73,1598.0,1.0,,SASDLD9_fit1_model1.pdb,SASDLD9/single_result/rodada_1/report.txt
SASDLD9,single,rodada_2,6.718726,,,,,,2.86,1598.0,1.0,,SASDLD9_fit1_model1.pdb,SASDLD9/single_result/rodada_2/report.txt
SASDLD9,single,rodada_3,6.718726,,,,,,2.82,1598.0,1.0,,SASDLD9_fit1_model1.pdb,SASDLD9/single_result/rodada_3/report.txt
SASDLE2,packing,rodada_1,3.739133,3.012083,3.7391,YES,3.0,50.0,0.98,4476.0,,3,,SASDLE2/packing_result/rodada_1/report.txt
SASDLE2,packing,rodada_2,3.000038,2.274059,3.0,YES,3.0,50.0,0.95,4476.0,,3,,SASDLE2/packing_result/rodada_2/report.txt
SASDLE2,packing,rodada_3,3.28662,2.286273,2.904,YES,3.0,50.0,0.97,4476.0,,3,,SASDLE2/packing_result/rodada_3/report.txt
SASDLE3,packing,rodada_1,8.379483,3.305172,4.3149,YES,4.0,50.0,0.87,798.0,,4,,SASDLE3/packing_result/rodada_1/report.txt
SASDLE3,packing,rodada_2,7.873591,4.438392,5.3521,YES,4.0,50.0,0.88,798.0,,4,,SASDLE3/packing_result/rodada_2/report.txt
SASDLE3,packing,rodada_3,8.080183,3.313124,4.3075,YES,4.0,50.0,0.87,798.0,,4,,SASDLE3/packing_result/rodada_3/report.txt
SASDLE5,single,rodada_1,,,,,,,0.03,644.0,0.0,,,SASDLE5/single_result/rodada_1/report.txt
SASDLE5,single,rodada_2,,,,,,,0.03,644.0,0.0,,,SASDLE5/single_result/rodada_2/report.txt
SASDLE5,single,rodada_3,,,,,,,0.03,644.0,0.0,,,SASDLE5/single_result/rodada_3/report.txt
SASDLE7,single,rodada_1,7.068199,,,,,,0.16,1350.0,1.0,,SASDLE7_fit1_model1.pdb,SASDLE7/single_result/rodada_1/report.txt
SASDLE7,single,rodada_2,7.068199,,,,,,0.16,1350.0,1.0,,SASDLE7_fit1_model1.pdb,SASDLE7/single_result/rodada_2/report.txt
SASDLE7,single,rodada_3,7.068199,,,,,,0.16,1350.0,1.0,,SASDLE7_fit1_model1.pdb,SASDLE7/single_result/rodada_3/report.txt
SASDLE9,packing,rodada_1,6.242474,6.242474,6.2425,NO,1.0,50.0,0.36,1586.0,,1,,SASDLE9/packing_result/rodada_1/report.txt
SASDLE9,packing,rodada_2,7.844386,7.844386,7.8444,NO,1.0,50.0,0.36,1586.0,,1,,SASDLE9/packing_result/rodada_2/report.txt
SASDLE9,packing,rodada_3,5.963247,5.963247,5.9632,NO,1.0,50.0,0.36,1586.0,,1,,SASDLE9/packing_result/rodada_3/report.txt
SASDLF2,packing,rodada_1,5.812875,5.799192,5.8129,YES,2.0,50.0,0.97,1528.0,,2,,SASDLF2/packing_result/rodada_1/report.txt
SASDLF2,packing,rodada_2,6.577268,5.926362,6.5773,YES,2.0,50.0,0.95,1528.0,,2,,SASDLF2/packing_result/rodada_2/report.txt
SASDLF2,packing,rodada_3,4.958777,4.580509,4.9588,YES,2.0,50.0,0.94,1528.0,,2,,SASDLF2/packing_result/rodada_3/report.txt
SASDLF3,single,rodada_1,11.49162,,,,,,0.05,101.0,1.0,,SASDLF3_fit1_model1.pdb,SASDLF3/single_result/rodada_1/report.txt
SASDLF3,single,rodada_2,11.49162,,,,,,0.05,101.0,1.0,,SASDLF3_fit1_model1.pdb,SASDLF3/single_result/rodada_2/report.txt
SASDLF3,single,rodada_3,11.49162,,,,,,0.05,101.0,1.0,,SASDLF3_fit1_model1.pdb,SASDLF3/single_result/rodada_3/report.txt
SASDLF5,single,rodada_1,,,,,,,0.04,1392.0,0.0,,,SASDLF5/single_result/rodada_1/report.txt
SASDLF5,single,rodada_2,,,,,,,0.04,1392.0,0.0,,,SASDLF5/single_result/rodada_2/report.txt
SASDLF5,single,rodada_3,,,,,,,0.04,1392.0,0.0,,,SASDLF5/single_result/rodada_3/report.txt
SASDLF9,packing,rodada_1,6.51022,4.887392,6.5102,YES,6.0,50.0,0.07,198.0,,6,,SASDLF9/packing_result/rodada_1/report.txt
SASDLF9,packing,rodada_2,8.754766,4.907507,8.3125,YES,6.0,50.0,0.07,198.0,,6,,SASDLF9/packing_result/rodada_2/report.txt
SASDLF9,packing,rodada_3,8.821415,4.981266,7.6435,YES,6.0,50.0,0.07,198.0,,6,,SASDLF9/packing_result/rodada_3/report.txt
SASDLG2,packing,rodada_1,7.235304,4.491753,5.976,YES,2.0,50.0,1.0,1712.0,,2,,SASDLG2/packing_result/rodada_1/report.txt
SASDLG2,packing,rodada_2,5.925017,4.293378,5.1182,YES,2.0,50.0,0.99,1712.0,,2,,SASDLG2/packing_result/rodada_2/report.txt
SASDLG2,packing,rodada_3,5.233939,4.440837,5.2339,YES,2.0,50.0,1.02,1712.0,,2,,SASDLG2/packing_result/rodada_3/report.txt
SASDLH2,packing,rodada_1,5.682669,5.470987,5.6827,YES,2.0,50.0,1.04,1504.0,,2,,SASDLH2/packing_result/rodada_1/report.txt
SASDLH2,packing,rodada_2,5.12765,4.386249,5.1277,YES,2.0,50.0,0.97,1504.0,,2,,SASDLH2/packing_result/rodada_2/report.txt
SASDLH2,packing,rodada_3,7.807822,4.192944,5.1952,YES,2.0,50.0,1.02,1504.0,,2,,SASDLH2/packing_result/rodada_3/report.txt
SASDLH3,packing,rodada_1,4.577879,3.782978,4.5779,YES,2.0,50.0,0.65,775.0,,2,,SASDLH3/packing_result/rodada_1/report.txt
SASDLH3,packing,rodada_2,4.791917,4.826856,4.7919,NO,2.0,50.0,0.64,775.0,,2,,SASDLH3/packing_result/rodada_2/report.txt
SASDLH3,packing,rodada_3,4.644519,4.415068,4.6445,YES,2.0,50.0,0.66,775.0,,2,,SASDLH3/packing_result/rodada_3/report.txt
SASDLH5,single,rodada_1,15.38357,,,,,,0.09,292.0,1.0,,SASDLH5_fit1_model1.pdb,SASDLH5/single_result/rodada_1/report.txt
SASDLH5,single,rodada_2,15.38357,,,,,,0.09,292.0,1.0,,SASDLH5_fit1_model1.pdb,SASDLH5/single_result/rodada_2/report.txt
SASDLH5,single,rodada_3,15.38357,,,,,,0.09,292.0,1.0,,SASDLH5_fit1_model1.pdb,SASDLH5/single_result/rodada_3/report.txt
SASDLJ2,packing,rodada_1,5.02177,3.58296,4.0954,YES,2.0,50.0,0.98,1700.0,,2,,SASDLJ2/packing_result/rodada_1/report.txt
SASDLJ2,packing,rodada_2,5.210945,3.934635,4.523,YES,2.0,50.0,1.01,1700.0,,2,,SASDLJ2/packing_result/rodada_2/report.txt
SASDLJ2,packing,rodada_3,4.544376,4.398291,4.5444,YES,2.0,50.0,1.0,1700.0,,2,,SASDLJ2/packing_result/rodada_3/report.txt
SASDLJ3,packing,rodada_1,8.008483,5.472862,7.2896,YES,2.0,50.0,0.5,1842.0,,2,,SASDLJ3/packing_result/rodada_1/report.txt
SASDLJ3,packing,rodada_2,6.629232,4.91247,6.6292,YES,2.0,50.0,0.49,1842.0,,2,,SASDLJ3/packing_result/rodada_2/report.txt
SASDLJ3,packing,rodada_3,5.405213,4.496756,5.4052,YES,2.0,50.0,0.49,1842.0,,2,,SASDLJ3/packing_result/rodada_3/report.txt
SASDLJ5,single,rodada_1,8.977026,,,,,,0.18,2051.0,1.0,,SASDLJ5_fit1_model1.pdb,SASDLJ5/single_result/rodada_1/report.txt
SASDLJ5,single,rodada_2,8.977026,,,,,,0.17,2051.0,1.0,,SASDLJ5_fit1_model1.pdb,SASDLJ5/single_result/rodada_2/report.txt
SASDLJ5,single,rodada_3,8.977026,,,,,,0.18,2051.0,1.0,,SASDLJ5_fit1_model1.pdb,SASDLJ5/single_result/rodada_3/report.txt
SASDLK2,packing,rodada_1,4.694505,4.377568,4.6945,YES,2.0,50.0,0.98,1555.0,,2,,SASDLK2/packing_result/rodada_1/report.txt
SASDLK2,packing,rodada_2,4.371941,4.066996,4.3719,YES,2.0,50.0,0.98,1555.0,,2,,SASDLK2/packing_result/rodada_2/report.txt
SASDLK2,packing,rodada_3,4.446411,4.182026,4.4464,YES,2.0,50.0,0.98,1555.0,,2,,SASDLK2/packing_result/rodada_3/report.txt
SASDLK3,packing,rodada_1,6.104203,5.630483,6.1042,YES,2.0,50.0,0.59,901.0,,2,,SASDLK3/packing_result/rodada_1/report.txt
SASDLK3,packing,rodada_2,7.324787,5.383962,7.267,YES,2.0,50.0,0.58,901.0,,2,,SASDLK3/packing_result/rodada_2/report.txt
SASDLK3,packing,rodada_3,7.455491,5.462068,7.1793,YES,2.0,50.0,0.59,901.0,,2,,SASDLK3/packing_result/rodada_3/report.txt
SASDLK5,single,rodada_1,32.700716,,,,,,0.06,124.0,1.0,,SASDLK5_fit1_model1.pdb,SASDLK5/single_result/rodada_1/report.txt
SASDLK5,single,rodada_2,32.700716,,,,,,0.06,124.0,1.0,,SASDLK5_fit1_model1.pdb,SASDLK5/single_result/rodada_2/report.txt
SASDLK5,single,rodada_3,32.700716,,,,,,0.06,124.0,1.0,,SASDLK5_fit1_model1.pdb,SASDLK5/single_result/rodada_3/report.txt
SASDLK7,single,rodada_1,9.307399,,,,,,0.22,945.0,1.0,,SASDLK7_fit1_model1.pdb,SASDLK7/single_result/rodada_1/report.txt
SASDLK7,single,rodada_2,9.307399,,,,,,0.22,945.0,1.0,,SASDLK7_fit1_model1.pdb,SASDLK7/single_result/rodada_2/report.txt
SASDLK7,single,rodada_3,9.307399,,,,,,0.22,945.0,1.0,,SASDLK7_fit1_model1.pdb,SASDLK7/single_result/rodada_3/report.txt
SASDLK9,packing,rodada_1,16.015717,12.254504,16.0157,YES,8.0,50.0,0.23,235.0,,8,,SASDLK9/packing_result/rodada_1/report.txt
SASDLK9,packing,rodada_2,17.934523,13.367337,16.3887,YES,8.0,50.0,0.22,235.0,,8,,SASDLK9/packing_result/rodada_2/report.txt
SASDLK9,packing,rodada_3,16.76122,14.110618,16.7612,YES,8.0,50.0,0.22,235.0,,8,,SASDLK9/packing_result/rodada_3/report.txt
SASDLL2,packing,rodada_1,5.590609,5.07103,5.5906,YES,2.0,50.0,1.01,1713.0,,2,,SASDLL2/packing_result/rodada_1/report.txt
SASDLL2,packing,rodada_2,5.831433,5.364236,5.8314,YES,2.0,50.0,1.02,1713.0,,2,,SASDLL2/packing_result/rodada_2/report.txt
SASDLL2,packing,rodada_3,4.174054,3.77897,4.1741,YES,2.0,50.0,1.04,1713.0,,2,,SASDLL2/packing_result/rodada_3/report.txt
SASDLL3,packing,rodada_1,5.762693,4.474896,5.7627,YES,2.0,50.0,0.64,2026.0,,2,,SASDLL3/packing_result/rodada_1/report.txt
SASDLL3,packing,rodada_2,8.48716,5.945142,7.683,YES,2.0,50.0,0.62,2026.0,,2,,SASDLL3/packing_result/rodada_2/report.txt
SASDLL3,packing,rodada_3,8.249424,5.545015,6.293,YES,2.0,50.0,0.63,2026.0,,2,,SASDLL3/packing_result/rodada_3/report.txt
SASDLL7,single,rodada_1,10.052903,,,,,,0.21,945.0,1.0,,SASDLL7_fit1_model1.pdb,SASDLL7/single_result/rodada_1/report.txt
SASDLL7,single,rodada_2,10.052903,,,,,,0.21,945.0,1.0,,SASDLL7_fit1_model1.pdb,SASDLL7/single_result/rodada_2/report.txt
SASDLL7,single,rodada_3,10.052903,,,,,,0.21,945.0,1.0,,SASDLL7_fit1_model1.pdb,SASDLL7/single_result/rodada_3/report.txt
SASDLL9,packing,rodada_1,20.124755,10.669583,12.8557,YES,8.0,50.0,0.22,221.0,,8,,SASDLL9/packing_result/rodada_1/report.txt
SASDLL9,packing,rodada_2,12.575491,9.624049,12.3352,YES,8.0,50.0,0.22,221.0,,8,,SASDLL9/packing_result/rodada_2/report.txt
SASDLL9,packing,rodada_3,12.803766,10.060872,12.3089,YES,8.0,50.0,0.22,221.0,,8,,SASDLL9/packing_result/rodada_3/report.txt
SASDLM2,packing,rodada_1,3.172754,3.999175,3.1728,NO,2.0,50.0,1.1,4666.0,,2,,SASDLM2/packing_result/rodada_1/report.txt
SASDLM2,packing,rodada_2,2.585396,2.454756,2.5854,YES,2.0,50.0,1.07,4666.0,,2,,SASDLM2/packing_result/rodada_2/report.txt
SASDLM2,packing,rodada_3,2.891246,2.602076,2.8912,YES,2.0,50.0,1.08,4666.0,,2,,SASDLM2/packing_result/rodada_3/report.txt
SASDLM3,packing,rodada_1,10.995977,8.366832,10.996,YES,2.0,50.0,0.75,1985.0,,2,,SASDLM3/packing_result/rodada_1/report.txt
SASDLM3,packing,rodada_2,10.431929,7.743329,10.4319,YES,2.0,50.0,0.71,1985.0,,2,,SASDLM3/packing_result/rodada_2/report.txt
SASDLM3,packing,rodada_3,9.922042,7.413986,8.8771,YES,2.0,50.0,0.73,1985.0,,2,,SASDLM3/packing_result/rodada_3/report.txt
SASDLM4,single,rodada_1,4.971044,,,,,,0.92,1525.0,1.0,,SASDLM4_fit1_model1.pdb,SASDLM4/single_result/rodada_1/report.txt
SASDLM4,single,rodada_2,4.971044,,,,,,0.92,1525.0,1.0,,SASDLM4_fit1_model1.pdb,SASDLM4/single_result/rodada_2/report.txt
SASDLM4,single,rodada_3,4.971044,,,,,,0.93,1525.0,1.0,,SASDLM4_fit1_model1.pdb,SASDLM4/single_result/rodada_3/report.txt
SASDLM7,single,rodada_1,13.434653,,,,,,0.14,320.0,1.0,,SASDLM7_fit1_model1.pdb,SASDLM7/single_result/rodada_1/report.txt
SASDLM7,single,rodada_2,13.434653,,,,,,0.14,320.0,1.0,,SASDLM7_fit1_model1.pdb,SASDLM7/single_result/rodada_2/report.txt
SASDLM7,single,rodada_3,13.434653,,,,,,0.14,320.0,1.0,,SASDLM7_fit1_model1.pdb,SASDLM7/single_result/rodada_3/report.txt
SASDLM8,packing,rodada_1,4.016788,3.521475,4.0168,YES,2.0,50.0,0.35,827.0,,2,,SASDLM8/packing_result/rodada_1/report.txt
SASDLM8,packing,rodada_2,4.234295,3.974518,4.2343,YES,2.0,50.0,0.34,827.0,,2,,SASDLM8/packing_result/rodada_2/report.txt
SASDLM8,packing,rodada_3,3.983192,3.513292,3.9832,YES,2.0,50.0,0.34,827.0,,2,,SASDLM8/packing_result/rodada_3/report.txt
SASDLM9,packing,rodada_1,5.377155,2.900652,3.6461,YES,2.0,50.0,0.13,1474.0,,2,,SASDLM9/packing_result/rodada_1/report.txt
SASDLM9,packing,rodada_2,3.85776,3.215836,3.8578,YES,2.0,50.0,0.13,1474.0,,2,,SASDLM9/packing_result/rodada_2/report.txt
SASDLM9,packing,rodada_3,4.882843,4.128784,4.8828,YES,2.0,50.0,0.14,1474.0,,2,,SASDLM9/packing_result/rodada_3/report.txt
SASDLN2,packing,rodada_1,4.14484,4.021077,4.1448,YES,2.0,50.0,1.0,1868.0,,2,,SASDLN2/packing_result/rodada_1/report.txt
SASDLN2,packing,rodada_2,4.859221,4.232729,4.8592,YES,2.0,50.0,1.02,1868.0,,2,,SASDLN2/packing_result/rodada_2/report.txt
SASDLN2,packing,rodada_3,4.833845,3.482,4.8338,YES,2.0,50.0,1.03,1868.0,,2,,SASDLN2/packing_result/rodada_3/report.txt
SASDLN3,single,rodada_1,10.111748,,,,,,2.52,1461.0,1.0,,SASDLN3_fit1_model1.pdb,SASDLN3/single_result/rodada_1/report.txt
SASDLN3,single,rodada_2,10.111748,,,,,,2.51,1461.0,1.0,,SASDLN3_fit1_model1.pdb,SASDLN3/single_result/rodada_2/report.txt
SASDLN3,single,rodada_3,10.111748,,,,,,2.51,1461.0,1.0,,SASDLN3_fit1_model1.pdb,SASDLN3/single_result/rodada_3/report.txt
SASDLN4,single,rodada_1,9.830478,,,,,,2.89,1735.0,1.0,,SASDLN4_fit1_model1.pdb,SASDLN4/single_result/rodada_1/report.txt
SASDLN4,single,rodada_2,9.830478,,,,,,2.86,1735.0,1.0,,SASDLN4_fit1_model1.pdb,SASDLN4/single_result/rodada_2/report.txt
SASDLN4,single,rodada_3,9.830478,,,,,,2.86,1735.0,1.0,,SASDLN4_fit1_model1.pdb,SASDLN4/single_result/rodada_3/report.txt
SASDLN7,single,rodada_1,,,,,,,0.18,1448.0,0.0,,,SASDLN7/single_result/rodada_1/report.txt
SASDLN7,single,rodada_2,,,,,,,0.16,1448.0,0.0,,,SASDLN7/single_result/rodada_2/report.txt
SASDLN7,single,rodada_3,,,,,,,0.16,1448.0,0.0,,,SASDLN7/single_result/rodada_3/report.txt
SASDLN8,packing,rodada_1,2.963481,2.500031,2.9635,YES,4.0,50.0,0.54,765.0,,4,,SASDLN8/packing_result/rodada_1/report.txt
SASDLN8,packing,rodada_2,3.53977,3.14085,3.4436,YES,4.0,50.0,0.52,765.0,,4,,SASDLN8/packing_result/rodada_2/report.txt
SASDLN8,packing,rodada_3,2.843651,2.428964,2.8437,YES,4.0,50.0,0.52,765.0,,4,,SASDLN8/packing_result/rodada_3/report.txt
SASDLN9,packing,rodada_1,5.642119,4.393923,5.508,YES,2.0,50.0,0.33,1015.0,,2,,SASDLN9/packing_result/rodada_1/report.txt
SASDLN9,packing,rodada_2,4.056509,3.608446,4.0565,YES,2.0,50.0,0.32,1015.0,,2,,SASDLN9/packing_result/rodada_2/report.txt
SASDLN9,packing,rodada_3,4.851745,3.970076,4.8517,YES,2.0,50.0,0.32,1015.0,,2,,SASDLN9/packing_result/rodada_3/report.txt
SASDLP2,single,rodada_1,,,,,,,0.02,247.0,0.0,,,SASDLP2/single_result/rodada_1/report.txt
SASDLP2,single,rodada_2,,,,,,,0.02,247.0,0.0,,,SASDLP2/single_result/rodada_2/report.txt
SASDLP2,single,rodada_3,,,,,,,0.02,247.0,0.0,,,SASDLP2/single_result/rodada_3/report.txt
SASDLP3,single,rodada_1,5.853387,,,,,,1.07,1891.0,1.0,,SASDLP3_fit1_model1.pdb,SASDLP3/single_result/rodada_1/report.txt
SASDLP3,single,rodada_2,5.853387,,,,,,1.08,1891.0,1.0,,SASDLP3_fit1_model1.pdb,SASDLP3/single_result/rodada_2/report.txt
SASDLP3,single,rodada_3,5.853387,,,,,,1.07,1891.0,1.0,,SASDLP3_fit1_model1.pdb,SASDLP3/single_result/rodada_3/report.txt
SASDLP4,packing,rodada_1,3.747784,2.763385,3.0133,YES,4.0,50.0,0.67,1324.0,,4,,SASDLP4/packing_result/rodada_1/report.txt
SASDLP4,packing,rodada_2,3.668496,2.895979,2.8822,YES,4.0,50.0,0.57,1324.0,,4,,SASDLP4/packing_result/rodada_2/report.txt
SASDLP4,packing,rodada_3,4.341558,3.040424,3.3801,YES,4.0,50.0,0.59,1324.0,,4,,SASDLP4/packing_result/rodada_3/report.txt
SASDLP5,packing,rodada_1,4.140882,3.132936,3.2875,YES,2.0,50.0,0.19,1312.0,,2,,SASDLP5/packing_result/rodada_1/report.txt
SASDLP5,packing,rodada_2,3.321803,3.108979,3.3218,YES,2.0,50.0,0.18,1312.0,,2,,SASDLP5/packing_result/rodada_2/report.txt
SASDLP5,packing,rodada_3,3.575814,3.191495,3.5758,YES,2.0,50.0,0.18,1312.0,,2,,SASDLP5/packing_result/rodada_3/report.txt
SASDLP7,single,rodada_1,11.846197,,,,,,2.41,1434.0,1.0,,SASDLP7_fit1_model1.pdb,SASDLP7/single_result/rodada_1/report.txt
SASDLP7,single,rodada_2,11.846197,,,,,,2.42,1434.0,1.0,,SASDLP7_fit1_model1.pdb,SASDLP7/single_result/rodada_2/report.txt
SASDLP7,single,rodada_3,11.846197,,,,,,2.43,1434.0,1.0,,SASDLP7_fit1_model1.pdb,SASDLP7/single_result/rodada_3/report.txt
SASDLP9,packing,rodada_1,4.08982,4.770608,4.0898,NO,2.0,50.0,0.38,661.0,,2,,SASDLP9/packing_result/rodada_1/report.txt
SASDLP9,packing,rodada_2,4.168938,4.281068,4.1689,NO,2.0,50.0,0.37,661.0,,2,,SASDLP9/packing_result/rodada_2/report.txt
SASDLP9,packing,rodada_3,4.227374,3.798213,4.2274,YES,2.0,50.0,0.38,661.0,,2,,SASDLP9/packing_result/rodada_3/report.txt
SASDLQ2,packing,rodada_1,6.188243,3.945811,4.3032,YES,2.0,50.0,0.68,1463.0,,2,,SASDLQ2/packing_result/rodada_1/report.txt
SASDLQ2,packing,rodada_2,5.840353,3.704647,4.0682,YES,2.0,50.0,0.68,1463.0,,2,,SASDLQ2/packing_result/rodada_2/report.txt
SASDLQ2,packing,rodada_3,4.741884,4.189587,4.7419,YES,2.0,50.0,0.67,1463.0,,2,,SASDLQ2/packing_result/rodada_3/report.txt
SASDLQ3,single,rodada_1,2.203204,,,,,,0.58,1384.0,1.0,,SASDLQ3_fit1_model1.pdb,SASDLQ3/single_result/rodada_1/report.txt
SASDLQ3,single,rodada_2,2.203204,,,,,,0.58,1384.0,1.0,,SASDLQ3_fit1_model1.pdb,SASDLQ3/single_result/rodada_2/report.txt
SASDLQ3,single,rodada_3,2.203204,,,,,,0.58,1384.0,1.0,,SASDLQ3_fit1_model1.pdb,SASDLQ3/single_result/rodada_3/report.txt
SASDLQ4,packing,rodada_1,4.924294,4.06857,4.7656,YES,3.0,50.0,0.34,903.0,,3,,SASDLQ4/packing_result/rodada_1/report.txt
SASDLQ4,packing,rodada_2,4.936555,3.648257,4.0002,YES,3.0,50.0,0.34,903.0,,3,,SASDLQ4/packing_result/rodada_2/report.txt
SASDLQ4,packing,rodada_3,4.520802,3.523007,3.8625,YES,3.0,50.0,0.33,903.0,,3,,SASDLQ4/packing_result/rodada_3/report.txt
SASDLQ6,single,rodada_1,17.054125,,,,,,1.05,228.0,1.0,,SASDLQ6_fit1_model1.pdb,SASDLQ6/single_result/rodada_1/report.txt
SASDLQ6,single,rodada_2,17.054125,,,,,,1.02,228.0,1.0,,SASDLQ6_fit1_model1.pdb,SASDLQ6/single_result/rodada_2/report.txt
SASDLQ6,single,rodada_3,17.054125,,,,,,1.03,228.0,1.0,,SASDLQ6_fit1_model1.pdb,SASDLQ6/single_result/rodada_3/report.txt
SASDLQ7,single,rodada_1,7.870211,,,,,,1.47,1243.0,1.0,,SASDLQ7_fit1_model1.pdb,SASDLQ7/single_result/rodada_1/report.txt
SASDLQ7,single,rodada_2,7.870211,,,,,,1.46,1243.0,1.0,,SASDLQ7_fit1_model1.pdb,SASDLQ7/single_result/rodada_2/report.txt
SASDLQ7,single,rodada_3,7.870211,,,,,,1.46,1243.0,1.0,,SASDLQ7_fit1_model1.pdb,SASDLQ7/single_result/rodada_3/report.txt
SASDLQ8,packing,rodada_1,4.132783,3.661524,4.1328,YES,2.0,50.0,0.31,897.0,,2,,SASDLQ8/packing_result/rodada_1/report.txt
SASDLQ8,packing,rodada_2,4.178232,3.69752,4.1782,YES,2.0,50.0,0.31,897.0,,2,,SASDLQ8/packing_result/rodada_2/report.txt
SASDLQ8,packing,rodada_3,3.095982,2.768756,3.096,YES,2.0,50.0,0.31,897.0,,2,,SASDLQ8/packing_result/rodada_3/report.txt
SASDLR2,single,rodada_1,5.027724,,,,,,0.23,1694.0,1.0,,SASDLR2_fit1_model1.pdb,SASDLR2/single_result/rodada_1/report.txt
SASDLR2,single,rodada_2,5.027724,,,,,,0.23,1694.0,1.0,,SASDLR2_fit1_model1.pdb,SASDLR2/single_result/rodada_2/report.txt
SASDLR2,single,rodada_3,5.027724,,,,,,0.23,1694.0,1.0,,SASDLR2_fit1_model1.pdb,SASDLR2/single_result/rodada_3/report.txt
SASDLR3,single,rodada_1,1.899874,,,,,,0.57,1418.0,1.0,,SASDLR3_fit1_model1.pdb,SASDLR3/single_result/rodada_1/report.txt
SASDLR3,single,rodada_2,1.899874,,,,,,0.57,1418.0,1.0,,SASDLR3_fit1_model1.pdb,SASDLR3/single_result/rodada_2/report.txt
SASDLR3,single,rodada_3,1.899874,,,,,,0.56,1418.0,1.0,,SASDLR3_fit1_model1.pdb,SASDLR3/single_result/rodada_3/report.txt
SASDLR4,packing,rodada_1,9.990701,3.220577,4.1683,YES,4.0,50.0,0.83,1474.0,,4,,SASDLR4/packing_result/rodada_1/report.txt
SASDLR4,packing,rodada_2,10.137215,3.378753,4.276,YES,4.0,50.0,0.82,1474.0,,4,,SASDLR4/packing_result/rodada_2/report.txt
SASDLR4,packing,rodada_3,9.151516,2.801744,3.5834,YES,4.0,50.0,0.81,1474.0,,4,,SASDLR4/packing_result/rodada_3/report.txt
SASDLR5,single,rodada_1,3.730945,,,,,,0.73,4814.0,1.0,,SASDLR5_fit1_model1.pdb,SASDLR5/single_result/rodada_1/report.txt
SASDLR5,single,rodada_2,3.730945,,,,,,0.73,4814.0,1.0,,SASDLR5_fit1_model1.pdb,SASDLR5/single_result/rodada_2/report.txt
SASDLR5,single,rodada_3,3.730945,,,,,,0.73,4814.0,1.0,,SASDLR5_fit1_model1.pdb,SASDLR5/single_result/rodada_3/report.txt
SASDLR7,packing,rodada_1,8.204025,6.056512,8.204,YES,2.0,50.0,0.57,1769.0,,2,,SASDLR7/packing_result/rodada_1/report.txt
SASDLR7,packing,rodada_2,7.327789,5.240368,6.3251,YES,2.0,50.0,0.57,1769.0,,2,,SASDLR7/packing_result/rodada_2/report.txt
SASDLR7,packing,rodada_3,7.344313,5.447314,7.3443,YES,2.0,50.0,0.57,1769.0,,2,,SASDLR7/packing_result/rodada_3/report.txt
SASDLR8,single,rodada_1,3.638437,,,,,,0.53,1138.0,1.0,,SASDLR8_fit1_model1.pdb,SASDLR8/single_result/rodada_1/report.txt
SASDLR8,single,rodada_2,3.638437,,,,,,0.53,1138.0,1.0,,SASDLR8_fit1_model1.pdb,SASDLR8/single_result/rodada_2/report.txt
SASDLR8,single,rodada_3,3.638437,,,,,,0.53,1138.0,1.0,,SASDLR8_fit1_model1.pdb,SASDLR8/single_result/rodada_3/report.txt
SASDLS2,single,rodada_1,6.883792,,,,,,0.17,1472.0,1.0,,SASDLS2_fit1_model1.pdb,SASDLS2/single_result/rodada_1/report.txt
SASDLS2,single,rodada_2,6.883792,,,,,,0.17,1472.0,1.0,,SASDLS2_fit1_model1.pdb,SASDLS2/single_result/rodada_2/report.txt
SASDLS2,single,rodada_3,6.883792,,,,,,0.17,1472.0,1.0,,SASDLS2_fit1_model1.pdb,SASDLS2/single_result/rodada_3/report.txt
SASDLS3,packing,rodada_1,12.605687,11.450122,12.6057,YES,2.0,50.0,0.4,1349.0,,2,,SASDLS3/packing_result/rodada_1/report.txt
SASDLS3,packing,rodada_2,9.762357,7.422659,9.7359,YES,2.0,50.0,0.39,1349.0,,2,,SASDLS3/packing_result/rodada_2/report.txt
SASDLS3,packing,rodada_3,8.483793,7.390639,8.4838,YES,2.0,50.0,0.38,1349.0,,2,,SASDLS3/packing_result/rodada_3/report.txt
SASDLS5,single,rodada_1,9.492161,,,,,,0.62,1570.0,1.0,,SASDLS5_fit1_model1.pdb,SASDLS5/single_result/rodada_1/report.txt
SASDLS5,single,rodada_2,9.492161,,,,,,0.62,1570.0,1.0,,SASDLS5_fit1_model1.pdb,SASDLS5/single_result/rodada_2/report.txt
SASDLS5,single,rodada_3,9.492161,,,,,,0.62,1570.0,1.0,,SASDLS5_fit1_model1.pdb,SASDLS5/single_result/rodada_3/report.txt
SASDLS8,packing,rodada_1,16.250693,5.286717,7.618,YES,4.0,50.0,0.61,719.0,,4,,SASDLS8/packing_result/rodada_1/report.txt
SASDLS8,packing,rodada_2,16.336354,5.263812,7.3451,YES,4.0,50.0,0.62,719.0,,4,,SASDLS8/packing_result/rodada_2/report.txt
SASDLS8,packing,rodada_3,16.441325,4.308321,5.2655,YES,4.0,50.0,0.61,719.0,,4,,SASDLS8/packing_result/rodada_3/report.txt
SASDLT2,single,rodada_1,8.274292,,,,,,2.15,1659.0,1.0,,SASDLT2_fit1_model1.pdb,SASDLT2/single_result/rodada_1/report.txt
SASDLT2,single,rodada_2,8.274292,,,,,,2.11,1659.0,1.0,,SASDLT2_fit1_model1.pdb,SASDLT2/single_result/rodada_2/report.txt
SASDLT2,single,rodada_3,8.274292,,,,,,2.1,1659.0,1.0,,SASDLT2_fit1_model1.pdb,SASDLT2/single_result/rodada_3/report.txt
SASDLT3,packing,rodada_1,5.308393,4.108309,5.3084,YES,6.0,50.0,0.71,2349.0,,6,,SASDLT3/packing_result/rodada_1/report.txt
SASDLT3,packing,rodada_2,5.008601,4.08718,5.0086,YES,6.0,50.0,0.71,2349.0,,6,,SASDLT3/packing_result/rodada_2/report.txt
SASDLT3,packing,rodada_3,4.939516,4.029356,4.9395,YES,6.0,50.0,0.75,2349.0,,6,,SASDLT3/packing_result/rodada_3/report.txt
SASDLT5,packing,rodada_1,3.505083,2.997272,3.5051,YES,6.0,50.0,0.68,2421.0,,6,,SASDLT5/packing_result/rodada_1/report.txt
SASDLT5,packing,rodada_2,4.139455,3.003154,3.7999,YES,6.0,50.0,0.68,2421.0,,6,,SASDLT5/packing_result/rodada_2/report.txt
SASDLT5,packing,rodada_3,3.732769,3.105194,3.7328,YES,6.0,50.0,0.68,2421.0,,6,,SASDLT5/packing_result/rodada_3/report.txt
SASDLT8,packing,rodada_1,13.348194,5.32239,6.8437,YES,4.0,50.0,0.46,1597.0,,4,,SASDLT8/packing_result/rodada_1/report.txt
SASDLT8,packing,rodada_2,13.655841,3.659988,4.2826,YES,4.0,50.0,0.43,1597.0,,4,,SASDLT8/packing_result/rodada_2/report.txt
SASDLT8,packing,rodada_3,13.647853,5.475361,6.7786,YES,4.0,50.0,0.44,1597.0,,4,,SASDLT8/packing_result/rodada_3/report.txt
SASDLU2,single,rodada_1,30.58819,,,,,,1.74,170.0,1.0,,SASDLU2_fit1_model1.pdb,SASDLU2/single_result/rodada_1/report.txt
SASDLU2,single,rodada_2,30.58819,,,,,,1.7,170.0,1.0,,SASDLU2_fit1_model1.pdb,SASDLU2/single_result/rodada_2/report.txt
SASDLU2,single,rodada_3,30.58819,,,,,,1.7,170.0,1.0,,SASDLU2_fit1_model1.pdb,SASDLU2/single_result/rodada_3/report.txt
SASDLU8,packing,rodada_1,15.930042,4.026,4.2466,YES,4.0,50.0,0.61,627.0,,4,,SASDLU8/packing_result/rodada_1/report.txt
SASDLU8,packing,rodada_2,15.926204,4.60507,5.7931,YES,4.0,50.0,0.62,627.0,,4,,SASDLU8/packing_result/rodada_2/report.txt
SASDLU8,packing,rodada_3,15.816901,5.073137,6.8701,YES,4.0,50.0,0.61,627.0,,4,,SASDLU8/packing_result/rodada_3/report.txt
SASDLV2,single,rodada_1,12.017975,,,,,,0.12,1007.0,1.0,,SASDLV2_fit1_model1.pdb,SASDLV2/single_result/rodada_1/report.txt
SASDLV2,single,rodada_2,12.017975,,,,,,0.12,1007.0,1.0,,SASDLV2_fit1_model1.pdb,SASDLV2/single_result/rodada_2/report.txt
SASDLV2,single,rodada_3,12.017975,,,,,,0.12,1007.0,1.0,,SASDLV2_fit1_model1.pdb,SASDLV2/single_result/rodada_3/report.txt
SASDLV4,single,rodada_1,10.659004,,,,,,3.11,1723.0,1.0,,SASDLV4_fit1_model1.pdb,SASDLV4/single_result/rodada_1/report.txt
SASDLV4,single,rodada_2,10.659004,,,,,,3.11,1723.0,1.0,,SASDLV4_fit1_model1.pdb,SASDLV4/single_result/rodada_2/report.txt
SASDLV4,single,rodada_3,10.659004,,,,,,3.08,1723.0,1.0,,SASDLV4_fit1_model1.pdb,SASDLV4/single_result/rodada_3/report.txt
SASDLV5,single,rodada_1,25.167206,,,,,,0.05,78.0,1.0,,SASDLV5_fit1_model1.pdb,SASDLV5/single_result/rodada_1/report.txt
SASDLV5,single,rodada_2,25.167206,,,,,,0.05,78.0,1.0,,SASDLV5_fit1_model1.pdb,SASDLV5/single_result/rodada_2/report.txt
SASDLV5,single,rodada_3,25.167206,,,,,,0.05,78.0,1.0,,SASDLV5_fit1_model1.pdb,SASDLV5/single_result/rodada_3/report.txt
SASDLV8,packing,rodada_1,5.262746,2.837884,4.0271,YES,3.0,50.0,0.17,1707.0,,3,,SASDLV8/packing_result/rodada_1/report.txt
SASDLV8,packing,rodada_2,3.978812,3.07903,3.9788,YES,3.0,50.0,0.16,1707.0,,3,,SASDLV8/packing_result/rodada_2/report.txt
SASDLV8,packing,rodada_3,3.612752,2.794801,3.6128,YES,3.0,50.0,0.17,1707.0,,3,,SASDLV8/packing_result/rodada_3/report.txt
SASDLW2,packing,rodada_1,7.998102,7.998102,7.9981,YES,2.0,50.0,0.06,1050.0,,2,,SASDLW2/packing_result/rodada_1/report.txt
SASDLW2,packing,rodada_2,9.422567,9.422567,9.4226,NO,2.0,50.0,0.06,1050.0,,2,,SASDLW2/packing_result/rodada_2/report.txt
SASDLW2,packing,rodada_3,9.340381,9.340381,9.3404,NO,2.0,50.0,0.06,1050.0,,2,,SASDLW2/packing_result/rodada_3/report.txt
SASDLW4,packing,rodada_1,3.493015,3.12581,3.4358,YES,2.0,50.0,0.21,732.0,,2,,SASDLW4/packing_result/rodada_1/report.txt
SASDLW4,packing,rodada_2,3.696044,3.442331,3.696,YES,2.0,50.0,0.2,732.0,,2,,SASDLW4/packing_result/rodada_2/report.txt
SASDLW4,packing,rodada_3,3.695672,3.523878,3.6957,YES,2.0,50.0,0.21,732.0,,2,,SASDLW4/packing_result/rodada_3/report.txt
SASDLW8,packing,rodada_1,3.993712,2.475582,3.4554,YES,3.0,50.0,0.17,1891.0,,3,,SASDLW8/packing_result/rodada_1/report.txt
SASDLW8,packing,rodada_2,4.227846,2.316956,3.204,YES,3.0,50.0,0.17,1891.0,,3,,SASDLW8/packing_result/rodada_2/report.txt
SASDLW8,packing,rodada_3,4.662839,2.911133,3.4276,YES,3.0,50.0,0.17,1891.0,,3,,SASDLW8/packing_result/rodada_3/report.txt
SASDLX2,single,rodada_1,17.249319,,,,,,1.62,1812.0,1.0,,SASDLX2_fit1_model1.pdb,SASDLX2/single_result/rodada_1/report.txt
SASDLX2,single,rodada_2,17.249319,,,,,,1.62,1812.0,1.0,,SASDLX2_fit1_model1.pdb,SASDLX2/single_result/rodada_2/report.txt
SASDLX2,single,rodada_3,17.249319,,,,,,1.62,1812.0,1.0,,SASDLX2_fit1_model1.pdb,SASDLX2/single_result/rodada_3/report.txt
SASDLX5,single,rodada_1,3.508194,,,,,,0.59,1329.0,1.0,,SASDLX5_fit1_model1.pdb,SASDLX5/single_result/rodada_1/report.txt
SASDLX5,single,rodada_2,3.508194,,,,,,0.59,1329.0,1.0,,SASDLX5_fit1_model1.pdb,SASDLX5/single_result/rodada_2/report.txt
SASDLX5,single,rodada_3,3.508194,,,,,,0.59,1329.0,1.0,,SASDLX5_fit1_model1.pdb,SASDLX5/single_result/rodada_3/report.txt
SASDLX8,packing,rodada_1,5.990238,3.642613,5.1505,YES,3.0,50.0,0.15,1015.0,,3,,SASDLX8/packing_result/rodada_1/report.txt
SASDLX8,packing,rodada_2,4.864588,3.537636,4.3353,YES,3.0,50.0,0.15,1015.0,,3,,SASDLX8/packing_result/rodada_2/report.txt
SASDLX8,packing,rodada_3,5.705738,3.733532,4.3632,YES,3.0,50.0,0.14,1015.0,,3,,SASDLX8/packing_result/rodada_3/report.txt
SASDLY2,single,rodada_1,10.964962,,,,,,1.53,1781.0,1.0,,SASDLY2_fit1_model1.pdb,SASDLY2/single_result/rodada_1/report.txt
SASDLY2,single,rodada_2,10.964962,,,,,,1.52,1781.0,1.0,,SASDLY2_fit1_model1.pdb,SASDLY2/single_result/rodada_2/report.txt
SASDLY2,single,rodada_3,10.964962,,,,,,1.52,1781.0,1.0,,SASDLY2_fit1_model1.pdb,SASDLY2/single_result/rodada_3/report.txt
SASDLY5,packing,rodada_1,5.611038,3.350498,3.727,YES,2.0,50.0,0.56,2160.0,,2,,SASDLY5/packing_result/rodada_1/report.txt
SASDLY5,packing,rodada_2,6.108853,3.220104,3.6669,YES,2.0,50.0,0.55,2160.0,,2,,SASDLY5/packing_result/rodada_2/report.txt
SASDLY5,packing,rodada_3,6.342495,3.460428,3.9805,YES,2.0,50.0,0.55,2160.0,,2,,SASDLY5/packing_result/rodada_3/report.txt
SASDLY6,single,rodada_1,11.206172,,,,,,1.24,205.0,1.0,,SASDLY6_fit1_model1.pdb,SASDLY6/single_result/rodada_1/report.txt
SASDLY6,single,rodada_2,11.206172,,,,,,1.24,205.0,1.0,,SASDLY6_fit1_model1.pdb,SASDLY6/single_result/rodada_2/report.txt
SASDLY6,single,rodada_3,11.206172,,,,,,1.24,205.0,1.0,,SASDLY6_fit1_model1.pdb,SASDLY6/single_result/rodada_3/report.txt
SASDLY8,packing,rodada_1,14.289012,4.959255,6.6012,YES,4.0,50.0,0.59,826.0,,4,,SASDLY8/packing_result/rodada_1/report.txt
SASDLY8,packing,rodada_2,14.291508,4.917465,6.2707,YES,4.0,50.0,0.57,826.0,,4,,SASDLY8/packing_result/rodada_2/report.txt
SASDLY8,packing,rodada_3,14.221511,4.164101,4.7916,YES,4.0,50.0,0.58,826.0,,4,,SASDLY8/packing_result/rodada_3/report.txt
SASDLY9,single,rodada_1,11.087268,,,,,,0.37,957.0,1.0,,SASDLY9_fit1_model1.pdb,SASDLY9/single_result/rodada_1/report.txt
SASDLY9,single,rodada_2,11.087268,,,,,,0.37,957.0,1.0,,SASDLY9_fit1_model1.pdb,SASDLY9/single_result/rodada_2/report.txt
SASDLY9,single,rodada_3,11.087268,,,,,,0.37,957.0,1.0,,SASDLY9_fit1_model1.pdb,SASDLY9/single_result/rodada_3/report.txt
SASDLZ2,single,rodada_1,11.220465,,,,,,0.97,199.0,1.0,,SASDLZ2_fit1_model1.pdb,SASDLZ2/single_result/rodada_1/report.txt
SASDLZ2,single,rodada_2,11.220465,,,,,,0.99,199.0,1.0,,SASDLZ2_fit1_model1.pdb,SASDLZ2/single_result/rodada_2/report.txt
SASDLZ2,single,rodada_3,11.220465,,,,,,0.98,199.0,1.0,,SASDLZ2_fit1_model1.pdb,SASDLZ2/single_result/rodada_3/report.txt
SASDLZ5,single,rodada_1,17.907655,,,,,,0.68,1288.0,1.0,,SASDLZ5_fit1_model1.pdb,SASDLZ5/single_result/rodada_1/report.txt
SASDLZ5,single,rodada_2,17.907655,,,,,,0.67,1288.0,1.0,,SASDLZ5_fit1_model1.pdb,SASDLZ5/single_result/rodada_2/report.txt
SASDLZ5,single,rodada_3,17.907655,,,,,,0.68,1288.0,1.0,,SASDLZ5_fit1_model1.pdb,SASDLZ5/single_result/rodada_3/report.txt
SASDLZ6,packing,rodada_1,22.648147,7.556577,8.12,YES,2.0,50.0,5.1,1092.0,,2,,SASDLZ6/packing_result/rodada_1/report.txt
SASDLZ6,packing,rodada_2,23.918968,8.035406,8.4896,YES,2.0,50.0,5.08,1092.0,,2,,SASDLZ6/packing_result/rodada_2/report.txt
SASDLZ6,packing,rodada_3,22.890419,7.5017,7.9643,YES,2.0,50.0,5.04,1092.0,,2,,SASDLZ6/packing_result/rodada_3/report.txt
SASDLZ8,packing,rodada_1,5.357,4.114019,5.357,YES,3.0,50.0,0.14,1017.0,,3,,SASDLZ8/packing_result/rodada_1/report.txt
SASDLZ8,packing,rodada_2,4.618127,3.213692,4.6181,YES,3.0,50.0,0.15,1017.0,,3,,SASDLZ8/packing_result/rodada_2/report.txt
SASDLZ8,packing,rodada_3,5.125119,3.290573,4.4201,YES,3.0,50.0,0.15,1017.0,,3,,SASDLZ8/packing_result/rodada_3/report.txt
SASDLZ9,packing,rodada_1,3.419103,2.558102,3.4155,YES,6.0,50.0,1.32,1271.0,,6,,SASDLZ9/packing_result/rodada_1/report.txt
SASDLZ9,packing,rodada_2,3.721244,2.311216,3.7212,YES,6.0,50.0,1.31,1271.0,,6,,SASDLZ9/packing_result/rodada_2/report.txt
SASDLZ9,packing,rodada_3,4.074334,2.517324,3.756,YES,6.0,50.0,1.3,1271.0,,6,,SASDLZ9/packing_result/rodada_3/report.txt
SASDM22,packing,rodada_1,5.039765,2.79332,4.2828,YES,7.0,50.0,1.52,1045.0,,7,,SASDM22/packing_result/rodada_1/report.txt
SASDM22,packing,rodada_2,5.281861,3.807105,5.1902,YES,7.0,50.0,1.56,1045.0,,7,,SASDM22/packing_result/rodada_2/report.txt
SASDM22,packing,rodada_3,6.004919,3.404654,4.7991,YES,7.0,50.0,1.61,1045.0,,7,,SASDM22/packing_result/rodada_3/report.txt
SASDM23,single,rodada_1,23.400077,,,,,,0.09,771.0,1.0,,SASDM23_fit1_model1.pdb,SASDM23/single_result/rodada_1/report.txt
SASDM23,single,rodada_2,23.400077,,,,,,0.08,771.0,1.0,,SASDM23_fit1_model1.pdb,SASDM23/single_result/rodada_2/report.txt
SASDM23,single,rodada_3,23.400077,,,,,,0.08,771.0,1.0,,SASDM23_fit1_model1.pdb,SASDM23/single_result/rodada_3/report.txt
SASDM25,single,rodada_1,9.062084,,,,,,0.92,1459.0,1.0,,SASDM25_fit1_model1.pdb,SASDM25/single_result/rodada_1/report.txt
SASDM25,single,rodada_2,9.062084,,,,,,0.9,1459.0,1.0,,SASDM25_fit1_model1.pdb,SASDM25/single_result/rodada_2/report.txt
SASDM25,single,rodada_3,9.062084,,,,,,0.91,1459.0,1.0,,SASDM25_fit1_model1.pdb,SASDM25/single_result/rodada_3/report.txt
SASDM27,single,rodada_1,8.804569,,,,,,0.13,1033.0,1.0,,SASDM27_fit1_model1.pdb,SASDM27/single_result/rodada_1/report.txt
SASDM27,single,rodada_2,8.804569,,,,,,0.13,1033.0,1.0,,SASDM27_fit1_model1.pdb,SASDM27/single_result/rodada_2/report.txt
SASDM27,single,rodada_3,8.804569,,,,,,0.13,1033.0,1.0,,SASDM27_fit1_model1.pdb,SASDM27/single_result/rodada_3/report.txt
SASDM33,single,rodada_1,22.307335,,,,,,0.1,1161.0,1.0,,SASDM33_fit1_model1.pdb,SASDM33/single_result/rodada_1/report.txt
SASDM33,single,rodada_2,22.307335,,,,,,0.1,1161.0,1.0,,SASDM33_fit1_model1.pdb,SASDM33/single_result/rodada_2/report.txt
SASDM33,single,rodada_3,22.307335,,,,,,0.1,1161.0,1.0,,SASDM33_fit1_model1.pdb,SASDM33/single_result/rodada_3/report.txt
SASDM35,single,rodada_1,7.590537,,,,,,0.96,1528.0,1.0,,SASDM35_fit1_model1.pdb,SASDM35/single_result/rodada_1/report.txt
SASDM35,single,rodada_2,7.590537,,,,,,0.95,1528.0,1.0,,SASDM35_fit1_model1.pdb,SASDM35/single_result/rodada_2/report.txt
SASDM35,single,rodada_3,7.590537,,,,,,0.95,1528.0,1.0,,SASDM35_fit1_model1.pdb,SASDM35/single_result/rodada_3/report.txt
SASDM36,single,rodada_1,3.128481,,,,,,0.62,2047.0,1.0,,SASDM36_fit1_model1.pdb,SASDM36/single_result/rodada_1/report.txt
SASDM36,single,rodada_2,3.128481,,,,,,0.62,2047.0,1.0,,SASDM36_fit1_model1.pdb,SASDM36/single_result/rodada_2/report.txt
SASDM36,single,rodada_3,3.128481,,,,,,0.62,2047.0,1.0,,SASDM36_fit1_model1.pdb,SASDM36/single_result/rodada_3/report.txt
SASDM44,single,rodada_1,151.401674,,,,,,0.06,179.0,1.0,,SASDM44_fit1_model1.pdb,SASDM44/single_result/rodada_1/report.txt
SASDM44,single,rodada_2,151.401674,,,,,,0.06,179.0,1.0,,SASDM44_fit1_model1.pdb,SASDM44/single_result/rodada_2/report.txt
SASDM44,single,rodada_3,151.401674,,,,,,0.06,179.0,1.0,,SASDM44_fit1_model1.pdb,SASDM44/single_result/rodada_3/report.txt
SASDM45,packing,rodada_1,4.079085,3.746401,4.0791,YES,2.0,50.0,1.0,1388.0,,2,,SASDM45/packing_result/rodada_1/report.txt
SASDM45,packing,rodada_2,6.188422,6.0062,6.1884,YES,2.0,50.0,1.0,1388.0,,2,,SASDM45/packing_result/rodada_2/report.txt
SASDM45,packing,rodada_3,4.108597,3.808603,4.1086,YES,2.0,50.0,1.01,1388.0,,2,,SASDM45/packing_result/rodada_3/report.txt
SASDM54,single,rodada_1,127.418056,,,,,,0.08,457.0,1.0,,SASDM54_fit1_model1.pdb,SASDM54/single_result/rodada_1/report.txt
SASDM54,single,rodada_2,127.418056,,,,,,0.08,457.0,1.0,,SASDM54_fit1_model1.pdb,SASDM54/single_result/rodada_2/report.txt
SASDM54,single,rodada_3,127.418056,,,,,,0.08,457.0,1.0,,SASDM54_fit1_model1.pdb,SASDM54/single_result/rodada_3/report.txt
SASDM55,packing,rodada_1,2.745058,2.181637,2.5344,YES,2.0,50.0,0.13,1103.0,,2,,SASDM55/packing_result/rodada_1/report.txt
SASDM55,packing,rodada_2,2.963864,2.138346,2.2677,YES,2.0,50.0,0.13,1103.0,,2,,SASDM55/packing_result/rodada_2/report.txt
SASDM55,packing,rodada_3,3.153922,2.181646,2.3073,YES,2.0,50.0,0.13,1103.0,,2,,SASDM55/packing_result/rodada_3/report.txt
SASDM56,single,rodada_1,1.776306,,,,,,0.25,1379.0,1.0,,SASDM56_fit1_model1.pdb,SASDM56/single_result/rodada_1/report.txt
SASDM56,single,rodada_2,1.776306,,,,,,0.25,1379.0,1.0,,SASDM56_fit1_model1.pdb,SASDM56/single_result/rodada_2/report.txt
SASDM56,single,rodada_3,1.776306,,,,,,0.25,1379.0,1.0,,SASDM56_fit1_model1.pdb,SASDM56/single_result/rodada_3/report.txt
SASDM63,single,rodada_1,2.985685,,,,,,0.4,950.0,1.0,,SASDM63_fit1_model1.pdb,SASDM63/single_result/rodada_1/report.txt
SASDM63,single,rodada_2,2.985685,,,,,,0.39,950.0,1.0,,SASDM63_fit1_model1.pdb,SASDM63/single_result/rodada_2/report.txt
SASDM63,single,rodada_3,2.985685,,,,,,0.4,950.0,1.0,,SASDM63_fit1_model1.pdb,SASDM63/single_result/rodada_3/report.txt
SASDM64,single,rodada_1,168.516641,,,,,,0.07,339.0,1.0,,SASDM64_fit1_model1.pdb,SASDM64/single_result/rodada_1/report.txt
SASDM64,single,rodada_2,168.516641,,,,,,0.08,339.0,1.0,,SASDM64_fit1_model1.pdb,SASDM64/single_result/rodada_2/report.txt
SASDM64,single,rodada_3,168.516641,,,,,,0.07,339.0,1.0,,SASDM64_fit1_model1.pdb,SASDM64/single_result/rodada_3/report.txt
SASDM65,single,rodada_1,6.781411,,,,,,0.14,1496.0,1.0,,SASDM65_fit1_model1.pdb,SASDM65/single_result/rodada_1/report.txt
SASDM65,single,rodada_2,6.781411,,,,,,0.14,1496.0,1.0,,SASDM65_fit1_model1.pdb,SASDM65/single_result/rodada_2/report.txt
SASDM65,single,rodada_3,6.781411,,,,,,0.14,1496.0,1.0,,SASDM65_fit1_model1.pdb,SASDM65/single_result/rodada_3/report.txt
SASDM66,single,rodada_1,1.947424,,,,,,0.24,1191.0,1.0,,SASDM66_fit1_model1.pdb,SASDM66/single_result/rodada_1/report.txt
SASDM66,single,rodada_2,1.947424,,,,,,0.23,1191.0,1.0,,SASDM66_fit1_model1.pdb,SASDM66/single_result/rodada_2/report.txt
SASDM66,single,rodada_3,1.947424,,,,,,0.24,1191.0,1.0,,SASDM66_fit1_model1.pdb,SASDM66/single_result/rodada_3/report.txt
SASDM67,packing,rodada_1,11.074676,9.332915,10.9891,YES,2.0,50.0,0.8,277.0,,2,,SASDM67/packing_result/rodada_1/report.txt
SASDM67,packing,rodada_2,10.641771,9.049023,10.6418,YES,2.0,50.0,0.79,277.0,,2,,SASDM67/packing_result/rodada_2/report.txt
SASDM67,packing,rodada_3,11.302545,9.251739,11.3025,YES,2.0,50.0,0.8,277.0,,2,,SASDM67/packing_result/rodada_3/report.txt
SASDM73,single,rodada_1,3.488035,,,,,,0.06,374.0,1.0,,SASDM73_fit1_model1.pdb,SASDM73/single_result/rodada_1/report.txt
SASDM73,single,rodada_2,3.488035,,,,,,0.06,374.0,1.0,,SASDM73_fit1_model1.pdb,SASDM73/single_result/rodada_2/report.txt
SASDM73,single,rodada_3,3.488035,,,,,,0.06,374.0,1.0,,SASDM73_fit1_model1.pdb,SASDM73/single_result/rodada_3/report.txt
SASDM74,single,rodada_1,183.276941,,,,,,0.14,626.0,1.0,,SASDM74_fit1_model1.pdb,SASDM74/single_result/rodada_1/report.txt
SASDM74,single,rodada_2,183.276941,,,,,,0.14,626.0,1.0,,SASDM74_fit1_model1.pdb,SASDM74/single_result/rodada_2/report.txt
SASDM74,single,rodada_3,183.276941,,,,,,0.14,626.0,1.0,,SASDM74_fit1_model1.pdb,SASDM74/single_result/rodada_3/report.txt
SASDM75,packing,rodada_1,7.052687,5.507199,7.0527,YES,2.0,50.0,0.3,1694.0,,2,,SASDM75/packing_result/rodada_1/report.txt
SASDM75,packing,rodada_2,7.467482,4.628974,6.42,YES,2.0,50.0,0.29,1694.0,,2,,SASDM75/packing_result/rodada_2/report.txt
SASDM75,packing,rodada_3,9.742597,4.250283,4.8683,YES,2.0,50.0,0.29,1694.0,,2,,SASDM75/packing_result/rodada_3/report.txt
SASDM76,single,rodada_1,2.43016,,,,,,0.3,1333.0,1.0,,SASDM76_fit1_model1.pdb,SASDM76/single_result/rodada_1/report.txt
SASDM76,single,rodada_2,2.43016,,,,,,0.3,1333.0,1.0,,SASDM76_fit1_model1.pdb,SASDM76/single_result/rodada_2/report.txt
SASDM76,single,rodada_3,2.43016,,,,,,0.3,1333.0,1.0,,SASDM76_fit1_model1.pdb,SASDM76/single_result/rodada_3/report.txt
SASDM77,single,rodada_1,18.920172,,,,,,0.08,645.0,1.0,,SASDM77_fit1_model1.pdb,SASDM77/single_result/rodada_1/report.txt
SASDM77,single,rodada_2,18.920172,,,,,,0.08,645.0,1.0,,SASDM77_fit1_model1.pdb,SASDM77/single_result/rodada_2/report.txt
SASDM77,single,rodada_3,18.920172,,,,,,0.08,645.0,1.0,,SASDM77_fit1_model1.pdb,SASDM77/single_result/rodada_3/report.txt
SASDM82,single,rodada_1,2.541417,,,,,,0.24,489.0,1.0,,SASDM82_fit1_model1.pdb,SASDM82/single_result/rodada_1/report.txt
SASDM82,single,rodada_2,2.541417,,,,,,0.24,489.0,1.0,,SASDM82_fit1_model1.pdb,SASDM82/single_result/rodada_2/report.txt
SASDM82,single,rodada_3,2.541417,,,,,,0.24,489.0,1.0,,SASDM82_fit1_model1.pdb,SASDM82/single_result/rodada_3/report.txt
SASDM83,single,rodada_1,2.231479,,,,,,0.08,355.0,1.0,,SASDM83_fit1_model1.pdb,SASDM83/single_result/rodada_1/report.txt
SASDM83,single,rodada_2,2.231479,,,,,,0.07,355.0,1.0,,SASDM83_fit1_model1.pdb,SASDM83/single_result/rodada_2/report.txt
SASDM83,single,rodada_3,2.231479,,,,,,0.06,355.0,1.0,,SASDM83_fit1_model1.pdb,SASDM83/single_result/rodada_3/report.txt
SASDM85,packing,rodada_1,4.301762,4.093479,4.3018,YES,2.0,50.0,0.46,5591.0,,2,,SASDM85/packing_result/rodada_1/report.txt
SASDM85,packing,rodada_2,5.545489,3.710564,4.9764,YES,2.0,50.0,0.47,5591.0,,2,,SASDM85/packing_result/rodada_2/report.txt
SASDM85,packing,rodada_3,3.828965,3.763364,3.829,YES,2.0,50.0,0.44,5591.0,,2,,SASDM85/packing_result/rodada_3/report.txt
SASDM86,single,rodada_1,1.612502,,,,,,0.3,1950.0,1.0,,SASDM86_fit1_model1.pdb,SASDM86/single_result/rodada_1/report.txt
SASDM86,single,rodada_2,1.612502,,,,,,0.3,1950.0,1.0,,SASDM86_fit1_model1.pdb,SASDM86/single_result/rodada_2/report.txt
SASDM86,single,rodada_3,1.612502,,,,,,0.3,1950.0,1.0,,SASDM86_fit1_model1.pdb,SASDM86/single_result/rodada_3/report.txt
SASDM87,single,rodada_1,10.220665,,,,,,0.09,500.0,1.0,,SASDM87_fit1_model1.pdb,SASDM87/single_result/rodada_1/report.txt
SASDM87,single,rodada_2,10.220665,,,,,,0.09,500.0,1.0,,SASDM87_fit1_model1.pdb,SASDM87/single_result/rodada_2/report.txt
SASDM87,single,rodada_3,10.220665,,,,,,0.09,500.0,1.0,,SASDM87_fit1_model1.pdb,SASDM87/single_result/rodada_3/report.txt
SASDM93,single,rodada_1,1.949773,,,,,,0.09,550.0,1.0,,SASDM93_fit1_model1.pdb,SASDM93/single_result/rodada_1/report.txt
SASDM93,single,rodada_2,1.949773,,,,,,0.08,550.0,1.0,,SASDM93_fit1_model1.pdb,SASDM93/single_result/rodada_2/report.txt
SASDM93,single,rodada_3,1.949773,,,,,,0.08,550.0,1.0,,SASDM93_fit1_model1.pdb,SASDM93/single_result/rodada_3/report.txt
SASDM95,single,rodada_1,8.098172,,,,,,0.32,4264.0,1.0,,SASDM95_fit1_model1.pdb,SASDM95/single_result/rodada_1/report.txt
SASDM95,single,rodada_2,8.098172,,,,,,0.32,4264.0,1.0,,SASDM95_fit1_model1.pdb,SASDM95/single_result/rodada_2/report.txt
SASDM95,single,rodada_3,8.098172,,,,,,0.33,4264.0,1.0,,SASDM95_fit1_model1.pdb,SASDM95/single_result/rodada_3/report.txt
SASDM96,single,rodada_1,1.902404,,,,,,0.29,1570.0,1.0,,SASDM96_fit1_model1.pdb,SASDM96/single_result/rodada_1/report.txt
SASDM96,single,rodada_2,1.902404,,,,,,0.29,1570.0,1.0,,SASDM96_fit1_model1.pdb,SASDM96/single_result/rodada_2/report.txt
SASDM96,single,rodada_3,1.902404,,,,,,0.28,1570.0,1.0,,SASDM96_fit1_model1.pdb,SASDM96/single_result/rodada_3/report.txt
SASDM97,single,rodada_1,3.937003,,,,,,0.35,859.0,1.0,,SASDM97_fit1_model1.pdb,SASDM97/single_result/rodada_1/report.txt
SASDM97,single,rodada_2,3.937003,,,,,,0.35,859.0,1.0,,SASDM97_fit1_model1.pdb,SASDM97/single_result/rodada_2/report.txt
SASDM97,single,rodada_3,3.937003,,,,,,0.35,859.0,1.0,,SASDM97_fit1_model1.pdb,SASDM97/single_result/rodada_3/report.txt
SASDMA3,single,rodada_1,3.492889,,,,,,0.08,558.0,1.0,,SASDMA3_fit1_model1.pdb,SASDMA3/single_result/rodada_1/report.txt
SASDMA3,single,rodada_2,3.492889,,,,,,0.08,558.0,1.0,,SASDMA3_fit1_model1.pdb,SASDMA3/single_result/rodada_2/report.txt
SASDMA3,single,rodada_3,3.492889,,,,,,0.08,558.0,1.0,,SASDMA3_fit1_model1.pdb,SASDMA3/single_result/rodada_3/report.txt
SASDMA5,single,rodada_1,2.029145,,,,,,0.32,1441.0,1.0,,SASDMA5_fit1_model1.pdb,SASDMA5/single_result/rodada_1/report.txt
SASDMA5,single,rodada_2,2.029145,,,,,,0.32,1441.0,1.0,,SASDMA5_fit1_model1.pdb,SASDMA5/single_result/rodada_2/report.txt
SASDMA5,single,rodada_3,2.029145,,,,,,0.31,1441.0,1.0,,SASDMA5_fit1_model1.pdb,SASDMA5/single_result/rodada_3/report.txt
SASDMA6,single,rodada_1,2.176593,,,,,,0.24,1098.0,1.0,,SASDMA6_fit1_model1.pdb,SASDMA6/single_result/rodada_1/report.txt
SASDMA6,single,rodada_2,2.176593,,,,,,0.24,1098.0,1.0,,SASDMA6_fit1_model1.pdb,SASDMA6/single_result/rodada_2/report.txt
SASDMA6,single,rodada_3,2.176593,,,,,,0.24,1098.0,1.0,,SASDMA6_fit1_model1.pdb,SASDMA6/single_result/rodada_3/report.txt
SASDMA7,single,rodada_1,39.995673,,,,,,0.06,171.0,1.0,,SASDMA7_fit1_model1.pdb,SASDMA7/single_result/rodada_1/report.txt
SASDMA7,single,rodada_2,39.995673,,,,,,0.06,171.0,1.0,,SASDMA7_fit1_model1.pdb,SASDMA7/single_result/rodada_2/report.txt
SASDMA7,single,rodada_3,39.995673,,,,,,0.06,171.0,1.0,,SASDMA7_fit1_model1.pdb,SASDMA7/single_result/rodada_3/report.txt
SASDMA9,single,rodada_1,3.807125,,,,,,2.0,1621.0,1.0,,SASDMA9_fit1_model1.pdb,SASDMA9/single_result/rodada_1/report.txt
SASDMA9,single,rodada_2,3.807125,,,,,,2.01,1621.0,1.0,,SASDMA9_fit1_model1.pdb,SASDMA9/single_result/rodada_2/report.txt
SASDMA9,single,rodada_3,3.807125,,,,,,1.99,1621.0,1.0,,SASDMA9_fit1_model1.pdb,SASDMA9/single_result/rodada_3/report.txt
SASDMB3,single,rodada_1,2.047899,,,,,,0.06,310.0,1.0,,SASDMB3_fit1_model1.pdb,SASDMB3/single_result/rodada_1/report.txt
SASDMB3,single,rodada_2,2.047899,,,,,,0.06,310.0,1.0,,SASDMB3_fit1_model1.pdb,SASDMB3/single_result/rodada_2/report.txt
SASDMB3,single,rodada_3,2.047899,,,,,,0.06,310.0,1.0,,SASDMB3_fit1_model1.pdb,SASDMB3/single_result/rodada_3/report.txt
SASDMB6,single,rodada_1,1.695239,,,,,,0.25,1363.0,1.0,,SASDMB6_fit1_model1.pdb,SASDMB6/single_result/rodada_1/report.txt
SASDMB6,single,rodada_2,1.695239,,,,,,0.25,1363.0,1.0,,SASDMB6_fit1_model1.pdb,SASDMB6/single_result/rodada_2/report.txt
SASDMB6,single,rodada_3,1.695239,,,,,,0.25,1363.0,1.0,,SASDMB6_fit1_model1.pdb,SASDMB6/single_result/rodada_3/report.txt
SASDMB7,single,rodada_1,10.453795,,,,,,0.15,781.0,1.0,,SASDMB7_fit1_model1.pdb,SASDMB7/single_result/rodada_1/report.txt
SASDMB7,single,rodada_2,10.453795,,,,,,0.14,781.0,1.0,,SASDMB7_fit1_model1.pdb,SASDMB7/single_result/rodada_2/report.txt
SASDMB7,single,rodada_3,10.453795,,,,,,0.14,781.0,1.0,,SASDMB7_fit1_model1.pdb,SASDMB7/single_result/rodada_3/report.txt
SASDMC2,packing,rodada_1,2.638317,2.227439,2.3205,YES,2.0,50.0,4.73,201.0,,2,,SASDMC2/packing_result/rodada_1/report.txt
SASDMC2,packing,rodada_2,2.292311,2.190751,2.2923,YES,2.0,50.0,4.77,201.0,,2,,SASDMC2/packing_result/rodada_2/report.txt
SASDMC2,packing,rodada_3,2.773221,2.261872,2.292,YES,2.0,50.0,4.75,201.0,,2,,SASDMC2/packing_result/rodada_3/report.txt
SASDMC4,packing,rodada_1,13.122723,12.68462,13.1227,YES,2.0,50.0,0.71,4848.0,,2,,SASDMC4/packing_result/rodada_1/report.txt
SASDMC4,packing,rodada_2,16.090343,16.106419,16.0903,NO,2.0,50.0,0.71,4848.0,,2,,SASDMC4/packing_result/rodada_2/report.txt
SASDMC4,packing,rodada_3,4.135492,4.003339,4.1355,YES,2.0,50.0,0.68,4848.0,,2,,SASDMC4/packing_result/rodada_3/report.txt
SASDMC6,single,rodada_1,2.10096,,,,,,0.29,1683.0,1.0,,SASDMC6_fit1_model1.pdb,SASDMC6/single_result/rodada_1/report.txt
SASDMC6,single,rodada_2,2.10096,,,,,,0.29,1683.0,1.0,,SASDMC6_fit1_model1.pdb,SASDMC6/single_result/rodada_2/report.txt
SASDMC6,single,rodada_3,2.10096,,,,,,0.29,1683.0,1.0,,SASDMC6_fit1_model1.pdb,SASDMC6/single_result/rodada_3/report.txt
SASDMC7,single,rodada_1,7.417777,,,,,,0.07,246.0,1.0,,SASDMC7_fit1_model1.pdb,SASDMC7/single_result/rodada_1/report.txt
SASDMC7,single,rodada_2,7.417777,,,,,,0.07,246.0,1.0,,SASDMC7_fit1_model1.pdb,SASDMC7/single_result/rodada_2/report.txt
SASDMC7,single,rodada_3,7.417777,,,,,,0.07,246.0,1.0,,SASDMC7_fit1_model1.pdb,SASDMC7/single_result/rodada_3/report.txt
SASDMC9,single,rodada_1,4.467336,,,,,,1.01,762.0,1.0,,SASDMC9_fit1_model1.pdb,SASDMC9/single_result/rodada_1/report.txt
SASDMC9,single,rodada_2,4.467336,,,,,,1.0,762.0,1.0,,SASDMC9_fit1_model1.pdb,SASDMC9/single_result/rodada_2/report.txt
SASDMC9,single,rodada_3,4.467336,,,,,,1.0,762.0,1.0,,SASDMC9_fit1_model1.pdb,SASDMC9/single_result/rodada_3/report.txt
SASDMD2,packing,rodada_1,3.069713,2.603825,2.6766,YES,2.0,50.0,4.64,193.0,,2,,SASDMD2/packing_result/rodada_1/report.txt
SASDMD2,packing,rodada_2,2.201956,2.11882,2.202,YES,2.0,50.0,4.65,193.0,,2,,SASDMD2/packing_result/rodada_2/report.txt
SASDMD2,packing,rodada_3,2.606343,2.525562,2.6063,YES,2.0,50.0,4.66,193.0,,2,,SASDMD2/packing_result/rodada_3/report.txt
SASDMD3,single,rodada_1,4.395742,,,,,,0.08,520.0,1.0,,SASDMD3_fit1_model1.pdb,SASDMD3/single_result/rodada_1/report.txt
SASDMD3,single,rodada_2,4.395742,,,,,,0.07,520.0,1.0,,SASDMD3_fit1_model1.pdb,SASDMD3/single_result/rodada_2/report.txt
SASDMD3,single,rodada_3,4.395742,,,,,,0.07,520.0,1.0,,SASDMD3_fit1_model1.pdb,SASDMD3/single_result/rodada_3/report.txt
SASDMD4,single,rodada_1,7.47028,,,,,,1.26,1812.0,1.0,,SASDMD4_fit1_model1.pdb,SASDMD4/single_result/rodada_1/report.txt
SASDMD4,single,rodada_2,7.47028,,,,,,1.26,1812.0,1.0,,SASDMD4_fit1_model1.pdb,SASDMD4/single_result/rodada_2/report.txt
SASDMD4,single,rodada_3,7.47028,,,,,,1.27,1812.0,1.0,,SASDMD4_fit1_model1.pdb,SASDMD4/single_result/rodada_3/report.txt
SASDMD6,single,rodada_1,2.103617,,,,,,0.26,1424.0,1.0,,SASDMD6_fit1_model1.pdb,SASDMD6/single_result/rodada_1/report.txt
SASDMD6,single,rodada_2,2.103617,,,,,,0.25,1424.0,1.0,,SASDMD6_fit1_model1.pdb,SASDMD6/single_result/rodada_2/report.txt
SASDMD6,single,rodada_3,2.103617,,,,,,0.25,1424.0,1.0,,SASDMD6_fit1_model1.pdb,SASDMD6/single_result/rodada_3/report.txt
SASDME2,packing,rodada_1,2.819519,2.336136,2.4176,YES,2.0,50.0,4.63,202.0,,2,,SASDME2/packing_result/rodada_1/report.txt
SASDME2,packing,rodada_2,3.315977,2.561737,2.6536,YES,2.0,50.0,4.7,202.0,,2,,SASDME2/packing_result/rodada_2/report.txt
SASDME2,packing,rodada_3,2.88873,2.336194,2.4187,YES,2.0,50.0,4.68,202.0,,2,,SASDME2/packing_result/rodada_3/report.txt
SASDME3,single,rodada_1,2.266778,,,,,,0.09,512.0,1.0,,SASDME3_fit1_model1.pdb,SASDME3/single_result/rodada_1/report.txt
SASDME3,single,rodada_2,2.266778,,,,,,0.08,512.0,1.0,,SASDME3_fit1_model1.pdb,SASDME3/single_result/rodada_2/report.txt
SASDME3,single,rodada_3,2.266778,,,,,,0.09,512.0,1.0,,SASDME3_fit1_model1.pdb,SASDME3/single_result/rodada_3/report.txt
SASDME4,single,rodada_1,7.026148,,,,,,0.75,1898.0,1.0,,SASDME4_fit1_model1.pdb,SASDME4/single_result/rodada_1/report.txt
SASDME4,single,rodada_2,7.026148,,,,,,0.75,1898.0,1.0,,SASDME4_fit1_model1.pdb,SASDME4/single_result/rodada_2/report.txt
SASDME4,single,rodada_3,7.026148,,,,,,0.74,1898.0,1.0,,SASDME4_fit1_model1.pdb,SASDME4/single_result/rodada_3/report.txt
SASDME6,single,rodada_1,2.933476,,,,,,0.28,1155.0,1.0,,SASDME6_fit1_model1.pdb,SASDME6/single_result/rodada_1/report.txt
SASDME6,single,rodada_2,2.933476,,,,,,0.28,1155.0,1.0,,SASDME6_fit1_model1.pdb,SASDME6/single_result/rodada_2/report.txt
SASDME6,single,rodada_3,2.933476,,,,,,0.28,1155.0,1.0,,SASDME6_fit1_model1.pdb,SASDME6/single_result/rodada_3/report.txt
SASDMF2,packing,rodada_1,2.467297,2.401571,2.4673,YES,2.0,50.0,4.83,230.0,,2,,SASDMF2/packing_result/rodada_1/report.txt
SASDMF2,packing,rodada_2,2.982656,2.260234,2.5817,YES,2.0,50.0,4.7,230.0,,2,,SASDMF2/packing_result/rodada_2/report.txt
SASDMF2,packing,rodada_3,3.006794,2.337362,2.4374,YES,2.0,50.0,4.8,230.0,,2,,SASDMF2/packing_result/rodada_3/report.txt
SASDMF3,single,rodada_1,3.856372,,,,,,0.08,661.0,1.0,,SASDMF3_fit1_model1.pdb,SASDMF3/single_result/rodada_1/report.txt
SASDMF3,single,rodada_2,3.856372,,,,,,0.08,661.0,1.0,,SASDMF3_fit1_model1.pdb,SASDMF3/single_result/rodada_2/report.txt
SASDMF3,single,rodada_3,3.856372,,,,,,0.08,661.0,1.0,,SASDMF3_fit1_model1.pdb,SASDMF3/single_result/rodada_3/report.txt
SASDMF6,single,rodada_1,1.96477,,,,,,0.25,1262.0,1.0,,SASDMF6_fit1_model1.pdb,SASDMF6/single_result/rodada_1/report.txt
SASDMF6,single,rodada_2,1.96477,,,,,,0.25,1262.0,1.0,,SASDMF6_fit1_model1.pdb,SASDMF6/single_result/rodada_2/report.txt
SASDMF6,single,rodada_3,1.96477,,,,,,0.25,1262.0,1.0,,SASDMF6_fit1_model1.pdb,SASDMF6/single_result/rodada_3/report.txt
SASDMG2,packing,rodada_1,2.956516,2.499814,2.6417,YES,2.0,50.0,4.6,178.0,,2,,SASDMG2/packing_result/rodada_1/report.txt
SASDMG2,packing,rodada_2,3.283617,2.739372,2.8442,YES,2.0,50.0,4.46,178.0,,2,,SASDMG2/packing_result/rodada_2/report.txt
SASDMG2,packing,rodada_3,2.755155,2.334474,2.4667,YES,2.0,50.0,4.56,178.0,,2,,SASDMG2/packing_result/rodada_3/report.txt
SASDMG3,single,rodada_1,2.698704,,,,,,0.58,970.0,1.0,,SASDMG3_fit1_model1.pdb,SASDMG3/single_result/rodada_1/report.txt
SASDMG3,single,rodada_2,2.698704,,,,,,0.57,970.0,1.0,,SASDMG3_fit1_model1.pdb,SASDMG3/single_result/rodada_2/report.txt
SASDMG3,single,rodada_3,2.698704,,,,,,0.57,970.0,1.0,,SASDMG3_fit1_model1.pdb,SASDMG3/single_result/rodada_3/report.txt
SASDMG4,packing,rodada_1,5.334968,3.083646,5.335,YES,4.0,50.0,1.19,1797.0,,4,,SASDMG4/packing_result/rodada_1/report.txt
SASDMG4,packing,rodada_2,4.878619,3.122375,4.8786,YES,4.0,50.0,1.19,1797.0,,4,,SASDMG4/packing_result/rodada_2/report.txt
SASDMG4,packing,rodada_3,5.644406,3.369241,5.4723,YES,4.0,50.0,1.18,1797.0,,4,,SASDMG4/packing_result/rodada_3/report.txt
SASDMG6,single,rodada_1,3.866471,,,,,,0.35,2222.0,1.0,,SASDMG6_fit1_model1.pdb,SASDMG6/single_result/rodada_1/report.txt
SASDMG6,single,rodada_2,3.866471,,,,,,0.35,2222.0,1.0,,SASDMG6_fit1_model1.pdb,SASDMG6/single_result/rodada_2/report.txt
SASDMG6,single,rodada_3,3.866471,,,,,,0.35,2222.0,1.0,,SASDMG6_fit1_model1.pdb,SASDMG6/single_result/rodada_3/report.txt
SASDMG8,single,rodada_1,9.13398,,,,,,0.59,344.0,1.0,,SASDMG8_fit1_model1.pdb,SASDMG8/single_result/rodada_1/report.txt
SASDMG8,single,rodada_2,9.13398,,,,,,0.59,344.0,1.0,,SASDMG8_fit1_model1.pdb,SASDMG8/single_result/rodada_2/report.txt
SASDMG8,single,rodada_3,9.13398,,,,,,0.59,344.0,1.0,,SASDMG8_fit1_model1.pdb,SASDMG8/single_result/rodada_3/report.txt
SASDMG9,packing,rodada_1,10.72434,4.827324,4.8878,YES,2.0,50.0,0.19,1407.0,,2,,SASDMG9/packing_result/rodada_1/report.txt
SASDMG9,packing,rodada_2,10.709455,5.84062,5.925,YES,2.0,50.0,0.18,1407.0,,2,,SASDMG9/packing_result/rodada_2/report.txt
SASDMG9,packing,rodada_3,10.713833,4.606793,4.6659,YES,2.0,50.0,0.17,1407.0,,2,,SASDMG9/packing_result/rodada_3/report.txt
SASDMH2,packing,rodada_1,6.179394,1.526565,1.8628,YES,5.0,50.0,0.22,1553.0,,5,,SASDMH2/packing_result/rodada_1/report.txt
SASDMH2,packing,rodada_2,6.484872,1.645491,1.8775,YES,5.0,50.0,0.23,1553.0,,5,,SASDMH2/packing_result/rodada_2/report.txt
SASDMH2,packing,rodada_3,6.386684,1.557162,1.8988,YES,5.0,50.0,0.23,1553.0,,5,,SASDMH2/packing_result/rodada_3/report.txt
SASDMH3,single,rodada_1,7.579092,,,,,,0.46,2039.0,1.0,,SASDMH3_fit1_model1.pdb,SASDMH3/single_result/rodada_1/report.txt
SASDMH3,single,rodada_2,7.579092,,,,,,0.46,2039.0,1.0,,SASDMH3_fit1_model1.pdb,SASDMH3/single_result/rodada_2/report.txt
SASDMH3,single,rodada_3,7.579092,,,,,,0.46,2039.0,1.0,,SASDMH3_fit1_model1.pdb,SASDMH3/single_result/rodada_3/report.txt
SASDMH6,single,rodada_1,2.065768,,,,,,0.24,1226.0,1.0,,SASDMH6_fit1_model1.pdb,SASDMH6/single_result/rodada_1/report.txt
SASDMH6,single,rodada_2,2.065768,,,,,,0.24,1226.0,1.0,,SASDMH6_fit1_model1.pdb,SASDMH6/single_result/rodada_2/report.txt
SASDMH6,single,rodada_3,2.065768,,,,,,0.24,1226.0,1.0,,SASDMH6_fit1_model1.pdb,SASDMH6/single_result/rodada_3/report.txt
SASDMH8,single,rodada_1,3.896796,,,,,,1.23,4113.0,1.0,,SASDMH8_fit1_model1.pdb,SASDMH8/single_result/rodada_1/report.txt
SASDMH8,single,rodada_2,3.896796,,,,,,1.22,4113.0,1.0,,SASDMH8_fit1_model1.pdb,SASDMH8/single_result/rodada_2/report.txt
SASDMH8,single,rodada_3,3.896796,,,,,,1.22,4113.0,1.0,,SASDMH8_fit1_model1.pdb,SASDMH8/single_result/rodada_3/report.txt
SASDMH9,packing,rodada_1,5.156395,5.072937,5.1564,YES,2.0,50.0,0.55,1662.0,,2,,SASDMH9/packing_result/rodada_1/report.txt
SASDMH9,packing,rodada_2,5.791871,5.386552,5.7919,YES,2.0,50.0,0.52,1662.0,,2,,SASDMH9/packing_result/rodada_2/report.txt
SASDMH9,packing,rodada_3,4.61113,4.749774,4.6111,NO,2.0,50.0,0.52,1662.0,,2,,SASDMH9/packing_result/rodada_3/report.txt
SASDMJ2,packing,rodada_1,5.995702,2.003442,2.2589,YES,5.0,50.0,0.21,982.0,,5,,SASDMJ2/packing_result/rodada_1/report.txt
SASDMJ2,packing,rodada_2,5.928268,2.024601,2.3439,YES,5.0,50.0,0.2,982.0,,5,,SASDMJ2/packing_result/rodada_2/report.txt
SASDMJ2,packing,rodada_3,5.910098,2.09246,2.2247,YES,5.0,50.0,0.2,982.0,,5,,SASDMJ2/packing_result/rodada_3/report.txt
SASDMJ3,single,rodada_1,3.980466,,,,,,0.42,1768.0,1.0,,SASDMJ3_fit1_model1.pdb,SASDMJ3/single_result/rodada_1/report.txt
SASDMJ3,single,rodada_2,3.980466,,,,,,0.42,1768.0,1.0,,SASDMJ3_fit1_model1.pdb,SASDMJ3/single_result/rodada_2/report.txt
SASDMJ3,single,rodada_3,3.980466,,,,,,0.42,1768.0,1.0,,SASDMJ3_fit1_model1.pdb,SASDMJ3/single_result/rodada_3/report.txt
SASDMJ4,single,rodada_1,17.198591,,,,,,0.07,169.0,1.0,,SASDMJ4_fit1_model1.pdb,SASDMJ4/single_result/rodada_1/report.txt
SASDMJ4,single,rodada_2,17.198591,,,,,,0.06,169.0,1.0,,SASDMJ4_fit1_model1.pdb,SASDMJ4/single_result/rodada_2/report.txt
SASDMJ4,single,rodada_3,17.198591,,,,,,0.06,169.0,1.0,,SASDMJ4_fit1_model1.pdb,SASDMJ4/single_result/rodada_3/report.txt
SASDMJ6,single,rodada_1,2.057958,,,,,,0.32,1333.0,1.0,,SASDMJ6_fit1_model1.pdb,SASDMJ6/single_result/rodada_1/report.txt
SASDMJ6,single,rodada_2,2.057958,,,,,,0.32,1333.0,1.0,,SASDMJ6_fit1_model1.pdb,SASDMJ6/single_result/rodada_2/report.txt
SASDMJ6,single,rodada_3,2.057958,,,,,,0.32,1333.0,1.0,,SASDMJ6_fit1_model1.pdb,SASDMJ6/single_result/rodada_3/report.txt
SASDMK2,packing,rodada_1,6.672263,2.080722,2.3784,YES,5.0,50.0,0.17,803.0,,5,,SASDMK2/packing_result/rodada_1/report.txt
SASDMK2,packing,rodada_2,6.561504,1.897662,2.2127,YES,5.0,50.0,0.17,803.0,,5,,SASDMK2/packing_result/rodada_2/report.txt
SASDMK2,packing,rodada_3,6.59455,1.963904,2.2586,YES,5.0,50.0,0.17,803.0,,5,,SASDMK2/packing_result/rodada_3/report.txt
SASDMK6,single,rodada_1,2.877167,,,,,,0.31,1230.0,1.0,,SASDMK6_fit1_model1.pdb,SASDMK6/single_result/rodada_1/report.txt
SASDMK6,single,rodada_2,2.877167,,,,,,0.31,1230.0,1.0,,SASDMK6_fit1_model1.pdb,SASDMK6/single_result/rodada_2/report.txt
SASDMK6,single,rodada_3,2.877167,,,,,,0.31,1230.0,1.0,,SASDMK6_fit1_model1.pdb,SASDMK6/single_result/rodada_3/report.txt
SASDMK7,single,rodada_1,14.468305,,,,,,0.14,1728.0,1.0,,SASDMK7_fit1_model1.pdb,SASDMK7/single_result/rodada_1/report.txt
SASDMK7,single,rodada_2,14.468305,,,,,,0.14,1728.0,1.0,,SASDMK7_fit1_model1.pdb,SASDMK7/single_result/rodada_2/report.txt
SASDMK7,single,rodada_3,14.468305,,,,,,0.14,1728.0,1.0,,SASDMK7_fit1_model1.pdb,SASDMK7/single_result/rodada_3/report.txt
SASDML2,packing,rodada_1,6.64696,2.666349,3.0468,YES,5.0,50.0,0.14,193.0,,5,,SASDML2/packing_result/rodada_1/report.txt
SASDML2,packing,rodada_2,6.386821,2.589689,2.9308,YES,5.0,50.0,0.14,193.0,,5,,SASDML2/packing_result/rodada_2/report.txt
SASDML2,packing,rodada_3,7.005552,2.392584,2.8153,YES,5.0,50.0,0.14,193.0,,5,,SASDML2/packing_result/rodada_3/report.txt
SASDML4,single,rodada_1,15.547428,,,,,,0.07,396.0,1.0,,SASDML4_fit1_model1.pdb,SASDML4/single_result/rodada_1/report.txt
SASDML4,single,rodada_2,15.547428,,,,,,0.07,396.0,1.0,,SASDML4_fit1_model1.pdb,SASDML4/single_result/rodada_2/report.txt
SASDML4,single,rodada_3,15.547428,,,,,,0.07,396.0,1.0,,SASDML4_fit1_model1.pdb,SASDML4/single_result/rodada_3/report.txt
SASDML6,single,rodada_1,2.754346,,,,,,0.31,909.0,1.0,,SASDML6_fit1_model1.pdb,SASDML6/single_result/rodada_1/report.txt
SASDML6,single,rodada_2,2.754346,,,,,,0.31,909.0,1.0,,SASDML6_fit1_model1.pdb,SASDML6/single_result/rodada_2/report.txt
SASDML6,single,rodada_3,2.754346,,,,,,0.31,909.0,1.0,,SASDML6_fit1_model1.pdb,SASDML6/single_result/rodada_3/report.txt
SASDML8,single,rodada_1,,,,,,,0.04,1387.0,0.0,,,SASDML8/single_result/rodada_1/report.txt
SASDML8,single,rodada_2,,,,,,,0.04,1387.0,0.0,,,SASDML8/single_result/rodada_2/report.txt
SASDML8,single,rodada_3,,,,,,,0.04,1387.0,0.0,,,SASDML8/single_result/rodada_3/report.txt
SASDMM2,single,rodada_1,26.188557,,,,,,0.2,936.0,1.0,,SASDMM2_fit1_model1.pdb,SASDMM2/single_result/rodada_1/report.txt
SASDMM2,single,rodada_2,26.188557,,,,,,0.2,936.0,1.0,,SASDMM2_fit1_model1.pdb,SASDMM2/single_result/rodada_2/report.txt
SASDMM2,single,rodada_3,26.188557,,,,,,0.2,936.0,1.0,,SASDMM2_fit1_model1.pdb,SASDMM2/single_result/rodada_3/report.txt
SASDMM4,packing,rodada_1,6.741963,5.72013,6.742,YES,2.0,50.0,0.07,1475.0,,2,,SASDMM4/packing_result/rodada_1/report.txt
SASDMM4,packing,rodada_2,6.517198,5.782538,6.5172,YES,2.0,50.0,0.07,1475.0,,2,,SASDMM4/packing_result/rodada_2/report.txt
SASDMM4,packing,rodada_3,7.072903,4.104064,7.0729,YES,2.0,50.0,0.07,1475.0,,2,,SASDMM4/packing_result/rodada_3/report.txt
SASDMM7,packing,rodada_1,5.10685,3.402088,4.1363,YES,2.0,50.0,0.35,1022.0,,2,,SASDMM7/packing_result/rodada_1/report.txt
SASDMM7,packing,rodada_2,4.417547,3.995487,4.4175,YES,2.0,50.0,0.36,1022.0,,2,,SASDMM7/packing_result/rodada_2/report.txt
SASDMM7,packing,rodada_3,3.758494,3.024485,3.7585,YES,2.0,50.0,0.35,1022.0,,2,,SASDMM7/packing_result/rodada_3/report.txt
SASDMM8,single,rodada_1,,,,,,,0.02,350.0,0.0,,,SASDMM8/single_result/rodada_1/report.txt
SASDMM8,single,rodada_2,,,,,,,0.02,350.0,0.0,,,SASDMM8/single_result/rodada_2/report.txt
SASDMM8,single,rodada_3,,,,,,,0.02,350.0,0.0,,,SASDMM8/single_result/rodada_3/report.txt
SASDMM9,packing,rodada_1,16.82929,4.124614,4.1254,YES,2.0,50.0,0.94,1391.0,,2,,SASDMM9/packing_result/rodada_1/report.txt
SASDMM9,packing,rodada_2,16.664042,4.191588,4.1923,YES,2.0,50.0,0.88,1391.0,,2,,SASDMM9/packing_result/rodada_2/report.txt
SASDMM9,packing,rodada_3,16.84597,4.037658,4.0388,YES,2.0,50.0,0.87,1391.0,,2,,SASDMM9/packing_result/rodada_3/report.txt
SASDMN3,packing,rodada_1,10.271545,8.695389,10.2715,YES,2.0,50.0,0.04,305.0,,2,,SASDMN3/packing_result/rodada_1/report.txt
SASDMN3,packing,rodada_2,10.839319,10.734207,10.8393,YES,2.0,50.0,0.04,305.0,,2,,SASDMN3/packing_result/rodada_2/report.txt
SASDMN3,packing,rodada_3,13.665913,10.69752,13.1801,YES,2.0,50.0,0.04,305.0,,2,,SASDMN3/packing_result/rodada_3/report.txt
SASDMN4,packing,rodada_1,4.775625,4.116316,4.7756,YES,2.0,50.0,0.09,1981.0,,2,,SASDMN4/packing_result/rodada_1/report.txt
SASDMN4,packing,rodada_2,4.315362,4.119691,4.3154,YES,2.0,50.0,0.09,1981.0,,2,,SASDMN4/packing_result/rodada_2/report.txt
SASDMN4,packing,rodada_3,4.559766,3.957712,4.5362,YES,2.0,50.0,0.09,1981.0,,2,,SASDMN4/packing_result/rodada_3/report.txt
SASDMN6,single,rodada_1,4.027516,,,,,,0.82,3653.0,1.0,,SASDMN6_fit1_model1.pdb,SASDMN6/single_result/rodada_1/report.txt
SASDMN6,single,rodada_2,4.027516,,,,,,0.82,3653.0,1.0,,SASDMN6_fit1_model1.pdb,SASDMN6/single_result/rodada_2/report.txt
SASDMN6,single,rodada_3,4.027516,,,,,,0.81,3653.0,1.0,,SASDMN6_fit1_model1.pdb,SASDMN6/single_result/rodada_3/report.txt
SASDMN7,packing,rodada_1,5.513935,3.906375,5.5139,YES,2.0,50.0,0.36,1015.0,,2,,SASDMN7/packing_result/rodada_1/report.txt
SASDMN7,packing,rodada_2,4.759841,3.303054,4.7598,YES,2.0,50.0,0.35,1015.0,,2,,SASDMN7/packing_result/rodada_2/report.txt
SASDMN7,packing,rodada_3,5.052667,4.49156,5.0527,YES,2.0,50.0,0.36,1015.0,,2,,SASDMN7/packing_result/rodada_3/report.txt
SASDMN9,packing,rodada_1,16.789782,5.764241,5.7713,YES,2.0,50.0,0.14,1217.0,,2,,SASDMN9/packing_result/rodada_1/report.txt
SASDMN9,packing,rodada_2,17.366242,3.79374,4.359,YES,2.0,50.0,0.14,1217.0,,2,,SASDMN9/packing_result/rodada_2/report.txt
SASDMN9,packing,rodada_3,16.691236,4.584487,4.5905,YES,2.0,50.0,0.14,1217.0,,2,,SASDMN9/packing_result/rodada_3/report.txt
SASDMP2,single,rodada_1,16.240787,,,,,,0.96,404.0,1.0,,SASDMP2_fit1_model1.pdb,SASDMP2/single_result/rodada_1/report.txt
SASDMP2,single,rodada_2,16.240787,,,,,,0.96,404.0,1.0,,SASDMP2_fit1_model1.pdb,SASDMP2/single_result/rodada_2/report.txt
SASDMP2,single,rodada_3,16.240787,,,,,,0.96,404.0,1.0,,SASDMP2_fit1_model1.pdb,SASDMP2/single_result/rodada_3/report.txt
SASDMP3,packing,rodada_1,14.073994,12.652478,13.8605,YES,2.0,50.0,0.07,1352.0,,2,,SASDMP3/packing_result/rodada_1/report.txt
SASDMP3,packing,rodada_2,12.199244,11.75979,12.1992,YES,2.0,50.0,0.07,1352.0,,2,,SASDMP3/packing_result/rodada_2/report.txt
SASDMP3,packing,rodada_3,11.983817,10.87359,11.9838,YES,2.0,50.0,0.07,1352.0,,2,,SASDMP3/packing_result/rodada_3/report.txt
SASDMP4,packing,rodada_1,7.944754,7.039494,7.9448,YES,2.0,50.0,0.04,236.0,,2,,SASDMP4/packing_result/rodada_1/report.txt
SASDMP4,packing,rodada_2,9.079552,8.646881,9.0796,YES,2.0,50.0,0.04,236.0,,2,,SASDMP4/packing_result/rodada_2/report.txt
SASDMP4,packing,rodada_3,15.61697,15.415495,15.617,YES,2.0,50.0,0.04,236.0,,2,,SASDMP4/packing_result/rodada_3/report.txt
SASDMP7,packing,rodada_1,3.279531,3.056934,3.2795,YES,2.0,50.0,0.33,994.0,,2,,SASDMP7/packing_result/rodada_1/report.txt
SASDMP7,packing,rodada_2,5.25599,4.701411,5.256,YES,2.0,50.0,0.35,994.0,,2,,SASDMP7/packing_result/rodada_2/report.txt
SASDMP7,packing,rodada_3,4.749369,4.308775,4.7494,YES,2.0,50.0,0.34,994.0,,2,,SASDMP7/packing_result/rodada_3/report.txt
SASDMP8,single,rodada_1,,,,,,,0.02,69.0,0.0,,,SASDMP8/single_result/rodada_1/report.txt
SASDMP8,single,rodada_2,,,,,,,0.02,69.0,0.0,,,SASDMP8/single_result/rodada_2/report.txt
SASDMP8,single,rodada_3,,,,,,,0.02,69.0,0.0,,,SASDMP8/single_result/rodada_3/report.txt
SASDMP9,packing,rodada_1,23.56323,4.223251,4.2287,YES,2.0,50.0,0.15,232.0,,2,,SASDMP9/packing_result/rodada_1/report.txt
SASDMP9,packing,rodada_2,23.784226,4.894013,4.9216,YES,2.0,50.0,0.16,232.0,,2,,SASDMP9/packing_result/rodada_2/report.txt
SASDMP9,packing,rodada_3,23.633079,3.972449,3.9885,YES,2.0,50.0,0.16,232.0,,2,,SASDMP9/packing_result/rodada_3/report.txt
SASDMQ2,packing,rodada_1,5.223098,5.000452,5.2231,YES,3.0,50.0,0.91,801.0,,3,,SASDMQ2/packing_result/rodada_1/report.txt
SASDMQ2,packing,rodada_2,5.80445,6.089036,5.8044,NO,3.0,50.0,0.9,801.0,,3,,SASDMQ2/packing_result/rodada_2/report.txt
SASDMQ2,packing,rodada_3,4.674816,5.296757,4.6748,NO,3.0,50.0,0.91,801.0,,3,,SASDMQ2/packing_result/rodada_3/report.txt
SASDMQ3,packing,rodada_1,7.565818,6.26936,7.5658,YES,2.0,50.0,0.09,994.0,,2,,SASDMQ3/packing_result/rodada_1/report.txt
SASDMQ3,packing,rodada_2,5.840221,4.862409,5.8402,YES,2.0,50.0,0.09,994.0,,2,,SASDMQ3/packing_result/rodada_2/report.txt
SASDMQ3,packing,rodada_3,5.849547,5.48451,5.8495,YES,2.0,50.0,0.09,994.0,,2,,SASDMQ3/packing_result/rodada_3/report.txt
SASDMQ4,packing,rodada_1,5.357222,4.62777,5.3572,YES,2.0,50.0,0.08,2692.0,,2,,SASDMQ4/packing_result/rodada_1/report.txt
SASDMQ4,packing,rodada_2,5.488607,4.97606,5.4886,YES,2.0,50.0,0.08,2692.0,,2,,SASDMQ4/packing_result/rodada_2/report.txt
SASDMQ4,packing,rodada_3,5.389103,4.797887,5.3891,YES,2.0,50.0,0.08,2692.0,,2,,SASDMQ4/packing_result/rodada_3/report.txt
SASDMQ7,packing,rodada_1,6.863482,4.722107,5.5832,YES,3.0,50.0,0.47,1947.0,,3,,SASDMQ7/packing_result/rodada_1/report.txt
SASDMQ7,packing,rodada_2,5.305741,4.034595,5.0849,YES,3.0,50.0,0.48,1947.0,,3,,SASDMQ7/packing_result/rodada_2/report.txt
SASDMQ7,packing,rodada_3,6.550569,4.481031,5.5698,YES,3.0,50.0,0.48,1947.0,,3,,SASDMQ7/packing_result/rodada_3/report.txt
SASDMQ8,single,rodada_1,,,,,,,0.02,517.0,0.0,,,SASDMQ8/single_result/rodada_1/report.txt
SASDMQ8,single,rodada_2,,,,,,,0.02,517.0,0.0,,,SASDMQ8/single_result/rodada_2/report.txt
SASDMQ8,single,rodada_3,,,,,,,0.02,517.0,0.0,,,SASDMQ8/single_result/rodada_3/report.txt
SASDMQ9,packing,rodada_1,17.089432,6.664369,6.7011,YES,2.0,50.0,0.15,225.0,,2,,SASDMQ9/packing_result/rodada_1/report.txt
SASDMQ9,packing,rodada_2,16.901097,5.647864,5.7271,YES,2.0,50.0,0.14,225.0,,2,,SASDMQ9/packing_result/rodada_2/report.txt
SASDMQ9,packing,rodada_3,17.536036,5.077346,5.1897,YES,2.0,50.0,0.14,225.0,,2,,SASDMQ9/packing_result/rodada_3/report.txt
SASDMR2,single,rodada_1,10.95628,,,,,,0.22,2632.0,1.0,,SASDMR2_fit1_model1.pdb,SASDMR2/single_result/rodada_1/report.txt
SASDMR2,single,rodada_2,10.95628,,,,,,0.22,2632.0,1.0,,SASDMR2_fit1_model1.pdb,SASDMR2/single_result/rodada_2/report.txt
SASDMR2,single,rodada_3,10.95628,,,,,,0.22,2632.0,1.0,,SASDMR2_fit1_model1.pdb,SASDMR2/single_result/rodada_3/report.txt
SASDMR3,packing,rodada_1,2.163916,2.071469,2.1639,YES,2.0,50.0,0.11,1391.0,,2,,SASDMR3/packing_result/rodada_1/report.txt
SASDMR3,packing,rodada_2,2.569351,2.507341,2.5694,YES,2.0,50.0,0.11,1391.0,,2,,SASDMR3/packing_result/rodada_2/report.txt
SASDMR3,packing,rodada_3,2.331272,2.073804,2.3313,YES,2.0,50.0,0.11,1391.0,,2,,SASDMR3/packing_result/rodada_3/report.txt
SASDMR4,packing,rodada_1,9.548416,9.108089,9.5484,YES,2.0,50.0,0.04,231.0,,2,,SASDMR4/packing_result/rodada_1/report.txt
SASDMR4,packing,rodada_2,8.915923,7.319929,7.915,YES,2.0,50.0,0.04,231.0,,2,,SASDMR4/packing_result/rodada_2/report.txt
SASDMR4,packing,rodada_3,9.011516,7.34168,7.9935,YES,2.0,50.0,0.04,231.0,,2,,SASDMR4/packing_result/rodada_3/report.txt
SASDMR5,single,rodada_1,4.840933,,,,,,0.75,1300.0,1.0,,SASDMR5_fit1_model1.pdb,SASDMR5/single_result/rodada_1/report.txt
SASDMR5,single,rodada_2,4.840933,,,,,,0.73,1300.0,1.0,,SASDMR5_fit1_model1.pdb,SASDMR5/single_result/rodada_2/report.txt
SASDMR5,single,rodada_3,4.840933,,,,,,0.73,1300.0,1.0,,SASDMR5_fit1_model1.pdb,SASDMR5/single_result/rodada_3/report.txt
SASDMR6,packing,rodada_1,7.841784,2.494193,2.5309,YES,2.0,50.0,0.12,3589.0,,2,,SASDMR6/packing_result/rodada_1/report.txt
SASDMR6,packing,rodada_2,7.939885,2.543641,2.5784,YES,2.0,50.0,0.12,3589.0,,2,,SASDMR6/packing_result/rodada_2/report.txt
SASDMR6,packing,rodada_3,7.71984,6.75011,7.3229,YES,2.0,50.0,0.12,3589.0,,2,,SASDMR6/packing_result/rodada_3/report.txt
SASDMR7,packing,rodada_1,3.929202,4.657994,3.9292,NO,3.0,50.0,0.55,2105.0,,3,,SASDMR7/packing_result/rodada_1/report.txt
SASDMR7,packing,rodada_2,4.044701,3.806511,4.0447,YES,3.0,50.0,0.52,2105.0,,3,,SASDMR7/packing_result/rodada_2/report.txt
SASDMR7,packing,rodada_3,4.410625,3.270606,4.0021,YES,3.0,50.0,0.51,2105.0,,3,,SASDMR7/packing_result/rodada_3/report.txt
SASDMS2,single,rodada_1,33.844391,,,,,,0.19,1877.0,1.0,,SASDMS2_fit1_model1.pdb,SASDMS2/single_result/rodada_1/report.txt
SASDMS2,single,rodada_2,33.844391,,,,,,0.18,1877.0,1.0,,SASDMS2_fit1_model1.pdb,SASDMS2/single_result/rodada_2/report.txt
SASDMS2,single,rodada_3,33.844391,,,,,,0.18,1877.0,1.0,,SASDMS2_fit1_model1.pdb,SASDMS2/single_result/rodada_3/report.txt
SASDMS3,packing,rodada_1,5.615215,4.693379,5.6152,YES,2.0,50.0,0.07,768.0,,2,,SASDMS3/packing_result/rodada_1/report.txt
SASDMS3,packing,rodada_2,5.674953,4.403967,5.675,YES,2.0,50.0,0.07,768.0,,2,,SASDMS3/packing_result/rodada_2/report.txt
SASDMS3,packing,rodada_3,5.856049,5.25107,5.856,YES,2.0,50.0,0.07,768.0,,2,,SASDMS3/packing_result/rodada_3/report.txt
SASDMS4,single,rodada_1,8.562931,,,,,,0.73,1823.0,1.0,,SASDMS4_fit1_model1.pdb,SASDMS4/single_result/rodada_1/report.txt
SASDMS4,single,rodada_2,8.562931,,,,,,0.73,1823.0,1.0,,SASDMS4_fit1_model1.pdb,SASDMS4/single_result/rodada_2/report.txt
SASDMS4,single,rodada_3,8.562931,,,,,,0.73,1823.0,1.0,,SASDMS4_fit1_model1.pdb,SASDMS4/single_result/rodada_3/report.txt
SASDMS5,packing,rodada_1,28.414133,36.32735,28.4141,NO,5.0,50.0,0.57,66.0,,5,,SASDMS5/packing_result/rodada_1/report.txt
SASDMS5,packing,rodada_2,26.975231,34.750924,26.9752,NO,5.0,50.0,0.56,66.0,,5,,SASDMS5/packing_result/rodada_2/report.txt
SASDMS5,packing,rodada_3,28.141704,35.397281,28.1417,NO,5.0,50.0,0.56,66.0,,5,,SASDMS5/packing_result/rodada_3/report.txt
SASDMS6,single,rodada_1,5.502812,,,,,,0.78,1353.0,1.0,,SASDMS6_fit1_model1.pdb,SASDMS6/single_result/rodada_1/report.txt
SASDMS6,single,rodada_2,5.502812,,,,,,0.78,1353.0,1.0,,SASDMS6_fit1_model1.pdb,SASDMS6/single_result/rodada_2/report.txt
SASDMS6,single,rodada_3,5.502812,,,,,,0.79,1353.0,1.0,,SASDMS6_fit1_model1.pdb,SASDMS6/single_result/rodada_3/report.txt
SASDMS7,packing,rodada_1,3.711084,3.287166,3.7111,YES,3.0,50.0,0.49,2188.0,,3,,SASDMS7/packing_result/rodada_1/report.txt
SASDMS7,packing,rodada_2,4.331658,3.656888,4.3317,YES,3.0,50.0,0.5,2188.0,,3,,SASDMS7/packing_result/rodada_2/report.txt
SASDMS7,packing,rodada_3,3.905344,3.219317,3.9053,YES,3.0,50.0,0.49,2188.0,,3,,SASDMS7/packing_result/rodada_3/report.txt
SASDMT3,packing,rodada_1,9.046644,4.537403,6.3957,YES,4.0,50.0,1.28,963.0,,4,,SASDMT3/packing_result/rodada_1/report.txt
SASDMT3,packing,rodada_2,10.002442,3.993044,5.4594,YES,4.0,50.0,1.18,963.0,,4,,SASDMT3/packing_result/rodada_2/report.txt
SASDMT3,packing,rodada_3,9.583235,4.14719,5.5703,YES,4.0,50.0,1.19,963.0,,4,,SASDMT3/packing_result/rodada_3/report.txt
SASDMT4,single,rodada_1,7.290803,,,,,,1.55,1882.0,1.0,,SASDMT4_fit1_model1.pdb,SASDMT4/single_result/rodada_1/report.txt
SASDMT4,single,rodada_2,7.290803,,,,,,1.54,1882.0,1.0,,SASDMT4_fit1_model1.pdb,SASDMT4/single_result/rodada_2/report.txt
SASDMT4,single,rodada_3,7.290803,,,,,,1.55,1882.0,1.0,,SASDMT4_fit1_model1.pdb,SASDMT4/single_result/rodada_3/report.txt
SASDMT5,packing,rodada_1,16.435168,7.713608,11.3169,YES,3.0,50.0,0.22,48.0,,3,,SASDMT5/packing_result/rodada_1/report.txt
SASDMT5,packing,rodada_2,10.436205,7.97722,10.4362,YES,3.0,50.0,0.22,48.0,,3,,SASDMT5/packing_result/rodada_2/report.txt
SASDMT5,packing,rodada_3,11.161568,10.888342,11.1616,YES,3.0,50.0,0.22,48.0,,3,,SASDMT5/packing_result/rodada_3/report.txt
SASDMT6,single,rodada_1,5.172294,,,,,,1.9,4353.0,1.0,,SASDMT6_fit1_model1.pdb,SASDMT6/single_result/rodada_1/report.txt
SASDMT6,single,rodada_2,5.172294,,,,,,1.9,4353.0,1.0,,SASDMT6_fit1_model1.pdb,SASDMT6/single_result/rodada_2/report.txt
SASDMT6,single,rodada_3,5.172294,,,,,,1.9,4353.0,1.0,,SASDMT6_fit1_model1.pdb,SASDMT6/single_result/rodada_3/report.txt
SASDMT7,single,rodada_1,3.343987,,,,,,0.23,1544.0,1.0,,SASDMT7_fit1_model1.pdb,SASDMT7/single_result/rodada_1/report.txt
SASDMT7,single,rodada_2,3.343987,,,,,,0.22,1544.0,1.0,,SASDMT7_fit1_model1.pdb,SASDMT7/single_result/rodada_2/report.txt
SASDMT7,single,rodada_3,3.343987,,,,,,0.23,1544.0,1.0,,SASDMT7_fit1_model1.pdb,SASDMT7/single_result/rodada_3/report.txt
SASDMU2,single,rodada_1,25.019422,,,,,,0.13,552.0,1.0,,SASDMU2_fit1_model1.pdb,SASDMU2/single_result/rodada_1/report.txt
SASDMU2,single,rodada_2,25.019422,,,,,,0.12,552.0,1.0,,SASDMU2_fit1_model1.pdb,SASDMU2/single_result/rodada_2/report.txt
SASDMU2,single,rodada_3,25.019422,,,,,,0.12,552.0,1.0,,SASDMU2_fit1_model1.pdb,SASDMU2/single_result/rodada_3/report.txt
SASDMU3,packing,rodada_1,13.782812,13.719877,13.7828,YES,2.0,50.0,0.47,3572.0,,2,,SASDMU3/packing_result/rodada_1/report.txt
SASDMU3,packing,rodada_2,9.251267,5.500888,6.1407,YES,2.0,50.0,0.44,3572.0,,2,,SASDMU3/packing_result/rodada_2/report.txt
SASDMU3,packing,rodada_3,9.799067,6.360273,7.282,YES,2.0,50.0,0.45,3572.0,,2,,SASDMU3/packing_result/rodada_3/report.txt
SASDMU4,single,rodada_1,4.231598,,,,,,0.65,1099.0,1.0,,SASDMU4_fit1_model1.pdb,SASDMU4/single_result/rodada_1/report.txt
SASDMU4,single,rodada_2,4.231598,,,,,,0.65,1099.0,1.0,,SASDMU4_fit1_model1.pdb,SASDMU4/single_result/rodada_2/report.txt
SASDMU4,single,rodada_3,4.231598,,,,,,0.64,1099.0,1.0,,SASDMU4_fit1_model1.pdb,SASDMU4/single_result/rodada_3/report.txt
SASDMU5,single,rodada_1,15.496145,,,,,,0.11,1137.0,1.0,,SASDMU5_fit1_model1.pdb,SASDMU5/single_result/rodada_1/report.txt
SASDMU5,single,rodada_2,15.496145,,,,,,0.11,1137.0,1.0,,SASDMU5_fit1_model1.pdb,SASDMU5/single_result/rodada_2/report.txt
SASDMU5,single,rodada_3,15.496145,,,,,,0.12,1137.0,1.0,,SASDMU5_fit1_model1.pdb,SASDMU5/single_result/rodada_3/report.txt
SASDMU6,packing,rodada_1,4.813077,4.054189,4.4346,YES,2.0,50.0,0.06,931.0,,2,,SASDMU6/packing_result/rodada_1/report.txt
SASDMU6,packing,rodada_2,3.293693,2.978982,3.2937,YES,2.0,50.0,0.06,931.0,,2,,SASDMU6/packing_result/rodada_2/report.txt
SASDMU6,packing,rodada_3,4.50369,4.050979,4.5037,YES,2.0,50.0,0.06,931.0,,2,,SASDMU6/packing_result/rodada_3/report.txt
SASDMU7,packing,rodada_1,4.84111,3.564227,4.7173,YES,2.0,50.0,0.11,1335.0,,2,,SASDMU7/packing_result/rodada_1/report.txt
SASDMU7,packing,rodada_2,4.846846,3.496333,4.8468,YES,2.0,50.0,0.11,1335.0,,2,,SASDMU7/packing_result/rodada_2/report.txt
SASDMU7,packing,rodada_3,4.480644,3.673983,4.0814,YES,2.0,50.0,0.11,1335.0,,2,,SASDMU7/packing_result/rodada_3/report.txt
SASDMV2,single,rodada_1,28.059743,,,,,,0.11,209.0,1.0,,SASDMV2_fit1_model1.pdb,SASDMV2/single_result/rodada_1/report.txt
SASDMV2,single,rodada_2,28.059743,,,,,,0.11,209.0,1.0,,SASDMV2_fit1_model1.pdb,SASDMV2/single_result/rodada_2/report.txt
SASDMV2,single,rodada_3,28.059743,,,,,,0.11,209.0,1.0,,SASDMV2_fit1_model1.pdb,SASDMV2/single_result/rodada_3/report.txt
SASDMV4,packing,rodada_1,5.607654,4.089808,5.1205,YES,3.0,50.0,0.6,1517.0,,3,,SASDMV4/packing_result/rodada_1/report.txt
SASDMV4,packing,rodada_2,5.346485,4.883733,5.3465,YES,3.0,50.0,0.62,1517.0,,3,,SASDMV4/packing_result/rodada_2/report.txt
SASDMV4,packing,rodada_3,6.691759,5.485058,6.6918,YES,3.0,50.0,0.61,1517.0,,3,,SASDMV4/packing_result/rodada_3/report.txt
SASDMV5,single,rodada_1,11.972151,,,,,,0.35,4685.0,1.0,,SASDMV5_fit1_model1.pdb,SASDMV5/single_result/rodada_1/report.txt
SASDMV5,single,rodada_2,11.972151,,,,,,0.35,4685.0,1.0,,SASDMV5_fit1_model1.pdb,SASDMV5/single_result/rodada_2/report.txt
SASDMV5,single,rodada_3,11.972151,,,,,,0.36,4685.0,1.0,,SASDMV5_fit1_model1.pdb,SASDMV5/single_result/rodada_3/report.txt
SASDMV6,packing,rodada_1,4.228297,3.95602,4.2283,YES,2.0,50.0,0.07,968.0,,2,,SASDMV6/packing_result/rodada_1/report.txt
SASDMV6,packing,rodada_2,3.733314,3.189429,3.6462,YES,2.0,50.0,0.07,968.0,,2,,SASDMV6/packing_result/rodada_2/report.txt
SASDMV6,packing,rodada_3,3.658553,3.076666,3.5398,YES,2.0,50.0,0.07,968.0,,2,,SASDMV6/packing_result/rodada_3/report.txt
SASDMV7,packing,rodada_1,23.407448,10.346809,10.5262,YES,2.0,50.0,0.55,1529.0,,2,,SASDMV7/packing_result/rodada_1/report.txt
SASDMV7,packing,rodada_2,22.849089,9.403246,9.4866,YES,2.0,50.0,0.57,1529.0,,2,,SASDMV7/packing_result/rodada_2/report.txt
SASDMV7,packing,rodada_3,22.723382,10.548766,10.8201,YES,2.0,50.0,0.55,1529.0,,2,,SASDMV7/packing_result/rodada_3/report.txt
SASDMW2,single,rodada_1,24.670803,,,,,,0.08,804.0,1.0,,SASDMW2_fit1_model1.pdb,SASDMW2/single_result/rodada_1/report.txt
SASDMW2,single,rodada_2,24.670803,,,,,,0.08,804.0,1.0,,SASDMW2_fit1_model1.pdb,SASDMW2/single_result/rodada_2/report.txt
SASDMW2,single,rodada_3,24.670803,,,,,,0.08,804.0,1.0,,SASDMW2_fit1_model1.pdb,SASDMW2/single_result/rodada_3/report.txt
SASDMW4,packing,rodada_1,,,,,,,,,,,,SASDMW4/packing_result/rodada_1/report.txt
SASDMW4,packing,rodada_2,,,,,,,,,,,,SASDMW4/packing_result/rodada_2/report.txt
SASDMW4,packing,rodada_3,,,,,,,,,,,,SASDMW4/packing_result/rodada_3/report.txt
SASDMW5,single,rodada_1,13.321095,,,,,,0.14,1345.0,1.0,,SASDMW5_fit1_model1.pdb,SASDMW5/single_result/rodada_1/report.txt
SASDMW5,single,rodada_2,13.321095,,,,,,0.14,1345.0,1.0,,SASDMW5_fit1_model1.pdb,SASDMW5/single_result/rodada_2/report.txt
SASDMW5,single,rodada_3,13.321095,,,,,,0.14,1345.0,1.0,,SASDMW5_fit1_model1.pdb,SASDMW5/single_result/rodada_3/report.txt
SASDMW6,packing,rodada_1,6.790911,6.106584,6.7909,YES,2.0,50.0,0.08,1215.0,,2,,SASDMW6/packing_result/rodada_1/report.txt
SASDMW6,packing,rodada_2,6.949221,6.209133,6.9492,YES,2.0,50.0,0.08,1215.0,,2,,SASDMW6/packing_result/rodada_2/report.txt
SASDMW6,packing,rodada_3,7.35999,6.457811,7.36,YES,2.0,50.0,0.08,1215.0,,2,,SASDMW6/packing_result/rodada_3/report.txt
SASDMW7,single,rodada_1,6.920388,,,,,,0.74,975.0,1.0,,SASDMW7_fit1_model1.pdb,SASDMW7/single_result/rodada_1/report.txt
SASDMW7,single,rodada_2,6.920388,,,,,,0.74,975.0,1.0,,SASDMW7_fit1_model1.pdb,SASDMW7/single_result/rodada_2/report.txt
SASDMW7,single,rodada_3,6.920388,,,,,,0.74,975.0,1.0,,SASDMW7_fit1_model1.pdb,SASDMW7/single_result/rodada_3/report.txt
SASDMW8,single,rodada_1,22.597129,,,,,,0.16,1207.0,1.0,,SASDMW8_fit1_model1.pdb,SASDMW8/single_result/rodada_1/report.txt
SASDMW8,single,rodada_2,22.597129,,,,,,0.16,1207.0,1.0,,SASDMW8_fit1_model1.pdb,SASDMW8/single_result/rodada_2/report.txt
SASDMW8,single,rodada_3,22.597129,,,,,,0.16,1207.0,1.0,,SASDMW8_fit1_model1.pdb,SASDMW8/single_result/rodada_3/report.txt
SASDMX2,single,rodada_1,25.748597,,,,,,0.08,763.0,1.0,,SASDMX2_fit1_model1.pdb,SASDMX2/single_result/rodada_1/report.txt
SASDMX2,single,rodada_2,25.748597,,,,,,0.08,763.0,1.0,,SASDMX2_fit1_model1.pdb,SASDMX2/single_result/rodada_2/report.txt
SASDMX2,single,rodada_3,25.748597,,,,,,0.08,763.0,1.0,,SASDMX2_fit1_model1.pdb,SASDMX2/single_result/rodada_3/report.txt
SASDMX3,packing,rodada_1,10.766266,9.354815,10.7663,YES,2.0,50.0,0.34,1030.0,,2,,SASDMX3/packing_result/rodada_1/report.txt
SASDMX3,packing,rodada_2,11.048463,8.377246,11.0485,YES,2.0,50.0,0.34,1030.0,,2,,SASDMX3/packing_result/rodada_2/report.txt
SASDMX3,packing,rodada_3,11.432375,7.668146,10.9977,YES,2.0,50.0,0.35,1030.0,,2,,SASDMX3/packing_result/rodada_3/report.txt
SASDMX4,single,rodada_1,8.39297,,,,,,0.99,1304.0,1.0,,SASDMX4_fit1_model1.pdb,SASDMX4/single_result/rodada_1/report.txt
SASDMX4,single,rodada_2,8.39297,,,,,,1.0,1304.0,1.0,,SASDMX4_fit1_model1.pdb,SASDMX4/single_result/rodada_2/report.txt
SASDMX4,single,rodada_3,8.39297,,,,,,1.0,1304.0,1.0,,SASDMX4_fit1_model1.pdb,SASDMX4/single_result/rodada_3/report.txt
SASDMX6,single,rodada_1,8.192462,,,,,,0.06,173.0,1.0,,SASDMX6_fit1_model1.pdb,SASDMX6/single_result/rodada_1/report.txt
SASDMX6,single,rodada_2,8.192462,,,,,,0.06,173.0,1.0,,SASDMX6_fit1_model1.pdb,SASDMX6/single_result/rodada_2/report.txt
SASDMX6,single,rodada_3,8.192462,,,,,,0.06,173.0,1.0,,SASDMX6_fit1_model1.pdb,SASDMX6/single_result/rodada_3/report.txt
SASDMX7,packing,rodada_1,9.824684,5.645739,9.1821,YES,6.0,50.0,2.04,936.0,,6,,SASDMX7/packing_result/rodada_1/report.txt
SASDMX7,packing,rodada_2,13.240514,5.391619,10.1962,YES,6.0,50.0,2.01,936.0,,6,,SASDMX7/packing_result/rodada_2/report.txt
SASDMX7,packing,rodada_3,9.185264,5.74334,9.1853,YES,6.0,50.0,2.03,936.0,,6,,SASDMX7/packing_result/rodada_3/report.txt
SASDMX9,packing,rodada_1,3.370807,2.707301,3.3708,YES,2.0,50.0,0.18,1069.0,,2,,SASDMX9/packing_result/rodada_1/report.txt
SASDMX9,packing,rodada_2,3.489171,3.319683,3.4892,YES,2.0,50.0,0.18,1069.0,,2,,SASDMX9/packing_result/rodada_2/report.txt
SASDMX9,packing,rodada_3,3.946319,3.215145,3.9463,YES,2.0,50.0,0.18,1069.0,,2,,SASDMX9/packing_result/rodada_3/report.txt
SASDMY2,single,rodada_1,29.143497,,,,,,0.05,178.0,1.0,,SASDMY2_fit1_model1.pdb,SASDMY2/single_result/rodada_1/report.txt
SASDMY2,single,rodada_2,29.143497,,,,,,0.05,178.0,1.0,,SASDMY2_fit1_model1.pdb,SASDMY2/single_result/rodada_2/report.txt
SASDMY2,single,rodada_3,29.143497,,,,,,0.05,178.0,1.0,,SASDMY2_fit1_model1.pdb,SASDMY2/single_result/rodada_3/report.txt
SASDMY3,single,rodada_1,12.155317,,,,,,0.08,259.0,1.0,,SASDMY3_fit1_model1.pdb,SASDMY3/single_result/rodada_1/report.txt
SASDMY3,single,rodada_2,12.155317,,,,,,0.08,259.0,1.0,,SASDMY3_fit1_model1.pdb,SASDMY3/single_result/rodada_2/report.txt
SASDMY3,single,rodada_3,12.155317,,,,,,0.08,259.0,1.0,,SASDMY3_fit1_model1.pdb,SASDMY3/single_result/rodada_3/report.txt
SASDMY4,single,rodada_1,3.586911,,,,,,0.53,1061.0,1.0,,SASDMY4_fit1_model1.pdb,SASDMY4/single_result/rodada_1/report.txt
SASDMY4,single,rodada_2,3.586911,,,,,,0.53,1061.0,1.0,,SASDMY4_fit1_model1.pdb,SASDMY4/single_result/rodada_2/report.txt
SASDMY4,single,rodada_3,3.586911,,,,,,0.53,1061.0,1.0,,SASDMY4_fit1_model1.pdb,SASDMY4/single_result/rodada_3/report.txt
SASDMY6,single,rodada_1,6.839003,,,,,,0.17,1190.0,1.0,,SASDMY6_fit1_model1.pdb,SASDMY6/single_result/rodada_1/report.txt
SASDMY6,single,rodada_2,6.839003,,,,,,0.17,1190.0,1.0,,SASDMY6_fit1_model1.pdb,SASDMY6/single_result/rodada_2/report.txt
SASDMY6,single,rodada_3,6.839003,,,,,,0.17,1190.0,1.0,,SASDMY6_fit1_model1.pdb,SASDMY6/single_result/rodada_3/report.txt
SASDMY9,packing,rodada_1,3.887492,3.809608,3.8875,YES,2.0,50.0,0.17,715.0,,2,,SASDMY9/packing_result/rodada_1/report.txt
SASDMY9,packing,rodada_2,4.019535,3.888095,4.0195,YES,2.0,50.0,0.17,715.0,,2,,SASDMY9/packing_result/rodada_2/report.txt
SASDMY9,packing,rodada_3,3.455916,3.215322,3.4559,YES,2.0,50.0,0.17,715.0,,2,,SASDMY9/packing_result/rodada_3/report.txt
SASDMZ2,single,rodada_1,27.429921,,,,,,0.08,694.0,1.0,,SASDMZ2_fit1_model1.pdb,SASDMZ2/single_result/rodada_1/report.txt
SASDMZ2,single,rodada_2,27.429921,,,,,,0.08,694.0,1.0,,SASDMZ2_fit1_model1.pdb,SASDMZ2/single_result/rodada_2/report.txt
SASDMZ2,single,rodada_3,27.429921,,,,,,0.08,694.0,1.0,,SASDMZ2_fit1_model1.pdb,SASDMZ2/single_result/rodada_3/report.txt
SASDMZ4,single,rodada_1,14.214447,,,,,,0.9,1235.0,1.0,,SASDMZ4_fit1_model1.pdb,SASDMZ4/single_result/rodada_1/report.txt
SASDMZ4,single,rodada_2,14.214447,,,,,,0.89,1235.0,1.0,,SASDMZ4_fit1_model1.pdb,SASDMZ4/single_result/rodada_2/report.txt
SASDMZ4,single,rodada_3,14.214447,,,,,,0.88,1235.0,1.0,,SASDMZ4_fit1_model1.pdb,SASDMZ4/single_result/rodada_3/report.txt
SASDMZ5,single,rodada_1,3.456657,,,,,,1.25,1195.0,1.0,,SASDMZ5_fit1_model1.pdb,SASDMZ5/single_result/rodada_1/report.txt
SASDMZ5,single,rodada_2,3.456657,,,,,,1.25,1195.0,1.0,,SASDMZ5_fit1_model1.pdb,SASDMZ5/single_result/rodada_2/report.txt
SASDMZ5,single,rodada_3,3.456657,,,,,,1.25,1195.0,1.0,,SASDMZ5_fit1_model1.pdb,SASDMZ5/single_result/rodada_3/report.txt
SASDMZ6,single,rodada_1,7.71881,,,,,,0.16,1143.0,1.0,,SASDMZ6_fit1_model1.pdb,SASDMZ6/single_result/rodada_1/report.txt
SASDMZ6,single,rodada_2,7.71881,,,,,,0.16,1143.0,1.0,,SASDMZ6_fit1_model1.pdb,SASDMZ6/single_result/rodada_2/report.txt
SASDMZ6,single,rodada_3,7.71881,,,,,,0.17,1143.0,1.0,,SASDMZ6_fit1_model1.pdb,SASDMZ6/single_result/rodada_3/report.txt
SASDMZ9,packing,rodada_1,6.907714,3.837523,5.8605,YES,3.0,50.0,0.39,951.0,,3,,SASDMZ9/packing_result/rodada_1/report.txt
SASDMZ9,packing,rodada_2,7.010405,4.307521,6.3227,YES,3.0,50.0,0.39,951.0,,3,,SASDMZ9/packing_result/rodada_2/report.txt
SASDMZ9,packing,rodada_3,7.402215,3.903912,5.5393,YES,3.0,50.0,0.39,951.0,,3,,SASDMZ9/packing_result/rodada_3/report.txt
SASDN23,packing,rodada_1,21.041263,10.639343,10.7138,YES,2.0,50.0,0.35,948.0,,2,,SASDN23/packing_result/rodada_1/report.txt
SASDN23,packing,rodada_2,21.270675,11.583875,11.7178,YES,2.0,50.0,0.35,948.0,,2,,SASDN23/packing_result/rodada_2/report.txt
SASDN23,packing,rodada_3,21.132941,10.913615,10.994,YES,2.0,50.0,0.36,948.0,,2,,SASDN23/packing_result/rodada_3/report.txt
SASDN28,single,rodada_1,5.460602,,,,,,0.77,1190.0,1.0,,SASDN28_fit1_model1.pdb,SASDN28/single_result/rodada_1/report.txt
SASDN28,single,rodada_2,5.460602,,,,,,0.76,1190.0,1.0,,SASDN28_fit1_model1.pdb,SASDN28/single_result/rodada_2/report.txt
SASDN28,single,rodada_3,5.460602,,,,,,0.76,1190.0,1.0,,SASDN28_fit1_model1.pdb,SASDN28/single_result/rodada_3/report.txt
SASDN32,single,rodada_1,6.123961,,,,,,0.38,1030.0,1.0,,SASDN32_fit1_model1.pdb,SASDN32/single_result/rodada_1/report.txt
SASDN32,single,rodada_2,6.123961,,,,,,0.38,1030.0,1.0,,SASDN32_fit1_model1.pdb,SASDN32/single_result/rodada_2/report.txt
SASDN32,single,rodada_3,6.123961,,,,,,0.38,1030.0,1.0,,SASDN32_fit1_model1.pdb,SASDN32/single_result/rodada_3/report.txt
SASDN33,single,rodada_1,4.550545,,,,,,0.17,1220.0,1.0,,SASDN33_fit1_model1.pdb,SASDN33/single_result/rodada_1/report.txt
SASDN33,single,rodada_2,4.550545,,,,,,0.17,1220.0,1.0,,SASDN33_fit1_model1.pdb,SASDN33/single_result/rodada_2/report.txt
SASDN33,single,rodada_3,4.550545,,,,,,0.17,1220.0,1.0,,SASDN33_fit1_model1.pdb,SASDN33/single_result/rodada_3/report.txt
SASDN37,single,rodada_1,7.956084,,,,,,0.13,1331.0,1.0,,SASDN37_fit1_model1.pdb,SASDN37/single_result/rodada_1/report.txt
SASDN37,single,rodada_2,7.956084,,,,,,0.13,1331.0,1.0,,SASDN37_fit1_model1.pdb,SASDN37/single_result/rodada_2/report.txt
SASDN37,single,rodada_3,7.956084,,,,,,0.13,1331.0,1.0,,SASDN37_fit1_model1.pdb,SASDN37/single_result/rodada_3/report.txt
SASDN38,single,rodada_1,6.423901,,,,,,0.76,997.0,1.0,,SASDN38_fit1_model1.pdb,SASDN38/single_result/rodada_1/report.txt
SASDN38,single,rodada_2,6.423901,,,,,,0.75,997.0,1.0,,SASDN38_fit1_model1.pdb,SASDN38/single_result/rodada_2/report.txt
SASDN38,single,rodada_3,6.423901,,,,,,0.76,997.0,1.0,,SASDN38_fit1_model1.pdb,SASDN38/single_result/rodada_3/report.txt
SASDN43,packing,rodada_1,13.531692,11.333207,13.5317,YES,2.0,50.0,0.26,121.0,,2,,SASDN43/packing_result/rodada_1/report.txt
SASDN43,packing,rodada_2,18.096969,13.90574,18.097,YES,2.0,50.0,0.25,121.0,,2,,SASDN43/packing_result/rodada_2/report.txt
SASDN43,packing,rodada_3,18.134202,13.162499,15.628,YES,2.0,50.0,0.25,121.0,,2,,SASDN43/packing_result/rodada_3/report.txt
SASDN48,single,rodada_1,4.40407,,,,,,0.3,1437.0,1.0,,SASDN48_fit1_model1.pdb,SASDN48/single_result/rodada_1/report.txt
SASDN48,single,rodada_2,4.40407,,,,,,0.3,1437.0,1.0,,SASDN48_fit1_model1.pdb,SASDN48/single_result/rodada_2/report.txt
SASDN48,single,rodada_3,4.40407,,,,,,0.29,1437.0,1.0,,SASDN48_fit1_model1.pdb,SASDN48/single_result/rodada_3/report.txt
SASDN53,packing,rodada_1,10.065242,9.294665,10.0652,YES,2.0,50.0,0.36,272.0,,2,,SASDN53/packing_result/rodada_1/report.txt
SASDN53,packing,rodada_2,9.446805,8.818885,9.4468,YES,2.0,50.0,0.35,272.0,,2,,SASDN53/packing_result/rodada_2/report.txt
SASDN53,packing,rodada_3,9.163716,8.076295,9.1637,YES,2.0,50.0,0.36,272.0,,2,,SASDN53/packing_result/rodada_3/report.txt
SASDN55,single,rodada_1,3.76789,,,,,,0.18,1482.0,1.0,,SASDN55_fit1_model1.pdb,SASDN55/single_result/rodada_1/report.txt
SASDN55,single,rodada_2,3.76789,,,,,,0.18,1482.0,1.0,,SASDN55_fit1_model1.pdb,SASDN55/single_result/rodada_2/report.txt
SASDN55,single,rodada_3,3.76789,,,,,,0.18,1482.0,1.0,,SASDN55_fit1_model1.pdb,SASDN55/single_result/rodada_3/report.txt
SASDN58,single,rodada_1,4.351188,,,,,,0.27,1595.0,1.0,,SASDN58_fit1_model1.pdb,SASDN58/single_result/rodada_1/report.txt
SASDN58,single,rodada_2,4.351188,,,,,,0.27,1595.0,1.0,,SASDN58_fit1_model1.pdb,SASDN58/single_result/rodada_2/report.txt
SASDN58,single,rodada_3,4.351188,,,,,,0.27,1595.0,1.0,,SASDN58_fit1_model1.pdb,SASDN58/single_result/rodada_3/report.txt
SASDN63,single,rodada_1,3.084034,,,,,,0.51,1040.0,1.0,,SASDN63_fit1_model1.pdb,SASDN63/single_result/rodada_1/report.txt
SASDN63,single,rodada_2,3.084034,,,,,,0.51,1040.0,1.0,,SASDN63_fit1_model1.pdb,SASDN63/single_result/rodada_2/report.txt
SASDN63,single,rodada_3,3.084034,,,,,,0.51,1040.0,1.0,,SASDN63_fit1_model1.pdb,SASDN63/single_result/rodada_3/report.txt
SASDN65,single,rodada_1,4.74219,,,,,,0.15,1555.0,1.0,,SASDN65_fit1_model1.pdb,SASDN65/single_result/rodada_1/report.txt
SASDN65,single,rodada_2,4.74219,,,,,,0.15,1555.0,1.0,,SASDN65_fit1_model1.pdb,SASDN65/single_result/rodada_2/report.txt
SASDN65,single,rodada_3,4.74219,,,,,,0.15,1555.0,1.0,,SASDN65_fit1_model1.pdb,SASDN65/single_result/rodada_3/report.txt
SASDN68,single,rodada_1,5.506377,,,,,,0.17,949.0,1.0,,SASDN68_fit1_model1.pdb,SASDN68/single_result/rodada_1/report.txt
SASDN68,single,rodada_2,5.506377,,,,,,0.17,949.0,1.0,,SASDN68_fit1_model1.pdb,SASDN68/single_result/rodada_2/report.txt
SASDN68,single,rodada_3,5.506377,,,,,,0.17,949.0,1.0,,SASDN68_fit1_model1.pdb,SASDN68/single_result/rodada_3/report.txt
SASDN73,single,rodada_1,3.686962,,,,,,0.54,1156.0,1.0,,SASDN73_fit1_model1.pdb,SASDN73/single_result/rodada_1/report.txt
SASDN73,single,rodada_2,3.686962,,,,,,0.53,1156.0,1.0,,SASDN73_fit1_model1.pdb,SASDN73/single_result/rodada_2/report.txt
SASDN73,single,rodada_3,3.686962,,,,,,0.53,1156.0,1.0,,SASDN73_fit1_model1.pdb,SASDN73/single_result/rodada_3/report.txt
SASDN75,single,rodada_1,3.247702,,,,,,0.61,1664.0,1.0,,SASDN75_fit1_model1.pdb,SASDN75/single_result/rodada_1/report.txt
SASDN75,single,rodada_2,3.247702,,,,,,0.61,1664.0,1.0,,SASDN75_fit1_model1.pdb,SASDN75/single_result/rodada_2/report.txt
SASDN75,single,rodada_3,3.247702,,,,,,0.6,1664.0,1.0,,SASDN75_fit1_model1.pdb,SASDN75/single_result/rodada_3/report.txt
SASDN77,packing,rodada_1,5.721071,4.991818,5.7211,YES,2.0,50.0,0.53,2129.0,,2,,SASDN77/packing_result/rodada_1/report.txt
SASDN77,packing,rodada_2,5.25964,3.591118,5.2596,YES,2.0,50.0,0.52,2129.0,,2,,SASDN77/packing_result/rodada_2/report.txt
SASDN77,packing,rodada_3,6.346417,5.056065,6.3464,YES,2.0,50.0,0.52,2129.0,,2,,SASDN77/packing_result/rodada_3/report.txt
SASDN78,single,rodada_1,4.969333,,,,,,0.11,259.0,1.0,,SASDN78_fit1_model1.pdb,SASDN78/single_result/rodada_1/report.txt
SASDN78,single,rodada_2,4.969333,,,,,,0.11,259.0,1.0,,SASDN78_fit1_model1.pdb,SASDN78/single_result/rodada_2/report.txt
SASDN78,single,rodada_3,4.969333,,,,,,0.11,259.0,1.0,,SASDN78_fit1_model1.pdb,SASDN78/single_result/rodada_3/report.txt
SASDN85,packing,rodada_1,9.336584,8.232019,9.3366,YES,2.0,50.0,1.36,452.0,,2,,SASDN85/packing_result/rodada_1/report.txt
SASDN85,packing,rodada_2,9.688229,8.746976,9.6882,YES,2.0,50.0,1.37,452.0,,2,,SASDN85/packing_result/rodada_2/report.txt
SASDN85,packing,rodada_3,10.315639,9.082703,10.3156,YES,2.0,50.0,1.36,452.0,,2,,SASDN85/packing_result/rodada_3/report.txt
SASDN87,single,rodada_1,10.323352,,,,,,1.52,3391.0,1.0,,SASDN87_fit1_model1.pdb,SASDN87/single_result/rodada_1/report.txt
SASDN87,single,rodada_2,10.323352,,,,,,1.52,3391.0,1.0,,SASDN87_fit1_model1.pdb,SASDN87/single_result/rodada_2/report.txt
SASDN87,single,rodada_3,10.323352,,,,,,1.53,3391.0,1.0,,SASDN87_fit1_model1.pdb,SASDN87/single_result/rodada_3/report.txt
SASDN88,single,rodada_1,3.170743,,,,,,0.2,1180.0,1.0,,SASDN88_fit1_model1.pdb,SASDN88/single_result/rodada_1/report.txt
SASDN88,single,rodada_2,3.170743,,,,,,0.2,1180.0,1.0,,SASDN88_fit1_model1.pdb,SASDN88/single_result/rodada_2/report.txt
SASDN88,single,rodada_3,3.170743,,,,,,0.2,1180.0,1.0,,SASDN88_fit1_model1.pdb,SASDN88/single_result/rodada_3/report.txt
SASDN92,packing,rodada_1,7.970614,5.306451,6.4298,YES,2.0,50.0,0.96,1267.0,,2,,SASDN92/packing_result/rodada_1/report.txt
SASDN92,packing,rodada_2,5.387311,3.491062,5.3873,YES,2.0,50.0,0.93,1267.0,,2,,SASDN92/packing_result/rodada_2/report.txt
SASDN92,packing,rodada_3,5.748377,4.682855,5.7484,YES,2.0,50.0,0.93,1267.0,,2,,SASDN92/packing_result/rodada_3/report.txt
SASDN93,single,rodada_1,9.297273,,,,,,0.18,1726.0,1.0,,SASDN93_fit1_model1.pdb,SASDN93/single_result/rodada_1/report.txt
SASDN93,single,rodada_2,9.297273,,,,,,0.18,1726.0,1.0,,SASDN93_fit1_model1.pdb,SASDN93/single_result/rodada_2/report.txt
SASDN93,single,rodada_3,9.297273,,,,,,0.18,1726.0,1.0,,SASDN93_fit1_model1.pdb,SASDN93/single_result/rodada_3/report.txt
SASDN95,packing,rodada_1,11.217527,10.813952,11.2175,YES,2.0,50.0,1.53,632.0,,2,,SASDN95/packing_result/rodada_1/report.txt
SASDN95,packing,rodada_2,12.744046,11.231003,12.744,YES,2.0,50.0,1.5,632.0,,2,,SASDN95/packing_result/rodada_2/report.txt
SASDN95,packing,rodada_3,12.791982,11.237781,12.792,YES,2.0,50.0,1.51,632.0,,2,,SASDN95/packing_result/rodada_3/report.txt
SASDN97,packing,rodada_1,18.233533,17.696091,18.2335,YES,2.0,50.0,0.07,793.0,,2,,SASDN97/packing_result/rodada_1/report.txt
SASDN97,packing,rodada_2,13.64266,13.117496,13.6427,YES,2.0,50.0,0.07,793.0,,2,,SASDN97/packing_result/rodada_2/report.txt
SASDN97,packing,rodada_3,17.623437,16.429889,17.6234,YES,2.0,50.0,0.07,793.0,,2,,SASDN97/packing_result/rodada_3/report.txt
SASDN98,packing,rodada_1,5.924001,5.350044,5.924,YES,2.0,50.0,0.46,409.0,,2,,SASDN98/packing_result/rodada_1/report.txt
SASDN98,packing,rodada_2,5.643826,5.206974,5.6438,YES,2.0,50.0,0.46,409.0,,2,,SASDN98/packing_result/rodada_2/report.txt
SASDN98,packing,rodada_3,14.001504,12.608917,13.0513,YES,2.0,50.0,0.45,409.0,,2,,SASDN98/packing_result/rodada_3/report.txt
SASDNA2,packing,rodada_1,5.151219,3.220332,3.827,YES,2.0,50.0,0.93,1457.0,,2,,SASDNA2/packing_result/rodada_1/report.txt
SASDNA2,packing,rodada_2,5.481799,3.107743,3.7061,YES,2.0,50.0,0.93,1457.0,,2,,SASDNA2/packing_result/rodada_2/report.txt
SASDNA2,packing,rodada_3,5.942255,3.391917,3.7642,YES,2.0,50.0,0.93,1457.0,,2,,SASDNA2/packing_result/rodada_3/report.txt
SASDNA5,packing,rodada_1,11.974488,10.641645,11.9745,YES,2.0,50.0,1.36,205.0,,2,,SASDNA5/packing_result/rodada_1/report.txt
SASDNA5,packing,rodada_2,12.669657,11.321307,12.6697,YES,2.0,50.0,1.36,205.0,,2,,SASDNA5/packing_result/rodada_2/report.txt
SASDNA5,packing,rodada_3,11.597329,10.2963,11.5973,YES,2.0,50.0,1.35,205.0,,2,,SASDNA5/packing_result/rodada_3/report.txt
SASDNA7,packing,rodada_1,23.14283,18.105977,19.1903,YES,2.0,50.0,0.07,685.0,,2,,SASDNA7/packing_result/rodada_1/report.txt
SASDNA7,packing,rodada_2,16.80671,16.16843,16.8067,YES,2.0,50.0,0.07,685.0,,2,,SASDNA7/packing_result/rodada_2/report.txt
SASDNA7,packing,rodada_3,15.286541,14.1381,15.2865,YES,2.0,50.0,0.07,685.0,,2,,SASDNA7/packing_result/rodada_3/report.txt
SASDNA8,packing,rodada_1,8.850989,7.879879,8.3272,YES,2.0,50.0,0.43,160.0,,2,,SASDNA8/packing_result/rodada_1/report.txt
SASDNA8,packing,rodada_2,9.928399,9.642398,9.9284,YES,2.0,50.0,0.43,160.0,,2,,SASDNA8/packing_result/rodada_2/report.txt
SASDNA8,packing,rodada_3,13.996593,5.9587,10.3943,YES,2.0,50.0,0.43,160.0,,2,,SASDNA8/packing_result/rodada_3/report.txt
SASDNA9,single,rodada_1,5.78459,,,,,,2.12,1184.0,1.0,,SASDNA9_fit1_model1.pdb,SASDNA9/single_result/rodada_1/report.txt
SASDNA9,single,rodada_2,5.78459,,,,,,2.12,1184.0,1.0,,SASDNA9_fit1_model1.pdb,SASDNA9/single_result/rodada_2/report.txt
SASDNA9,single,rodada_3,5.78459,,,,,,2.12,1184.0,1.0,,SASDNA9_fit1_model1.pdb,SASDNA9/single_result/rodada_3/report.txt
SASDNB2,packing,rodada_1,3.160677,2.134426,3.1607,YES,2.0,50.0,0.17,4314.0,,2,,SASDNB2/packing_result/rodada_1/report.txt
SASDNB2,packing,rodada_2,3.300476,3.043768,3.3005,YES,2.0,50.0,0.17,4314.0,,2,,SASDNB2/packing_result/rodada_2/report.txt
SASDNB2,packing,rodada_3,3.073336,2.938679,3.0733,YES,2.0,50.0,0.17,4314.0,,2,,SASDNB2/packing_result/rodada_3/report.txt
SASDNB5,packing,rodada_1,12.484199,10.961987,12.4842,YES,2.0,50.0,1.42,269.0,,2,,SASDNB5/packing_result/rodada_1/report.txt
SASDNB5,packing,rodada_2,10.542004,9.54873,10.542,YES,2.0,50.0,1.42,269.0,,2,,SASDNB5/packing_result/rodada_2/report.txt
SASDNB5,packing,rodada_3,10.748093,9.635327,10.7481,YES,2.0,50.0,1.41,269.0,,2,,SASDNB5/packing_result/rodada_3/report.txt
SASDNB7,packing,rodada_1,2.924237,2.50279,2.9242,YES,3.0,50.0,0.2,1056.0,,3,,SASDNB7/packing_result/rodada_1/report.txt
SASDNB7,packing,rodada_2,3.857133,2.815987,3.6841,YES,3.0,50.0,0.2,1056.0,,3,,SASDNB7/packing_result/rodada_2/report.txt
SASDNB7,packing,rodada_3,4.026584,3.094236,3.8086,YES,3.0,50.0,0.2,1056.0,,3,,SASDNB7/packing_result/rodada_3/report.txt
SASDNB8,single,rodada_1,5.24663,,,,,,0.84,3765.0,1.0,,SASDNB8_fit1_model1.pdb,SASDNB8/single_result/rodada_1/report.txt
SASDNB8,single,rodada_2,5.24663,,,,,,0.84,3765.0,1.0,,SASDNB8_fit1_model1.pdb,SASDNB8/single_result/rodada_2/report.txt
SASDNB8,single,rodada_3,5.24663,,,,,,0.83,3765.0,1.0,,SASDNB8_fit1_model1.pdb,SASDNB8/single_result/rodada_3/report.txt
SASDNB9,single,rodada_1,5.459774,,,,,,2.17,1241.0,1.0,,SASDNB9_fit1_model1.pdb,SASDNB9/single_result/rodada_1/report.txt
SASDNB9,single,rodada_2,5.459774,,,,,,2.18,1241.0,1.0,,SASDNB9_fit1_model1.pdb,SASDNB9/single_result/rodada_2/report.txt
SASDNB9,single,rodada_3,5.459774,,,,,,2.19,1241.0,1.0,,SASDNB9_fit1_model1.pdb,SASDNB9/single_result/rodada_3/report.txt
SASDNC2,packing,rodada_1,6.418192,6.098277,6.4182,YES,2.0,50.0,0.43,679.0,,2,,SASDNC2/packing_result/rodada_1/report.txt
SASDNC2,packing,rodada_2,5.773886,3.437368,5.7739,YES,2.0,50.0,0.44,679.0,,2,,SASDNC2/packing_result/rodada_2/report.txt
SASDNC2,packing,rodada_3,6.86321,5.80849,6.8632,YES,2.0,50.0,0.43,679.0,,2,,SASDNC2/packing_result/rodada_3/report.txt
SASDNC3,packing,rodada_1,3.604106,3.441848,3.6041,YES,2.0,50.0,0.31,2200.0,,2,,SASDNC3/packing_result/rodada_1/report.txt
SASDNC3,packing,rodada_2,3.808773,3.559399,3.8088,YES,2.0,50.0,0.32,2200.0,,2,,SASDNC3/packing_result/rodada_2/report.txt
SASDNC3,packing,rodada_3,4.181015,4.024773,4.181,YES,2.0,50.0,0.32,2200.0,,2,,SASDNC3/packing_result/rodada_3/report.txt
SASDNC5,packing,rodada_1,3.888313,3.022056,3.8883,YES,4.0,50.0,0.66,2053.0,,4,,SASDNC5/packing_result/rodada_1/report.txt
SASDNC5,packing,rodada_2,3.888467,2.704497,3.8865,YES,4.0,50.0,0.67,2053.0,,4,,SASDNC5/packing_result/rodada_2/report.txt
SASDNC5,packing,rodada_3,3.907509,3.005184,3.9075,YES,4.0,50.0,0.66,2053.0,,4,,SASDNC5/packing_result/rodada_3/report.txt
SASDNC7,packing,rodada_1,5.631875,3.917028,5.2801,YES,2.0,50.0,0.24,963.0,,2,,SASDNC7/packing_result/rodada_1/report.txt
SASDNC7,packing,rodada_2,3.55064,2.842112,3.5506,YES,2.0,50.0,0.24,963.0,,2,,SASDNC7/packing_result/rodada_2/report.txt
SASDNC7,packing,rodada_3,4.558679,3.047611,3.5768,YES,2.0,50.0,0.24,963.0,,2,,SASDNC7/packing_result/rodada_3/report.txt
SASDNC8,single,rodada_1,8.271966,,,,,,0.51,1524.0,1.0,,SASDNC8_fit1_model1.pdb,SASDNC8/single_result/rodada_1/report.txt
SASDNC8,single,rodada_2,8.271966,,,,,,0.51,1524.0,1.0,,SASDNC8_fit1_model1.pdb,SASDNC8/single_result/rodada_2/report.txt
SASDNC8,single,rodada_3,8.271966,,,,,,0.51,1524.0,1.0,,SASDNC8_fit1_model1.pdb,SASDNC8/single_result/rodada_3/report.txt
SASDNC9,single,rodada_1,5.687643,,,,,,2.18,1236.0,1.0,,SASDNC9_fit1_model1.pdb,SASDNC9/single_result/rodada_1/report.txt
SASDNC9,single,rodada_2,5.687643,,,,,,2.21,1236.0,1.0,,SASDNC9_fit1_model1.pdb,SASDNC9/single_result/rodada_2/report.txt
SASDNC9,single,rodada_3,5.687643,,,,,,2.2,1236.0,1.0,,SASDNC9_fit1_model1.pdb,SASDNC9/single_result/rodada_3/report.txt
SASDND2,single,rodada_1,2.423773,,,,,,0.29,1448.0,1.0,,SASDND2_fit1_model1.pdb,SASDND2/single_result/rodada_1/report.txt
SASDND2,single,rodada_2,2.423773,,,,,,0.28,1448.0,1.0,,SASDND2_fit1_model1.pdb,SASDND2/single_result/rodada_2/report.txt
SASDND2,single,rodada_3,2.423773,,,,,,0.28,1448.0,1.0,,SASDND2_fit1_model1.pdb,SASDND2/single_result/rodada_3/report.txt
SASDND3,single,rodada_1,9.152502,,,,,,1.31,1266.0,1.0,,SASDND3_fit1_model1.pdb,SASDND3/single_result/rodada_1/report.txt
SASDND3,single,rodada_2,9.152502,,,,,,1.31,1266.0,1.0,,SASDND3_fit1_model1.pdb,SASDND3/single_result/rodada_2/report.txt
SASDND3,single,rodada_3,9.152502,,,,,,1.3,1266.0,1.0,,SASDND3_fit1_model1.pdb,SASDND3/single_result/rodada_3/report.txt
SASDND5,packing,rodada_1,5.824143,4.464141,5.8241,YES,4.0,50.0,0.58,988.0,,4,,SASDND5/packing_result/rodada_1/report.txt
SASDND5,packing,rodada_2,4.143351,3.627687,4.1434,YES,4.0,50.0,0.58,988.0,,4,,SASDND5/packing_result/rodada_2/report.txt
SASDND5,packing,rodada_3,4.142603,3.138463,4.1426,YES,4.0,50.0,0.58,988.0,,4,,SASDND5/packing_result/rodada_3/report.txt
SASDND6,single,rodada_1,4.037669,,,,,,0.28,1192.0,1.0,,SASDND6_fit1_model1.pdb,SASDND6/single_result/rodada_1/report.txt
SASDND6,single,rodada_2,4.037669,,,,,,0.28,1192.0,1.0,,SASDND6_fit1_model1.pdb,SASDND6/single_result/rodada_2/report.txt
SASDND6,single,rodada_3,4.037669,,,,,,0.29,1192.0,1.0,,SASDND6_fit1_model1.pdb,SASDND6/single_result/rodada_3/report.txt
SASDND7,packing,rodada_1,2.848903,2.681896,2.8489,YES,3.0,50.0,0.54,3244.0,,3,,SASDND7/packing_result/rodada_1/report.txt
SASDND7,packing,rodada_2,3.022296,2.813579,3.0223,YES,3.0,50.0,0.53,3244.0,,3,,SASDND7/packing_result/rodada_2/report.txt
SASDND7,packing,rodada_3,3.333298,3.044443,3.2403,YES,3.0,50.0,0.53,3244.0,,3,,SASDND7/packing_result/rodada_3/report.txt
SASDND8,single,rodada_1,5.276425,,,,,,0.48,1257.0,1.0,,SASDND8_fit1_model1.pdb,SASDND8/single_result/rodada_1/report.txt
SASDND8,single,rodada_2,5.276425,,,,,,0.47,1257.0,1.0,,SASDND8_fit1_model1.pdb,SASDND8/single_result/rodada_2/report.txt
SASDND8,single,rodada_3,5.276425,,,,,,0.47,1257.0,1.0,,SASDND8_fit1_model1.pdb,SASDND8/single_result/rodada_3/report.txt
SASDND9,single,rodada_1,4.743926,,,,,,2.07,1168.0,1.0,,SASDND9_fit1_model1.pdb,SASDND9/single_result/rodada_1/report.txt
SASDND9,single,rodada_2,4.743926,,,,,,2.07,1168.0,1.0,,SASDND9_fit1_model1.pdb,SASDND9/single_result/rodada_2/report.txt
SASDND9,single,rodada_3,4.743926,,,,,,2.07,1168.0,1.0,,SASDND9_fit1_model1.pdb,SASDND9/single_result/rodada_3/report.txt
SASDNE2,packing,rodada_1,4.67153,3.518386,3.5484,YES,2.0,50.0,0.22,3684.0,,2,,SASDNE2/packing_result/rodada_1/report.txt
SASDNE2,packing,rodada_2,4.263074,3.532894,3.6513,YES,2.0,50.0,0.21,3684.0,,2,,SASDNE2/packing_result/rodada_2/report.txt
SASDNE2,packing,rodada_3,4.929889,3.726715,3.8324,YES,2.0,50.0,0.21,3684.0,,2,,SASDNE2/packing_result/rodada_3/report.txt
SASDNE3,single,rodada_1,12.43631,,,,,,2.01,1343.0,1.0,,SASDNE3_fit1_model1.pdb,SASDNE3/single_result/rodada_1/report.txt
SASDNE3,single,rodada_2,12.43631,,,,,,2.01,1343.0,1.0,,SASDNE3_fit1_model1.pdb,SASDNE3/single_result/rodada_2/report.txt
SASDNE3,single,rodada_3,12.43631,,,,,,2.01,1343.0,1.0,,SASDNE3_fit1_model1.pdb,SASDNE3/single_result/rodada_3/report.txt
SASDNE5,packing,rodada_1,8.341454,6.297994,7.241,YES,2.0,50.0,0.33,1066.0,,2,,SASDNE5/packing_result/rodada_1/report.txt
SASDNE5,packing,rodada_2,8.21166,6.150253,7.0988,YES,2.0,50.0,0.33,1066.0,,2,,SASDNE5/packing_result/rodada_2/report.txt
SASDNE5,packing,rodada_3,8.528353,6.501349,7.2486,YES,2.0,50.0,0.32,1066.0,,2,,SASDNE5/packing_result/rodada_3/report.txt
SASDNE7,packing,rodada_1,7.58635,4.451061,7.5863,YES,3.0,50.0,0.51,1527.0,,3,,SASDNE7/packing_result/rodada_1/report.txt
SASDNE7,packing,rodada_2,6.351062,4.349813,6.3511,YES,3.0,50.0,0.5,1527.0,,3,,SASDNE7/packing_result/rodada_2/report.txt
SASDNE7,packing,rodada_3,6.250576,3.803348,6.2506,YES,3.0,50.0,0.51,1527.0,,3,,SASDNE7/packing_result/rodada_3/report.txt
SASDNE9,single,rodada_1,5.4045,,,,,,2.05,1174.0,1.0,,SASDNE9_fit1_model1.pdb,SASDNE9/single_result/rodada_1/report.txt
SASDNE9,single,rodada_2,5.4045,,,,,,2.04,1174.0,1.0,,SASDNE9_fit1_model1.pdb,SASDNE9/single_result/rodada_2/report.txt
SASDNE9,single,rodada_3,5.4045,,,,,,2.04,1174.0,1.0,,SASDNE9_fit1_model1.pdb,SASDNE9/single_result/rodada_3/report.txt
SASDNF3,single,rodada_1,6.099064,,,,,,0.08,394.0,1.0,,SASDNF3_fit1_model1.pdb,SASDNF3/single_result/rodada_1/report.txt
SASDNF3,single,rodada_2,6.099064,,,,,,0.08,394.0,1.0,,SASDNF3_fit1_model1.pdb,SASDNF3/single_result/rodada_2/report.txt
SASDNF3,single,rodada_3,6.099064,,,,,,0.08,394.0,1.0,,SASDNF3_fit1_model1.pdb,SASDNF3/single_result/rodada_3/report.txt
SASDNF6,single,rodada_1,7.108959,,,,,,2.22,2406.0,1.0,,SASDNF6_fit1_model1.pdb,SASDNF6/single_result/rodada_1/report.txt
SASDNF6,single,rodada_2,7.108959,,,,,,2.22,2406.0,1.0,,SASDNF6_fit1_model1.pdb,SASDNF6/single_result/rodada_2/report.txt
SASDNF6,single,rodada_3,7.108959,,,,,,2.19,2406.0,1.0,,SASDNF6_fit1_model1.pdb,SASDNF6/single_result/rodada_3/report.txt
SASDNF7,single,rodada_1,2.39941,,,,,,0.63,1348.0,1.0,,SASDNF7_fit1_model1.pdb,SASDNF7/single_result/rodada_1/report.txt
SASDNF7,single,rodada_2,2.39941,,,,,,0.64,1348.0,1.0,,SASDNF7_fit1_model1.pdb,SASDNF7/single_result/rodada_2/report.txt
SASDNF7,single,rodada_3,2.39941,,,,,,0.63,1348.0,1.0,,SASDNF7_fit1_model1.pdb,SASDNF7/single_result/rodada_3/report.txt
SASDNF8,single,rodada_1,12.727184,,,,,,0.09,392.0,1.0,,SASDNF8_fit1_model1.pdb,SASDNF8/single_result/rodada_1/report.txt
SASDNF8,single,rodada_2,12.727184,,,,,,0.09,392.0,1.0,,SASDNF8_fit1_model1.pdb,SASDNF8/single_result/rodada_2/report.txt
SASDNF8,single,rodada_3,12.727184,,,,,,0.09,392.0,1.0,,SASDNF8_fit1_model1.pdb,SASDNF8/single_result/rodada_3/report.txt
SASDNF9,single,rodada_1,5.300795,,,,,,2.14,1143.0,1.0,,SASDNF9_fit1_model1.pdb,SASDNF9/single_result/rodada_1/report.txt
SASDNF9,single,rodada_2,5.300795,,,,,,2.13,1143.0,1.0,,SASDNF9_fit1_model1.pdb,SASDNF9/single_result/rodada_2/report.txt
SASDNF9,single,rodada_3,5.300795,,,,,,2.15,1143.0,1.0,,SASDNF9_fit1_model1.pdb,SASDNF9/single_result/rodada_3/report.txt
SASDNG2,single,rodada_1,6.038741,,,,,,0.31,4481.0,1.0,,SASDNG2_fit1_model1.pdb,SASDNG2/single_result/rodada_1/report.txt
SASDNG2,single,rodada_2,6.038741,,,,,,0.31,4481.0,1.0,,SASDNG2_fit1_model1.pdb,SASDNG2/single_result/rodada_2/report.txt
SASDNG2,single,rodada_3,6.038741,,,,,,0.31,4481.0,1.0,,SASDNG2_fit1_model1.pdb,SASDNG2/single_result/rodada_3/report.txt
SASDNG3,single,rodada_1,9.996998,,,,,,0.06,300.0,1.0,,SASDNG3_fit1_model1.pdb,SASDNG3/single_result/rodada_1/report.txt
SASDNG3,single,rodada_2,9.996998,,,,,,0.06,300.0,1.0,,SASDNG3_fit1_model1.pdb,SASDNG3/single_result/rodada_2/report.txt
SASDNG3,single,rodada_3,9.996998,,,,,,0.06,300.0,1.0,,SASDNG3_fit1_model1.pdb,SASDNG3/single_result/rodada_3/report.txt
SASDNG6,single,rodada_1,10.611504,,,,,,2.15,1365.0,1.0,,SASDNG6_fit1_model1.pdb,SASDNG6/single_result/rodada_1/report.txt
SASDNG6,single,rodada_2,10.611504,,,,,,2.14,1365.0,1.0,,SASDNG6_fit1_model1.pdb,SASDNG6/single_result/rodada_2/report.txt
SASDNG6,single,rodada_3,10.611504,,,,,,2.13,1365.0,1.0,,SASDNG6_fit1_model1.pdb,SASDNG6/single_result/rodada_3/report.txt
SASDNG7,single,rodada_1,4.23562,,,,,,1.2,1942.0,1.0,,SASDNG7_fit1_model1.pdb,SASDNG7/single_result/rodada_1/report.txt
SASDNG7,single,rodada_2,4.23562,,,,,,1.2,1942.0,1.0,,SASDNG7_fit1_model1.pdb,SASDNG7/single_result/rodada_2/report.txt
SASDNG7,single,rodada_3,4.23562,,,,,,1.19,1942.0,1.0,,SASDNG7_fit1_model1.pdb,SASDNG7/single_result/rodada_3/report.txt
SASDNG8,single,rodada_1,15.563743,,,,,,0.1,819.0,1.0,,SASDNG8_fit1_model1.pdb,SASDNG8/single_result/rodada_1/report.txt
SASDNG8,single,rodada_2,15.563743,,,,,,0.1,819.0,1.0,,SASDNG8_fit1_model1.pdb,SASDNG8/single_result/rodada_2/report.txt
SASDNG8,single,rodada_3,15.563743,,,,,,0.1,819.0,1.0,,SASDNG8_fit1_model1.pdb,SASDNG8/single_result/rodada_3/report.txt
SASDNG9,packing,rodada_1,3.070949,2.75895,3.0709,YES,2.0,50.0,0.13,969.0,,2,,SASDNG9/packing_result/rodada_1/report.txt
SASDNG9,packing,rodada_2,2.922595,2.617321,2.9226,YES,2.0,50.0,0.13,969.0,,2,,SASDNG9/packing_result/rodada_2/report.txt
SASDNG9,packing,rodada_3,2.657544,2.315679,2.6575,YES,2.0,50.0,0.13,969.0,,2,,SASDNG9/packing_result/rodada_3/report.txt
SASDNH2,single,rodada_1,4.27002,,,,,,0.42,1116.0,1.0,,SASDNH2_fit1_model1.pdb,SASDNH2/single_result/rodada_1/report.txt
SASDNH2,single,rodada_2,4.27002,,,,,,0.42,1116.0,1.0,,SASDNH2_fit1_model1.pdb,SASDNH2/single_result/rodada_2/report.txt
SASDNH2,single,rodada_3,4.27002,,,,,,0.42,1116.0,1.0,,SASDNH2_fit1_model1.pdb,SASDNH2/single_result/rodada_3/report.txt
SASDNH6,single,rodada_1,11.353734,,,,,,1.24,1866.0,1.0,,SASDNH6_fit1_model1.pdb,SASDNH6/single_result/rodada_1/report.txt
SASDNH6,single,rodada_2,11.353734,,,,,,1.24,1866.0,1.0,,SASDNH6_fit1_model1.pdb,SASDNH6/single_result/rodada_2/report.txt
SASDNH6,single,rodada_3,11.353734,,,,,,1.25,1866.0,1.0,,SASDNH6_fit1_model1.pdb,SASDNH6/single_result/rodada_3/report.txt
SASDNH8,single,rodada_1,8.312471,,,,,,0.13,1086.0,1.0,,SASDNH8_fit1_model1.pdb,SASDNH8/single_result/rodada_1/report.txt
SASDNH8,single,rodada_2,8.312471,,,,,,0.13,1086.0,1.0,,SASDNH8_fit1_model1.pdb,SASDNH8/single_result/rodada_2/report.txt
SASDNH8,single,rodada_3,8.312471,,,,,,0.13,1086.0,1.0,,SASDNH8_fit1_model1.pdb,SASDNH8/single_result/rodada_3/report.txt
SASDNH9,packing,rodada_1,4.138978,3.663384,4.139,YES,2.0,50.0,0.13,986.0,,2,,SASDNH9/packing_result/rodada_1/report.txt
SASDNH9,packing,rodada_2,3.201755,2.911038,3.2018,YES,2.0,50.0,0.13,986.0,,2,,SASDNH9/packing_result/rodada_2/report.txt
SASDNH9,packing,rodada_3,3.839094,3.055271,3.6074,YES,2.0,50.0,0.12,986.0,,2,,SASDNH9/packing_result/rodada_3/report.txt
SASDNJ2,packing,rodada_1,8.416653,7.371696,,YES,0.0,50.0,7.67,1364.0,,,,SASDNJ2/packing_result/rodada_1/report.txt
SASDNJ2,packing,rodada_2,8.624582,7.702035,,YES,0.0,50.0,7.56,1364.0,,,,SASDNJ2/packing_result/rodada_2/report.txt
SASDNJ2,packing,rodada_3,8.369485,7.551164,,YES,0.0,50.0,7.47,1364.0,,,,SASDNJ2/packing_result/rodada_3/report.txt
SASDNJ5,packing,rodada_1,15.088563,4.577728,6.5492,YES,6.0,50.0,0.86,2010.0,,6,,SASDNJ5/packing_result/rodada_1/report.txt
SASDNJ5,packing,rodada_2,15.153438,3.14603,5.1468,YES,6.0,50.0,0.9,2010.0,,6,,SASDNJ5/packing_result/rodada_2/report.txt
SASDNJ5,packing,rodada_3,15.135841,4.050327,5.8641,YES,6.0,50.0,0.91,2010.0,,6,,SASDNJ5/packing_result/rodada_3/report.txt
SASDNJ6,single,rodada_1,8.80457,,,,,,1.16,2024.0,1.0,,SASDNJ6_fit1_model1.pdb,SASDNJ6/single_result/rodada_1/report.txt
SASDNJ6,single,rodada_2,8.80457,,,,,,1.16,2024.0,1.0,,SASDNJ6_fit1_model1.pdb,SASDNJ6/single_result/rodada_2/report.txt
SASDNJ6,single,rodada_3,8.80457,,,,,,1.16,2024.0,1.0,,SASDNJ6_fit1_model1.pdb,SASDNJ6/single_result/rodada_3/report.txt
SASDNJ7,packing,rodada_1,3.811093,3.811093,3.8111,NO,1.0,50.0,1.47,1337.0,,1,,SASDNJ7/packing_result/rodada_1/report.txt
SASDNJ7,packing,rodada_2,3.492525,3.492525,3.4925,NO,1.0,50.0,1.47,1337.0,,1,,SASDNJ7/packing_result/rodada_2/report.txt
SASDNJ7,packing,rodada_3,3.551252,3.551252,3.5513,NO,1.0,50.0,1.4,1337.0,,1,,SASDNJ7/packing_result/rodada_3/report.txt
SASDNJ8,single,rodada_1,10.144191,,,,,,0.11,946.0,1.0,,SASDNJ8_fit1_model1.pdb,SASDNJ8/single_result/rodada_1/report.txt
SASDNJ8,single,rodada_2,10.144191,,,,,,0.11,946.0,1.0,,SASDNJ8_fit1_model1.pdb,SASDNJ8/single_result/rodada_2/report.txt
SASDNJ8,single,rodada_3,10.144191,,,,,,0.11,946.0,1.0,,SASDNJ8_fit1_model1.pdb,SASDNJ8/single_result/rodada_3/report.txt
SASDNJ9,packing,rodada_1,2.537491,2.247318,2.5375,YES,2.0,50.0,0.13,918.0,,2,,SASDNJ9/packing_result/rodada_1/report.txt
SASDNJ9,packing,rodada_2,3.821124,3.127337,3.8211,YES,2.0,50.0,0.13,918.0,,2,,SASDNJ9/packing_result/rodada_2/report.txt
SASDNJ9,packing,rodada_3,3.509248,3.083672,3.5092,YES,2.0,50.0,0.13,918.0,,2,,SASDNJ9/packing_result/rodada_3/report.txt
SASDNK2,packing,rodada_1,14.349019,14.926805,,NO,0.0,50.0,8.28,1224.0,,,,SASDNK2/packing_result/rodada_1/report.txt
SASDNK2,packing,rodada_2,13.570564,11.789278,,YES,0.0,50.0,8.11,1224.0,,,,SASDNK2/packing_result/rodada_2/report.txt
SASDNK2,packing,rodada_3,21.155918,19.332362,,YES,0.0,50.0,8.31,1224.0,,,,SASDNK2/packing_result/rodada_3/report.txt
SASDNK5,packing,rodada_1,15.27611,2.272972,5.035,YES,6.0,50.0,0.96,4594.0,,6,,SASDNK5/packing_result/rodada_1/report.txt
SASDNK5,packing,rodada_2,15.069783,2.654113,5.2981,YES,6.0,50.0,0.96,4594.0,,6,,SASDNK5/packing_result/rodada_2/report.txt
SASDNK5,packing,rodada_3,15.342702,2.70885,4.498,YES,6.0,50.0,0.97,4594.0,,6,,SASDNK5/packing_result/rodada_3/report.txt
SASDNK7,single,rodada_1,2.567554,,,,,,0.25,1246.0,1.0,,SASDNK7_fit1_model1.pdb,SASDNK7/single_result/rodada_1/report.txt
SASDNK7,single,rodada_2,2.567554,,,,,,0.25,1246.0,1.0,,SASDNK7_fit1_model1.pdb,SASDNK7/single_result/rodada_2/report.txt
SASDNK7,single,rodada_3,2.567554,,,,,,0.25,1246.0,1.0,,SASDNK7_fit1_model1.pdb,SASDNK7/single_result/rodada_3/report.txt
SASDNK8,packing,rodada_1,3.27385,2.965347,3.2739,YES,2.0,50.0,0.28,3410.0,,2,,SASDNK8/packing_result/rodada_1/report.txt
SASDNK8,packing,rodada_2,3.16844,2.590734,3.1684,YES,2.0,50.0,0.27,3410.0,,2,,SASDNK8/packing_result/rodada_2/report.txt
SASDNK8,packing,rodada_3,4.078454,3.042362,3.5846,YES,2.0,50.0,0.28,3410.0,,2,,SASDNK8/packing_result/rodada_3/report.txt
SASDNK9,single,rodada_1,18.807221,,,,,,0.06,267.0,1.0,,SASDNK9_fit1_model1.pdb,SASDNK9/single_result/rodada_1/report.txt
SASDNK9,single,rodada_2,18.807221,,,,,,0.06,267.0,1.0,,SASDNK9_fit1_model1.pdb,SASDNK9/single_result/rodada_2/report.txt
SASDNK9,single,rodada_3,18.807221,,,,,,0.07,267.0,1.0,,SASDNK9_fit1_model1.pdb,SASDNK9/single_result/rodada_3/report.txt
SASDNL2,packing,rodada_1,22.920981,17.96749,19.0203,YES,3.0,50.0,0.04,227.0,,3,,SASDNL2/packing_result/rodada_1/report.txt
SASDNL2,packing,rodada_2,17.309093,13.820771,15.7258,YES,3.0,50.0,0.04,227.0,,3,,SASDNL2/packing_result/rodada_2/report.txt
SASDNL2,packing,rodada_3,14.115707,12.840108,14.1157,YES,3.0,50.0,0.04,227.0,,3,,SASDNL2/packing_result/rodada_3/report.txt
SASDNL3,single,rodada_1,5.341116,,,,,,0.91,2230.0,1.0,,SASDNL3_fit1_model1.pdb,SASDNL3/single_result/rodada_1/report.txt
SASDNL3,single,rodada_2,5.341116,,,,,,0.91,2230.0,1.0,,SASDNL3_fit1_model1.pdb,SASDNL3/single_result/rodada_2/report.txt
SASDNL3,single,rodada_3,5.341116,,,,,,0.91,2230.0,1.0,,SASDNL3_fit1_model1.pdb,SASDNL3/single_result/rodada_3/report.txt
SASDNL5,packing,rodada_1,10.675864,3.697933,3.7029,YES,3.0,50.0,0.28,1320.0,,3,,SASDNL5/packing_result/rodada_1/report.txt
SASDNL5,packing,rodada_2,13.912426,4.895105,4.9245,YES,3.0,50.0,0.29,1320.0,,3,,SASDNL5/packing_result/rodada_2/report.txt
SASDNL5,packing,rodada_3,13.77185,4.607282,4.6137,YES,3.0,50.0,0.29,1320.0,,3,,SASDNL5/packing_result/rodada_3/report.txt
SASDNL8,packing,rodada_1,4.061496,3.597568,4.0615,YES,2.0,50.0,0.31,3796.0,,2,,SASDNL8/packing_result/rodada_1/report.txt
SASDNL8,packing,rodada_2,4.182588,3.125288,3.5356,YES,2.0,50.0,0.31,3796.0,,2,,SASDNL8/packing_result/rodada_2/report.txt
SASDNL8,packing,rodada_3,5.267954,3.208293,3.6145,YES,2.0,50.0,0.3,3796.0,,2,,SASDNL8/packing_result/rodada_3/report.txt
SASDNM2,packing,rodada_1,20.553011,17.386771,19.3215,YES,3.0,50.0,0.05,290.0,,3,,SASDNM2/packing_result/rodada_1/report.txt
SASDNM2,packing,rodada_2,20.553011,17.268398,19.2384,YES,3.0,50.0,0.05,290.0,,3,,SASDNM2/packing_result/rodada_2/report.txt
SASDNM2,packing,rodada_3,12.717696,10.806035,12.7177,YES,3.0,50.0,0.05,290.0,,3,,SASDNM2/packing_result/rodada_3/report.txt
SASDNM3,packing,rodada_1,13.10491,4.65976,4.7646,YES,2.0,50.0,0.05,362.0,,2,,SASDNM3/packing_result/rodada_1/report.txt
SASDNM3,packing,rodada_2,12.587084,5.170658,5.2776,YES,2.0,50.0,0.05,362.0,,2,,SASDNM3/packing_result/rodada_2/report.txt
SASDNM3,packing,rodada_3,12.79054,4.022833,4.1392,YES,2.0,50.0,0.05,362.0,,2,,SASDNM3/packing_result/rodada_3/report.txt
SASDNM5,single,rodada_1,8.162553,,,,,,0.12,214.0,1.0,,SASDNM5_fit1_model1.pdb,SASDNM5/single_result/rodada_1/report.txt
SASDNM5,single,rodada_2,8.162553,,,,,,0.12,214.0,1.0,,SASDNM5_fit1_model1.pdb,SASDNM5/single_result/rodada_2/report.txt
SASDNM5,single,rodada_3,8.162553,,,,,,0.12,214.0,1.0,,SASDNM5_fit1_model1.pdb,SASDNM5/single_result/rodada_3/report.txt
SASDNM9,single,rodada_1,4.148889,,,,,,0.2,1030.0,1.0,,SASDNM9_fit1_model1.pdb,SASDNM9/single_result/rodada_1/report.txt
SASDNM9,single,rodada_2,4.148889,,,,,,0.2,1030.0,1.0,,SASDNM9_fit1_model1.pdb,SASDNM9/single_result/rodada_2/report.txt
SASDNM9,single,rodada_3,4.148889,,,,,,0.2,1030.0,1.0,,SASDNM9_fit1_model1.pdb,SASDNM9/single_result/rodada_3/report.txt
SASDNN3,single,rodada_1,3.539487,,,,,,0.68,1555.0,1.0,,SASDNN3_fit1_model1.pdb,SASDNN3/single_result/rodada_1/report.txt
SASDNN3,single,rodada_2,3.539487,,,,,,0.69,1555.0,1.0,,SASDNN3_fit1_model1.pdb,SASDNN3/single_result/rodada_2/report.txt
SASDNN3,single,rodada_3,3.539487,,,,,,0.68,1555.0,1.0,,SASDNN3_fit1_model1.pdb,SASDNN3/single_result/rodada_3/report.txt
SASDNN5,packing,rodada_1,8.839876,2.40464,2.8271,YES,3.0,50.0,0.27,2371.0,,3,,SASDNN5/packing_result/rodada_1/report.txt
SASDNN5,packing,rodada_2,9.069583,2.388138,2.9804,YES,3.0,50.0,0.26,2371.0,,3,,SASDNN5/packing_result/rodada_2/report.txt
SASDNN5,packing,rodada_3,9.090114,2.282131,2.5753,YES,3.0,50.0,0.26,2371.0,,3,,SASDNN5/packing_result/rodada_3/report.txt
SASDNN9,single,rodada_1,5.257198,,,,,,0.29,3992.0,1.0,,SASDNN9_fit1_model1.pdb,SASDNN9/single_result/rodada_1/report.txt
SASDNN9,single,rodada_2,5.257198,,,,,,0.29,3992.0,1.0,,SASDNN9_fit1_model1.pdb,SASDNN9/single_result/rodada_2/report.txt
SASDNN9,single,rodada_3,5.257198,,,,,,0.29,3992.0,1.0,,SASDNN9_fit1_model1.pdb,SASDNN9/single_result/rodada_3/report.txt
SASDNP5,packing,rodada_1,12.702182,2.680289,3.4009,YES,3.0,50.0,0.24,3068.0,,3,,SASDNP5/packing_result/rodada_1/report.txt
SASDNP5,packing,rodada_2,13.022092,2.586145,3.1969,YES,3.0,50.0,0.24,3068.0,,3,,SASDNP5/packing_result/rodada_2/report.txt
SASDNP5,packing,rodada_3,12.866186,2.651948,3.3357,YES,3.0,50.0,0.23,3068.0,,3,,SASDNP5/packing_result/rodada_3/report.txt
SASDNP9,single,rodada_1,7.809776,,,,,,0.19,1982.0,1.0,,SASDNP9_fit1_model1.pdb,SASDNP9/single_result/rodada_1/report.txt
SASDNP9,single,rodada_2,7.809776,,,,,,0.19,1982.0,1.0,,SASDNP9_fit1_model1.pdb,SASDNP9/single_result/rodada_2/report.txt
SASDNP9,single,rodada_3,7.809776,,,,,,0.19,1982.0,1.0,,SASDNP9_fit1_model1.pdb,SASDNP9/single_result/rodada_3/report.txt
SASDNQ3,packing,rodada_1,7.6199,5.526029,6.4219,YES,3.0,50.0,1.32,1068.0,,3,,SASDNQ3/packing_result/rodada_1/report.txt
SASDNQ3,packing,rodada_2,5.841176,4.774329,5.7775,YES,3.0,50.0,1.3,1068.0,,3,,SASDNQ3/packing_result/rodada_2/report.txt
SASDNQ3,packing,rodada_3,5.827231,4.878916,5.8272,YES,3.0,50.0,1.31,1068.0,,3,,SASDNQ3/packing_result/rodada_3/report.txt
SASDNQ5,packing,rodada_1,14.346515,3.983579,4.1474,YES,2.0,50.0,0.2,2740.0,,2,,SASDNQ5/packing_result/rodada_1/report.txt
SASDNQ5,packing,rodada_2,14.008359,3.964688,4.1577,YES,2.0,50.0,0.14,2740.0,,2,,SASDNQ5/packing_result/rodada_2/report.txt
SASDNQ5,packing,rodada_3,14.498208,4.152595,4.3228,YES,2.0,50.0,0.14,2740.0,,2,,SASDNQ5/packing_result/rodada_3/report.txt
SASDNQ7,packing,rodada_1,12.203151,6.533928,7.0345,YES,3.0,50.0,0.4,877.0,,3,,SASDNQ7/packing_result/rodada_1/report.txt
SASDNQ7,packing,rodada_2,12.292464,5.670448,6.1781,YES,3.0,50.0,0.39,877.0,,3,,SASDNQ7/packing_result/rodada_2/report.txt
SASDNQ7,packing,rodada_3,12.234893,6.14905,6.4564,YES,3.0,50.0,0.39,877.0,,3,,SASDNQ7/packing_result/rodada_3/report.txt
SASDNQ9,single,rodada_1,4.60956,,,,,,0.18,1137.0,1.0,,SASDNQ9_fit1_model1.pdb,SASDNQ9/single_result/rodada_1/report.txt
SASDNQ9,single,rodada_2,4.60956,,,,,,0.18,1137.0,1.0,,SASDNQ9_fit1_model1.pdb,SASDNQ9/single_result/rodada_2/report.txt
SASDNQ9,single,rodada_3,4.60956,,,,,,0.18,1137.0,1.0,,SASDNQ9_fit1_model1.pdb,SASDNQ9/single_result/rodada_3/report.txt
SASDNR3,single,rodada_1,24.221547,,,,,,0.07,213.0,1.0,,SASDNR3_fit1_model1.pdb,SASDNR3/single_result/rodada_1/report.txt
SASDNR3,single,rodada_2,24.221547,,,,,,0.07,213.0,1.0,,SASDNR3_fit1_model1.pdb,SASDNR3/single_result/rodada_2/report.txt
SASDNR3,single,rodada_3,24.221547,,,,,,0.07,213.0,1.0,,SASDNR3_fit1_model1.pdb,SASDNR3/single_result/rodada_3/report.txt
SASDNR5,packing,rodada_1,14.022406,2.55198,2.9549,YES,3.0,50.0,0.3,2860.0,,3,,SASDNR5/packing_result/rodada_1/report.txt
SASDNR5,packing,rodada_2,13.796022,2.861476,2.9211,YES,3.0,50.0,0.3,2860.0,,3,,SASDNR5/packing_result/rodada_2/report.txt
SASDNR5,packing,rodada_3,14.084278,2.777383,2.8672,YES,3.0,50.0,0.3,2860.0,,3,,SASDNR5/packing_result/rodada_3/report.txt
SASDNR7,packing,rodada_1,16.502667,5.415878,5.5876,YES,3.0,50.0,0.53,1958.0,,3,,SASDNR7/packing_result/rodada_1/report.txt
SASDNR7,packing,rodada_2,17.426493,5.997662,6.4374,YES,3.0,50.0,0.55,1958.0,,3,,SASDNR7/packing_result/rodada_2/report.txt
SASDNR7,packing,rodada_3,17.47129,4.480233,5.7085,YES,3.0,50.0,0.53,1958.0,,3,,SASDNR7/packing_result/rodada_3/report.txt
SASDNR9,single,rodada_1,9.005023,,,,,,0.18,1629.0,1.0,,SASDNR9_fit1_model1.pdb,SASDNR9/single_result/rodada_1/report.txt
SASDNR9,single,rodada_2,9.005023,,,,,,0.18,1629.0,1.0,,SASDNR9_fit1_model1.pdb,SASDNR9/single_result/rodada_2/report.txt
SASDNR9,single,rodada_3,9.005023,,,,,,0.17,1629.0,1.0,,SASDNR9_fit1_model1.pdb,SASDNR9/single_result/rodada_3/report.txt
SASDNS3,single,rodada_1,22.20001,,,,,,0.1,208.0,1.0,,SASDNS3_fit1_model1.pdb,SASDNS3/single_result/rodada_1/report.txt
SASDNS3,single,rodada_2,22.20001,,,,,,0.07,208.0,1.0,,SASDNS3_fit1_model1.pdb,SASDNS3/single_result/rodada_2/report.txt
SASDNS3,single,rodada_3,22.20001,,,,,,0.07,208.0,1.0,,SASDNS3_fit1_model1.pdb,SASDNS3/single_result/rodada_3/report.txt
SASDNS5,packing,rodada_1,9.859709,2.072503,2.5484,YES,3.0,50.0,0.37,5899.0,,3,,SASDNS5/packing_result/rodada_1/report.txt
SASDNS5,packing,rodada_2,9.850847,2.100194,2.8258,YES,3.0,50.0,0.36,5899.0,,3,,SASDNS5/packing_result/rodada_2/report.txt
SASDNS5,packing,rodada_3,9.804171,4.722797,2.9155,YES,3.0,50.0,0.38,5899.0,,3,,SASDNS5/packing_result/rodada_3/report.txt
SASDNS7,packing,rodada_1,18.543178,6.006266,6.6929,YES,3.0,50.0,0.78,2190.0,,3,,SASDNS7/packing_result/rodada_1/report.txt
SASDNS7,packing,rodada_2,19.018127,7.858093,8.1438,YES,3.0,50.0,0.86,2190.0,,3,,SASDNS7/packing_result/rodada_2/report.txt
SASDNS7,packing,rodada_3,18.879172,6.555018,7.8873,YES,3.0,50.0,0.88,2190.0,,3,,SASDNS7/packing_result/rodada_3/report.txt
SASDNS9,single,rodada_1,7.255114,,,,,,0.1,533.0,1.0,,SASDNS9_fit1_model1.pdb,SASDNS9/single_result/rodada_1/report.txt
SASDNS9,single,rodada_2,7.255114,,,,,,0.1,533.0,1.0,,SASDNS9_fit1_model1.pdb,SASDNS9/single_result/rodada_2/report.txt
SASDNS9,single,rodada_3,7.255114,,,,,,0.1,533.0,1.0,,SASDNS9_fit1_model1.pdb,SASDNS9/single_result/rodada_3/report.txt
SASDNT3,single,rodada_1,31.564063,,,,,,0.15,1152.0,1.0,,SASDNT3_fit1_model1.pdb,SASDNT3/single_result/rodada_1/report.txt
SASDNT3,single,rodada_2,31.564063,,,,,,0.15,1152.0,1.0,,SASDNT3_fit1_model1.pdb,SASDNT3/single_result/rodada_2/report.txt
SASDNT3,single,rodada_3,31.564063,,,,,,0.15,1152.0,1.0,,SASDNT3_fit1_model1.pdb,SASDNT3/single_result/rodada_3/report.txt
SASDNT5,packing,rodada_1,5.986233,4.375284,5.0815,YES,2.0,50.0,0.52,1251.0,,2,,SASDNT5/packing_result/rodada_1/report.txt
SASDNT5,packing,rodada_2,6.053104,4.43572,5.2966,YES,2.0,50.0,0.5,1251.0,,2,,SASDNT5/packing_result/rodada_2/report.txt
SASDNT5,packing,rodada_3,3.768281,3.666549,3.7683,YES,2.0,50.0,0.5,1251.0,,2,,SASDNT5/packing_result/rodada_3/report.txt
SASDNT7,packing,rodada_1,14.539892,5.923533,6.8768,YES,3.0,50.0,0.77,680.0,,3,,SASDNT7/packing_result/rodada_1/report.txt
SASDNT7,packing,rodada_2,14.212199,6.787025,6.884,YES,3.0,50.0,0.76,680.0,,3,,SASDNT7/packing_result/rodada_2/report.txt
SASDNT7,packing,rodada_3,14.48357,5.901743,6.8885,YES,3.0,50.0,0.75,680.0,,3,,SASDNT7/packing_result/rodada_3/report.txt
SASDNT9,single,rodada_1,6.608045,,,,,,0.11,738.0,1.0,,SASDNT9_fit1_model1.pdb,SASDNT9/single_result/rodada_1/report.txt
SASDNT9,single,rodada_2,6.608045,,,,,,0.12,738.0,1.0,,SASDNT9_fit1_model1.pdb,SASDNT9/single_result/rodada_2/report.txt
SASDNT9,single,rodada_3,6.608045,,,,,,0.12,738.0,1.0,,SASDNT9_fit1_model1.pdb,SASDNT9/single_result/rodada_3/report.txt
SASDNU2,packing,rodada_1,3.802233,4.479307,3.8022,NO,4.0,50.0,0.38,958.0,,4,,SASDNU2/packing_result/rodada_1/report.txt
SASDNU2,packing,rodada_2,4.423747,3.091501,3.6666,YES,4.0,50.0,0.35,958.0,,4,,SASDNU2/packing_result/rodada_2/report.txt
SASDNU2,packing,rodada_3,4.637242,2.993376,3.7322,YES,4.0,50.0,0.35,958.0,,4,,SASDNU2/packing_result/rodada_3/report.txt
SASDNU3,packing,rodada_1,20.612235,5.131731,6.0218,YES,4.0,50.0,0.46,151.0,,4,,SASDNU3/packing_result/rodada_1/report.txt
SASDNU3,packing,rodada_2,21.235567,14.920291,14.2436,YES,4.0,50.0,0.45,151.0,,4,,SASDNU3/packing_result/rodada_2/report.txt
SASDNU3,packing,rodada_3,19.876282,5.634517,6.4063,YES,4.0,50.0,0.45,151.0,,4,,SASDNU3/packing_result/rodada_3/report.txt
SASDNU5,single,rodada_1,7.329608,,,,,,0.13,1221.0,1.0,,SASDNU5_fit1_model1.pdb,SASDNU5/single_result/rodada_1/report.txt
SASDNU5,single,rodada_2,7.329608,,,,,,0.14,1221.0,1.0,,SASDNU5_fit1_model1.pdb,SASDNU5/single_result/rodada_2/report.txt
SASDNU5,single,rodada_3,7.329608,,,,,,0.14,1221.0,1.0,,SASDNU5_fit1_model1.pdb,SASDNU5/single_result/rodada_3/report.txt
SASDNU9,single,rodada_1,14.938074,,,,,,0.11,926.0,1.0,,SASDNU9_fit1_model1.pdb,SASDNU9/single_result/rodada_1/report.txt
SASDNU9,single,rodada_2,14.938074,,,,,,0.11,926.0,1.0,,SASDNU9_fit1_model1.pdb,SASDNU9/single_result/rodada_2/report.txt
SASDNU9,single,rodada_3,14.938074,,,,,,0.11,926.0,1.0,,SASDNU9_fit1_model1.pdb,SASDNU9/single_result/rodada_3/report.txt
SASDNV2,single,rodada_1,9.352321,,,,,,2.39,1146.0,1.0,,SASDNV2_fit1_model1.pdb,SASDNV2/single_result/rodada_1/report.txt
SASDNV2,single,rodada_2,9.352321,,,,,,2.39,1146.0,1.0,,SASDNV2_fit1_model1.pdb,SASDNV2/single_result/rodada_2/report.txt
SASDNV2,single,rodada_3,9.352321,,,,,,2.35,1146.0,1.0,,SASDNV2_fit1_model1.pdb,SASDNV2/single_result/rodada_3/report.txt
SASDNV9,single,rodada_1,17.975318,,,,,,0.09,484.0,1.0,,SASDNV9_fit1_model1.pdb,SASDNV9/single_result/rodada_1/report.txt
SASDNV9,single,rodada_2,17.975318,,,,,,0.09,484.0,1.0,,SASDNV9_fit1_model1.pdb,SASDNV9/single_result/rodada_2/report.txt
SASDNV9,single,rodada_3,17.975318,,,,,,0.09,484.0,1.0,,SASDNV9_fit1_model1.pdb,SASDNV9/single_result/rodada_3/report.txt
SASDNW2,single,rodada_1,7.151137,,,,,,0.17,2032.0,1.0,,SASDNW2_fit1_model1.pdb,SASDNW2/single_result/rodada_1/report.txt
SASDNW2,single,rodada_2,7.151137,,,,,,0.17,2032.0,1.0,,SASDNW2_fit1_model1.pdb,SASDNW2/single_result/rodada_2/report.txt
SASDNW2,single,rodada_3,7.151137,,,,,,0.16,2032.0,1.0,,SASDNW2_fit1_model1.pdb,SASDNW2/single_result/rodada_3/report.txt
SASDNW6,single,rodada_1,2.914554,,,,,,0.66,791.0,1.0,,SASDNW6_fit1_model1.pdb,SASDNW6/single_result/rodada_1/report.txt
SASDNW6,single,rodada_2,2.914554,,,,,,0.62,791.0,1.0,,SASDNW6_fit1_model1.pdb,SASDNW6/single_result/rodada_2/report.txt
SASDNW6,single,rodada_3,2.914554,,,,,,0.63,791.0,1.0,,SASDNW6_fit1_model1.pdb,SASDNW6/single_result/rodada_3/report.txt
SASDNW9,single,rodada_1,2.396038,,,,,,0.62,1567.0,1.0,,SASDNW9_fit1_model1.pdb,SASDNW9/single_result/rodada_1/report.txt
SASDNW9,single,rodada_2,2.396038,,,,,,0.62,1567.0,1.0,,SASDNW9_fit1_model1.pdb,SASDNW9/single_result/rodada_2/report.txt
SASDNW9,single,rodada_3,2.396038,,,,,,0.62,1567.0,1.0,,SASDNW9_fit1_model1.pdb,SASDNW9/single_result/rodada_3/report.txt
SASDNX2,packing,rodada_1,10.803932,7.864497,6.8701,YES,4.0,50.0,0.67,2895.0,,4,,SASDNX2/packing_result/rodada_1/report.txt
SASDNX2,packing,rodada_2,14.9324,6.902326,6.7491,YES,4.0,50.0,0.63,2895.0,,4,,SASDNX2/packing_result/rodada_2/report.txt
SASDNX2,packing,rodada_3,11.465137,6.096892,6.2974,YES,4.0,50.0,0.63,2895.0,,4,,SASDNX2/packing_result/rodada_3/report.txt
SASDNX3,packing,rodada_1,3.406215,2.610546,3.1105,YES,4.0,50.0,0.18,1104.0,,4,,SASDNX3/packing_result/rodada_1/report.txt
SASDNX3,packing,rodada_2,4.237962,2.699057,3.6693,YES,4.0,50.0,0.17,1104.0,,4,,SASDNX3/packing_result/rodada_2/report.txt
SASDNX3,packing,rodada_3,3.684349,3.031301,3.6484,YES,4.0,50.0,0.18,1104.0,,4,,SASDNX3/packing_result/rodada_3/report.txt
SASDNX9,single,rodada_1,4.30303,,,,,,0.68,834.0,1.0,,SASDNX9_fit1_model1.pdb,SASDNX9/single_result/rodada_1/report.txt
SASDNX9,single,rodada_2,4.30303,,,,,,0.68,834.0,1.0,,SASDNX9_fit1_model1.pdb,SASDNX9/single_result/rodada_2/report.txt
SASDNX9,single,rodada_3,4.30303,,,,,,0.68,834.0,1.0,,SASDNX9_fit1_model1.pdb,SASDNX9/single_result/rodada_3/report.txt
SASDNY3,packing,rodada_1,2.53774,2.53774,2.5377,NO,1.0,50.0,0.11,997.0,,1,,SASDNY3/packing_result/rodada_1/report.txt
SASDNY3,packing,rodada_2,2.658332,2.658332,2.6583,NO,1.0,50.0,0.11,997.0,,1,,SASDNY3/packing_result/rodada_2/report.txt
SASDNY3,packing,rodada_3,2.784586,2.784586,2.7846,NO,1.0,50.0,0.11,997.0,,1,,SASDNY3/packing_result/rodada_3/report.txt
SASDNY6,single,rodada_1,5.750037,,,,,,0.08,555.0,1.0,,SASDNY6_fit1_model1.pdb,SASDNY6/single_result/rodada_1/report.txt
SASDNY6,single,rodada_2,5.750037,,,,,,0.08,555.0,1.0,,SASDNY6_fit1_model1.pdb,SASDNY6/single_result/rodada_2/report.txt
SASDNY6,single,rodada_3,5.750037,,,,,,0.08,555.0,1.0,,SASDNY6_fit1_model1.pdb,SASDNY6/single_result/rodada_3/report.txt
SASDNY7,single,rodada_1,6.313259,,,,,,0.8,1036.0,1.0,,SASDNY7_fit1_model1.pdb,SASDNY7/single_result/rodada_1/report.txt
SASDNY7,single,rodada_2,6.313259,,,,,,0.79,1036.0,1.0,,SASDNY7_fit1_model1.pdb,SASDNY7/single_result/rodada_2/report.txt
SASDNY7,single,rodada_3,6.313259,,,,,,0.79,1036.0,1.0,,SASDNY7_fit1_model1.pdb,SASDNY7/single_result/rodada_3/report.txt
SASDNY9,single,rodada_1,11.169242,,,,,,0.21,1177.0,1.0,,SASDNY9_fit1_model1.pdb,SASDNY9/single_result/rodada_1/report.txt
SASDNY9,single,rodada_2,11.169242,,,,,,0.21,1177.0,1.0,,SASDNY9_fit1_model1.pdb,SASDNY9/single_result/rodada_2/report.txt
SASDNY9,single,rodada_3,11.169242,,,,,,0.21,1177.0,1.0,,SASDNY9_fit1_model1.pdb,SASDNY9/single_result/rodada_3/report.txt
SASDNZ2,packing,rodada_1,32.513807,21.061518,21.2034,YES,2.0,50.0,0.42,226.0,,2,,SASDNZ2/packing_result/rodada_1/report.txt
SASDNZ2,packing,rodada_2,33.428574,21.003133,21.1615,YES,2.0,50.0,0.42,226.0,,2,,SASDNZ2/packing_result/rodada_2/report.txt
SASDNZ2,packing,rodada_3,32.997723,19.839637,20.082,YES,2.0,50.0,0.42,226.0,,2,,SASDNZ2/packing_result/rodada_3/report.txt
SASDNZ3,packing,rodada_1,11.294631,6.62611,6.8151,YES,2.0,50.0,0.13,752.0,,2,,SASDNZ3/packing_result/rodada_1/report.txt
SASDNZ3,packing,rodada_2,11.778484,6.249674,6.3582,YES,2.0,50.0,0.13,752.0,,2,,SASDNZ3/packing_result/rodada_2/report.txt
SASDNZ3,packing,rodada_3,11.112978,7.121461,7.448,YES,2.0,50.0,0.13,752.0,,2,,SASDNZ3/packing_result/rodada_3/report.txt
SASDNZ7,single,rodada_1,5.018199,,,,,,0.75,1190.0,1.0,,SASDNZ7_fit1_model1.pdb,SASDNZ7/single_result/rodada_1/report.txt
SASDNZ7,single,rodada_2,5.018199,,,,,,0.75,1190.0,1.0,,SASDNZ7_fit1_model1.pdb,SASDNZ7/single_result/rodada_2/report.txt
SASDNZ7,single,rodada_3,5.018199,,,,,,0.75,1190.0,1.0,,SASDNZ7_fit1_model1.pdb,SASDNZ7/single_result/rodada_3/report.txt
SASDNZ9,single,rodada_1,11.112886,,,,,,0.13,1112.0,1.0,,SASDNZ9_fit1_model1.pdb,SASDNZ9/single_result/rodada_1/report.txt
SASDNZ9,single,rodada_2,11.112886,,,,,,0.12,1112.0,1.0,,SASDNZ9_fit1_model1.pdb,SASDNZ9/single_result/rodada_2/report.txt
SASDNZ9,single,rodada_3,11.112886,,,,,,0.12,1112.0,1.0,,SASDNZ9_fit1_model1.pdb,SASDNZ9/single_result/rodada_3/report.txt
SASDP22,single,rodada_1,13.142514,,,,,,0.19,985.0,1.0,,SASDP22_fit1_model1.pdb,SASDP22/single_result/rodada_1/report.txt
SASDP22,single,rodada_2,13.142514,,,,,,0.18,985.0,1.0,,SASDP22_fit1_model1.pdb,SASDP22/single_result/rodada_2/report.txt
SASDP22,single,rodada_3,13.142514,,,,,,0.18,985.0,1.0,,SASDP22_fit1_model1.pdb,SASDP22/single_result/rodada_3/report.txt
SASDP23,single,rodada_1,6.927826,,,,,,0.32,4762.0,1.0,,SASDP23_fit1_model1.pdb,SASDP23/single_result/rodada_1/report.txt
SASDP23,single,rodada_2,6.927826,,,,,,0.33,4762.0,1.0,,SASDP23_fit1_model1.pdb,SASDP23/single_result/rodada_2/report.txt
SASDP23,single,rodada_3,6.927826,,,,,,0.33,4762.0,1.0,,SASDP23_fit1_model1.pdb,SASDP23/single_result/rodada_3/report.txt
SASDP25,packing,rodada_1,1.80306,1.71437,1.8031,YES,3.0,50.0,0.28,1545.0,,3,,SASDP25/packing_result/rodada_1/report.txt
SASDP25,packing,rodada_2,1.947698,1.612555,1.9477,YES,3.0,50.0,0.28,1545.0,,3,,SASDP25/packing_result/rodada_2/report.txt
SASDP25,packing,rodada_3,1.848595,1.771546,1.8486,YES,3.0,50.0,0.28,1545.0,,3,,SASDP25/packing_result/rodada_3/report.txt
SASDP28,single,rodada_1,7.822396,,,,,,0.88,1907.0,1.0,,SASDP28_fit1_model1.pdb,SASDP28/single_result/rodada_1/report.txt
SASDP28,single,rodada_2,7.822396,,,,,,0.88,1907.0,1.0,,SASDP28_fit1_model1.pdb,SASDP28/single_result/rodada_2/report.txt
SASDP28,single,rodada_3,7.822396,,,,,,0.88,1907.0,1.0,,SASDP28_fit1_model1.pdb,SASDP28/single_result/rodada_3/report.txt
SASDP29,packing,rodada_1,4.934256,3.756268,4.9343,YES,2.0,50.0,0.12,356.0,,2,,SASDP29/packing_result/rodada_1/report.txt
SASDP29,packing,rodada_2,6.155192,4.399277,5.4398,YES,2.0,50.0,0.12,356.0,,2,,SASDP29/packing_result/rodada_2/report.txt
SASDP29,packing,rodada_3,7.061226,6.025249,7.0612,YES,2.0,50.0,0.13,356.0,,2,,SASDP29/packing_result/rodada_3/report.txt
SASDP32,single,rodada_1,13.298798,,,,,,0.19,1017.0,1.0,,SASDP32_fit1_model1.pdb,SASDP32/single_result/rodada_1/report.txt
SASDP32,single,rodada_2,13.298798,,,,,,0.18,1017.0,1.0,,SASDP32_fit1_model1.pdb,SASDP32/single_result/rodada_2/report.txt
SASDP32,single,rodada_3,13.298798,,,,,,0.18,1017.0,1.0,,SASDP32_fit1_model1.pdb,SASDP32/single_result/rodada_3/report.txt
SASDP34,packing,rodada_1,3.131886,3.262157,3.1319,NO,2.0,50.0,0.25,1313.0,,2,,SASDP34/packing_result/rodada_1/report.txt
SASDP34,packing,rodada_2,3.280839,3.356247,3.2808,NO,2.0,50.0,0.25,1313.0,,2,,SASDP34/packing_result/rodada_2/report.txt
SASDP34,packing,rodada_3,3.839814,3.726932,3.8398,YES,2.0,50.0,0.26,1313.0,,2,,SASDP34/packing_result/rodada_3/report.txt
SASDP35,packing,rodada_1,1.823901,1.646671,1.6831,YES,3.0,50.0,0.35,1586.0,,3,,SASDP35/packing_result/rodada_1/report.txt
SASDP35,packing,rodada_2,1.889271,1.698615,1.7499,YES,3.0,50.0,0.33,1586.0,,3,,SASDP35/packing_result/rodada_2/report.txt
SASDP35,packing,rodada_3,1.834015,1.658351,1.6985,YES,3.0,50.0,0.33,1586.0,,3,,SASDP35/packing_result/rodada_3/report.txt
SASDP38,packing,rodada_1,8.530194,6.817602,8.1827,YES,2.0,50.0,0.55,918.0,,2,,SASDP38/packing_result/rodada_1/report.txt
SASDP38,packing,rodada_2,8.383078,4.958877,7.5656,YES,2.0,50.0,0.54,918.0,,2,,SASDP38/packing_result/rodada_2/report.txt
SASDP38,packing,rodada_3,9.185882,7.802218,9.1859,YES,2.0,50.0,0.54,918.0,,2,,SASDP38/packing_result/rodada_3/report.txt
SASDP39,packing,rodada_1,3.292335,2.600328,3.2923,YES,3.0,50.0,0.44,1375.0,,3,,SASDP39/packing_result/rodada_1/report.txt
SASDP39,packing,rodada_2,3.336186,2.45841,3.3347,YES,3.0,50.0,0.44,1375.0,,3,,SASDP39/packing_result/rodada_2/report.txt
SASDP39,packing,rodada_3,4.780367,2.735814,4.7804,YES,3.0,50.0,0.44,1375.0,,3,,SASDP39/packing_result/rodada_3/report.txt
SASDP42,single,rodada_1,10.448795,,,,,,0.24,1085.0,1.0,,SASDP42_fit1_model1.pdb,SASDP42/single_result/rodada_1/report.txt
SASDP42,single,rodada_2,10.448795,,,,,,0.21,1085.0,1.0,,SASDP42_fit1_model1.pdb,SASDP42/single_result/rodada_2/report.txt
SASDP42,single,rodada_3,10.448795,,,,,,0.21,1085.0,1.0,,SASDP42_fit1_model1.pdb,SASDP42/single_result/rodada_3/report.txt
SASDP43,single,rodada_1,17.143363,,,,,,0.98,57.0,1.0,,SASDP43_fit1_model1.pdb,SASDP43/single_result/rodada_1/report.txt
SASDP43,single,rodada_2,17.143363,,,,,,0.98,57.0,1.0,,SASDP43_fit1_model1.pdb,SASDP43/single_result/rodada_2/report.txt
SASDP43,single,rodada_3,17.143363,,,,,,0.98,57.0,1.0,,SASDP43_fit1_model1.pdb,SASDP43/single_result/rodada_3/report.txt
SASDP45,packing,rodada_1,3.262541,3.178692,3.2625,YES,3.0,50.0,1.64,1322.0,,3,,SASDP45/packing_result/rodada_1/report.txt
SASDP45,packing,rodada_2,3.553994,3.07237,3.109,YES,3.0,50.0,1.64,1322.0,,3,,SASDP45/packing_result/rodada_2/report.txt
SASDP45,packing,rodada_3,3.132298,3.076071,3.1323,YES,3.0,50.0,1.65,1322.0,,3,,SASDP45/packing_result/rodada_3/report.txt
SASDP46,packing,rodada_1,2.112021,2.114682,2.112,NO,2.0,50.0,0.32,1848.0,,2,,SASDP46/packing_result/rodada_1/report.txt
SASDP46,packing,rodada_2,2.320706,2.204935,2.3207,YES,2.0,50.0,0.31,1848.0,,2,,SASDP46/packing_result/rodada_2/report.txt
SASDP46,packing,rodada_3,2.034515,2.043738,2.0345,NO,2.0,50.0,0.31,1848.0,,2,,SASDP46/packing_result/rodada_3/report.txt
SASDP48,single,rodada_1,4.044808,,,,,,0.86,1878.0,1.0,,SASDP48_fit1_model1.pdb,SASDP48/single_result/rodada_1/report.txt
SASDP48,single,rodada_2,4.044808,,,,,,0.86,1878.0,1.0,,SASDP48_fit1_model1.pdb,SASDP48/single_result/rodada_2/report.txt
SASDP48,single,rodada_3,4.044808,,,,,,0.86,1878.0,1.0,,SASDP48_fit1_model1.pdb,SASDP48/single_result/rodada_3/report.txt
SASDP52,single,rodada_1,11.015523,,,,,,0.2,1096.0,1.0,,SASDP52_fit1_model1.pdb,SASDP52/single_result/rodada_1/report.txt
SASDP52,single,rodada_2,11.015523,,,,,,0.2,1096.0,1.0,,SASDP52_fit1_model1.pdb,SASDP52/single_result/rodada_2/report.txt
SASDP52,single,rodada_3,11.015523,,,,,,0.21,1096.0,1.0,,SASDP52_fit1_model1.pdb,SASDP52/single_result/rodada_3/report.txt
SASDP53,single,rodada_1,14.023665,,,,,,1.0,62.0,1.0,,SASDP53_fit1_model1.pdb,SASDP53/single_result/rodada_1/report.txt
SASDP53,single,rodada_2,14.023665,,,,,,1.0,62.0,1.0,,SASDP53_fit1_model1.pdb,SASDP53/single_result/rodada_2/report.txt
SASDP53,single,rodada_3,14.023665,,,,,,0.99,62.0,1.0,,SASDP53_fit1_model1.pdb,SASDP53/single_result/rodada_3/report.txt
SASDP55,packing,rodada_1,3.898224,3.576673,3.6752,YES,3.0,50.0,2.41,1225.0,,3,,SASDP55/packing_result/rodada_1/report.txt
SASDP55,packing,rodada_2,4.196206,3.771544,3.8653,YES,3.0,50.0,2.37,1225.0,,3,,SASDP55/packing_result/rodada_2/report.txt
SASDP55,packing,rodada_3,3.445799,3.148277,3.203,YES,3.0,50.0,2.35,1225.0,,3,,SASDP55/packing_result/rodada_3/report.txt
SASDP58,packing,rodada_1,8.250312,7.020281,8.2503,YES,2.0,50.0,0.52,869.0,,2,,SASDP58/packing_result/rodada_1/report.txt
SASDP58,packing,rodada_2,8.472476,7.366467,8.4725,YES,2.0,50.0,0.51,869.0,,2,,SASDP58/packing_result/rodada_2/report.txt
SASDP58,packing,rodada_3,7.788148,6.48912,7.7881,YES,2.0,50.0,0.53,869.0,,2,,SASDP58/packing_result/rodada_3/report.txt
SASDP62,single,rodada_1,10.614321,,,,,,0.22,1207.0,1.0,,SASDP62_fit1_model1.pdb,SASDP62/single_result/rodada_1/report.txt
SASDP62,single,rodada_2,10.614321,,,,,,0.22,1207.0,1.0,,SASDP62_fit1_model1.pdb,SASDP62/single_result/rodada_2/report.txt
SASDP62,single,rodada_3,10.614321,,,,,,0.22,1207.0,1.0,,SASDP62_fit1_model1.pdb,SASDP62/single_result/rodada_3/report.txt
SASDP63,single,rodada_1,17.423861,,,,,,0.94,64.0,1.0,,SASDP63_fit1_model1.pdb,SASDP63/single_result/rodada_1/report.txt
SASDP63,single,rodada_2,17.423861,,,,,,0.94,64.0,1.0,,SASDP63_fit1_model1.pdb,SASDP63/single_result/rodada_2/report.txt
SASDP63,single,rodada_3,17.423861,,,,,,0.93,64.0,1.0,,SASDP63_fit1_model1.pdb,SASDP63/single_result/rodada_3/report.txt
SASDP64,packing,rodada_1,4.344772,2.755335,2.8828,YES,2.0,50.0,0.06,313.0,,2,,SASDP64/packing_result/rodada_1/report.txt
SASDP64,packing,rodada_2,7.081551,4.729215,5.2527,YES,2.0,50.0,0.06,313.0,,2,,SASDP64/packing_result/rodada_2/report.txt
SASDP64,packing,rodada_3,2.884143,2.667112,2.8841,YES,2.0,50.0,0.06,313.0,,2,,SASDP64/packing_result/rodada_3/report.txt
SASDP68,single,rodada_1,13.205038,,,,,,0.83,1732.0,1.0,,SASDP68_fit1_model1.pdb,SASDP68/single_result/rodada_1/report.txt
SASDP68,single,rodada_2,13.205038,,,,,,0.83,1732.0,1.0,,SASDP68_fit1_model1.pdb,SASDP68/single_result/rodada_2/report.txt
SASDP68,single,rodada_3,13.205038,,,,,,0.84,1732.0,1.0,,SASDP68_fit1_model1.pdb,SASDP68/single_result/rodada_3/report.txt
SASDP72,single,rodada_1,10.564207,,,,,,0.19,1066.0,1.0,,SASDP72_fit1_model1.pdb,SASDP72/single_result/rodada_1/report.txt
SASDP72,single,rodada_2,10.564207,,,,,,0.19,1066.0,1.0,,SASDP72_fit1_model1.pdb,SASDP72/single_result/rodada_2/report.txt
SASDP72,single,rodada_3,10.564207,,,,,,0.19,1066.0,1.0,,SASDP72_fit1_model1.pdb,SASDP72/single_result/rodada_3/report.txt
SASDP73,single,rodada_1,16.761901,,,,,,1.1,135.0,1.0,,SASDP73_fit1_model1.pdb,SASDP73/single_result/rodada_1/report.txt
SASDP73,single,rodada_2,16.761901,,,,,,1.08,135.0,1.0,,SASDP73_fit1_model1.pdb,SASDP73/single_result/rodada_2/report.txt
SASDP73,single,rodada_3,16.761901,,,,,,1.1,135.0,1.0,,SASDP73_fit1_model1.pdb,SASDP73/single_result/rodada_3/report.txt
SASDP74,packing,rodada_1,3.259761,2.40718,3.2598,YES,2.0,50.0,0.11,2082.0,,2,,SASDP74/packing_result/rodada_1/report.txt
SASDP74,packing,rodada_2,3.695065,2.070238,2.7136,YES,2.0,50.0,0.11,2082.0,,2,,SASDP74/packing_result/rodada_2/report.txt
SASDP74,packing,rodada_3,2.204852,1.914842,2.2049,YES,2.0,50.0,0.11,2082.0,,2,,SASDP74/packing_result/rodada_3/report.txt
SASDP78,packing,rodada_1,8.284465,7.86431,8.2845,YES,2.0,50.0,0.45,151.0,,2,,SASDP78/packing_result/rodada_1/report.txt
SASDP78,packing,rodada_2,8.284873,7.767861,8.2849,YES,2.0,50.0,0.45,151.0,,2,,SASDP78/packing_result/rodada_2/report.txt
SASDP78,packing,rodada_3,7.691993,7.457299,7.692,YES,2.0,50.0,0.45,151.0,,2,,SASDP78/packing_result/rodada_3/report.txt
SASDP79,single,rodada_1,11.188917,,,,,,0.06,415.0,1.0,,SASDP79_fit1_model1.pdb,SASDP79/single_result/rodada_1/report.txt
SASDP79,single,rodada_2,11.188917,,,,,,0.06,415.0,1.0,,SASDP79_fit1_model1.pdb,SASDP79/single_result/rodada_2/report.txt
SASDP79,single,rodada_3,11.188917,,,,,,0.06,415.0,1.0,,SASDP79_fit1_model1.pdb,SASDP79/single_result/rodada_3/report.txt
SASDP82,single,rodada_1,13.704856,,,,,,0.56,4322.0,1.0,,SASDP82_fit1_model1.pdb,SASDP82/single_result/rodada_1/report.txt
SASDP82,single,rodada_2,13.704856,,,,,,0.58,4322.0,1.0,,SASDP82_fit1_model1.pdb,SASDP82/single_result/rodada_2/report.txt
SASDP82,single,rodada_3,13.704856,,,,,,0.58,4322.0,1.0,,SASDP82_fit1_model1.pdb,SASDP82/single_result/rodada_3/report.txt
SASDP83,single,rodada_1,98.832229,,,,,,2.33,181.0,1.0,,SASDP83_fit1_model1.pdb,SASDP83/single_result/rodada_1/report.txt
SASDP83,single,rodada_2,98.832229,,,,,,2.34,181.0,1.0,,SASDP83_fit1_model1.pdb,SASDP83/single_result/rodada_2/report.txt
SASDP83,single,rodada_3,98.832229,,,,,,2.32,181.0,1.0,,SASDP83_fit1_model1.pdb,SASDP83/single_result/rodada_3/report.txt
SASDP84,single,rodada_1,3.131059,,,,,,0.37,1943.0,1.0,,SASDP84_fit1_model1.pdb,SASDP84/single_result/rodada_1/report.txt
SASDP84,single,rodada_2,3.131059,,,,,,0.37,1943.0,1.0,,SASDP84_fit1_model1.pdb,SASDP84/single_result/rodada_2/report.txt
SASDP84,single,rodada_3,3.131059,,,,,,0.37,1943.0,1.0,,SASDP84_fit1_model1.pdb,SASDP84/single_result/rodada_3/report.txt
SASDP92,single,rodada_1,16.850436,,,,,,0.1,405.0,1.0,,SASDP92_fit1_model1.pdb,SASDP92/single_result/rodada_1/report.txt
SASDP92,single,rodada_2,16.850436,,,,,,0.1,405.0,1.0,,SASDP92_fit1_model1.pdb,SASDP92/single_result/rodada_2/report.txt
SASDP92,single,rodada_3,16.850436,,,,,,0.1,405.0,1.0,,SASDP92_fit1_model1.pdb,SASDP92/single_result/rodada_3/report.txt
SASDP98,packing,rodada_1,7.930535,2.965349,2.9737,YES,2.0,50.0,0.1,993.0,,2,,SASDP98/packing_result/rodada_1/report.txt
SASDP98,packing,rodada_2,8.066275,3.073914,3.0795,YES,2.0,50.0,0.11,993.0,,2,,SASDP98/packing_result/rodada_2/report.txt
SASDP98,packing,rodada_3,8.087652,3.020509,3.0281,YES,2.0,50.0,0.1,993.0,,2,,SASDP98/packing_result/rodada_3/report.txt
SASDP99,packing,rodada_1,8.134012,7.810297,8.134,YES,6.0,50.0,1.05,392.0,,6,,SASDP99/packing_result/rodada_1/report.txt
SASDP99,packing,rodada_2,9.183706,6.823052,7.4081,YES,6.0,50.0,1.08,392.0,,6,,SASDP99/packing_result/rodada_2/report.txt
SASDP99,packing,rodada_3,10.510893,6.144141,7.2671,YES,6.0,50.0,1.04,392.0,,6,,SASDP99/packing_result/rodada_3/report.txt
SASDPA2,single,rodada_1,24.811646,,,,,,0.24,1281.0,1.0,,SASDPA2_fit1_model1.pdb,SASDPA2/single_result/rodada_1/report.txt
SASDPA2,single,rodada_2,24.811646,,,,,,0.22,1281.0,1.0,,SASDPA2_fit1_model1.pdb,SASDPA2/single_result/rodada_2/report.txt
SASDPA2,single,rodada_3,24.811646,,,,,,0.23,1281.0,1.0,,SASDPA2_fit1_model1.pdb,SASDPA2/single_result/rodada_3/report.txt
SASDPA4,single,rodada_1,3.734371,,,,,,0.58,2362.0,1.0,,SASDPA4_fit1_model1.pdb,SASDPA4/single_result/rodada_1/report.txt
SASDPA4,single,rodada_2,3.734371,,,,,,0.58,2362.0,1.0,,SASDPA4_fit1_model1.pdb,SASDPA4/single_result/rodada_2/report.txt
SASDPA4,single,rodada_3,3.734371,,,,,,0.58,2362.0,1.0,,SASDPA4_fit1_model1.pdb,SASDPA4/single_result/rodada_3/report.txt
SASDPA8,packing,rodada_1,10.991003,3.355053,3.3603,YES,2.0,50.0,0.33,4193.0,,2,,SASDPA8/packing_result/rodada_1/report.txt
SASDPA8,packing,rodada_2,10.732085,2.191175,2.1951,YES,2.0,50.0,0.31,4193.0,,2,,SASDPA8/packing_result/rodada_2/report.txt
SASDPA8,packing,rodada_3,10.814528,2.943318,2.9503,YES,2.0,50.0,0.32,4193.0,,2,,SASDPA8/packing_result/rodada_3/report.txt
SASDPA9,packing,rodada_1,15.890359,5.778312,5.7821,YES,2.0,50.0,0.43,1599.0,,2,,SASDPA9/packing_result/rodada_1/report.txt
SASDPA9,packing,rodada_2,15.84986,5.613448,5.6166,YES,2.0,50.0,0.43,1599.0,,2,,SASDPA9/packing_result/rodada_2/report.txt
SASDPA9,packing,rodada_3,15.905774,4.410153,4.4354,YES,2.0,50.0,0.44,1599.0,,2,,SASDPA9/packing_result/rodada_3/report.txt
SASDPB2,single,rodada_1,15.839173,,,,,,0.5,3162.0,1.0,,SASDPB2_fit1_model1.pdb,SASDPB2/single_result/rodada_1/report.txt
SASDPB2,single,rodada_2,15.839173,,,,,,0.52,3162.0,1.0,,SASDPB2_fit1_model1.pdb,SASDPB2/single_result/rodada_2/report.txt
SASDPB2,single,rodada_3,15.839173,,,,,,0.5,3162.0,1.0,,SASDPB2_fit1_model1.pdb,SASDPB2/single_result/rodada_3/report.txt
SASDPB4,single,rodada_1,12.853798,,,,,,0.36,839.0,1.0,,SASDPB4_fit1_model1.pdb,SASDPB4/single_result/rodada_1/report.txt
SASDPB4,single,rodada_2,12.853798,,,,,,0.36,839.0,1.0,,SASDPB4_fit1_model1.pdb,SASDPB4/single_result/rodada_2/report.txt
SASDPB4,single,rodada_3,12.853798,,,,,,0.36,839.0,1.0,,SASDPB4_fit1_model1.pdb,SASDPB4/single_result/rodada_3/report.txt
SASDPB6,packing,rodada_1,4.970536,3.265829,4.9705,YES,3.0,50.0,0.3,2268.0,,3,,SASDPB6/packing_result/rodada_1/report.txt
SASDPB6,packing,rodada_2,3.916097,3.13801,3.9161,YES,3.0,50.0,0.3,2268.0,,3,,SASDPB6/packing_result/rodada_2/report.txt
SASDPB6,packing,rodada_3,5.859008,3.469558,5.7537,YES,3.0,50.0,0.3,2268.0,,3,,SASDPB6/packing_result/rodada_3/report.txt
SASDPB8,packing,rodada_1,12.058777,3.006627,3.0089,YES,2.0,50.0,0.39,4399.0,,2,,SASDPB8/packing_result/rodada_1/report.txt
SASDPB8,packing,rodada_2,11.980935,2.960403,2.9622,YES,2.0,50.0,0.39,4399.0,,2,,SASDPB8/packing_result/rodada_2/report.txt
SASDPB8,packing,rodada_3,11.836844,2.398592,2.401,YES,2.0,50.0,0.38,4399.0,,2,,SASDPB8/packing_result/rodada_3/report.txt
SASDPB9,packing,rodada_1,9.359163,7.844831,8.7515,YES,2.0,50.0,0.57,813.0,,2,,SASDPB9/packing_result/rodada_1/report.txt
SASDPB9,packing,rodada_2,6.889157,5.328427,6.8892,YES,2.0,50.0,0.56,813.0,,2,,SASDPB9/packing_result/rodada_2/report.txt
SASDPB9,packing,rodada_3,6.127907,5.745911,6.1279,YES,2.0,50.0,0.57,813.0,,2,,SASDPB9/packing_result/rodada_3/report.txt
SASDPC2,single,rodada_1,16.63289,,,,,,0.09,305.0,1.0,,SASDPC2_fit1_model1.pdb,SASDPC2/single_result/rodada_1/report.txt
SASDPC2,single,rodada_2,16.63289,,,,,,0.09,305.0,1.0,,SASDPC2_fit1_model1.pdb,SASDPC2/single_result/rodada_2/report.txt
SASDPC2,single,rodada_3,16.63289,,,,,,0.09,305.0,1.0,,SASDPC2_fit1_model1.pdb,SASDPC2/single_result/rodada_3/report.txt
SASDPC4,single,rodada_1,5.04355,,,,,,1.11,1031.0,1.0,,SASDPC4_fit1_model1.pdb,SASDPC4/single_result/rodada_1/report.txt
SASDPC4,single,rodada_2,5.04355,,,,,,1.11,1031.0,1.0,,SASDPC4_fit1_model1.pdb,SASDPC4/single_result/rodada_2/report.txt
SASDPC4,single,rodada_3,5.04355,,,,,,1.11,1031.0,1.0,,SASDPC4_fit1_model1.pdb,SASDPC4/single_result/rodada_3/report.txt
SASDPC6,packing,rodada_1,7.174329,5.160662,6.7265,YES,2.0,50.0,0.09,2065.0,,2,,SASDPC6/packing_result/rodada_1/report.txt
SASDPC6,packing,rodada_2,6.368159,5.699629,6.3682,YES,2.0,50.0,0.08,2065.0,,2,,SASDPC6/packing_result/rodada_2/report.txt
SASDPC6,packing,rodada_3,5.568006,4.666699,5.568,YES,2.0,50.0,0.08,2065.0,,2,,SASDPC6/packing_result/rodada_3/report.txt
SASDPC7,single,rodada_1,3.510766,,,,,,0.17,1194.0,1.0,,SASDPC7_fit1_model1.pdb,SASDPC7/single_result/rodada_1/report.txt
SASDPC7,single,rodada_2,3.510766,,,,,,0.17,1194.0,1.0,,SASDPC7_fit1_model1.pdb,SASDPC7/single_result/rodada_2/report.txt
SASDPC7,single,rodada_3,3.510766,,,,,,0.17,1194.0,1.0,,SASDPC7_fit1_model1.pdb,SASDPC7/single_result/rodada_3/report.txt
SASDPC8,packing,rodada_1,9.800267,4.3046,4.3236,YES,2.0,50.0,0.15,894.0,,2,,SASDPC8/packing_result/rodada_1/report.txt
SASDPC8,packing,rodada_2,9.867584,3.836791,3.8568,YES,2.0,50.0,0.15,894.0,,2,,SASDPC8/packing_result/rodada_2/report.txt
SASDPC8,packing,rodada_3,9.921081,4.134958,4.1423,YES,2.0,50.0,0.15,894.0,,2,,SASDPC8/packing_result/rodada_3/report.txt
SASDPD2,single,rodada_1,23.956943,,,,,,0.24,1291.0,1.0,,SASDPD2_fit1_model1.pdb,SASDPD2/single_result/rodada_1/report.txt
SASDPD2,single,rodada_2,23.956943,,,,,,0.22,1291.0,1.0,,SASDPD2_fit1_model1.pdb,SASDPD2/single_result/rodada_2/report.txt
SASDPD2,single,rodada_3,23.956943,,,,,,0.23,1291.0,1.0,,SASDPD2_fit1_model1.pdb,SASDPD2/single_result/rodada_3/report.txt
SASDPD3,single,rodada_1,4.080757,,,,,,0.39,1489.0,1.0,,SASDPD3_fit1_model1.pdb,SASDPD3/single_result/rodada_1/report.txt
SASDPD3,single,rodada_2,4.080757,,,,,,0.39,1489.0,1.0,,SASDPD3_fit1_model1.pdb,SASDPD3/single_result/rodada_2/report.txt
SASDPD3,single,rodada_3,4.080757,,,,,,0.39,1489.0,1.0,,SASDPD3_fit1_model1.pdb,SASDPD3/single_result/rodada_3/report.txt
SASDPD6,packing,rodada_1,6.001356,5.19738,6.0014,YES,2.0,50.0,0.08,2035.0,,2,,SASDPD6/packing_result/rodada_1/report.txt
SASDPD6,packing,rodada_2,6.066537,5.869328,6.0665,YES,2.0,50.0,0.08,2035.0,,2,,SASDPD6/packing_result/rodada_2/report.txt
SASDPD6,packing,rodada_3,6.349124,5.201896,5.8968,YES,2.0,50.0,0.08,2035.0,,2,,SASDPD6/packing_result/rodada_3/report.txt
SASDPD7,single,rodada_1,6.700729,,,,,,0.1,695.0,1.0,,SASDPD7_fit1_model1.pdb,SASDPD7/single_result/rodada_1/report.txt
SASDPD7,single,rodada_2,6.700729,,,,,,0.1,695.0,1.0,,SASDPD7_fit1_model1.pdb,SASDPD7/single_result/rodada_2/report.txt
SASDPD7,single,rodada_3,6.700729,,,,,,0.1,695.0,1.0,,SASDPD7_fit1_model1.pdb,SASDPD7/single_result/rodada_3/report.txt
SASDPD8,packing,rodada_1,14.042237,3.169381,3.1736,YES,2.0,50.0,0.42,4046.0,,2,,SASDPD8/packing_result/rodada_1/report.txt
SASDPD8,packing,rodada_2,13.946537,2.887802,2.89,YES,2.0,50.0,0.41,4046.0,,2,,SASDPD8/packing_result/rodada_2/report.txt
SASDPD8,packing,rodada_3,13.906974,3.346679,3.354,YES,2.0,50.0,0.42,4046.0,,2,,SASDPD8/packing_result/rodada_3/report.txt
SASDPE2,single,rodada_1,5.483279,,,,,,0.83,1034.0,1.0,,SASDPE2_fit1_model1.pdb,SASDPE2/single_result/rodada_1/report.txt
SASDPE2,single,rodada_2,5.483279,,,,,,0.83,1034.0,1.0,,SASDPE2_fit1_model1.pdb,SASDPE2/single_result/rodada_2/report.txt
SASDPE2,single,rodada_3,5.483279,,,,,,0.82,1034.0,1.0,,SASDPE2_fit1_model1.pdb,SASDPE2/single_result/rodada_3/report.txt
SASDPE3,single,rodada_1,25.932644,,,,,,0.09,901.0,1.0,,SASDPE3_fit1_model1.pdb,SASDPE3/single_result/rodada_1/report.txt
SASDPE3,single,rodada_2,25.932644,,,,,,0.1,901.0,1.0,,SASDPE3_fit1_model1.pdb,SASDPE3/single_result/rodada_2/report.txt
SASDPE3,single,rodada_3,25.932644,,,,,,0.09,901.0,1.0,,SASDPE3_fit1_model1.pdb,SASDPE3/single_result/rodada_3/report.txt
SASDPE7,single,rodada_1,14.155373,,,,,,0.06,148.0,1.0,,SASDPE7_fit1_model1.pdb,SASDPE7/single_result/rodada_1/report.txt
SASDPE7,single,rodada_2,14.155373,,,,,,0.06,148.0,1.0,,SASDPE7_fit1_model1.pdb,SASDPE7/single_result/rodada_2/report.txt
SASDPE7,single,rodada_3,14.155373,,,,,,0.06,148.0,1.0,,SASDPE7_fit1_model1.pdb,SASDPE7/single_result/rodada_3/report.txt
SASDPF2,packing,rodada_1,5.18627,3.988025,4.9586,YES,3.0,50.0,0.21,889.0,,3,,SASDPF2/packing_result/rodada_1/report.txt
SASDPF2,packing,rodada_2,4.290862,2.62932,4.2909,YES,3.0,50.0,0.21,889.0,,3,,SASDPF2/packing_result/rodada_2/report.txt
SASDPF2,packing,rodada_3,3.682976,2.92788,3.683,YES,3.0,50.0,0.21,889.0,,3,,SASDPF2/packing_result/rodada_3/report.txt
SASDPF3,packing,rodada_1,6.915205,6.465998,6.9152,YES,3.0,50.0,0.69,656.0,,3,,SASDPF3/packing_result/rodada_1/report.txt
SASDPF3,packing,rodada_2,12.347868,6.758432,7.5905,YES,3.0,50.0,0.69,656.0,,3,,SASDPF3/packing_result/rodada_2/report.txt
SASDPF3,packing,rodada_3,12.881419,7.542693,9.163,YES,3.0,50.0,0.68,656.0,,3,,SASDPF3/packing_result/rodada_3/report.txt
SASDPG2,single,rodada_1,4.994571,,,,,,0.37,1205.0,1.0,,SASDPG2_fit1_model1.pdb,SASDPG2/single_result/rodada_1/report.txt
SASDPG2,single,rodada_2,4.994571,,,,,,0.36,1205.0,1.0,,SASDPG2_fit1_model1.pdb,SASDPG2/single_result/rodada_2/report.txt
SASDPG2,single,rodada_3,4.994571,,,,,,0.36,1205.0,1.0,,SASDPG2_fit1_model1.pdb,SASDPG2/single_result/rodada_3/report.txt
SASDPG3,packing,rodada_1,6.260548,6.015067,6.2605,YES,3.0,50.0,0.62,503.0,,3,,SASDPG3/packing_result/rodada_1/report.txt
SASDPG3,packing,rodada_2,10.392886,5.518612,5.6134,YES,3.0,50.0,0.63,503.0,,3,,SASDPG3/packing_result/rodada_2/report.txt
SASDPG3,packing,rodada_3,6.280062,6.103134,6.2801,YES,3.0,50.0,0.62,503.0,,3,,SASDPG3/packing_result/rodada_3/report.txt
SASDPG4,packing,rodada_1,4.668196,3.809414,4.492,YES,5.0,50.0,0.52,742.0,,5,,SASDPG4/packing_result/rodada_1/report.txt
SASDPG4,packing,rodada_2,4.877064,3.906748,4.5222,YES,5.0,50.0,0.52,742.0,,5,,SASDPG4/packing_result/rodada_2/report.txt
SASDPG4,packing,rodada_3,5.454018,4.317429,4.9149,YES,5.0,50.0,0.52,742.0,,5,,SASDPG4/packing_result/rodada_3/report.txt
SASDPH4,packing,rodada_1,5.910869,4.482851,4.7692,YES,5.0,50.0,0.51,639.0,,5,,SASDPH4/packing_result/rodada_1/report.txt
SASDPH4,packing,rodada_2,5.24504,4.154391,4.7299,YES,5.0,50.0,0.5,639.0,,5,,SASDPH4/packing_result/rodada_2/report.txt
SASDPH4,packing,rodada_3,5.961459,4.882237,5.5515,YES,5.0,50.0,0.51,639.0,,5,,SASDPH4/packing_result/rodada_3/report.txt
SASDPJ2,single,rodada_1,6.515698,,,,,,0.43,1396.0,1.0,,SASDPJ2_fit1_model1.pdb,SASDPJ2/single_result/rodada_1/report.txt
SASDPJ2,single,rodada_2,6.515698,,,,,,0.43,1396.0,1.0,,SASDPJ2_fit1_model1.pdb,SASDPJ2/single_result/rodada_2/report.txt
SASDPJ2,single,rodada_3,6.515698,,,,,,0.43,1396.0,1.0,,SASDPJ2_fit1_model1.pdb,SASDPJ2/single_result/rodada_3/report.txt
SASDPJ4,packing,rodada_1,10.538544,3.873239,3.9043,YES,2.0,50.0,0.08,898.0,,2,,SASDPJ4/packing_result/rodada_1/report.txt
SASDPJ4,packing,rodada_2,10.667298,3.763509,3.7895,YES,2.0,50.0,0.08,898.0,,2,,SASDPJ4/packing_result/rodada_2/report.txt
SASDPJ4,packing,rodada_3,10.736058,4.674911,4.7091,YES,2.0,50.0,0.08,898.0,,2,,SASDPJ4/packing_result/rodada_3/report.txt
SASDPK2,single,rodada_1,4.208683,,,,,,0.4,1498.0,1.0,,SASDPK2_fit1_model1.pdb,SASDPK2/single_result/rodada_1/report.txt
SASDPK2,single,rodada_2,4.208683,,,,,,0.41,1498.0,1.0,,SASDPK2_fit1_model1.pdb,SASDPK2/single_result/rodada_2/report.txt
SASDPK2,single,rodada_3,4.208683,,,,,,0.41,1498.0,1.0,,SASDPK2_fit1_model1.pdb,SASDPK2/single_result/rodada_3/report.txt
SASDPK4,packing,rodada_1,10.829159,4.055167,4.1129,YES,2.0,50.0,0.08,257.0,,2,,SASDPK4/packing_result/rodada_1/report.txt
SASDPK4,packing,rodada_2,10.604785,4.023037,4.2271,YES,2.0,50.0,0.08,257.0,,2,,SASDPK4/packing_result/rodada_2/report.txt
SASDPK4,packing,rodada_3,10.591663,4.096582,4.2565,YES,2.0,50.0,0.08,257.0,,2,,SASDPK4/packing_result/rodada_3/report.txt
SASDPK6,single,rodada_1,2.011822,,,,,,0.31,1453.0,1.0,,SASDPK6_fit1_model1.pdb,SASDPK6/single_result/rodada_1/report.txt
SASDPK6,single,rodada_2,2.011822,,,,,,0.31,1453.0,1.0,,SASDPK6_fit1_model1.pdb,SASDPK6/single_result/rodada_2/report.txt
SASDPK6,single,rodada_3,2.011822,,,,,,0.31,1453.0,1.0,,SASDPK6_fit1_model1.pdb,SASDPK6/single_result/rodada_3/report.txt
SASDPL2,packing,rodada_1,4.311574,4.311574,4.3116,NO,1.0,50.0,0.25,620.0,,1,,SASDPL2/packing_result/rodada_1/report.txt
SASDPL2,packing,rodada_2,4.150413,4.150413,4.1504,NO,1.0,50.0,0.25,620.0,,1,,SASDPL2/packing_result/rodada_2/report.txt
SASDPL2,packing,rodada_3,4.276744,4.276744,4.2767,NO,1.0,50.0,0.25,620.0,,1,,SASDPL2/packing_result/rodada_3/report.txt
SASDPL6,single,rodada_1,5.153458,,,,,,0.39,1617.0,1.0,,SASDPL6_fit1_model1.pdb,SASDPL6/single_result/rodada_1/report.txt
SASDPL6,single,rodada_2,5.153458,,,,,,0.39,1617.0,1.0,,SASDPL6_fit1_model1.pdb,SASDPL6/single_result/rodada_2/report.txt
SASDPL6,single,rodada_3,5.153458,,,,,,0.39,1617.0,1.0,,SASDPL6_fit1_model1.pdb,SASDPL6/single_result/rodada_3/report.txt
SASDPL8,single,rodada_1,4.933676,,,,,,0.08,220.0,1.0,,SASDPL8_fit1_model1.pdb,SASDPL8/single_result/rodada_1/report.txt
SASDPL8,single,rodada_2,4.933676,,,,,,0.07,220.0,1.0,,SASDPL8_fit1_model1.pdb,SASDPL8/single_result/rodada_2/report.txt
SASDPL8,single,rodada_3,4.933676,,,,,,0.07,220.0,1.0,,SASDPL8_fit1_model1.pdb,SASDPL8/single_result/rodada_3/report.txt
SASDPM4,packing,rodada_1,6.118057,6.118057,6.1181,NO,1.0,50.0,0.07,1691.0,,1,,SASDPM4/packing_result/rodada_1/report.txt
SASDPM4,packing,rodada_2,8.768837,8.768837,8.7688,NO,1.0,50.0,0.07,1691.0,,1,,SASDPM4/packing_result/rodada_2/report.txt
SASDPM4,packing,rodada_3,6.126071,6.126071,6.1261,NO,1.0,50.0,0.07,1691.0,,1,,SASDPM4/packing_result/rodada_3/report.txt
SASDPM6,single,rodada_1,7.425841,,,,,,0.86,4914.0,1.0,,SASDPM6_fit1_model1.pdb,SASDPM6/single_result/rodada_1/report.txt
SASDPM6,single,rodada_2,7.425841,,,,,,0.86,4914.0,1.0,,SASDPM6_fit1_model1.pdb,SASDPM6/single_result/rodada_2/report.txt
SASDPM6,single,rodada_3,7.425841,,,,,,0.86,4914.0,1.0,,SASDPM6_fit1_model1.pdb,SASDPM6/single_result/rodada_3/report.txt
SASDPM8,single,rodada_1,7.024509,,,,,,0.07,191.0,1.0,,SASDPM8_fit1_model1.pdb,SASDPM8/single_result/rodada_1/report.txt
SASDPM8,single,rodada_2,7.024509,,,,,,0.07,191.0,1.0,,SASDPM8_fit1_model1.pdb,SASDPM8/single_result/rodada_2/report.txt
SASDPM8,single,rodada_3,7.024509,,,,,,0.07,191.0,1.0,,SASDPM8_fit1_model1.pdb,SASDPM8/single_result/rodada_3/report.txt
SASDPN4,packing,rodada_1,3.003318,2.753033,3.0033,YES,2.0,50.0,0.27,2378.0,,2,,SASDPN4/packing_result/rodada_1/report.txt
SASDPN4,packing,rodada_2,3.005575,2.860537,3.0056,YES,2.0,50.0,0.28,2378.0,,2,,SASDPN4/packing_result/rodada_2/report.txt
SASDPN4,packing,rodada_3,4.537656,3.133819,3.4364,YES,2.0,50.0,0.28,2378.0,,2,,SASDPN4/packing_result/rodada_3/report.txt
SASDPN6,single,rodada_1,4.408067,,,,,,0.42,970.0,1.0,,SASDPN6_fit1_model1.pdb,SASDPN6/single_result/rodada_1/report.txt
SASDPN6,single,rodada_2,4.408067,,,,,,0.43,970.0,1.0,,SASDPN6_fit1_model1.pdb,SASDPN6/single_result/rodada_2/report.txt
SASDPN6,single,rodada_3,4.408067,,,,,,0.43,970.0,1.0,,SASDPN6_fit1_model1.pdb,SASDPN6/single_result/rodada_3/report.txt
SASDPN8,single,rodada_1,27.010807,,,,,,0.21,1826.0,1.0,,SASDPN8_fit1_model1.pdb,SASDPN8/single_result/rodada_1/report.txt
SASDPN8,single,rodada_2,27.010807,,,,,,0.2,1826.0,1.0,,SASDPN8_fit1_model1.pdb,SASDPN8/single_result/rodada_2/report.txt
SASDPN8,single,rodada_3,27.010807,,,,,,0.2,1826.0,1.0,,SASDPN8_fit1_model1.pdb,SASDPN8/single_result/rodada_3/report.txt
SASDPP3,packing,rodada_1,7.181636,6.884767,7.1816,YES,3.0,50.0,0.98,1429.0,,3,,SASDPP3/packing_result/rodada_1/report.txt
SASDPP3,packing,rodada_2,5.697044,4.978543,5.697,YES,3.0,50.0,0.95,1429.0,,3,,SASDPP3/packing_result/rodada_2/report.txt
SASDPP3,packing,rodada_3,6.670493,4.442181,6.6705,YES,3.0,50.0,0.97,1429.0,,3,,SASDPP3/packing_result/rodada_3/report.txt
SASDPP4,packing,rodada_1,2.054353,1.762774,1.8457,YES,4.0,50.0,0.3,1223.0,,4,,SASDPP4/packing_result/rodada_1/report.txt
SASDPP4,packing,rodada_2,1.902757,1.751686,1.8843,YES,4.0,50.0,0.3,1223.0,,4,,SASDPP4/packing_result/rodada_2/report.txt
SASDPP4,packing,rodada_3,2.379223,2.012491,2.1273,YES,4.0,50.0,0.3,1223.0,,4,,SASDPP4/packing_result/rodada_3/report.txt
SASDPP6,single,rodada_1,2.803766,,,,,,0.43,2788.0,1.0,,SASDPP6_fit1_model1.pdb,SASDPP6/single_result/rodada_1/report.txt
SASDPP6,single,rodada_2,2.803766,,,,,,0.4,2788.0,1.0,,SASDPP6_fit1_model1.pdb,SASDPP6/single_result/rodada_2/report.txt
SASDPP6,single,rodada_3,2.803766,,,,,,0.41,2788.0,1.0,,SASDPP6_fit1_model1.pdb,SASDPP6/single_result/rodada_3/report.txt
SASDPQ3,packing,rodada_1,6.464678,4.947702,6.4647,YES,3.0,50.0,0.94,1667.0,,3,,SASDPQ3/packing_result/rodada_1/report.txt
SASDPQ3,packing,rodada_2,7.537866,6.494112,7.5379,YES,3.0,50.0,0.95,1667.0,,3,,SASDPQ3/packing_result/rodada_2/report.txt
SASDPQ3,packing,rodada_3,8.022746,6.106624,8.0227,YES,3.0,50.0,0.94,1667.0,,3,,SASDPQ3/packing_result/rodada_3/report.txt
SASDPQ4,packing,rodada_1,2.727108,2.639696,2.7271,YES,4.0,50.0,1.83,1674.0,,4,,SASDPQ4/packing_result/rodada_1/report.txt
SASDPQ4,packing,rodada_2,2.999506,2.539829,2.6015,YES,4.0,50.0,1.85,1674.0,,4,,SASDPQ4/packing_result/rodada_2/report.txt
SASDPQ4,packing,rodada_3,3.117861,2.626754,2.6864,YES,4.0,50.0,1.85,1674.0,,4,,SASDPQ4/packing_result/rodada_3/report.txt
SASDPQ5,packing,rodada_1,5.891997,7.479992,5.892,NO,2.0,50.0,1.6,625.0,,2,,SASDPQ5/packing_result/rodada_1/report.txt
SASDPQ5,packing,rodada_2,5.319175,6.08243,5.3192,NO,2.0,50.0,1.52,625.0,,2,,SASDPQ5/packing_result/rodada_2/report.txt
SASDPQ5,packing,rodada_3,5.151272,5.956443,5.1513,NO,2.0,50.0,1.54,625.0,,2,,SASDPQ5/packing_result/rodada_3/report.txt
SASDPQ7,single,rodada_1,65.535242,,,,,,0.12,464.0,1.0,,SASDPQ7_fit1_model1.pdb,SASDPQ7/single_result/rodada_1/report.txt
SASDPQ7,single,rodada_2,65.535242,,,,,,0.11,464.0,1.0,,SASDPQ7_fit1_model1.pdb,SASDPQ7/single_result/rodada_2/report.txt
SASDPQ7,single,rodada_3,65.535242,,,,,,0.11,464.0,1.0,,SASDPQ7_fit1_model1.pdb,SASDPQ7/single_result/rodada_3/report.txt
SASDPR3,packing,rodada_1,11.994428,13.322686,11.9944,NO,4.0,50.0,1.16,1456.0,,4,,SASDPR3/packing_result/rodada_1/report.txt
SASDPR3,packing,rodada_2,7.952928,6.028656,7.3783,YES,4.0,50.0,1.12,1456.0,,4,,SASDPR3/packing_result/rodada_2/report.txt
SASDPR3,packing,rodada_3,6.930782,5.939632,6.9178,YES,4.0,50.0,1.12,1456.0,,4,,SASDPR3/packing_result/rodada_3/report.txt
SASDPR4,packing,rodada_1,3.505895,3.1366,3.204,YES,4.0,50.0,2.76,1669.0,,4,,SASDPR4/packing_result/rodada_1/report.txt
SASDPR4,packing,rodada_2,3.355338,2.993755,3.0797,YES,4.0,50.0,2.79,1669.0,,4,,SASDPR4/packing_result/rodada_2/report.txt
SASDPR4,packing,rodada_3,3.432338,3.077906,3.1379,YES,4.0,50.0,2.76,1669.0,,4,,SASDPR4/packing_result/rodada_3/report.txt
SASDPR5,packing,rodada_1,6.043784,4.86891,5.5682,YES,2.0,50.0,1.83,3091.0,,2,,SASDPR5/packing_result/rodada_1/report.txt
SASDPR5,packing,rodada_2,7.513339,4.969975,5.9078,YES,2.0,50.0,1.82,3091.0,,2,,SASDPR5/packing_result/rodada_2/report.txt
SASDPR5,packing,rodada_3,6.861842,5.116004,6.3055,YES,2.0,50.0,1.8,3091.0,,2,,SASDPR5/packing_result/rodada_3/report.txt
SASDPR7,single,rodada_1,3.016577,,,,,,0.07,237.0,1.0,,SASDPR7_fit1_model1.pdb,SASDPR7/single_result/rodada_1/report.txt
SASDPR7,single,rodada_2,3.016577,,,,,,0.07,237.0,1.0,,SASDPR7_fit1_model1.pdb,SASDPR7/single_result/rodada_2/report.txt
SASDPR7,single,rodada_3,3.016577,,,,,,0.07,237.0,1.0,,SASDPR7_fit1_model1.pdb,SASDPR7/single_result/rodada_3/report.txt
SASDPS3,packing,rodada_1,8.54373,7.55299,8.5197,YES,6.0,50.0,1.49,953.0,,6,,SASDPS3/packing_result/rodada_1/report.txt
SASDPS3,packing,rodada_2,8.392349,6.358878,8.3923,YES,6.0,50.0,1.47,953.0,,6,,SASDPS3/packing_result/rodada_2/report.txt
SASDPS3,packing,rodada_3,8.585765,4.655117,7.0623,YES,6.0,50.0,1.47,953.0,,6,,SASDPS3/packing_result/rodada_3/report.txt
SASDPS4,packing,rodada_1,2.085437,1.911084,1.9549,YES,4.0,50.0,0.37,1091.0,,4,,SASDPS4/packing_result/rodada_1/report.txt
SASDPS4,packing,rodada_2,2.085662,1.928568,1.972,YES,4.0,50.0,0.36,1091.0,,4,,SASDPS4/packing_result/rodada_2/report.txt
SASDPS4,packing,rodada_3,2.04677,1.886804,1.9426,YES,4.0,50.0,0.36,1091.0,,4,,SASDPS4/packing_result/rodada_3/report.txt
SASDPS5,packing,rodada_1,12.17268,8.675965,9.6841,YES,2.0,50.0,1.62,1007.0,,2,,SASDPS5/packing_result/rodada_1/report.txt
SASDPS5,packing,rodada_2,8.096245,8.006267,8.0962,YES,2.0,50.0,1.54,1007.0,,2,,SASDPS5/packing_result/rodada_2/report.txt
SASDPS5,packing,rodada_3,8.216958,8.461477,8.217,NO,2.0,50.0,1.58,1007.0,,2,,SASDPS5/packing_result/rodada_3/report.txt
SASDPS7,single,rodada_1,13.756764,,,,,,0.06,159.0,1.0,,SASDPS7_fit1_model1.pdb,SASDPS7/single_result/rodada_1/report.txt
SASDPS7,single,rodada_2,13.756764,,,,,,0.06,159.0,1.0,,SASDPS7_fit1_model1.pdb,SASDPS7/single_result/rodada_2/report.txt
SASDPS7,single,rodada_3,13.756764,,,,,,0.06,159.0,1.0,,SASDPS7_fit1_model1.pdb,SASDPS7/single_result/rodada_3/report.txt
SASDPT4,packing,rodada_1,2.363947,2.237429,2.3438,YES,4.0,50.0,0.41,1656.0,,4,,SASDPT4/packing_result/rodada_1/report.txt
SASDPT4,packing,rodada_2,1.962107,1.829797,1.9599,YES,4.0,50.0,0.41,1656.0,,4,,SASDPT4/packing_result/rodada_2/report.txt
SASDPT4,packing,rodada_3,1.675129,1.566726,1.6631,YES,4.0,50.0,0.4,1656.0,,4,,SASDPT4/packing_result/rodada_3/report.txt
SASDPT5,packing,rodada_1,15.841879,7.922619,9.7639,YES,2.0,50.0,0.34,1390.0,,2,,SASDPT5/packing_result/rodada_1/report.txt
SASDPT5,packing,rodada_2,7.081214,6.149068,7.0812,YES,2.0,50.0,0.34,1390.0,,2,,SASDPT5/packing_result/rodada_2/report.txt
SASDPT5,packing,rodada_3,8.337062,7.218718,8.3371,YES,2.0,50.0,0.34,1390.0,,2,,SASDPT5/packing_result/rodada_3/report.txt
SASDPT7,single,rodada_1,6.100879,,,,,,0.08,560.0,1.0,,SASDPT7_fit1_model1.pdb,SASDPT7/single_result/rodada_1/report.txt
SASDPT7,single,rodada_2,6.100879,,,,,,0.08,560.0,1.0,,SASDPT7_fit1_model1.pdb,SASDPT7/single_result/rodada_2/report.txt
SASDPT7,single,rodada_3,6.100879,,,,,,0.08,560.0,1.0,,SASDPT7_fit1_model1.pdb,SASDPT7/single_result/rodada_3/report.txt
SASDPU4,packing,rodada_1,2.098256,1.99289,2.0983,YES,3.0,50.0,0.26,1099.0,,3,,SASDPU4/packing_result/rodada_1/report.txt
SASDPU4,packing,rodada_2,2.322898,2.194428,2.3229,YES,3.0,50.0,0.26,1099.0,,3,,SASDPU4/packing_result/rodada_2/report.txt
SASDPU4,packing,rodada_3,1.808351,1.701483,1.8084,YES,3.0,50.0,0.26,1099.0,,3,,SASDPU4/packing_result/rodada_3/report.txt
SASDPU6,single,rodada_1,7.973658,,,,,,0.44,433.0,1.0,,SASDPU6_fit1_model1.pdb,SASDPU6/single_result/rodada_1/report.txt
SASDPU6,single,rodada_2,7.973658,,,,,,0.44,433.0,1.0,,SASDPU6_fit1_model1.pdb,SASDPU6/single_result/rodada_2/report.txt
SASDPU6,single,rodada_3,7.973658,,,,,,0.44,433.0,1.0,,SASDPU6_fit1_model1.pdb,SASDPU6/single_result/rodada_3/report.txt
SASDPU7,single,rodada_1,18.868683,,,,,,0.05,185.0,1.0,,SASDPU7_fit1_model1.pdb,SASDPU7/single_result/rodada_1/report.txt
SASDPU7,single,rodada_2,18.868683,,,,,,0.05,185.0,1.0,,SASDPU7_fit1_model1.pdb,SASDPU7/single_result/rodada_2/report.txt
SASDPU7,single,rodada_3,18.868683,,,,,,0.05,185.0,1.0,,SASDPU7_fit1_model1.pdb,SASDPU7/single_result/rodada_3/report.txt
SASDPV2,packing,rodada_1,50.736263,51.154388,50.7363,NO,2.0,50.0,2.1,662.0,,2,,SASDPV2/packing_result/rodada_1/report.txt
SASDPV2,packing,rodada_2,50.854634,51.251979,50.8546,NO,2.0,50.0,2.08,662.0,,2,,SASDPV2/packing_result/rodada_2/report.txt
SASDPV2,packing,rodada_3,50.587075,50.974702,50.5871,NO,2.0,50.0,2.05,662.0,,2,,SASDPV2/packing_result/rodada_3/report.txt
SASDPV3,packing,rodada_1,6.693107,4.919393,5.5725,YES,2.0,50.0,1.91,1270.0,,2,,SASDPV3/packing_result/rodada_1/report.txt
SASDPV3,packing,rodada_2,7.529429,4.582261,5.1675,YES,2.0,50.0,1.81,1270.0,,2,,SASDPV3/packing_result/rodada_2/report.txt
SASDPV3,packing,rodada_3,6.131362,4.617813,5.3711,YES,2.0,50.0,1.85,1270.0,,2,,SASDPV3/packing_result/rodada_3/report.txt
SASDPV4,packing,rodada_1,2.057018,2.009197,2.057,YES,3.0,50.0,0.34,1092.0,,3,,SASDPV4/packing_result/rodada_1/report.txt
SASDPV4,packing,rodada_2,1.996182,1.964634,1.9962,YES,3.0,50.0,0.34,1092.0,,3,,SASDPV4/packing_result/rodada_2/report.txt
SASDPV4,packing,rodada_3,1.823166,1.783316,1.8232,YES,3.0,50.0,0.34,1092.0,,3,,SASDPV4/packing_result/rodada_3/report.txt
SASDPV7,packing,rodada_1,10.790045,2.994508,2.9986,YES,2.0,50.0,0.28,1210.0,,2,,SASDPV7/packing_result/rodada_1/report.txt
SASDPV7,packing,rodada_2,10.749288,2.335341,2.3371,YES,2.0,50.0,0.27,1210.0,,2,,SASDPV7/packing_result/rodada_2/report.txt
SASDPV7,packing,rodada_3,10.784426,2.504592,2.5063,YES,2.0,50.0,0.27,1210.0,,2,,SASDPV7/packing_result/rodada_3/report.txt
SASDPW2,single,rodada_1,47.290724,,,,,,0.13,549.0,1.0,,SASDPW2_fit1_model1.pdb,SASDPW2/single_result/rodada_1/report.txt
SASDPW2,single,rodada_2,47.290724,,,,,,0.13,549.0,1.0,,SASDPW2_fit1_model1.pdb,SASDPW2/single_result/rodada_2/report.txt
SASDPW2,single,rodada_3,47.290724,,,,,,0.13,549.0,1.0,,SASDPW2_fit1_model1.pdb,SASDPW2/single_result/rodada_3/report.txt
SASDPW3,packing,rodada_1,6.290395,5.077469,6.2118,YES,2.0,50.0,1.87,1029.0,,2,,SASDPW3/packing_result/rodada_1/report.txt
SASDPW3,packing,rodada_2,6.160946,5.153076,5.9826,YES,2.0,50.0,1.87,1029.0,,2,,SASDPW3/packing_result/rodada_2/report.txt
SASDPW3,packing,rodada_3,8.165882,5.850867,6.5016,YES,2.0,50.0,1.87,1029.0,,2,,SASDPW3/packing_result/rodada_3/report.txt
SASDPW4,packing,rodada_1,1.702598,1.553655,1.5894,YES,3.0,50.0,0.35,1741.0,,3,,SASDPW4/packing_result/rodada_1/report.txt
SASDPW4,packing,rodada_2,1.700798,1.547994,1.6052,YES,3.0,50.0,0.34,1741.0,,3,,SASDPW4/packing_result/rodada_2/report.txt
SASDPW4,packing,rodada_3,1.752434,1.588002,1.6377,YES,3.0,50.0,0.35,1741.0,,3,,SASDPW4/packing_result/rodada_3/report.txt
SASDPW6,single,rodada_1,2.956727,,,,,,0.28,756.0,1.0,,SASDPW6_fit1_model1.pdb,SASDPW6/single_result/rodada_1/report.txt
SASDPW6,single,rodada_2,2.956727,,,,,,0.28,756.0,1.0,,SASDPW6_fit1_model1.pdb,SASDPW6/single_result/rodada_2/report.txt
SASDPW6,single,rodada_3,2.956727,,,,,,0.27,756.0,1.0,,SASDPW6_fit1_model1.pdb,SASDPW6/single_result/rodada_3/report.txt
SASDPW7,packing,rodada_1,10.642148,3.669339,3.6724,YES,2.0,50.0,0.28,1319.0,,2,,SASDPW7/packing_result/rodada_1/report.txt
SASDPW7,packing,rodada_2,10.620868,3.313643,3.3169,YES,2.0,50.0,0.28,1319.0,,2,,SASDPW7/packing_result/rodada_2/report.txt
SASDPW7,packing,rodada_3,10.693955,2.662183,2.6639,YES,2.0,50.0,0.29,1319.0,,2,,SASDPW7/packing_result/rodada_3/report.txt
SASDPX2,single,rodada_1,7.607888,,,,,,0.13,1305.0,1.0,,SASDPX2_fit1_model1.pdb,SASDPX2/single_result/rodada_1/report.txt
SASDPX2,single,rodada_2,7.607888,,,,,,0.13,1305.0,1.0,,SASDPX2_fit1_model1.pdb,SASDPX2/single_result/rodada_2/report.txt
SASDPX2,single,rodada_3,7.607888,,,,,,0.13,1305.0,1.0,,SASDPX2_fit1_model1.pdb,SASDPX2/single_result/rodada_3/report.txt
SASDPX3,single,rodada_1,3.717738,,,,,,1.2,1225.0,1.0,,SASDPX3_fit1_model1.pdb,SASDPX3/single_result/rodada_1/report.txt
SASDPX3,single,rodada_2,3.717738,,,,,,1.19,1225.0,1.0,,SASDPX3_fit1_model1.pdb,SASDPX3/single_result/rodada_2/report.txt
SASDPX3,single,rodada_3,3.717738,,,,,,1.2,1225.0,1.0,,SASDPX3_fit1_model1.pdb,SASDPX3/single_result/rodada_3/report.txt
SASDPX4,packing,rodada_1,3.279231,2.898299,2.9997,YES,3.0,50.0,1.61,1115.0,,3,,SASDPX4/packing_result/rodada_1/report.txt
SASDPX4,packing,rodada_2,3.502885,3.128154,3.2386,YES,3.0,50.0,1.64,1115.0,,3,,SASDPX4/packing_result/rodada_2/report.txt
SASDPX4,packing,rodada_3,3.349527,2.919628,3.0083,YES,3.0,50.0,1.62,1115.0,,3,,SASDPX4/packing_result/rodada_3/report.txt
SASDPX6,single,rodada_1,5.303946,,,,,,0.43,1357.0,1.0,,SASDPX6_fit1_model1.pdb,SASDPX6/single_result/rodada_1/report.txt
SASDPX6,single,rodada_2,5.303946,,,,,,0.42,1357.0,1.0,,SASDPX6_fit1_model1.pdb,SASDPX6/single_result/rodada_2/report.txt
SASDPX6,single,rodada_3,5.303946,,,,,,0.42,1357.0,1.0,,SASDPX6_fit1_model1.pdb,SASDPX6/single_result/rodada_3/report.txt
SASDPX7,packing,rodada_1,5.311144,5.311144,5.3111,NO,1.0,50.0,0.14,1441.0,,1,,SASDPX7/packing_result/rodada_1/report.txt
SASDPX7,packing,rodada_2,5.500588,5.500588,5.5006,NO,1.0,50.0,0.13,1441.0,,1,,SASDPX7/packing_result/rodada_2/report.txt
SASDPX7,packing,rodada_3,5.39871,5.39871,5.3987,NO,1.0,50.0,0.13,1441.0,,1,,SASDPX7/packing_result/rodada_3/report.txt
SASDPY2,single,rodada_1,5.235914,,,,,,0.2,2208.0,1.0,,SASDPY2_fit1_model1.pdb,SASDPY2/single_result/rodada_1/report.txt
SASDPY2,single,rodada_2,5.235914,,,,,,0.2,2208.0,1.0,,SASDPY2_fit1_model1.pdb,SASDPY2/single_result/rodada_2/report.txt
SASDPY2,single,rodada_3,5.235914,,,,,,0.2,2208.0,1.0,,SASDPY2_fit1_model1.pdb,SASDPY2/single_result/rodada_3/report.txt
SASDPY3,single,rodada_1,4.195956,,,,,,1.2,1261.0,1.0,,SASDPY3_fit1_model1.pdb,SASDPY3/single_result/rodada_1/report.txt
SASDPY3,single,rodada_2,4.195956,,,,,,1.2,1261.0,1.0,,SASDPY3_fit1_model1.pdb,SASDPY3/single_result/rodada_2/report.txt
SASDPY3,single,rodada_3,4.195956,,,,,,1.2,1261.0,1.0,,SASDPY3_fit1_model1.pdb,SASDPY3/single_result/rodada_3/report.txt
SASDPY4,packing,rodada_1,3.517383,3.258807,3.301,YES,3.0,50.0,2.35,1197.0,,3,,SASDPY4/packing_result/rodada_1/report.txt
SASDPY4,packing,rodada_2,3.492117,3.225159,3.2803,YES,3.0,50.0,2.32,1197.0,,3,,SASDPY4/packing_result/rodada_2/report.txt
SASDPY4,packing,rodada_3,3.206213,2.941205,3.0226,YES,3.0,50.0,2.37,1197.0,,3,,SASDPY4/packing_result/rodada_3/report.txt
SASDPY7,packing,rodada_1,5.564928,5.564928,5.5649,NO,1.0,50.0,0.16,1274.0,,1,,SASDPY7/packing_result/rodada_1/report.txt
SASDPY7,packing,rodada_2,5.512141,5.512141,5.5121,NO,1.0,50.0,0.16,1274.0,,1,,SASDPY7/packing_result/rodada_2/report.txt
SASDPY7,packing,rodada_3,5.625135,5.625135,5.6251,NO,1.0,50.0,0.16,1274.0,,1,,SASDPY7/packing_result/rodada_3/report.txt
SASDPZ4,packing,rodada_1,2.082199,1.989082,2.0822,YES,3.0,50.0,0.32,829.0,,3,,SASDPZ4/packing_result/rodada_1/report.txt
SASDPZ4,packing,rodada_2,2.066552,1.980979,2.0666,YES,3.0,50.0,0.32,829.0,,3,,SASDPZ4/packing_result/rodada_2/report.txt
SASDPZ4,packing,rodada_3,2.126905,1.972562,2.0819,YES,3.0,50.0,0.32,829.0,,3,,SASDPZ4/packing_result/rodada_3/report.txt
SASDPZ7,packing,rodada_1,7.582161,7.582161,7.5822,NO,1.0,50.0,0.13,1042.0,,1,,SASDPZ7/packing_result/rodada_1/report.txt
SASDPZ7,packing,rodada_2,7.359688,7.359688,7.3597,NO,1.0,50.0,0.13,1042.0,,1,,SASDPZ7/packing_result/rodada_2/report.txt
SASDPZ7,packing,rodada_3,7.575481,7.575481,7.5755,NO,1.0,50.0,0.12,1042.0,,1,,SASDPZ7/packing_result/rodada_3/report.txt
SASDPZ8,packing,rodada_1,2.678062,2.450787,2.6781,YES,2.0,50.0,0.15,3107.0,,2,,SASDPZ8/packing_result/rodada_1/report.txt
SASDPZ8,packing,rodada_2,3.060414,2.288885,2.6115,YES,2.0,50.0,0.15,3107.0,,2,,SASDPZ8/packing_result/rodada_2/report.txt
SASDPZ8,packing,rodada_3,3.257942,2.480216,2.9086,YES,2.0,50.0,0.15,3107.0,,2,,SASDPZ8/packing_result/rodada_3/report.txt
SASDQ25,packing,rodada_1,5.05024,4.387026,5.0502,YES,2.0,50.0,1.93,1176.0,,2,,SASDQ25/packing_result/rodada_1/report.txt
SASDQ25,packing,rodada_2,4.827365,4.056347,4.8274,YES,2.0,50.0,1.93,1176.0,,2,,SASDQ25/packing_result/rodada_2/report.txt
SASDQ25,packing,rodada_3,4.962033,4.109873,4.962,YES,2.0,50.0,1.93,1176.0,,2,,SASDQ25/packing_result/rodada_3/report.txt
SASDQ28,packing,rodada_1,5.315352,3.509933,4.0164,YES,2.0,50.0,0.24,965.0,,2,,SASDQ28/packing_result/rodada_1/report.txt
SASDQ28,packing,rodada_2,4.846297,3.493736,4.0087,YES,2.0,50.0,0.24,965.0,,2,,SASDQ28/packing_result/rodada_2/report.txt
SASDQ28,packing,rodada_3,3.843627,3.727278,3.8436,YES,2.0,50.0,0.23,965.0,,2,,SASDQ28/packing_result/rodada_3/report.txt
SASDQ35,packing,rodada_1,5.122343,3.679367,5.1223,YES,2.0,50.0,1.84,1209.0,,2,,SASDQ35/packing_result/rodada_1/report.txt
SASDQ35,packing,rodada_2,5.23862,4.1297,5.2386,YES,2.0,50.0,1.84,1209.0,,2,,SASDQ35/packing_result/rodada_2/report.txt
SASDQ35,packing,rodada_3,4.460176,3.659325,4.4602,YES,2.0,50.0,1.84,1209.0,,2,,SASDQ35/packing_result/rodada_3/report.txt
SASDQ37,packing,rodada_1,4.904102,3.323918,4.0511,YES,3.0,50.0,0.57,1117.0,,3,,SASDQ37/packing_result/rodada_1/report.txt
SASDQ37,packing,rodada_2,4.357004,3.284515,3.9437,YES,3.0,50.0,0.57,1117.0,,3,,SASDQ37/packing_result/rodada_2/report.txt
SASDQ37,packing,rodada_3,4.595618,3.123902,3.868,YES,3.0,50.0,0.57,1117.0,,3,,SASDQ37/packing_result/rodada_3/report.txt
SASDQ38,single,rodada_1,7.533225,,,,,,0.2,2230.0,1.0,,SASDQ38_fit1_model1.pdb,SASDQ38/single_result/rodada_1/report.txt
SASDQ38,single,rodada_2,7.533225,,,,,,0.2,2230.0,1.0,,SASDQ38_fit1_model1.pdb,SASDQ38/single_result/rodada_2/report.txt
SASDQ38,single,rodada_3,7.533225,,,,,,0.2,2230.0,1.0,,SASDQ38_fit1_model1.pdb,SASDQ38/single_result/rodada_3/report.txt
SASDQ45,packing,rodada_1,4.440031,3.737797,4.44,YES,2.0,50.0,1.88,1190.0,,2,,SASDQ45/packing_result/rodada_1/report.txt
SASDQ45,packing,rodada_2,4.106913,3.726809,4.1069,YES,2.0,50.0,1.88,1190.0,,2,,SASDQ45/packing_result/rodada_2/report.txt
SASDQ45,packing,rodada_3,4.367545,3.581917,4.3675,YES,2.0,50.0,1.86,1190.0,,2,,SASDQ45/packing_result/rodada_3/report.txt
SASDQ47,packing,rodada_1,3.804306,3.672134,3.8043,YES,3.0,50.0,0.28,903.0,,3,,SASDQ47/packing_result/rodada_1/report.txt
SASDQ47,packing,rodada_2,6.371095,3.476156,4.6936,YES,3.0,50.0,0.28,903.0,,3,,SASDQ47/packing_result/rodada_2/report.txt
SASDQ47,packing,rodada_3,3.916043,3.221499,3.916,YES,3.0,50.0,0.28,903.0,,3,,SASDQ47/packing_result/rodada_3/report.txt
SASDQ48,packing,rodada_1,5.813092,2.974513,3.0007,YES,2.0,50.0,0.38,1153.0,,2,,SASDQ48/packing_result/rodada_1/report.txt
SASDQ48,packing,rodada_2,3.075798,3.066692,3.0758,YES,2.0,50.0,0.37,1153.0,,2,,SASDQ48/packing_result/rodada_2/report.txt
SASDQ48,packing,rodada_3,3.010159,2.990562,3.0102,YES,2.0,50.0,0.37,1153.0,,2,,SASDQ48/packing_result/rodada_3/report.txt
SASDQ49,packing,rodada_1,9.944224,7.906942,9.9442,YES,4.0,50.0,2.19,1308.0,,4,,SASDQ49/packing_result/rodada_1/report.txt
SASDQ49,packing,rodada_2,9.418286,8.30915,9.4183,YES,4.0,50.0,2.15,1308.0,,4,,SASDQ49/packing_result/rodada_2/report.txt
SASDQ49,packing,rodada_3,10.097822,8.010159,10.0978,YES,4.0,50.0,2.14,1308.0,,4,,SASDQ49/packing_result/rodada_3/report.txt
SASDQ55,packing,rodada_1,4.411849,3.790236,4.4118,YES,2.0,50.0,1.87,1269.0,,2,,SASDQ55/packing_result/rodada_1/report.txt
SASDQ55,packing,rodada_2,4.01076,3.606755,4.0108,YES,2.0,50.0,1.89,1269.0,,2,,SASDQ55/packing_result/rodada_2/report.txt
SASDQ55,packing,rodada_3,4.605058,3.738572,4.6051,YES,2.0,50.0,1.88,1269.0,,2,,SASDQ55/packing_result/rodada_3/report.txt
SASDQ57,packing,rodada_1,6.453062,5.562566,6.4531,YES,3.0,50.0,0.65,5123.0,,3,,SASDQ57/packing_result/rodada_1/report.txt
SASDQ57,packing,rodada_2,6.043086,4.351121,4.6925,YES,3.0,50.0,0.65,5123.0,,3,,SASDQ57/packing_result/rodada_2/report.txt
SASDQ57,packing,rodada_3,5.130724,3.987792,5.1307,YES,3.0,50.0,0.64,5123.0,,3,,SASDQ57/packing_result/rodada_3/report.txt
SASDQ58,single,rodada_1,3.891634,,,,,,0.95,1076.0,1.0,,SASDQ58_fit1_model1.pdb,SASDQ58/single_result/rodada_1/report.txt
SASDQ58,single,rodada_2,3.891634,,,,,,0.95,1076.0,1.0,,SASDQ58_fit1_model1.pdb,SASDQ58/single_result/rodada_2/report.txt
SASDQ58,single,rodada_3,3.891634,,,,,,0.96,1076.0,1.0,,SASDQ58_fit1_model1.pdb,SASDQ58/single_result/rodada_3/report.txt
SASDQ59,single,rodada_1,3.867273,,,,,,0.64,1001.0,1.0,,SASDQ59_fit1_model1.pdb,SASDQ59/single_result/rodada_1/report.txt
SASDQ59,single,rodada_2,3.867273,,,,,,0.64,1001.0,1.0,,SASDQ59_fit1_model1.pdb,SASDQ59/single_result/rodada_2/report.txt
SASDQ59,single,rodada_3,3.867273,,,,,,0.63,1001.0,1.0,,SASDQ59_fit1_model1.pdb,SASDQ59/single_result/rodada_3/report.txt
SASDQ65,packing,rodada_1,5.201208,4.173533,5.2012,YES,2.0,50.0,1.89,1197.0,,2,,SASDQ65/packing_result/rodada_1/report.txt
SASDQ65,packing,rodada_2,5.891464,4.280612,5.2697,YES,2.0,50.0,1.9,1197.0,,2,,SASDQ65/packing_result/rodada_2/report.txt
SASDQ65,packing,rodada_3,5.471513,4.130082,5.2682,YES,2.0,50.0,1.9,1197.0,,2,,SASDQ65/packing_result/rodada_3/report.txt
SASDQ67,packing,rodada_1,5.328172,3.084343,3.297,YES,2.0,50.0,0.66,4105.0,,2,,SASDQ67/packing_result/rodada_1/report.txt
SASDQ67,packing,rodada_2,5.41334,3.099406,3.298,YES,2.0,50.0,0.66,4105.0,,2,,SASDQ67/packing_result/rodada_2/report.txt
SASDQ67,packing,rodada_3,5.429444,3.52286,4.0654,YES,2.0,50.0,0.66,4105.0,,2,,SASDQ67/packing_result/rodada_3/report.txt
SASDQ68,single,rodada_1,6.611402,,,,,,0.99,1028.0,1.0,,SASDQ68_fit1_model1.pdb,SASDQ68/single_result/rodada_1/report.txt
SASDQ68,single,rodada_2,6.611402,,,,,,0.99,1028.0,1.0,,SASDQ68_fit1_model1.pdb,SASDQ68/single_result/rodada_2/report.txt
SASDQ68,single,rodada_3,6.611402,,,,,,0.99,1028.0,1.0,,SASDQ68_fit1_model1.pdb,SASDQ68/single_result/rodada_3/report.txt
SASDQ69,single,rodada_1,6.935714,,,,,,0.37,890.0,1.0,,SASDQ69_fit1_model1.pdb,SASDQ69/single_result/rodada_1/report.txt
SASDQ69,single,rodada_2,6.935714,,,,,,0.38,890.0,1.0,,SASDQ69_fit1_model1.pdb,SASDQ69/single_result/rodada_2/report.txt
SASDQ69,single,rodada_3,6.935714,,,,,,0.38,890.0,1.0,,SASDQ69_fit1_model1.pdb,SASDQ69/single_result/rodada_3/report.txt
SASDQ75,packing,rodada_1,5.138343,4.592451,5.1383,YES,2.0,50.0,1.85,1145.0,,2,,SASDQ75/packing_result/rodada_1/report.txt
SASDQ75,packing,rodada_2,4.779864,4.024801,4.7799,YES,2.0,50.0,1.86,1145.0,,2,,SASDQ75/packing_result/rodada_2/report.txt
SASDQ75,packing,rodada_3,4.887818,3.838947,4.8878,YES,2.0,50.0,1.85,1145.0,,2,,SASDQ75/packing_result/rodada_3/report.txt
SASDQ77,packing,rodada_1,4.210799,3.908698,4.2108,YES,2.0,50.0,0.71,4375.0,,2,,SASDQ77/packing_result/rodada_1/report.txt
SASDQ77,packing,rodada_2,4.459888,4.278784,4.4599,YES,2.0,50.0,0.67,4375.0,,2,,SASDQ77/packing_result/rodada_2/report.txt
SASDQ77,packing,rodada_3,3.99885,3.981945,3.9989,YES,2.0,50.0,0.68,4375.0,,2,,SASDQ77/packing_result/rodada_3/report.txt
SASDQ85,single,rodada_1,3.956458,,,,,,0.2,1723.0,1.0,,SASDQ85_fit1_model1.pdb,SASDQ85/single_result/rodada_1/report.txt
SASDQ85,single,rodada_2,3.956458,,,,,,0.2,1723.0,1.0,,SASDQ85_fit1_model1.pdb,SASDQ85/single_result/rodada_2/report.txt
SASDQ85,single,rodada_3,3.956458,,,,,,0.2,1723.0,1.0,,SASDQ85_fit1_model1.pdb,SASDQ85/single_result/rodada_3/report.txt
SASDQ88,single,rodada_1,23.419286,,,,,,0.06,120.0,1.0,,SASDQ88_fit1_model1.pdb,SASDQ88/single_result/rodada_1/report.txt
SASDQ88,single,rodada_2,23.419286,,,,,,0.05,120.0,1.0,,SASDQ88_fit1_model1.pdb,SASDQ88/single_result/rodada_2/report.txt
SASDQ88,single,rodada_3,23.419286,,,,,,0.06,120.0,1.0,,SASDQ88_fit1_model1.pdb,SASDQ88/single_result/rodada_3/report.txt
SASDQ97,packing,rodada_1,4.641082,3.441264,4.6411,YES,11.0,50.0,0.67,609.0,,11,,SASDQ97/packing_result/rodada_1/report.txt
SASDQ97,packing,rodada_2,4.638052,3.290103,4.6381,YES,11.0,50.0,0.66,609.0,,11,,SASDQ97/packing_result/rodada_2/report.txt
SASDQ97,packing,rodada_3,4.895437,3.322146,4.6377,YES,11.0,50.0,0.68,609.0,,11,,SASDQ97/packing_result/rodada_3/report.txt
SASDQ98,packing,rodada_1,3.630315,2.770981,3.6002,YES,7.0,50.0,0.43,456.0,,7,,SASDQ98/packing_result/rodada_1/report.txt
SASDQ98,packing,rodada_2,3.422309,3.177915,3.4223,YES,7.0,50.0,0.41,456.0,,7,,SASDQ98/packing_result/rodada_2/report.txt
SASDQ98,packing,rodada_3,3.797985,3.332186,3.798,YES,7.0,50.0,0.39,456.0,,7,,SASDQ98/packing_result/rodada_3/report.txt
SASDQA7,packing,rodada_1,6.581925,4.353635,4.3695,YES,3.0,50.0,0.79,960.0,,3,,SASDQA7/packing_result/rodada_1/report.txt
SASDQA7,packing,rodada_2,6.526165,3.636545,4.0515,YES,3.0,50.0,0.79,960.0,,3,,SASDQA7/packing_result/rodada_2/report.txt
SASDQA7,packing,rodada_3,5.740125,4.091196,3.767,YES,3.0,50.0,0.78,960.0,,3,,SASDQA7/packing_result/rodada_3/report.txt
SASDQB5,single,rodada_1,4.324367,,,,,,0.13,922.0,1.0,,SASDQB5_fit1_model1.pdb,SASDQB5/single_result/rodada_1/report.txt
SASDQB5,single,rodada_2,4.324367,,,,,,0.12,922.0,1.0,,SASDQB5_fit1_model1.pdb,SASDQB5/single_result/rodada_2/report.txt
SASDQB5,single,rodada_3,4.324367,,,,,,0.12,922.0,1.0,,SASDQB5_fit1_model1.pdb,SASDQB5/single_result/rodada_3/report.txt
SASDQB9,single,rodada_1,3.024985,,,,,,17.11,2069.0,1.0,,ensemble_ydat_tetramer.pdb,SASDQB9/single_result/rodada_1/report.txt
SASDQB9,single,rodada_2,3.024985,,,,,,16.92,2069.0,1.0,,ensemble_ydat_tetramer.pdb,SASDQB9/single_result/rodada_2/report.txt
SASDQB9,single,rodada_3,3.024985,,,,,,17.4,2069.0,1.0,,ensemble_ydat_tetramer.pdb,SASDQB9/single_result/rodada_3/report.txt
SASDQC5,single,rodada_1,5.533246,,,,,,0.17,1878.0,1.0,,SASDQC5_fit1_model1.pdb,SASDQC5/single_result/rodada_1/report.txt
SASDQC5,single,rodada_2,5.533246,,,,,,0.18,1878.0,1.0,,SASDQC5_fit1_model1.pdb,SASDQC5/single_result/rodada_2/report.txt
SASDQC5,single,rodada_3,5.533246,,,,,,0.17,1878.0,1.0,,SASDQC5_fit1_model1.pdb,SASDQC5/single_result/rodada_3/report.txt
SASDQC9,single,rodada_1,2.365717,,,,,,5.09,4284.0,1.0,,ydat_doublemutant_ensemble.pdb,SASDQC9/single_result/rodada_1/report.txt
SASDQC9,single,rodada_2,2.365717,,,,,,5.07,4284.0,1.0,,ydat_doublemutant_ensemble.pdb,SASDQC9/single_result/rodada_2/report.txt
SASDQC9,single,rodada_3,2.365717,,,,,,5.09,4284.0,1.0,,ydat_doublemutant_ensemble.pdb,SASDQC9/single_result/rodada_3/report.txt
SASDQD5,single,rodada_1,8.352185,,,,,,0.12,1149.0,1.0,,SASDQD5_fit1_model1.pdb,SASDQD5/single_result/rodada_1/report.txt
SASDQD5,single,rodada_2,8.352185,,,,,,0.12,1149.0,1.0,,SASDQD5_fit1_model1.pdb,SASDQD5/single_result/rodada_2/report.txt
SASDQD5,single,rodada_3,8.352185,,,,,,0.12,1149.0,1.0,,SASDQD5_fit1_model1.pdb,SASDQD5/single_result/rodada_3/report.txt
SASDQD9,single,rodada_1,3.139091,,,,,,2.6,643.0,1.0,,ydat_trunc_ensemble.pdb,SASDQD9/single_result/rodada_1/report.txt
SASDQD9,single,rodada_2,3.139091,,,,,,2.58,643.0,1.0,,ydat_trunc_ensemble.pdb,SASDQD9/single_result/rodada_2/report.txt
SASDQD9,single,rodada_3,3.139091,,,,,,2.61,643.0,1.0,,ydat_trunc_ensemble.pdb,SASDQD9/single_result/rodada_3/report.txt
SASDQE5,single,rodada_1,6.074974,,,,,,0.13,1078.0,1.0,,SASDQE5_fit1_model1.pdb,SASDQE5/single_result/rodada_1/report.txt
SASDQE5,single,rodada_2,6.074974,,,,,,0.13,1078.0,1.0,,SASDQE5_fit1_model1.pdb,SASDQE5/single_result/rodada_2/report.txt
SASDQE5,single,rodada_3,6.074974,,,,,,0.13,1078.0,1.0,,SASDQE5_fit1_model1.pdb,SASDQE5/single_result/rodada_3/report.txt
SASDQE8,packing,rodada_1,4.034824,2.37405,3.017,YES,4.0,50.0,0.27,766.0,,4,,SASDQE8/packing_result/rodada_1/report.txt
SASDQE8,packing,rodada_2,4.176293,2.620901,3.3135,YES,4.0,50.0,0.25,766.0,,4,,SASDQE8/packing_result/rodada_2/report.txt
SASDQE8,packing,rodada_3,3.947473,2.865991,3.9103,YES,4.0,50.0,0.24,766.0,,4,,SASDQE8/packing_result/rodada_3/report.txt
SASDQF5,packing,rodada_1,7.748615,8.930031,7.7486,NO,2.0,50.0,0.47,1296.0,,2,,SASDQF5/packing_result/rodada_1/report.txt
SASDQF5,packing,rodada_2,7.630377,8.599874,7.6304,NO,2.0,50.0,0.47,1296.0,,2,,SASDQF5/packing_result/rodada_2/report.txt
SASDQF5,packing,rodada_3,7.384487,9.302223,7.3845,NO,2.0,50.0,0.48,1296.0,,2,,SASDQF5/packing_result/rodada_3/report.txt
SASDQF8,packing,rodada_1,,,,,,,,,,,,SASDQF8/packing_result/rodada_1/report.txt
SASDQF8,packing,rodada_2,,,,,,,,,,,,SASDQF8/packing_result/rodada_2/report.txt
SASDQF8,packing,rodada_3,,,,,,,,,,,,SASDQF8/packing_result/rodada_3/report.txt
SASDQG6,single,rodada_1,10.221723,,,,,,0.06,227.0,1.0,,SASDQG6_fit1_model1.pdb,SASDQG6/single_result/rodada_1/report.txt
SASDQG6,single,rodada_2,10.221723,,,,,,0.07,227.0,1.0,,SASDQG6_fit1_model1.pdb,SASDQG6/single_result/rodada_2/report.txt
SASDQG6,single,rodada_3,10.221723,,,,,,0.06,227.0,1.0,,SASDQG6_fit1_model1.pdb,SASDQG6/single_result/rodada_3/report.txt
SASDQG7,packing,rodada_1,15.209142,8.254318,11.3691,YES,11.0,50.0,2.08,171.0,,11,,SASDQG7/packing_result/rodada_1/report.txt
SASDQG7,packing,rodada_2,14.145608,8.598917,11.6225,YES,11.0,50.0,2.07,171.0,,11,,SASDQG7/packing_result/rodada_2/report.txt
SASDQG7,packing,rodada_3,13.510589,9.632336,12.4106,YES,11.0,50.0,2.14,171.0,,11,,SASDQG7/packing_result/rodada_3/report.txt
SASDQG8,packing,rodada_1,,,,,,,,,,,,SASDQG8/packing_result/rodada_1/report.txt
SASDQG8,packing,rodada_2,,,,,,,,,,,,SASDQG8/packing_result/rodada_2/report.txt
SASDQG8,packing,rodada_3,,,,,,,,,,,,SASDQG8/packing_result/rodada_3/report.txt
SASDQH6,single,rodada_1,29.309745,,,,,,0.06,60.0,1.0,,SASDQH6_fit1_model1.pdb,SASDQH6/single_result/rodada_1/report.txt
SASDQH6,single,rodada_2,29.309745,,,,,,0.06,60.0,1.0,,SASDQH6_fit1_model1.pdb,SASDQH6/single_result/rodada_2/report.txt
SASDQH6,single,rodada_3,29.309745,,,,,,0.06,60.0,1.0,,SASDQH6_fit1_model1.pdb,SASDQH6/single_result/rodada_3/report.txt
SASDQH8,packing,rodada_1,,,,,,,,,,,,SASDQH8/packing_result/rodada_1/report.txt
SASDQH8,packing,rodada_2,,,,,,,,,,,,SASDQH8/packing_result/rodada_2/report.txt
SASDQH8,packing,rodada_3,,,,,,,,,,,,SASDQH8/packing_result/rodada_3/report.txt
SASDQJ6,packing,rodada_1,3.379612,2.124541,2.7112,YES,3.0,50.0,0.17,1112.0,,3,,SASDQJ6/packing_result/rodada_1/report.txt
SASDQJ6,packing,rodada_2,2.778896,2.182922,2.7158,YES,3.0,50.0,0.17,1112.0,,3,,SASDQJ6/packing_result/rodada_2/report.txt
SASDQJ6,packing,rodada_3,3.448333,2.256951,3.3417,YES,3.0,50.0,0.17,1112.0,,3,,SASDQJ6/packing_result/rodada_3/report.txt
SASDQJ7,packing,rodada_1,7.815359,5.980221,7.8154,YES,3.0,50.0,0.23,1195.0,,3,,SASDQJ7/packing_result/rodada_1/report.txt
SASDQJ7,packing,rodada_2,5.675716,4.809638,5.6757,YES,3.0,50.0,0.22,1195.0,,3,,SASDQJ7/packing_result/rodada_2/report.txt
SASDQJ7,packing,rodada_3,6.200186,4.631157,5.6957,YES,3.0,50.0,0.22,1195.0,,3,,SASDQJ7/packing_result/rodada_3/report.txt
SASDQJ8,packing,rodada_1,,,,,,,,,,,,SASDQJ8/packing_result/rodada_1/report.txt
SASDQJ8,packing,rodada_2,,,,,,,,,,,,SASDQJ8/packing_result/rodada_2/report.txt
SASDQJ8,packing,rodada_3,,,,,,,,,,,,SASDQJ8/packing_result/rodada_3/report.txt
SASDQK5,single,rodada_1,11.170267,,,,,,0.58,373.0,1.0,,SASDQK5_fit1_model1.pdb,SASDQK5/single_result/rodada_1/report.txt
SASDQK5,single,rodada_2,11.170267,,,,,,0.58,373.0,1.0,,SASDQK5_fit1_model1.pdb,SASDQK5/single_result/rodada_2/report.txt
SASDQK5,single,rodada_3,11.170267,,,,,,0.59,373.0,1.0,,SASDQK5_fit1_model1.pdb,SASDQK5/single_result/rodada_3/report.txt
SASDQK6,packing,rodada_1,2.026221,1.809706,2.0262,YES,3.0,50.0,0.15,1084.0,,3,,SASDQK6/packing_result/rodada_1/report.txt
SASDQK6,packing,rodada_2,2.870051,2.42448,2.8701,YES,3.0,50.0,0.15,1084.0,,3,,SASDQK6/packing_result/rodada_2/report.txt
SASDQK6,packing,rodada_3,2.658251,1.927157,2.5215,YES,3.0,50.0,0.15,1084.0,,3,,SASDQK6/packing_result/rodada_3/report.txt
SASDQL6,packing,rodada_1,4.334279,3.469848,4.1606,YES,3.0,50.0,0.1,1103.0,,3,,SASDQL6/packing_result/rodada_1/report.txt
SASDQL6,packing,rodada_2,4.034005,2.594564,3.331,YES,3.0,50.0,0.1,1103.0,,3,,SASDQL6/packing_result/rodada_2/report.txt
SASDQL6,packing,rodada_3,3.43989,2.416923,3.4399,YES,3.0,50.0,0.1,1103.0,,3,,SASDQL6/packing_result/rodada_3/report.txt
SASDQL9,packing,rodada_1,13.467304,13.412248,13.4673,YES,3.0,50.0,0.04,211.0,,3,,SASDQL9/packing_result/rodada_1/report.txt
SASDQL9,packing,rodada_2,15.07713,15.093322,15.0771,NO,3.0,50.0,0.04,211.0,,3,,SASDQL9/packing_result/rodada_2/report.txt
SASDQL9,packing,rodada_3,13.735876,12.965658,13.7359,YES,3.0,50.0,0.04,211.0,,3,,SASDQL9/packing_result/rodada_3/report.txt
SASDQM4,packing,rodada_1,13.960279,5.531774,5.7025,YES,2.0,50.0,0.23,5218.0,,2,,SASDQM4/packing_result/rodada_1/report.txt
SASDQM4,packing,rodada_2,13.529924,5.147803,5.2921,YES,2.0,50.0,0.23,5218.0,,2,,SASDQM4/packing_result/rodada_2/report.txt
SASDQM4,packing,rodada_3,13.556183,5.544772,5.7342,YES,2.0,50.0,0.23,5218.0,,2,,SASDQM4/packing_result/rodada_3/report.txt
SASDQM6,packing,rodada_1,3.282922,3.123652,3.2829,YES,3.0,50.0,0.07,330.0,,3,,SASDQM6/packing_result/rodada_1/report.txt
SASDQM6,packing,rodada_2,3.274756,2.738993,3.2748,YES,3.0,50.0,0.07,330.0,,3,,SASDQM6/packing_result/rodada_2/report.txt
SASDQM6,packing,rodada_3,3.544915,2.593523,3.5449,YES,3.0,50.0,0.07,330.0,,3,,SASDQM6/packing_result/rodada_3/report.txt
SASDQM8,packing,rodada_1,8.744591,4.712348,7.9427,YES,7.0,50.0,0.09,332.0,,7,,SASDQM8/packing_result/rodada_1/report.txt
SASDQM8,packing,rodada_2,7.837277,5.312626,7.0193,YES,7.0,50.0,0.09,332.0,,7,,SASDQM8/packing_result/rodada_2/report.txt
SASDQM8,packing,rodada_3,7.121725,4.261564,6.8734,YES,7.0,50.0,0.08,332.0,,7,,SASDQM8/packing_result/rodada_3/report.txt
SASDQM9,packing,rodada_1,31.368737,23.823281,31.3687,YES,3.0,50.0,0.04,284.0,,3,,SASDQM9/packing_result/rodada_1/report.txt
SASDQM9,packing,rodada_2,41.431064,36.09018,38.8973,YES,3.0,50.0,0.04,284.0,,3,,SASDQM9/packing_result/rodada_2/report.txt
SASDQM9,packing,rodada_3,35.389783,36.187352,35.3898,NO,3.0,50.0,0.04,284.0,,3,,SASDQM9/packing_result/rodada_3/report.txt
SASDQN4,packing,rodada_1,6.220239,4.741039,6.2202,YES,2.0,50.0,0.38,1704.0,,2,,SASDQN4/packing_result/rodada_1/report.txt
SASDQN4,packing,rodada_2,6.061667,4.300706,6.0617,YES,2.0,50.0,0.37,1704.0,,2,,SASDQN4/packing_result/rodada_2/report.txt
SASDQN4,packing,rodada_3,6.292488,4.712684,6.2925,YES,2.0,50.0,0.37,1704.0,,2,,SASDQN4/packing_result/rodada_3/report.txt
SASDQN6,packing,rodada_1,4.299018,3.287192,3.6363,YES,2.0,50.0,0.11,953.0,,2,,SASDQN6/packing_result/rodada_1/report.txt
SASDQN6,packing,rodada_2,2.687872,2.221358,2.6879,YES,2.0,50.0,0.11,953.0,,2,,SASDQN6/packing_result/rodada_2/report.txt
SASDQN6,packing,rodada_3,3.312207,2.774523,3.1699,YES,2.0,50.0,0.11,953.0,,2,,SASDQN6/packing_result/rodada_3/report.txt
SASDQN8,packing,rodada_1,11.602165,6.863582,8.2192,YES,5.0,50.0,0.06,150.0,,5,,SASDQN8/packing_result/rodada_1/report.txt
SASDQN8,packing,rodada_2,7.979937,6.390776,7.9799,YES,5.0,50.0,0.07,150.0,,5,,SASDQN8/packing_result/rodada_2/report.txt
SASDQN8,packing,rodada_3,7.721125,7.095364,7.7211,YES,5.0,50.0,0.07,150.0,,5,,SASDQN8/packing_result/rodada_3/report.txt
SASDQN9,packing,rodada_1,28.770221,25.121242,28.7702,YES,3.0,50.0,0.05,302.0,,3,,SASDQN9/packing_result/rodada_1/report.txt
SASDQN9,packing,rodada_2,32.962046,29.479669,32.962,YES,3.0,50.0,0.04,302.0,,3,,SASDQN9/packing_result/rodada_2/report.txt
SASDQN9,packing,rodada_3,28.677383,21.217246,28.6774,YES,3.0,50.0,0.05,302.0,,3,,SASDQN9/packing_result/rodada_3/report.txt
SASDQP4,single,rodada_1,13.541011,,,,,,0.36,4446.0,1.0,,SASDQP4_fit1_model1.pdb,SASDQP4/single_result/rodada_1/report.txt
SASDQP4,single,rodada_2,13.541011,,,,,,0.35,4446.0,1.0,,SASDQP4_fit1_model1.pdb,SASDQP4/single_result/rodada_2/report.txt
SASDQP4,single,rodada_3,13.541011,,,,,,0.35,4446.0,1.0,,SASDQP4_fit1_model1.pdb,SASDQP4/single_result/rodada_3/report.txt
SASDQP5,packing,rodada_1,9.101884,8.128929,9.1019,YES,4.0,50.0,0.76,310.0,,4,,SASDQP5/packing_result/rodada_1/report.txt
SASDQP5,packing,rodada_2,9.95013,8.25156,9.9501,YES,4.0,50.0,0.75,310.0,,4,,SASDQP5/packing_result/rodada_2/report.txt
SASDQP5,packing,rodada_3,9.794065,8.920982,9.7941,YES,4.0,50.0,0.75,310.0,,4,,SASDQP5/packing_result/rodada_3/report.txt
SASDQP8,single,rodada_1,10.90415,,,,,,0.06,171.0,1.0,,SASDQP8_fit1_model1.pdb,SASDQP8/single_result/rodada_1/report.txt
SASDQP8,single,rodada_2,10.90415,,,,,,0.06,171.0,1.0,,SASDQP8_fit1_model1.pdb,SASDQP8/single_result/rodada_2/report.txt
SASDQP8,single,rodada_3,10.90415,,,,,,0.07,171.0,1.0,,SASDQP8_fit1_model1.pdb,SASDQP8/single_result/rodada_3/report.txt
SASDQQ4,single,rodada_1,13.604571,,,,,,0.31,1609.0,1.0,,SASDQQ4_fit1_model1.pdb,SASDQQ4/single_result/rodada_1/report.txt
SASDQQ4,single,rodada_2,13.604571,,,,,,0.3,1609.0,1.0,,SASDQQ4_fit1_model1.pdb,SASDQQ4/single_result/rodada_2/report.txt
SASDQQ4,single,rodada_3,13.604571,,,,,,0.3,1609.0,1.0,,SASDQQ4_fit1_model1.pdb,SASDQQ4/single_result/rodada_3/report.txt
SASDQQ5,single,rodada_1,3.941371,,,,,,0.16,1275.0,1.0,,SASDQQ5_fit1_model1.pdb,SASDQQ5/single_result/rodada_1/report.txt
SASDQQ5,single,rodada_2,3.941371,,,,,,0.16,1275.0,1.0,,SASDQQ5_fit1_model1.pdb,SASDQQ5/single_result/rodada_2/report.txt
SASDQQ5,single,rodada_3,3.941371,,,,,,0.16,1275.0,1.0,,SASDQQ5_fit1_model1.pdb,SASDQQ5/single_result/rodada_3/report.txt
SASDQQ8,packing,rodada_1,3.673941,3.558378,3.6739,YES,2.0,50.0,0.45,1228.0,,2,,SASDQQ8/packing_result/rodada_1/report.txt
SASDQQ8,packing,rodada_2,3.735865,3.643133,3.7359,YES,2.0,50.0,0.44,1228.0,,2,,SASDQQ8/packing_result/rodada_2/report.txt
SASDQQ8,packing,rodada_3,5.693521,3.809149,4.1206,YES,2.0,50.0,0.44,1228.0,,2,,SASDQQ8/packing_result/rodada_3/report.txt
SASDQR4,single,rodada_1,24.510571,,,,,,0.58,119.0,1.0,,SASDQR4_fit1_model1.pdb,SASDQR4/single_result/rodada_1/report.txt
SASDQR4,single,rodada_2,24.510571,,,,,,0.46,119.0,1.0,,SASDQR4_fit1_model1.pdb,SASDQR4/single_result/rodada_2/report.txt
SASDQR4,single,rodada_3,24.510571,,,,,,0.46,119.0,1.0,,SASDQR4_fit1_model1.pdb,SASDQR4/single_result/rodada_3/report.txt
SASDQR5,single,rodada_1,3.570051,,,,,,0.18,1342.0,1.0,,SASDQR5_fit1_model1.pdb,SASDQR5/single_result/rodada_1/report.txt
SASDQR5,single,rodada_2,3.570051,,,,,,0.18,1342.0,1.0,,SASDQR5_fit1_model1.pdb,SASDQR5/single_result/rodada_2/report.txt
SASDQR5,single,rodada_3,3.570051,,,,,,0.18,1342.0,1.0,,SASDQR5_fit1_model1.pdb,SASDQR5/single_result/rodada_3/report.txt
SASDQS4,single,rodada_1,7.534022,,,,,,0.57,287.0,1.0,,SASDQS4_fit1_model1.pdb,SASDQS4/single_result/rodada_1/report.txt
SASDQS4,single,rodada_2,7.534022,,,,,,0.57,287.0,1.0,,SASDQS4_fit1_model1.pdb,SASDQS4/single_result/rodada_2/report.txt
SASDQS4,single,rodada_3,7.534022,,,,,,0.57,287.0,1.0,,SASDQS4_fit1_model1.pdb,SASDQS4/single_result/rodada_3/report.txt
SASDQS5,single,rodada_1,3.561035,,,,,,0.2,1491.0,1.0,,SASDQS5_fit1_model1.pdb,SASDQS5/single_result/rodada_1/report.txt
SASDQS5,single,rodada_2,3.561035,,,,,,0.2,1491.0,1.0,,SASDQS5_fit1_model1.pdb,SASDQS5/single_result/rodada_2/report.txt
SASDQS5,single,rodada_3,3.561035,,,,,,0.2,1491.0,1.0,,SASDQS5_fit1_model1.pdb,SASDQS5/single_result/rodada_3/report.txt
SASDQS6,single,rodada_1,2.651423,,,,,,0.65,1386.0,1.0,,SASDQS6_fit1_model1.pdb,SASDQS6/single_result/rodada_1/report.txt
SASDQS6,single,rodada_2,2.651423,,,,,,0.65,1386.0,1.0,,SASDQS6_fit1_model1.pdb,SASDQS6/single_result/rodada_2/report.txt
SASDQS6,single,rodada_3,2.651423,,,,,,0.65,1386.0,1.0,,SASDQS6_fit1_model1.pdb,SASDQS6/single_result/rodada_3/report.txt
SASDQS9,single,rodada_1,3.208115,,,,,,0.53,708.0,1.0,,SASDQS9_fit2_model1.pdb,SASDQS9/single_result/rodada_1/report.txt
SASDQS9,single,rodada_2,3.208115,,,,,,0.52,708.0,1.0,,SASDQS9_fit2_model1.pdb,SASDQS9/single_result/rodada_2/report.txt
SASDQS9,single,rodada_3,3.208115,,,,,,0.52,708.0,1.0,,SASDQS9_fit2_model1.pdb,SASDQS9/single_result/rodada_3/report.txt
SASDQT4,packing,rodada_1,4.758672,3.691586,4.7587,YES,2.0,50.0,1.89,1185.0,,2,,SASDQT4/packing_result/rodada_1/report.txt
SASDQT4,packing,rodada_2,4.413206,3.789517,4.4132,YES,2.0,50.0,1.89,1185.0,,2,,SASDQT4/packing_result/rodada_2/report.txt
SASDQT4,packing,rodada_3,4.382981,3.805505,4.383,YES,2.0,50.0,1.88,1185.0,,2,,SASDQT4/packing_result/rodada_3/report.txt
SASDQT9,packing,rodada_1,4.788894,2.682994,4.1017,YES,14.0,50.0,1.25,656.0,,14,,SASDQT9/packing_result/rodada_1/report.txt
SASDQT9,packing,rodada_2,4.652037,2.565806,4.0879,YES,14.0,50.0,1.24,656.0,,14,,SASDQT9/packing_result/rodada_2/report.txt
SASDQT9,packing,rodada_3,4.585235,2.591174,3.9926,YES,14.0,50.0,1.24,656.0,,14,,SASDQT9/packing_result/rodada_3/report.txt
SASDQU4,packing,rodada_1,4.029769,3.291248,4.0298,YES,2.0,50.0,1.89,1257.0,,2,,SASDQU4/packing_result/rodada_1/report.txt
SASDQU4,packing,rodada_2,4.107968,3.763726,4.108,YES,2.0,50.0,1.88,1257.0,,2,,SASDQU4/packing_result/rodada_2/report.txt
SASDQU4,packing,rodada_3,4.165204,3.7317,4.1652,YES,2.0,50.0,1.89,1257.0,,2,,SASDQU4/packing_result/rodada_3/report.txt
SASDQU9,packing,rodada_1,7.262066,2.977975,5.1141,YES,10.0,50.0,1.25,4131.0,,10,,SASDQU9/packing_result/rodada_1/report.txt
SASDQU9,packing,rodada_2,6.143468,2.376989,4.6597,YES,10.0,50.0,1.24,4131.0,,10,,SASDQU9/packing_result/rodada_2/report.txt
SASDQU9,packing,rodada_3,6.980577,2.592791,4.1291,YES,10.0,50.0,1.24,4131.0,,10,,SASDQU9/packing_result/rodada_3/report.txt
SASDQV4,packing,rodada_1,3.893954,3.489852,3.894,YES,2.0,50.0,1.92,1273.0,,2,,SASDQV4/packing_result/rodada_1/report.txt
SASDQV4,packing,rodada_2,3.787522,3.45663,3.7875,YES,2.0,50.0,1.94,1273.0,,2,,SASDQV4/packing_result/rodada_2/report.txt
SASDQV4,packing,rodada_3,3.651107,3.22956,3.6511,YES,2.0,50.0,1.92,1273.0,,2,,SASDQV4/packing_result/rodada_3/report.txt
SASDQW4,packing,rodada_1,3.520088,3.15634,3.5201,YES,2.0,50.0,1.92,1348.0,,2,,SASDQW4/packing_result/rodada_1/report.txt
SASDQW4,packing,rodada_2,3.585219,3.277098,3.5852,YES,2.0,50.0,1.91,1348.0,,2,,SASDQW4/packing_result/rodada_2/report.txt
SASDQW4,packing,rodada_3,3.53186,3.1504,3.5319,YES,2.0,50.0,1.91,1348.0,,2,,SASDQW4/packing_result/rodada_3/report.txt
SASDQW5,single,rodada_1,6.170775,,,,,,2.99,785.0,1.0,,SASDQW5_fit1_model1.pdb,SASDQW5/single_result/rodada_1/report.txt
SASDQW5,single,rodada_2,6.170775,,,,,,2.98,785.0,1.0,,SASDQW5_fit1_model1.pdb,SASDQW5/single_result/rodada_2/report.txt
SASDQW5,single,rodada_3,6.170775,,,,,,3.02,785.0,1.0,,SASDQW5_fit1_model1.pdb,SASDQW5/single_result/rodada_3/report.txt
SASDQX4,packing,rodada_1,3.277076,2.909068,3.2771,YES,2.0,50.0,1.88,1546.0,,2,,SASDQX4/packing_result/rodada_1/report.txt
SASDQX4,packing,rodada_2,3.417576,2.918046,3.4176,YES,2.0,50.0,1.88,1546.0,,2,,SASDQX4/packing_result/rodada_2/report.txt
SASDQX4,packing,rodada_3,3.266916,2.921103,3.2669,YES,2.0,50.0,1.89,1546.0,,2,,SASDQX4/packing_result/rodada_3/report.txt
SASDQY4,single,rodada_1,5.628188,,,,,,0.78,1203.0,1.0,,SASDQY4_fit1_model1.pdb,SASDQY4/single_result/rodada_1/report.txt
SASDQY4,single,rodada_2,5.628188,,,,,,0.78,1203.0,1.0,,SASDQY4_fit1_model1.pdb,SASDQY4/single_result/rodada_2/report.txt
SASDQY4,single,rodada_3,5.628188,,,,,,0.78,1203.0,1.0,,SASDQY4_fit1_model1.pdb,SASDQY4/single_result/rodada_3/report.txt
SASDQY5,packing,rodada_1,7.571601,5.21652,7.0649,YES,4.0,50.0,1.59,479.0,,4,,SASDQY5/packing_result/rodada_1/report.txt
SASDQY5,packing,rodada_2,7.473046,6.073099,7.473,YES,4.0,50.0,1.57,479.0,,4,,SASDQY5/packing_result/rodada_2/report.txt
SASDQY5,packing,rodada_3,8.661986,6.586807,7.6065,YES,4.0,50.0,1.57,479.0,,4,,SASDQY5/packing_result/rodada_3/report.txt
SASDQY7,single,rodada_1,3.001818,,,,,,1.21,1259.0,1.0,,SASDQY7_fit1_model1.pdb,SASDQY7/single_result/rodada_1/report.txt
SASDQY7,single,rodada_2,3.001818,,,,,,1.22,1259.0,1.0,,SASDQY7_fit1_model1.pdb,SASDQY7/single_result/rodada_2/report.txt
SASDQY7,single,rodada_3,3.001818,,,,,,1.23,1259.0,1.0,,SASDQY7_fit1_model1.pdb,SASDQY7/single_result/rodada_3/report.txt
SASDQY9,packing,rodada_1,7.42157,5.598525,7.4216,YES,16.0,50.0,0.17,117.0,,16,,SASDQY9/packing_result/rodada_1/report.txt
SASDQY9,packing,rodada_2,8.029846,5.641967,7.581,YES,16.0,50.0,0.17,117.0,,16,,SASDQY9/packing_result/rodada_2/report.txt
SASDQY9,packing,rodada_3,8.384205,6.052171,7.3202,YES,16.0,50.0,0.18,117.0,,16,,SASDQY9/packing_result/rodada_3/report.txt
SASDQZ4,packing,rodada_1,3.979834,3.307279,3.9798,YES,2.0,50.0,1.89,1458.0,,2,,SASDQZ4/packing_result/rodada_1/report.txt
SASDQZ4,packing,rodada_2,3.997197,3.052023,3.9972,YES,2.0,50.0,1.88,1458.0,,2,,SASDQZ4/packing_result/rodada_2/report.txt
SASDQZ4,packing,rodada_3,3.860663,3.14909,3.8607,YES,2.0,50.0,1.86,1458.0,,2,,SASDQZ4/packing_result/rodada_3/report.txt
SASDQZ7,single,rodada_1,6.018679,,,,,,0.09,450.0,1.0,,SASDQZ7_fit1_model1.pdb,SASDQZ7/single_result/rodada_1/report.txt
SASDQZ7,single,rodada_2,6.018679,,,,,,0.09,450.0,1.0,,SASDQZ7_fit1_model1.pdb,SASDQZ7/single_result/rodada_2/report.txt
SASDQZ7,single,rodada_3,6.018679,,,,,,0.09,450.0,1.0,,SASDQZ7_fit1_model1.pdb,SASDQZ7/single_result/rodada_3/report.txt
SASDR22,packing,rodada_1,5.507253,4.918009,5.5073,YES,7.0,50.0,0.1,781.0,,7,,SASDR22/packing_result/rodada_1/report.txt
SASDR22,packing,rodada_2,7.290236,4.144524,5.4082,YES,7.0,50.0,0.1,781.0,,7,,SASDR22/packing_result/rodada_2/report.txt
SASDR22,packing,rodada_3,8.190917,4.533468,5.6315,YES,7.0,50.0,0.1,781.0,,7,,SASDR22/packing_result/rodada_3/report.txt
SASDR23,single,rodada_1,2.234548,,,,,,0.22,602.0,1.0,,SASDR23_fit1_model1.pdb,SASDR23/single_result/rodada_1/report.txt
SASDR23,single,rodada_2,2.234548,,,,,,0.22,602.0,1.0,,SASDR23_fit1_model1.pdb,SASDR23/single_result/rodada_2/report.txt
SASDR23,single,rodada_3,2.234548,,,,,,0.22,602.0,1.0,,SASDR23_fit1_model1.pdb,SASDR23/single_result/rodada_3/report.txt
SASDR25,single,rodada_1,2.145442,,,,,,0.53,2873.0,1.0,,SASDR25_fit1_model1.pdb,SASDR25/single_result/rodada_1/report.txt
SASDR25,single,rodada_2,2.145442,,,,,,0.53,2873.0,1.0,,SASDR25_fit1_model1.pdb,SASDR25/single_result/rodada_2/report.txt
SASDR25,single,rodada_3,2.145442,,,,,,0.53,2873.0,1.0,,SASDR25_fit1_model1.pdb,SASDR25/single_result/rodada_3/report.txt
SASDR27,packing,rodada_1,6.390757,5.390413,6.3908,YES,2.0,50.0,0.09,224.0,,2,,SASDR27/packing_result/rodada_1/report.txt
SASDR27,packing,rodada_2,6.776208,6.36544,6.7762,YES,2.0,50.0,0.09,224.0,,2,,SASDR27/packing_result/rodada_2/report.txt
SASDR27,packing,rodada_3,6.223601,5.387069,6.2236,YES,2.0,50.0,0.09,224.0,,2,,SASDR27/packing_result/rodada_3/report.txt
SASDR29,packing,rodada_1,5.487204,3.713619,4.6327,YES,3.0,50.0,0.37,1369.0,,3,,SASDR29/packing_result/rodada_1/report.txt
SASDR29,packing,rodada_2,5.041198,3.390556,4.4592,YES,3.0,50.0,0.37,1369.0,,3,,SASDR29/packing_result/rodada_2/report.txt
SASDR29,packing,rodada_3,3.691691,3.220629,3.6917,YES,3.0,50.0,0.36,1369.0,,3,,SASDR29/packing_result/rodada_3/report.txt
SASDR33,single,rodada_1,2.187528,,,,,,0.31,1379.0,1.0,,SASDR33_fit1_model1.pdb,SASDR33/single_result/rodada_1/report.txt
SASDR33,single,rodada_2,2.187528,,,,,,0.31,1379.0,1.0,,SASDR33_fit1_model1.pdb,SASDR33/single_result/rodada_2/report.txt
SASDR33,single,rodada_3,2.187528,,,,,,0.31,1379.0,1.0,,SASDR33_fit1_model1.pdb,SASDR33/single_result/rodada_3/report.txt
SASDR35,single,rodada_1,3.240265,,,,,,0.94,1433.0,1.0,,SASDR35_fit1_model1.pdb,SASDR35/single_result/rodada_1/report.txt
SASDR35,single,rodada_2,3.240265,,,,,,0.94,1433.0,1.0,,SASDR35_fit1_model1.pdb,SASDR35/single_result/rodada_2/report.txt
SASDR35,single,rodada_3,3.240265,,,,,,0.94,1433.0,1.0,,SASDR35_fit1_model1.pdb,SASDR35/single_result/rodada_3/report.txt
SASDR45,single,rodada_1,3.318116,,,,,,0.43,1363.0,1.0,,SASDR45_fit1_model1.pdb,SASDR45/single_result/rodada_1/report.txt
SASDR45,single,rodada_2,3.318116,,,,,,0.43,1363.0,1.0,,SASDR45_fit1_model1.pdb,SASDR45/single_result/rodada_2/report.txt
SASDR45,single,rodada_3,3.318116,,,,,,0.43,1363.0,1.0,,SASDR45_fit1_model1.pdb,SASDR45/single_result/rodada_3/report.txt
SASDR55,single,rodada_1,2.966423,,,,,,0.67,1236.0,1.0,,SASDR55_fit1_model1.pdb,SASDR55/single_result/rodada_1/report.txt
SASDR55,single,rodada_2,2.966423,,,,,,0.67,1236.0,1.0,,SASDR55_fit1_model1.pdb,SASDR55/single_result/rodada_2/report.txt
SASDR55,single,rodada_3,2.966423,,,,,,0.68,1236.0,1.0,,SASDR55_fit1_model1.pdb,SASDR55/single_result/rodada_3/report.txt
SASDR86,packing,rodada_1,5.958927,5.769582,5.9589,YES,3.0,50.0,0.27,1557.0,,3,,SASDR86/packing_result/rodada_1/report.txt
SASDR86,packing,rodada_2,5.329377,5.21163,5.3294,YES,3.0,50.0,0.26,1557.0,,3,,SASDR86/packing_result/rodada_2/report.txt
SASDR86,packing,rodada_3,5.96263,4.951821,5.5942,YES,3.0,50.0,0.25,1557.0,,3,,SASDR86/packing_result/rodada_3/report.txt
SASDR89,packing,rodada_1,4.661162,4.430884,4.6612,YES,2.0,50.0,0.46,956.0,,2,,SASDR89/packing_result/rodada_1/report.txt
SASDR89,packing,rodada_2,5.857565,5.220358,5.8576,YES,2.0,50.0,0.46,956.0,,2,,SASDR89/packing_result/rodada_2/report.txt
SASDR89,packing,rodada_3,5.513011,5.172618,5.513,YES,2.0,50.0,0.46,956.0,,2,,SASDR89/packing_result/rodada_3/report.txt
SASDR95,packing,rodada_1,6.256628,4.574979,6.2566,YES,2.0,50.0,0.1,1840.0,,2,,SASDR95/packing_result/rodada_1/report.txt
SASDR95,packing,rodada_2,6.891241,5.345207,6.7127,YES,2.0,50.0,0.09,1840.0,,2,,SASDR95/packing_result/rodada_2/report.txt
SASDR95,packing,rodada_3,7.551926,4.600594,7.1109,YES,2.0,50.0,0.09,1840.0,,2,,SASDR95/packing_result/rodada_3/report.txt
SASDR96,single,rodada_1,6.233536,,,,,,0.14,1319.0,1.0,,SASDR96_fit1_model1.pdb,SASDR96/single_result/rodada_1/report.txt
SASDR96,single,rodada_2,6.233536,,,,,,0.14,1319.0,1.0,,SASDR96_fit1_model1.pdb,SASDR96/single_result/rodada_2/report.txt
SASDR96,single,rodada_3,6.233536,,,,,,0.14,1319.0,1.0,,SASDR96_fit1_model1.pdb,SASDR96/single_result/rodada_3/report.txt
SASDR99,packing,rodada_1,5.710375,4.96079,5.7104,YES,2.0,50.0,0.33,1140.0,,2,,SASDR99/packing_result/rodada_1/report.txt
SASDR99,packing,rodada_2,4.764069,3.404194,4.7641,YES,2.0,50.0,0.33,1140.0,,2,,SASDR99/packing_result/rodada_2/report.txt
SASDR99,packing,rodada_3,5.650209,4.413212,5.6502,YES,2.0,50.0,0.33,1140.0,,2,,SASDR99/packing_result/rodada_3/report.txt
SASDRA5,packing,rodada_1,4.379334,3.986007,4.3793,YES,2.0,50.0,0.06,814.0,,2,,SASDRA5/packing_result/rodada_1/report.txt
SASDRA5,packing,rodada_2,3.850071,2.974831,3.8501,YES,2.0,50.0,0.06,814.0,,2,,SASDRA5/packing_result/rodada_2/report.txt
SASDRA5,packing,rodada_3,4.081988,3.268739,3.9804,YES,2.0,50.0,0.06,814.0,,2,,SASDRA5/packing_result/rodada_3/report.txt
SASDRA9,packing,rodada_1,3.086556,3.052008,3.0866,YES,2.0,50.0,0.48,1290.0,,2,,SASDRA9/packing_result/rodada_1/report.txt
SASDRA9,packing,rodada_2,4.962543,3.007725,3.426,YES,2.0,50.0,0.49,1290.0,,2,,SASDRA9/packing_result/rodada_2/report.txt
SASDRA9,packing,rodada_3,3.556604,3.387711,3.5566,YES,2.0,50.0,0.47,1290.0,,2,,SASDRA9/packing_result/rodada_3/report.txt
SASDRB5,single,rodada_1,7.528008,,,,,,0.39,1802.0,1.0,,SASDRB5_fit1_model1.pdb,SASDRB5/single_result/rodada_1/report.txt
SASDRB5,single,rodada_2,7.528008,,,,,,0.38,1802.0,1.0,,SASDRB5_fit1_model1.pdb,SASDRB5/single_result/rodada_2/report.txt
SASDRB5,single,rodada_3,7.528008,,,,,,0.38,1802.0,1.0,,SASDRB5_fit1_model1.pdb,SASDRB5/single_result/rodada_3/report.txt
SASDRB9,single,rodada_1,8.348542,,,,,,0.08,383.0,1.0,,SASDRB9_fit1_model1.pdb,SASDRB9/single_result/rodada_1/report.txt
SASDRB9,single,rodada_2,8.348542,,,,,,0.08,383.0,1.0,,SASDRB9_fit1_model1.pdb,SASDRB9/single_result/rodada_2/report.txt
SASDRB9,single,rodada_3,8.348542,,,,,,0.08,383.0,1.0,,SASDRB9_fit1_model1.pdb,SASDRB9/single_result/rodada_3/report.txt
SASDRC5,single,rodada_1,5.870849,,,,,,0.4,2178.0,1.0,,SASDRC5_fit1_model1.pdb,SASDRC5/single_result/rodada_1/report.txt
SASDRC5,single,rodada_2,5.870849,,,,,,0.39,2178.0,1.0,,SASDRC5_fit1_model1.pdb,SASDRC5/single_result/rodada_2/report.txt
SASDRC5,single,rodada_3,5.870849,,,,,,0.39,2178.0,1.0,,SASDRC5_fit1_model1.pdb,SASDRC5/single_result/rodada_3/report.txt
SASDRC9,single,rodada_1,8.3951,,,,,,0.28,3712.0,1.0,,SASDRC9_fit1_model1.pdb,SASDRC9/single_result/rodada_1/report.txt
SASDRC9,single,rodada_2,8.3951,,,,,,0.27,3712.0,1.0,,SASDRC9_fit1_model1.pdb,SASDRC9/single_result/rodada_2/report.txt
SASDRC9,single,rodada_3,8.3951,,,,,,0.27,3712.0,1.0,,SASDRC9_fit1_model1.pdb,SASDRC9/single_result/rodada_3/report.txt
SASDRD5,single,rodada_1,3.308126,,,,,,0.41,221.0,1.0,,SASDRD5_fit2_model1.pdb,SASDRD5/single_result/rodada_1/report.txt
SASDRD5,single,rodada_2,3.308126,,,,,,0.39,221.0,1.0,,SASDRD5_fit2_model1.pdb,SASDRD5/single_result/rodada_2/report.txt
SASDRD5,single,rodada_3,3.308126,,,,,,0.39,221.0,1.0,,SASDRD5_fit2_model1.pdb,SASDRD5/single_result/rodada_3/report.txt
SASDRD9,single,rodada_1,7.440616,,,,,,0.14,1271.0,1.0,,SASDRD9_fit1_model1.pdb,SASDRD9/single_result/rodada_1/report.txt
SASDRD9,single,rodada_2,7.440616,,,,,,0.14,1271.0,1.0,,SASDRD9_fit1_model1.pdb,SASDRD9/single_result/rodada_2/report.txt
SASDRD9,single,rodada_3,7.440616,,,,,,0.14,1271.0,1.0,,SASDRD9_fit1_model1.pdb,SASDRD9/single_result/rodada_3/report.txt
SASDRE5,single,rodada_1,,,,,,,0.02,210.0,0.0,,,SASDRE5/single_result/rodada_1/report.txt
SASDRE5,single,rodada_2,,,,,,,0.02,210.0,0.0,,,SASDRE5/single_result/rodada_2/report.txt
SASDRE5,single,rodada_3,,,,,,,0.02,210.0,0.0,,,SASDRE5/single_result/rodada_3/report.txt
SASDRE6,packing,rodada_1,5.692918,5.692918,5.6929,NO,1.0,50.0,0.45,2003.0,,1,,SASDRE6/packing_result/rodada_1/report.txt
SASDRE6,packing,rodada_2,5.109191,5.109191,5.1092,NO,1.0,50.0,0.45,2003.0,,1,,SASDRE6/packing_result/rodada_2/report.txt
SASDRE6,packing,rodada_3,7.670434,7.670434,7.6704,NO,1.0,50.0,0.47,2003.0,,1,,SASDRE6/packing_result/rodada_3/report.txt
SASDRE9,single,rodada_1,5.845213,,,,,,0.16,1342.0,1.0,,SASDRE9_fit1_model1.pdb,SASDRE9/single_result/rodada_1/report.txt
SASDRE9,single,rodada_2,5.845213,,,,,,0.16,1342.0,1.0,,SASDRE9_fit1_model1.pdb,SASDRE9/single_result/rodada_2/report.txt
SASDRE9,single,rodada_3,5.845213,,,,,,0.16,1342.0,1.0,,SASDRE9_fit1_model1.pdb,SASDRE9/single_result/rodada_3/report.txt
SASDRF5,single,rodada_1,,,,,,,0.02,174.0,0.0,,,SASDRF5/single_result/rodada_1/report.txt
SASDRF5,single,rodada_2,,,,,,,0.02,174.0,0.0,,,SASDRF5/single_result/rodada_2/report.txt
SASDRF5,single,rodada_3,,,,,,,0.02,174.0,0.0,,,SASDRF5/single_result/rodada_3/report.txt
SASDRF9,packing,rodada_1,1.610758,1.610758,1.6108,NO,1.0,50.0,2.66,2752.0,,1,,SASDRF9/packing_result/rodada_1/report.txt
SASDRF9,packing,rodada_2,1.817181,1.817181,1.8172,NO,1.0,50.0,2.66,2752.0,,1,,SASDRF9/packing_result/rodada_2/report.txt
SASDRF9,packing,rodada_3,1.611262,1.611262,1.6113,NO,1.0,50.0,2.63,2752.0,,1,,SASDRF9/packing_result/rodada_3/report.txt
SASDRG2,packing,rodada_1,2.785129,2.785129,2.7851,NO,1.0,50.0,0.24,1523.0,,1,,SASDRG2/packing_result/rodada_1/report.txt
SASDRG2,packing,rodada_2,2.938051,2.938051,2.9381,NO,1.0,50.0,0.24,1523.0,,1,,SASDRG2/packing_result/rodada_2/report.txt
SASDRG2,packing,rodada_3,2.632288,2.632288,2.6323,NO,1.0,50.0,0.24,1523.0,,1,,SASDRG2/packing_result/rodada_3/report.txt
SASDRG5,single,rodada_1,,,,,,,0.02,194.0,0.0,,,SASDRG5/single_result/rodada_1/report.txt
SASDRG5,single,rodada_2,,,,,,,0.02,194.0,0.0,,,SASDRG5/single_result/rodada_2/report.txt
SASDRG5,single,rodada_3,,,,,,,0.02,194.0,0.0,,,SASDRG5/single_result/rodada_3/report.txt
SASDRG9,single,rodada_1,2.247267,,,,,,0.35,1518.0,1.0,,SASDRG9_fit1_model1.pdb,SASDRG9/single_result/rodada_1/report.txt
SASDRG9,single,rodada_2,2.247267,,,,,,0.35,1518.0,1.0,,SASDRG9_fit1_model1.pdb,SASDRG9/single_result/rodada_2/report.txt
SASDRG9,single,rodada_3,2.247267,,,,,,0.35,1518.0,1.0,,SASDRG9_fit1_model1.pdb,SASDRG9/single_result/rodada_3/report.txt
SASDRH2,packing,rodada_1,3.501843,3.501843,3.5018,NO,1.0,50.0,0.23,1551.0,,1,,SASDRH2/packing_result/rodada_1/report.txt
SASDRH2,packing,rodada_2,3.080715,3.080715,3.0807,NO,1.0,50.0,0.23,1551.0,,1,,SASDRH2/packing_result/rodada_2/report.txt
SASDRH2,packing,rodada_3,3.249182,3.249182,3.2492,NO,1.0,50.0,0.24,1551.0,,1,,SASDRH2/packing_result/rodada_3/report.txt
SASDRH5,single,rodada_1,,,,,,,0.02,162.0,0.0,,,SASDRH5/single_result/rodada_1/report.txt
SASDRH5,single,rodada_2,,,,,,,0.02,162.0,0.0,,,SASDRH5/single_result/rodada_2/report.txt
SASDRH5,single,rodada_3,,,,,,,0.02,162.0,0.0,,,SASDRH5/single_result/rodada_3/report.txt
SASDRJ2,packing,rodada_1,,,,,,,,,,,,SASDRJ2/packing_result/rodada_1/report.txt
SASDRJ2,packing,rodada_2,,,,,,,,,,,,SASDRJ2/packing_result/rodada_2/report.txt
SASDRJ2,packing,rodada_3,,,,,,,,,,,,SASDRJ2/packing_result/rodada_3/report.txt
SASDRJ5,single,rodada_1,3.49363,,,,,,0.39,168.0,1.0,,SASDRJ5_fit2_model1.pdb,SASDRJ5/single_result/rodada_1/report.txt
SASDRJ5,single,rodada_2,3.49363,,,,,,0.39,168.0,1.0,,SASDRJ5_fit2_model1.pdb,SASDRJ5/single_result/rodada_2/report.txt
SASDRJ5,single,rodada_3,3.49363,,,,,,0.4,168.0,1.0,,SASDRJ5_fit2_model1.pdb,SASDRJ5/single_result/rodada_3/report.txt
SASDRJ8,packing,rodada_1,3.905078,3.284936,3.9051,YES,2.0,50.0,0.2,4171.0,,2,,SASDRJ8/packing_result/rodada_1/report.txt
SASDRJ8,packing,rodada_2,6.118008,3.157699,4.3454,YES,2.0,50.0,0.2,4171.0,,2,,SASDRJ8/packing_result/rodada_2/report.txt
SASDRJ8,packing,rodada_3,3.447188,2.983066,3.4472,YES,2.0,50.0,0.2,4171.0,,2,,SASDRJ8/packing_result/rodada_3/report.txt
SASDRK2,packing,rodada_1,,,,,,,,,,,,SASDRK2/packing_result/rodada_1/report.txt
SASDRK2,packing,rodada_2,,,,,,,,,,,,SASDRK2/packing_result/rodada_2/report.txt
SASDRK2,packing,rodada_3,,,,,,,,,,,,SASDRK2/packing_result/rodada_3/report.txt
SASDRK5,single,rodada_1,,,,,,,0.02,144.0,0.0,,,SASDRK5/single_result/rodada_1/report.txt
SASDRK5,single,rodada_2,,,,,,,0.02,144.0,0.0,,,SASDRK5/single_result/rodada_2/report.txt
SASDRK5,single,rodada_3,,,,,,,0.02,144.0,0.0,,,SASDRK5/single_result/rodada_3/report.txt
SASDRK9,single,rodada_1,,,,,,,0.03,104.0,0.0,,,SASDRK9/single_result/rodada_1/report.txt
SASDRK9,single,rodada_2,,,,,,,0.03,104.0,0.0,,,SASDRK9/single_result/rodada_2/report.txt
SASDRK9,single,rodada_3,,,,,,,0.03,104.0,0.0,,,SASDRK9/single_result/rodada_3/report.txt
SASDRL2,packing,rodada_1,,,,,,,,,,,,SASDRL2/packing_result/rodada_1/report.txt
SASDRL2,packing,rodada_2,,,,,,,,,,,,SASDRL2/packing_result/rodada_2/report.txt
SASDRL2,packing,rodada_3,,,,,,,,,,,,SASDRL2/packing_result/rodada_3/report.txt
SASDRL5,single,rodada_1,,,,,,,0.02,196.0,0.0,,,SASDRL5/single_result/rodada_1/report.txt
SASDRL5,single,rodada_2,,,,,,,0.02,196.0,0.0,,,SASDRL5/single_result/rodada_2/report.txt
SASDRL5,single,rodada_3,,,,,,,0.02,196.0,0.0,,,SASDRL5/single_result/rodada_3/report.txt
SASDRL9,single,rodada_1,16.418087,,,,,,0.17,489.0,1.0,,SASDRL9_fit1_model1.pdb,SASDRL9/single_result/rodada_1/report.txt
SASDRL9,single,rodada_2,16.418087,,,,,,0.16,489.0,1.0,,SASDRL9_fit1_model1.pdb,SASDRL9/single_result/rodada_2/report.txt
SASDRL9,single,rodada_3,16.418087,,,,,,0.17,489.0,1.0,,SASDRL9_fit1_model1.pdb,SASDRL9/single_result/rodada_3/report.txt
SASDRM2,packing,rodada_1,,,,,,,,,,,,SASDRM2/packing_result/rodada_1/report.txt
SASDRM2,packing,rodada_2,,,,,,,,,,,,SASDRM2/packing_result/rodada_2/report.txt
SASDRM2,packing,rodada_3,,,,,,,,,,,,SASDRM2/packing_result/rodada_3/report.txt
SASDRM5,single,rodada_1,,,,,,,0.02,182.0,0.0,,,SASDRM5/single_result/rodada_1/report.txt
SASDRM5,single,rodada_2,,,,,,,0.02,182.0,0.0,,,SASDRM5/single_result/rodada_2/report.txt
SASDRM5,single,rodada_3,,,,,,,0.02,182.0,0.0,,,SASDRM5/single_result/rodada_3/report.txt
SASDRM9,single,rodada_1,3.496667,,,,,,0.65,1368.0,1.0,,SASDRM9_fit1_model1.pdb,SASDRM9/single_result/rodada_1/report.txt
SASDRM9,single,rodada_2,3.496667,,,,,,0.6,1368.0,1.0,,SASDRM9_fit1_model1.pdb,SASDRM9/single_result/rodada_2/report.txt
SASDRM9,single,rodada_3,3.496667,,,,,,0.61,1368.0,1.0,,SASDRM9_fit1_model1.pdb,SASDRM9/single_result/rodada_3/report.txt
SASDRN2,packing,rodada_1,,,,,,,,,,,,SASDRN2/packing_result/rodada_1/report.txt
SASDRN2,packing,rodada_2,,,,,,,,,,,,SASDRN2/packing_result/rodada_2/report.txt
SASDRN2,packing,rodada_3,,,,,,,,,,,,SASDRN2/packing_result/rodada_3/report.txt
SASDRN5,packing,rodada_1,4.831453,4.131951,4.8315,YES,3.0,50.0,0.18,906.0,,3,,SASDRN5/packing_result/rodada_1/report.txt
SASDRN5,packing,rodada_2,9.769031,5.591338,6.8503,YES,3.0,50.0,0.18,906.0,,3,,SASDRN5/packing_result/rodada_2/report.txt
SASDRN5,packing,rodada_3,8.664923,4.531367,7.259,YES,3.0,50.0,0.18,906.0,,3,,SASDRN5/packing_result/rodada_3/report.txt
SASDRN9,packing,rodada_1,15.548511,8.431437,15.5485,YES,3.0,50.0,0.26,196.0,,3,,SASDRN9/packing_result/rodada_1/report.txt
SASDRN9,packing,rodada_2,17.136111,8.817771,16.7585,YES,3.0,50.0,0.26,196.0,,3,,SASDRN9/packing_result/rodada_2/report.txt
SASDRN9,packing,rodada_3,17.471139,8.834468,17.1269,YES,3.0,50.0,0.26,196.0,,3,,SASDRN9/packing_result/rodada_3/report.txt
SASDRP2,packing,rodada_1,,,,,,,,,,,,SASDRP2/packing_result/rodada_1/report.txt
SASDRP2,packing,rodada_2,,,,,,,,,,,,SASDRP2/packing_result/rodada_2/report.txt
SASDRP2,packing,rodada_3,,,,,,,,,,,,SASDRP2/packing_result/rodada_3/report.txt
SASDRP9,packing,rodada_1,17.594333,10.100151,17.5943,YES,3.0,50.0,0.25,160.0,,3,,SASDRP9/packing_result/rodada_1/report.txt
SASDRP9,packing,rodada_2,17.636919,10.582363,17.219,YES,3.0,50.0,0.25,160.0,,3,,SASDRP9/packing_result/rodada_2/report.txt
SASDRP9,packing,rodada_3,17.757823,10.675569,16.8173,YES,3.0,50.0,0.25,160.0,,3,,SASDRP9/packing_result/rodada_3/report.txt
SASDRQ2,packing,rodada_1,,,,,,,,,,,,SASDRQ2/packing_result/rodada_1/report.txt
SASDRQ2,packing,rodada_2,,,,,,,,,,,,SASDRQ2/packing_result/rodada_2/report.txt
SASDRQ2,packing,rodada_3,,,,,,,,,,,,SASDRQ2/packing_result/rodada_3/report.txt
SASDRQ8,single,rodada_1,4.432975,,,,,,0.91,1225.0,1.0,,SASDRQ8_fit1_model1.pdb,SASDRQ8/single_result/rodada_1/report.txt
SASDRQ8,single,rodada_2,4.432975,,,,,,0.91,1225.0,1.0,,SASDRQ8_fit1_model1.pdb,SASDRQ8/single_result/rodada_2/report.txt
SASDRQ8,single,rodada_3,4.432975,,,,,,0.91,1225.0,1.0,,SASDRQ8_fit1_model1.pdb,SASDRQ8/single_result/rodada_3/report.txt
SASDRQ9,packing,rodada_1,15.32897,9.107346,13.4447,YES,4.0,50.0,0.25,296.0,,4,,SASDRQ9/packing_result/rodada_1/report.txt
SASDRQ9,packing,rodada_2,14.34153,8.656701,13.2073,YES,4.0,50.0,0.25,296.0,,4,,SASDRQ9/packing_result/rodada_2/report.txt
SASDRQ9,packing,rodada_3,13.172649,8.668395,13.1726,YES,4.0,50.0,0.24,296.0,,4,,SASDRQ9/packing_result/rodada_3/report.txt
SASDRR2,packing,rodada_1,,,,,,,,,,,,SASDRR2/packing_result/rodada_1/report.txt
SASDRR2,packing,rodada_2,,,,,,,,,,,,SASDRR2/packing_result/rodada_2/report.txt
SASDRR2,packing,rodada_3,,,,,,,,,,,,SASDRR2/packing_result/rodada_3/report.txt
SASDRR5,single,rodada_1,3.893771,,,,,,0.52,4076.0,1.0,,SASDRR5_fit1_model1.pdb,SASDRR5/single_result/rodada_1/report.txt
SASDRR5,single,rodada_2,3.893771,,,,,,0.52,4076.0,1.0,,SASDRR5_fit1_model1.pdb,SASDRR5/single_result/rodada_2/report.txt
SASDRR5,single,rodada_3,3.893771,,,,,,0.52,4076.0,1.0,,SASDRR5_fit1_model1.pdb,SASDRR5/single_result/rodada_3/report.txt
SASDRR7,single,rodada_1,3.28732,,,,,,1.69,1467.0,1.0,,SASDRR7_fit1_model1.pdb,SASDRR7/single_result/rodada_1/report.txt
SASDRR7,single,rodada_2,3.28732,,,,,,1.68,1467.0,1.0,,SASDRR7_fit1_model1.pdb,SASDRR7/single_result/rodada_2/report.txt
SASDRR7,single,rodada_3,3.28732,,,,,,1.68,1467.0,1.0,,SASDRR7_fit1_model1.pdb,SASDRR7/single_result/rodada_3/report.txt
SASDRR8,packing,rodada_1,6.67593,6.648274,6.6759,YES,2.0,50.0,3.68,632.0,,2,,SASDRR8/packing_result/rodada_1/report.txt
SASDRR8,packing,rodada_2,6.769779,6.641949,6.7698,YES,2.0,50.0,4.03,632.0,,2,,SASDRR8/packing_result/rodada_2/report.txt
SASDRR8,packing,rodada_3,6.543523,6.649022,6.5435,NO,2.0,50.0,4.08,632.0,,2,,SASDRR8/packing_result/rodada_3/report.txt
SASDRR9,packing,rodada_1,16.517644,9.617243,15.7629,YES,4.0,50.0,0.26,235.0,,4,,SASDRR9/packing_result/rodada_1/report.txt
SASDRR9,packing,rodada_2,15.184891,7.302642,14.4064,YES,4.0,50.0,0.24,235.0,,4,,SASDRR9/packing_result/rodada_2/report.txt
SASDRR9,packing,rodada_3,16.236513,7.926597,15.3606,YES,4.0,50.0,0.25,235.0,,4,,SASDRR9/packing_result/rodada_3/report.txt
SASDRS2,single,rodada_1,1.720258,,,,,,0.24,778.0,1.0,,SASDRS2_fit1_model1.pdb,SASDRS2/single_result/rodada_1/report.txt
SASDRS2,single,rodada_2,1.720258,,,,,,0.24,778.0,1.0,,SASDRS2_fit1_model1.pdb,SASDRS2/single_result/rodada_2/report.txt
SASDRS2,single,rodada_3,1.720258,,,,,,0.24,778.0,1.0,,SASDRS2_fit1_model1.pdb,SASDRS2/single_result/rodada_3/report.txt
SASDRS7,single,rodada_1,3.528029,,,,,,1.71,1160.0,1.0,,SASDRS7_fit1_model1.pdb,SASDRS7/single_result/rodada_1/report.txt
SASDRS7,single,rodada_2,3.528029,,,,,,1.69,1160.0,1.0,,SASDRS7_fit1_model1.pdb,SASDRS7/single_result/rodada_2/report.txt
SASDRS7,single,rodada_3,3.528029,,,,,,1.7,1160.0,1.0,,SASDRS7_fit1_model1.pdb,SASDRS7/single_result/rodada_3/report.txt
SASDRS8,packing,rodada_1,26.019024,15.825225,25.0595,YES,2.0,50.0,5.4,324.0,,2,,SASDRS8/packing_result/rodada_1/report.txt
SASDRS8,packing,rodada_2,26.360708,13.478513,15.8605,YES,2.0,50.0,5.44,324.0,,2,,SASDRS8/packing_result/rodada_2/report.txt
SASDRS8,packing,rodada_3,27.026779,13.141918,15.7496,YES,2.0,50.0,5.36,324.0,,2,,SASDRS8/packing_result/rodada_3/report.txt
SASDRS9,packing,rodada_1,17.409537,10.068884,15.5777,YES,3.0,50.0,0.25,128.0,,3,,SASDRS9/packing_result/rodada_1/report.txt
SASDRS9,packing,rodada_2,17.581095,12.476915,17.5811,YES,3.0,50.0,0.25,128.0,,3,,SASDRS9/packing_result/rodada_2/report.txt
SASDRS9,packing,rodada_3,14.464853,11.72846,14.4649,YES,3.0,50.0,0.25,128.0,,3,,SASDRS9/packing_result/rodada_3/report.txt
SASDRT2,single,rodada_1,4.506854,,,,,,0.26,777.0,1.0,,SASDRT2_fit1_model1.pdb,SASDRT2/single_result/rodada_1/report.txt
SASDRT2,single,rodada_2,4.506854,,,,,,0.26,777.0,1.0,,SASDRT2_fit1_model1.pdb,SASDRT2/single_result/rodada_2/report.txt
SASDRT2,single,rodada_3,4.506854,,,,,,0.26,777.0,1.0,,SASDRT2_fit1_model1.pdb,SASDRT2/single_result/rodada_3/report.txt
SASDRT4,single,rodada_1,6.020145,,,,,,3.49,1373.0,1.0,,SASDRT4_fit1_model1.pdb,SASDRT4/single_result/rodada_1/report.txt
SASDRT4,single,rodada_2,6.020145,,,,,,3.47,1373.0,1.0,,SASDRT4_fit1_model1.pdb,SASDRT4/single_result/rodada_2/report.txt
SASDRT4,single,rodada_3,6.020145,,,,,,3.46,1373.0,1.0,,SASDRT4_fit1_model1.pdb,SASDRT4/single_result/rodada_3/report.txt
SASDRT5,single,rodada_1,,,,,,,0.03,902.0,0.0,,,SASDRT5/single_result/rodada_1/report.txt
SASDRT5,single,rodada_2,,,,,,,0.03,902.0,0.0,,,SASDRT5/single_result/rodada_2/report.txt
SASDRT5,single,rodada_3,,,,,,,0.03,902.0,0.0,,,SASDRT5/single_result/rodada_3/report.txt
SASDRT7,packing,rodada_1,2.397631,2.397631,2.3976,NO,1.0,50.0,0.07,521.0,,1,,SASDRT7/packing_result/rodada_1/report.txt
SASDRT7,packing,rodada_2,2.903173,2.903173,2.9032,NO,1.0,50.0,0.07,521.0,,1,,SASDRT7/packing_result/rodada_2/report.txt
SASDRT7,packing,rodada_3,2.288475,2.288475,2.2885,NO,1.0,50.0,0.07,521.0,,1,,SASDRT7/packing_result/rodada_3/report.txt
SASDRT8,packing,rodada_1,8.503042,7.167038,8.503,YES,2.0,50.0,6.44,3675.0,,2,,SASDRT8/packing_result/rodada_1/report.txt
SASDRT8,packing,rodada_2,9.025298,7.56428,9.0253,YES,2.0,50.0,6.48,3675.0,,2,,SASDRT8/packing_result/rodada_2/report.txt
SASDRT8,packing,rodada_3,12.927203,8.103636,10.3919,YES,2.0,50.0,6.52,3675.0,,2,,SASDRT8/packing_result/rodada_3/report.txt
SASDRT9,packing,rodada_1,18.884873,12.602551,17.8008,YES,3.0,50.0,0.25,187.0,,3,,SASDRT9/packing_result/rodada_1/report.txt
SASDRT9,packing,rodada_2,18.218156,13.400317,18.2182,YES,3.0,50.0,0.25,187.0,,3,,SASDRT9/packing_result/rodada_2/report.txt
SASDRT9,packing,rodada_3,18.124914,14.070285,18.1249,YES,3.0,50.0,0.25,187.0,,3,,SASDRT9/packing_result/rodada_3/report.txt
SASDRU2,single,rodada_1,1.863159,,,,,,0.24,626.0,1.0,,SASDRU2_fit1_model1.pdb,SASDRU2/single_result/rodada_1/report.txt
SASDRU2,single,rodada_2,1.863159,,,,,,0.24,626.0,1.0,,SASDRU2_fit1_model1.pdb,SASDRU2/single_result/rodada_2/report.txt
SASDRU2,single,rodada_3,1.863159,,,,,,0.24,626.0,1.0,,SASDRU2_fit1_model1.pdb,SASDRU2/single_result/rodada_3/report.txt
SASDRU5,single,rodada_1,,,,,,,0.03,1083.0,0.0,,,SASDRU5/single_result/rodada_1/report.txt
SASDRU5,single,rodada_2,,,,,,,0.03,1083.0,0.0,,,SASDRU5/single_result/rodada_2/report.txt
SASDRU5,single,rodada_3,,,,,,,0.03,1083.0,0.0,,,SASDRU5/single_result/rodada_3/report.txt
SASDRU8,packing,rodada_1,10.437774,7.799176,9.4006,YES,2.0,50.0,5.6,463.0,,2,,SASDRU8/packing_result/rodada_1/report.txt
SASDRU8,packing,rodada_2,11.398476,7.73597,9.356,YES,2.0,50.0,5.46,463.0,,2,,SASDRU8/packing_result/rodada_2/report.txt
SASDRU8,packing,rodada_3,9.401687,7.574872,9.4017,YES,2.0,50.0,5.59,463.0,,2,,SASDRU8/packing_result/rodada_3/report.txt
SASDRV2,single,rodada_1,1.997783,,,,,,0.26,496.0,1.0,,SASDRV2_fit1_model1.pdb,SASDRV2/single_result/rodada_1/report.txt
SASDRV2,single,rodada_2,1.997783,,,,,,0.24,496.0,1.0,,SASDRV2_fit1_model1.pdb,SASDRV2/single_result/rodada_2/report.txt
SASDRV2,single,rodada_3,1.997783,,,,,,0.24,496.0,1.0,,SASDRV2_fit1_model1.pdb,SASDRV2/single_result/rodada_3/report.txt
SASDRV5,single,rodada_1,,,,,,,0.03,942.0,0.0,,,SASDRV5/single_result/rodada_1/report.txt
SASDRV5,single,rodada_2,,,,,,,0.03,942.0,0.0,,,SASDRV5/single_result/rodada_2/report.txt
SASDRV5,single,rodada_3,,,,,,,0.03,942.0,0.0,,,SASDRV5/single_result/rodada_3/report.txt
SASDRV6,packing,rodada_1,6.371142,5.037674,6.3711,YES,10.0,50.0,4.65,1275.0,,10,,SASDRV6/packing_result/rodada_1/report.txt
SASDRV6,packing,rodada_2,7.077464,5.16485,7.0775,YES,10.0,50.0,4.75,1275.0,,10,,SASDRV6/packing_result/rodada_2/report.txt
SASDRV6,packing,rodada_3,7.237172,5.096628,7.1142,YES,10.0,50.0,4.44,1275.0,,10,,SASDRV6/packing_result/rodada_3/report.txt
SASDRV8,packing,rodada_1,17.46592,8.246995,11.9254,YES,2.0,50.0,6.02,1890.0,,2,,SASDRV8/packing_result/rodada_1/report.txt
SASDRV8,packing,rodada_2,18.193734,23.805126,18.1937,NO,2.0,50.0,6.54,1890.0,,2,,SASDRV8/packing_result/rodada_2/report.txt
SASDRV8,packing,rodada_3,17.156632,9.113615,12.9308,YES,2.0,50.0,6.18,1890.0,,2,,SASDRV8/packing_result/rodada_3/report.txt
SASDRV9,single,rodada_1,8.614302,,,,,,0.51,424.0,1.0,,SASDRV9_fit1_model1.pdb,SASDRV9/single_result/rodada_1/report.txt
SASDRV9,single,rodada_2,8.614302,,,,,,0.5,424.0,1.0,,SASDRV9_fit1_model1.pdb,SASDRV9/single_result/rodada_2/report.txt
SASDRV9,single,rodada_3,8.614302,,,,,,0.5,424.0,1.0,,SASDRV9_fit1_model1.pdb,SASDRV9/single_result/rodada_3/report.txt
SASDRW2,single,rodada_1,2.168898,,,,,,0.24,726.0,1.0,,SASDRW2_fit1_model1.pdb,SASDRW2/single_result/rodada_1/report.txt
SASDRW2,single,rodada_2,2.168898,,,,,,0.23,726.0,1.0,,SASDRW2_fit1_model1.pdb,SASDRW2/single_result/rodada_2/report.txt
SASDRW2,single,rodada_3,2.168898,,,,,,0.23,726.0,1.0,,SASDRW2_fit1_model1.pdb,SASDRW2/single_result/rodada_3/report.txt
SASDRW4,single,rodada_1,4.129084,,,,,,1.48,526.0,1.0,,SASDRW4_fit1_model1.pdb,SASDRW4/single_result/rodada_1/report.txt
SASDRW4,single,rodada_2,4.129084,,,,,,1.47,526.0,1.0,,SASDRW4_fit1_model1.pdb,SASDRW4/single_result/rodada_2/report.txt
SASDRW4,single,rodada_3,4.129084,,,,,,1.49,526.0,1.0,,SASDRW4_fit1_model1.pdb,SASDRW4/single_result/rodada_3/report.txt
SASDRW5,single,rodada_1,,,,,,,0.03,1052.0,0.0,,,SASDRW5/single_result/rodada_1/report.txt
SASDRW5,single,rodada_2,,,,,,,0.03,1052.0,0.0,,,SASDRW5/single_result/rodada_2/report.txt
SASDRW5,single,rodada_3,,,,,,,0.03,1052.0,0.0,,,SASDRW5/single_result/rodada_3/report.txt
SASDRW6,single,rodada_1,5.813071,,,,,,3.46,1837.0,1.0,,SASDRW6_fit1_model1.pdb,SASDRW6/single_result/rodada_1/report.txt
SASDRW6,single,rodada_2,5.813071,,,,,,3.42,1837.0,1.0,,SASDRW6_fit1_model1.pdb,SASDRW6/single_result/rodada_2/report.txt
SASDRW6,single,rodada_3,5.813071,,,,,,3.46,1837.0,1.0,,SASDRW6_fit1_model1.pdb,SASDRW6/single_result/rodada_3/report.txt
SASDRW8,packing,rodada_1,24.638765,8.146452,13.844,YES,4.0,50.0,10.21,1609.0,,4,,SASDRW8/packing_result/rodada_1/report.txt
SASDRW8,packing,rodada_2,23.692046,14.290542,12.3232,YES,4.0,50.0,10.24,1609.0,,4,,SASDRW8/packing_result/rodada_2/report.txt
SASDRW8,packing,rodada_3,23.00612,7.87651,13.6855,YES,4.0,50.0,10.11,1609.0,,4,,SASDRW8/packing_result/rodada_3/report.txt
SASDRW9,single,rodada_1,8.414192,,,,,,0.27,1051.0,1.0,,SASDRW9_fit1_model1.pdb,SASDRW9/single_result/rodada_1/report.txt
SASDRW9,single,rodada_2,8.414192,,,,,,0.26,1051.0,1.0,,SASDRW9_fit1_model1.pdb,SASDRW9/single_result/rodada_2/report.txt
SASDRW9,single,rodada_3,8.414192,,,,,,0.26,1051.0,1.0,,SASDRW9_fit1_model1.pdb,SASDRW9/single_result/rodada_3/report.txt
SASDRX2,single,rodada_1,3.603736,,,,,,0.31,784.0,1.0,,SASDRX2_fit1_model1.pdb,SASDRX2/single_result/rodada_1/report.txt
SASDRX2,single,rodada_2,3.603736,,,,,,0.3,784.0,1.0,,SASDRX2_fit1_model1.pdb,SASDRX2/single_result/rodada_2/report.txt
SASDRX2,single,rodada_3,3.603736,,,,,,0.31,784.0,1.0,,SASDRX2_fit1_model1.pdb,SASDRX2/single_result/rodada_3/report.txt
SASDRX6,single,rodada_1,6.916613,,,,,,0.44,680.0,1.0,,SASDRX6_fit1_model1.pdb,SASDRX6/single_result/rodada_1/report.txt
SASDRX6,single,rodada_2,6.916613,,,,,,0.44,680.0,1.0,,SASDRX6_fit1_model1.pdb,SASDRX6/single_result/rodada_2/report.txt
SASDRX6,single,rodada_3,6.916613,,,,,,0.44,680.0,1.0,,SASDRX6_fit1_model1.pdb,SASDRX6/single_result/rodada_3/report.txt
SASDRX8,packing,rodada_1,4.266362,3.747737,4.1747,YES,3.0,50.0,0.47,1166.0,,3,,SASDRX8/packing_result/rodada_1/report.txt
SASDRX8,packing,rodada_2,3.154365,2.746144,3.1341,YES,3.0,50.0,0.47,1166.0,,3,,SASDRX8/packing_result/rodada_2/report.txt
SASDRX8,packing,rodada_3,3.624489,3.149627,3.6245,YES,3.0,50.0,0.47,1166.0,,3,,SASDRX8/packing_result/rodada_3/report.txt
SASDRX9,single,rodada_1,18.299861,,,,,,0.26,260.0,1.0,,SASDRX9_fit1_model1.pdb,SASDRX9/single_result/rodada_1/report.txt
SASDRX9,single,rodada_2,18.299861,,,,,,0.26,260.0,1.0,,SASDRX9_fit1_model1.pdb,SASDRX9/single_result/rodada_2/report.txt
SASDRX9,single,rodada_3,18.299861,,,,,,0.26,260.0,1.0,,SASDRX9_fit1_model1.pdb,SASDRX9/single_result/rodada_3/report.txt
SASDRY2,single,rodada_1,2.06472,,,,,,0.21,622.0,1.0,,SASDRY2_fit1_model1.pdb,SASDRY2/single_result/rodada_1/report.txt
SASDRY2,single,rodada_2,2.06472,,,,,,0.21,622.0,1.0,,SASDRY2_fit1_model1.pdb,SASDRY2/single_result/rodada_2/report.txt
SASDRY2,single,rodada_3,2.06472,,,,,,0.21,622.0,1.0,,SASDRY2_fit1_model1.pdb,SASDRY2/single_result/rodada_3/report.txt
SASDRY6,single,rodada_1,6.201964,,,,,,0.47,928.0,1.0,,SASDRY6_fit1_model1.pdb,SASDRY6/single_result/rodada_1/report.txt
SASDRY6,single,rodada_2,6.201964,,,,,,0.47,928.0,1.0,,SASDRY6_fit1_model1.pdb,SASDRY6/single_result/rodada_2/report.txt
SASDRY6,single,rodada_3,6.201964,,,,,,0.47,928.0,1.0,,SASDRY6_fit1_model1.pdb,SASDRY6/single_result/rodada_3/report.txt
SASDRY7,packing,rodada_1,12.317916,4.00911,4.0159,YES,2.0,50.0,0.14,361.0,,2,,SASDRY7/packing_result/rodada_1/report.txt
SASDRY7,packing,rodada_2,12.570273,4.071368,4.0846,YES,2.0,50.0,0.14,361.0,,2,,SASDRY7/packing_result/rodada_2/report.txt
SASDRY7,packing,rodada_3,12.583732,3.80897,3.8211,YES,2.0,50.0,0.14,361.0,,2,,SASDRY7/packing_result/rodada_3/report.txt
SASDRY8,packing,rodada_1,4.507797,4.03691,4.3278,YES,3.0,50.0,0.46,837.0,,3,,SASDRY8/packing_result/rodada_1/report.txt
SASDRY8,packing,rodada_2,4.354346,3.377587,3.9586,YES,3.0,50.0,0.46,837.0,,3,,SASDRY8/packing_result/rodada_2/report.txt
SASDRY8,packing,rodada_3,4.306396,4.001586,4.3064,YES,3.0,50.0,0.45,837.0,,3,,SASDRY8/packing_result/rodada_3/report.txt
SASDRZ2,single,rodada_1,2.263112,,,,,,0.21,516.0,1.0,,SASDRZ2_fit1_model1.pdb,SASDRZ2/single_result/rodada_1/report.txt
SASDRZ2,single,rodada_2,2.263112,,,,,,0.21,516.0,1.0,,SASDRZ2_fit1_model1.pdb,SASDRZ2/single_result/rodada_2/report.txt
SASDRZ2,single,rodada_3,2.263112,,,,,,0.21,516.0,1.0,,SASDRZ2_fit1_model1.pdb,SASDRZ2/single_result/rodada_3/report.txt
SASDRZ6,packing,rodada_1,3.668687,3.558442,3.6687,YES,2.0,50.0,0.09,340.0,,2,,SASDRZ6/packing_result/rodada_1/report.txt
SASDRZ6,packing,rodada_2,3.789895,3.343776,3.7899,YES,2.0,50.0,0.09,340.0,,2,,SASDRZ6/packing_result/rodada_2/report.txt
SASDRZ6,packing,rodada_3,5.069724,4.536959,5.0697,YES,2.0,50.0,0.09,340.0,,2,,SASDRZ6/packing_result/rodada_3/report.txt
SASDRZ8,packing,rodada_1,4.967598,3.323441,3.9866,YES,3.0,50.0,0.47,1044.0,,3,,SASDRZ8/packing_result/rodada_1/report.txt
SASDRZ8,packing,rodada_2,5.89038,3.571847,4.083,YES,3.0,50.0,0.47,1044.0,,3,,SASDRZ8/packing_result/rodada_2/report.txt
SASDRZ8,packing,rodada_3,5.158261,3.568755,4.0334,YES,3.0,50.0,0.48,1044.0,,3,,SASDRZ8/packing_result/rodada_3/report.txt
SASDS22,packing,rodada_1,14.314859,14.314859,14.3149,NO,1.0,50.0,1.97,321.0,,1,,SASDS22/packing_result/rodada_1/report.txt
SASDS22,packing,rodada_2,15.721598,15.721598,15.7216,NO,1.0,50.0,2.0,321.0,,1,,SASDS22/packing_result/rodada_2/report.txt
SASDS22,packing,rodada_3,16.094246,16.094246,16.0942,NO,1.0,50.0,1.91,321.0,,1,,SASDS22/packing_result/rodada_3/report.txt
SASDS27,single,rodada_1,4.197945,,,,,,0.67,1732.0,1.0,,SASDS27_fit1_model1.pdb,SASDS27/single_result/rodada_1/report.txt
SASDS27,single,rodada_2,4.197945,,,,,,0.67,1732.0,1.0,,SASDS27_fit1_model1.pdb,SASDS27/single_result/rodada_2/report.txt
SASDS27,single,rodada_3,4.197945,,,,,,0.66,1732.0,1.0,,SASDS27_fit1_model1.pdb,SASDS27/single_result/rodada_3/report.txt
SASDS32,single,rodada_1,,,,,,,0.02,416.0,0.0,,,SASDS32/single_result/rodada_1/report.txt
SASDS32,single,rodada_2,,,,,,,0.02,416.0,0.0,,,SASDS32/single_result/rodada_2/report.txt
SASDS32,single,rodada_3,,,,,,,0.02,416.0,0.0,,,SASDS32/single_result/rodada_3/report.txt
SASDS37,single,rodada_1,3.243195,,,,,,1.23,4043.0,1.0,,SASDS37_fit1_model1.pdb,SASDS37/single_result/rodada_1/report.txt
SASDS37,single,rodada_2,3.243195,,,,,,1.23,4043.0,1.0,,SASDS37_fit1_model1.pdb,SASDS37/single_result/rodada_2/report.txt
SASDS37,single,rodada_3,3.243195,,,,,,1.22,4043.0,1.0,,SASDS37_fit1_model1.pdb,SASDS37/single_result/rodada_3/report.txt
SASDS39,packing,rodada_1,7.432624,4.869028,6.8785,YES,3.0,50.0,0.09,1246.0,,3,,SASDS39/packing_result/rodada_1/report.txt
SASDS39,packing,rodada_2,7.149145,4.119575,6.5662,YES,3.0,50.0,0.09,1246.0,,3,,SASDS39/packing_result/rodada_2/report.txt
SASDS39,packing,rodada_3,5.479377,3.951905,5.4794,YES,3.0,50.0,0.09,1246.0,,3,,SASDS39/packing_result/rodada_3/report.txt
SASDS42,single,rodada_1,,,,,,,0.02,49.0,0.0,,,SASDS42/single_result/rodada_1/report.txt
SASDS42,single,rodada_2,,,,,,,0.02,49.0,0.0,,,SASDS42/single_result/rodada_2/report.txt
SASDS42,single,rodada_3,,,,,,,0.02,49.0,0.0,,,SASDS42/single_result/rodada_3/report.txt
SASDS46,packing,rodada_1,4.830756,3.673184,4.8308,YES,4.0,50.0,0.59,1081.0,,4,,SASDS46/packing_result/rodada_1/report.txt
SASDS46,packing,rodada_2,4.002778,3.575999,4.0028,YES,4.0,50.0,0.6,1081.0,,4,,SASDS46/packing_result/rodada_2/report.txt
SASDS46,packing,rodada_3,4.217277,3.200232,3.8957,YES,4.0,50.0,0.58,1081.0,,4,,SASDS46/packing_result/rodada_3/report.txt
SASDS47,packing,rodada_1,4.116898,3.663762,4.1169,YES,3.0,50.0,0.61,1227.0,,3,,SASDS47/packing_result/rodada_1/report.txt
SASDS47,packing,rodada_2,3.579911,3.381526,3.5799,YES,3.0,50.0,0.61,1227.0,,3,,SASDS47/packing_result/rodada_2/report.txt
SASDS47,packing,rodada_3,3.379296,3.152974,3.3793,YES,3.0,50.0,0.6,1227.0,,3,,SASDS47/packing_result/rodada_3/report.txt
SASDS49,packing,rodada_1,6.562382,5.521791,6.5624,YES,3.0,50.0,0.05,369.0,,3,,SASDS49/packing_result/rodada_1/report.txt
SASDS49,packing,rodada_2,6.323483,4.921047,6.1088,YES,3.0,50.0,0.05,369.0,,3,,SASDS49/packing_result/rodada_2/report.txt
SASDS49,packing,rodada_3,5.908479,5.417767,5.9085,YES,3.0,50.0,0.05,369.0,,3,,SASDS49/packing_result/rodada_3/report.txt
SASDS52,single,rodada_1,,,,,,,0.02,254.0,0.0,,,SASDS52/single_result/rodada_1/report.txt
SASDS52,single,rodada_2,,,,,,,0.02,254.0,0.0,,,SASDS52/single_result/rodada_2/report.txt
SASDS52,single,rodada_3,,,,,,,0.02,254.0,0.0,,,SASDS52/single_result/rodada_3/report.txt
SASDS56,single,rodada_1,5.052237,,,,,,0.12,602.0,1.0,,SASDS56_fit1_model1.pdb,SASDS56/single_result/rodada_1/report.txt
SASDS56,single,rodada_2,5.052237,,,,,,0.12,602.0,1.0,,SASDS56_fit1_model1.pdb,SASDS56/single_result/rodada_2/report.txt
SASDS56,single,rodada_3,5.052237,,,,,,0.12,602.0,1.0,,SASDS56_fit1_model1.pdb,SASDS56/single_result/rodada_3/report.txt
SASDS59,packing,rodada_1,19.619129,17.820688,19.6191,YES,2.0,50.0,0.03,192.0,,2,,SASDS59/packing_result/rodada_1/report.txt
SASDS59,packing,rodada_2,14.224382,13.072606,14.2244,YES,2.0,50.0,0.03,192.0,,2,,SASDS59/packing_result/rodada_2/report.txt
SASDS59,packing,rodada_3,14.372332,12.97811,14.3723,YES,2.0,50.0,0.03,192.0,,2,,SASDS59/packing_result/rodada_3/report.txt
SASDS67,single,rodada_1,4.50995,,,,,,1.2,2685.0,1.0,,SASDS67_fit1_model1.pdb,SASDS67/single_result/rodada_1/report.txt
SASDS67,single,rodada_2,4.50995,,,,,,1.17,2685.0,1.0,,SASDS67_fit1_model1.pdb,SASDS67/single_result/rodada_2/report.txt
SASDS67,single,rodada_3,4.50995,,,,,,1.17,2685.0,1.0,,SASDS67_fit1_model1.pdb,SASDS67/single_result/rodada_3/report.txt
SASDS77,single,rodada_1,6.928646,,,,,,1.8,4992.0,1.0,,SASDS77_fit1_model1.pdb,SASDS77/single_result/rodada_1/report.txt
SASDS77,single,rodada_2,6.928646,,,,,,1.8,4992.0,1.0,,SASDS77_fit1_model1.pdb,SASDS77/single_result/rodada_2/report.txt
SASDS77,single,rodada_3,6.928646,,,,,,1.83,4992.0,1.0,,SASDS77_fit1_model1.pdb,SASDS77/single_result/rodada_3/report.txt
SASDSC5,single,rodada_1,3.199339,,,,,,0.37,1228.0,1.0,,SASDSC5_fit1_model1.pdb,SASDSC5/single_result/rodada_1/report.txt
SASDSC5,single,rodada_2,3.199339,,,,,,0.36,1228.0,1.0,,SASDSC5_fit1_model1.pdb,SASDSC5/single_result/rodada_2/report.txt
SASDSC5,single,rodada_3,3.199339,,,,,,0.36,1228.0,1.0,,SASDSC5_fit1_model1.pdb,SASDSC5/single_result/rodada_3/report.txt
SASDSC7,packing,rodada_1,6.990766,5.83716,6.5741,YES,5.0,50.0,1.81,1589.0,,5,,SASDSC7/packing_result/rodada_1/report.txt
SASDSC7,packing,rodada_2,5.398137,4.518892,5.3918,YES,5.0,50.0,1.82,1589.0,,5,,SASDSC7/packing_result/rodada_2/report.txt
SASDSC7,packing,rodada_3,7.90685,7.694008,7.9069,YES,5.0,50.0,1.81,1589.0,,5,,SASDSC7/packing_result/rodada_3/report.txt
SASDSD2,single,rodada_1,8.430393,,,,,,1.17,1683.0,1.0,,SASDSD2_fit1_model1.pdb,SASDSD2/single_result/rodada_1/report.txt
SASDSD2,single,rodada_2,8.430393,,,,,,1.17,1683.0,1.0,,SASDSD2_fit1_model1.pdb,SASDSD2/single_result/rodada_2/report.txt
SASDSD2,single,rodada_3,8.430393,,,,,,1.17,1683.0,1.0,,SASDSD2_fit1_model1.pdb,SASDSD2/single_result/rodada_3/report.txt
SASDSD7,packing,rodada_1,7.0628,3.507754,5.2154,YES,5.0,50.0,1.79,1592.0,,5,,SASDSD7/packing_result/rodada_1/report.txt
SASDSD7,packing,rodada_2,5.246237,4.62745,5.2462,YES,5.0,50.0,1.81,1592.0,,5,,SASDSD7/packing_result/rodada_2/report.txt
SASDSD7,packing,rodada_3,7.037775,3.220242,5.2346,YES,5.0,50.0,1.77,1592.0,,5,,SASDSD7/packing_result/rodada_3/report.txt
SASDSE2,single,rodada_1,6.584605,,,,,,0.98,1072.0,1.0,,SASDSE2_fit1_model1.pdb,SASDSE2/single_result/rodada_1/report.txt
SASDSE2,single,rodada_2,6.584605,,,,,,0.99,1072.0,1.0,,SASDSE2_fit1_model1.pdb,SASDSE2/single_result/rodada_2/report.txt
SASDSE2,single,rodada_3,6.584605,,,,,,1.0,1072.0,1.0,,SASDSE2_fit1_model1.pdb,SASDSE2/single_result/rodada_3/report.txt
SASDSE7,packing,rodada_1,5.468817,3.506239,3.6941,YES,2.0,50.0,0.51,1293.0,,2,,SASDSE7/packing_result/rodada_1/report.txt
SASDSE7,packing,rodada_2,3.419532,3.162816,3.4195,YES,2.0,50.0,0.51,1293.0,,2,,SASDSE7/packing_result/rodada_2/report.txt
SASDSE7,packing,rodada_3,4.823927,3.294304,3.6488,YES,2.0,50.0,0.51,1293.0,,2,,SASDSE7/packing_result/rodada_3/report.txt
SASDSE8,packing,rodada_1,3.698599,3.278192,3.5839,YES,17.0,50.0,2.27,838.0,,17,,SASDSE8/packing_result/rodada_1/report.txt
SASDSE8,packing,rodada_2,3.420603,3.092128,3.304,YES,17.0,50.0,2.24,838.0,,17,,SASDSE8/packing_result/rodada_2/report.txt
SASDSE8,packing,rodada_3,3.230152,3.359904,3.2302,NO,17.0,50.0,2.23,838.0,,17,,SASDSE8/packing_result/rodada_3/report.txt
SASDSF2,packing,rodada_1,4.782205,4.782205,4.7822,NO,1.0,50.0,0.08,990.0,,1,,SASDSF2/packing_result/rodada_1/report.txt
SASDSF2,packing,rodada_2,5.855176,5.855176,5.8552,NO,1.0,50.0,0.08,990.0,,1,,SASDSF2/packing_result/rodada_2/report.txt
SASDSF2,packing,rodada_3,4.867273,4.867273,4.8673,NO,1.0,50.0,0.08,990.0,,1,,SASDSF2/packing_result/rodada_3/report.txt
SASDSF7,packing,rodada_1,5.599624,4.296692,5.457,YES,2.0,50.0,0.14,1031.0,,2,,SASDSF7/packing_result/rodada_1/report.txt
SASDSF7,packing,rodada_2,5.391109,4.326797,5.3911,YES,2.0,50.0,0.14,1031.0,,2,,SASDSF7/packing_result/rodada_2/report.txt
SASDSF7,packing,rodada_3,4.542764,3.83721,4.5428,YES,2.0,50.0,0.14,1031.0,,2,,SASDSF7/packing_result/rodada_3/report.txt
SASDSF8,packing,rodada_1,5.001551,2.97607,4.0196,YES,20.0,50.0,3.03,869.0,,20,,SASDSF8/packing_result/rodada_1/report.txt
SASDSF8,packing,rodada_2,5.531608,3.155173,4.6488,YES,20.0,50.0,3.02,869.0,,20,,SASDSF8/packing_result/rodada_2/report.txt
SASDSF8,packing,rodada_3,4.980874,2.909425,3.993,YES,20.0,50.0,2.99,869.0,,20,,SASDSF8/packing_result/rodada_3/report.txt
SASDSG2,single,rodada_1,,,,,,,0.03,676.0,0.0,,,SASDSG2/single_result/rodada_1/report.txt
SASDSG2,single,rodada_2,,,,,,,0.03,676.0,0.0,,,SASDSG2/single_result/rodada_2/report.txt
SASDSG2,single,rodada_3,,,,,,,0.03,676.0,0.0,,,SASDSG2/single_result/rodada_3/report.txt
SASDSG7,packing,rodada_1,6.314776,4.751895,6.2573,YES,3.0,50.0,0.49,1019.0,,3,,SASDSG7/packing_result/rodada_1/report.txt
SASDSG7,packing,rodada_2,10.002185,4.758604,6.166,YES,3.0,50.0,0.5,1019.0,,3,,SASDSG7/packing_result/rodada_2/report.txt
SASDSG7,packing,rodada_3,9.785942,5.479931,7.1815,YES,3.0,50.0,0.5,1019.0,,3,,SASDSG7/packing_result/rodada_3/report.txt
SASDSG8,packing,rodada_1,5.875153,2.269447,3.2216,YES,18.0,50.0,3.0,5628.0,,18,,SASDSG8/packing_result/rodada_1/report.txt
SASDSG8,packing,rodada_2,3.971423,2.219893,3.1343,YES,18.0,50.0,3.01,5628.0,,18,,SASDSG8/packing_result/rodada_2/report.txt
SASDSG8,packing,rodada_3,4.990712,2.259388,3.2516,YES,18.0,50.0,3.0,5628.0,,18,,SASDSG8/packing_result/rodada_3/report.txt
SASDSH2,packing,rodada_1,4.140977,4.140977,4.141,NO,1.0,50.0,0.08,716.0,,1,,SASDSH2/packing_result/rodada_1/report.txt
SASDSH2,packing,rodada_2,4.194853,4.194853,4.1949,NO,1.0,50.0,0.08,716.0,,1,,SASDSH2/packing_result/rodada_2/report.txt
SASDSH2,packing,rodada_3,4.166165,4.166165,4.1662,NO,1.0,50.0,0.08,716.0,,1,,SASDSH2/packing_result/rodada_3/report.txt
SASDSH8,packing,rodada_1,5.524136,2.42081,3.4185,YES,20.0,50.0,3.58,5680.0,,20,,SASDSH8/packing_result/rodada_1/report.txt
SASDSH8,packing,rodada_2,3.512335,2.269895,3.1309,YES,20.0,50.0,3.6,5680.0,,20,,SASDSH8/packing_result/rodada_2/report.txt
SASDSH8,packing,rodada_3,3.868235,2.210964,3.2621,YES,20.0,50.0,3.57,5680.0,,20,,SASDSH8/packing_result/rodada_3/report.txt
SASDSJ7,packing,rodada_1,4.451422,3.931261,4.4514,YES,2.0,50.0,0.26,1007.0,,2,,SASDSJ7/packing_result/rodada_1/report.txt
SASDSJ7,packing,rodada_2,3.85806,3.789284,3.8581,YES,2.0,50.0,0.26,1007.0,,2,,SASDSJ7/packing_result/rodada_2/report.txt
SASDSJ7,packing,rodada_3,4.254405,3.861371,4.2544,YES,2.0,50.0,0.26,1007.0,,2,,SASDSJ7/packing_result/rodada_3/report.txt
SASDSJ8,packing,rodada_1,6.129091,2.45248,3.0499,YES,20.0,50.0,3.81,5835.0,,20,,SASDSJ8/packing_result/rodada_1/report.txt
SASDSJ8,packing,rodada_2,6.291702,2.676119,3.5863,YES,20.0,50.0,3.84,5835.0,,20,,SASDSJ8/packing_result/rodada_2/report.txt
SASDSJ8,packing,rodada_3,5.387914,2.516643,3.6104,YES,20.0,50.0,3.84,5835.0,,20,,SASDSJ8/packing_result/rodada_3/report.txt
SASDSK8,packing,rodada_1,6.902051,2.292053,3.2081,YES,17.0,50.0,3.33,5852.0,,17,,SASDSK8/packing_result/rodada_1/report.txt
SASDSK8,packing,rodada_2,8.285057,2.509113,3.2574,YES,17.0,50.0,3.24,5852.0,,17,,SASDSK8/packing_result/rodada_2/report.txt
SASDSK8,packing,rodada_3,5.68791,2.395588,3.0197,YES,17.0,50.0,3.26,5852.0,,17,,SASDSK8/packing_result/rodada_3/report.txt
SASDSL2,packing,rodada_1,2.973219,2.58463,2.763,YES,2.0,50.0,0.39,2231.0,,2,,SASDSL2/packing_result/rodada_1/report.txt
SASDSL2,packing,rodada_2,3.135477,2.973828,3.1355,YES,2.0,50.0,0.38,2231.0,,2,,SASDSL2/packing_result/rodada_2/report.txt
SASDSL2,packing,rodada_3,2.9349,2.737821,2.9349,YES,2.0,50.0,0.38,2231.0,,2,,SASDSL2/packing_result/rodada_3/report.txt
SASDSL8,packing,rodada_1,6.514026,2.462834,3.4311,YES,17.0,50.0,3.27,5793.0,,17,,SASDSL8/packing_result/rodada_1/report.txt
SASDSL8,packing,rodada_2,7.131471,2.457942,3.5685,YES,17.0,50.0,3.25,5793.0,,17,,SASDSL8/packing_result/rodada_2/report.txt
SASDSL8,packing,rodada_3,6.199121,2.768653,3.6873,YES,17.0,50.0,3.35,5793.0,,17,,SASDSL8/packing_result/rodada_3/report.txt
SASDSM2,packing,rodada_1,5.739619,5.29806,5.7396,YES,2.0,50.0,0.06,446.0,,2,,SASDSM2/packing_result/rodada_1/report.txt
SASDSM2,packing,rodada_2,5.509317,5.335544,5.5093,YES,2.0,50.0,0.06,446.0,,2,,SASDSM2/packing_result/rodada_2/report.txt
SASDSM2,packing,rodada_3,7.737024,4.30815,6.1825,YES,2.0,50.0,0.06,446.0,,2,,SASDSM2/packing_result/rodada_3/report.txt
SASDSM8,packing,rodada_1,4.948445,2.547306,3.7612,YES,18.0,50.0,3.27,2070.0,,18,,SASDSM8/packing_result/rodada_1/report.txt
SASDSM8,packing,rodada_2,5.373702,2.682677,3.6749,YES,18.0,50.0,3.28,2070.0,,18,,SASDSM8/packing_result/rodada_2/report.txt
SASDSM8,packing,rodada_3,4.371751,2.647243,3.7214,YES,18.0,50.0,3.29,2070.0,,18,,SASDSM8/packing_result/rodada_3/report.txt
SASDSN2,single,rodada_1,6.444875,,,,,,0.13,754.0,1.0,,SASDSN2_fit1_model1.pdb,SASDSN2/single_result/rodada_1/report.txt
SASDSN2,single,rodada_2,6.444875,,,,,,0.13,754.0,1.0,,SASDSN2_fit1_model1.pdb,SASDSN2/single_result/rodada_2/report.txt
SASDSN2,single,rodada_3,6.444875,,,,,,0.13,754.0,1.0,,SASDSN2_fit1_model1.pdb,SASDSN2/single_result/rodada_3/report.txt
SASDSN7,single,rodada_1,4.350197,,,,,,1.72,1031.0,1.0,,SASDSN7_fit1_model1.pdb,SASDSN7/single_result/rodada_1/report.txt
SASDSN7,single,rodada_2,4.350197,,,,,,1.74,1031.0,1.0,,SASDSN7_fit1_model1.pdb,SASDSN7/single_result/rodada_2/report.txt
SASDSN7,single,rodada_3,4.350197,,,,,,1.72,1031.0,1.0,,SASDSN7_fit1_model1.pdb,SASDSN7/single_result/rodada_3/report.txt
SASDSP2,packing,rodada_1,14.147393,8.914434,13.303,YES,10.0,50.0,2.5,168.0,,10,,SASDSP2/packing_result/rodada_1/report.txt
SASDSP2,packing,rodada_2,12.872431,14.147678,12.8724,NO,10.0,50.0,2.48,168.0,,10,,SASDSP2/packing_result/rodada_2/report.txt
SASDSP2,packing,rodada_3,13.16041,9.499289,12.9916,YES,10.0,50.0,2.46,168.0,,10,,SASDSP2/packing_result/rodada_3/report.txt
SASDSP8,single,rodada_1,4.170796,,,,,,0.52,371.0,1.0,,SASDSP8_fit1_model1.pdb,SASDSP8/single_result/rodada_1/report.txt
SASDSP8,single,rodada_2,4.170796,,,,,,0.52,371.0,1.0,,SASDSP8_fit1_model1.pdb,SASDSP8/single_result/rodada_2/report.txt
SASDSP8,single,rodada_3,4.170796,,,,,,0.52,371.0,1.0,,SASDSP8_fit1_model1.pdb,SASDSP8/single_result/rodada_3/report.txt
SASDSQ2,packing,rodada_1,12.536041,8.988416,12.536,YES,10.0,50.0,2.94,961.0,,10,,SASDSQ2/packing_result/rodada_1/report.txt
SASDSQ2,packing,rodada_2,16.419638,8.663576,12.326,YES,10.0,50.0,2.89,961.0,,10,,SASDSQ2/packing_result/rodada_2/report.txt
SASDSQ2,packing,rodada_3,10.857356,7.401218,10.8574,YES,10.0,50.0,2.96,961.0,,10,,SASDSQ2/packing_result/rodada_3/report.txt
SASDSQ7,packing,rodada_1,4.702139,3.837658,4.7021,YES,3.0,50.0,0.33,695.0,,3,,SASDSQ7/packing_result/rodada_1/report.txt
SASDSQ7,packing,rodada_2,4.183903,3.624434,4.1839,YES,3.0,50.0,0.33,695.0,,3,,SASDSQ7/packing_result/rodada_2/report.txt
SASDSQ7,packing,rodada_3,5.477715,3.900523,4.922,YES,3.0,50.0,0.33,695.0,,3,,SASDSQ7/packing_result/rodada_3/report.txt
SASDSQ8,single,rodada_1,4.099535,,,,,,0.49,308.0,1.0,,SASDSQ8_fit1_model1.pdb,SASDSQ8/single_result/rodada_1/report.txt
SASDSQ8,single,rodada_2,4.099535,,,,,,0.49,308.0,1.0,,SASDSQ8_fit1_model1.pdb,SASDSQ8/single_result/rodada_2/report.txt
SASDSQ8,single,rodada_3,4.099535,,,,,,0.49,308.0,1.0,,SASDSQ8_fit1_model1.pdb,SASDSQ8/single_result/rodada_3/report.txt
SASDSQ9,packing,rodada_1,3.424339,2.381527,3.4243,YES,2.0,50.0,0.17,1546.0,,2,,SASDSQ9/packing_result/rodada_1/report.txt
SASDSQ9,packing,rodada_2,3.453614,2.569891,3.4536,YES,2.0,50.0,0.17,1546.0,,2,,SASDSQ9/packing_result/rodada_2/report.txt
SASDSQ9,packing,rodada_3,3.500911,2.637941,3.3252,YES,2.0,50.0,0.17,1546.0,,2,,SASDSQ9/packing_result/rodada_3/report.txt
SASDSR2,packing,rodada_1,9.785493,5.489706,9.2783,YES,10.0,50.0,2.53,1161.0,,10,,SASDSR2/packing_result/rodada_1/report.txt
SASDSR2,packing,rodada_2,9.221376,5.544709,9.0059,YES,10.0,50.0,2.51,1161.0,,10,,SASDSR2/packing_result/rodada_2/report.txt
SASDSR2,packing,rodada_3,9.398216,6.39033,9.3896,YES,10.0,50.0,2.53,1161.0,,10,,SASDSR2/packing_result/rodada_3/report.txt
SASDSS2,packing,rodada_1,9.1596,6.375044,9.1596,YES,10.0,50.0,2.49,1250.0,,10,,SASDSS2/packing_result/rodada_1/report.txt
SASDSS2,packing,rodada_2,8.072911,7.850061,8.0729,YES,10.0,50.0,2.52,1250.0,,10,,SASDSS2/packing_result/rodada_2/report.txt
SASDSS2,packing,rodada_3,8.804935,4.993537,8.6076,YES,10.0,50.0,2.45,1250.0,,10,,SASDSS2/packing_result/rodada_3/report.txt
SASDSS5,single,rodada_1,3.009944,,,,,,0.94,1384.0,1.0,,SASDSS5_fit1_model1.pdb,SASDSS5/single_result/rodada_1/report.txt
SASDSS5,single,rodada_2,3.009944,,,,,,0.95,1384.0,1.0,,SASDSS5_fit1_model1.pdb,SASDSS5/single_result/rodada_2/report.txt
SASDSS5,single,rodada_3,3.009944,,,,,,0.95,1384.0,1.0,,SASDSS5_fit1_model1.pdb,SASDSS5/single_result/rodada_3/report.txt
SASDSS7,packing,rodada_1,7.004189,5.267812,6.197,YES,2.0,50.0,1.31,1498.0,,2,,SASDSS7/packing_result/rodada_1/report.txt
SASDSS7,packing,rodada_2,6.745928,6.785611,6.7459,NO,2.0,50.0,1.32,1498.0,,2,,SASDSS7/packing_result/rodada_2/report.txt
SASDSS7,packing,rodada_3,6.806729,6.312455,6.8067,YES,2.0,50.0,1.31,1498.0,,2,,SASDSS7/packing_result/rodada_3/report.txt
SASDST2,packing,rodada_1,23.291461,22.262952,23.2915,YES,10.0,50.0,2.43,466.0,,10,,SASDST2/packing_result/rodada_1/report.txt
SASDST2,packing,rodada_2,22.693901,8.974255,18.964,YES,10.0,50.0,2.41,466.0,,10,,SASDST2/packing_result/rodada_2/report.txt
SASDST2,packing,rodada_3,16.574895,9.276895,16.5749,YES,10.0,50.0,2.37,466.0,,10,,SASDST2/packing_result/rodada_3/report.txt
SASDST7,packing,rodada_1,5.914899,4.198416,5.9149,YES,2.0,50.0,1.4,1516.0,,2,,SASDST7/packing_result/rodada_1/report.txt
SASDST7,packing,rodada_2,5.512006,5.310564,5.512,YES,2.0,50.0,1.31,1516.0,,2,,SASDST7/packing_result/rodada_2/report.txt
SASDST7,packing,rodada_3,5.540045,5.249469,5.54,YES,2.0,50.0,1.35,1516.0,,2,,SASDST7/packing_result/rodada_3/report.txt
SASDSU2,packing,rodada_1,14.884532,9.215342,13.9667,YES,10.0,50.0,2.27,199.0,,10,,SASDSU2/packing_result/rodada_1/report.txt
SASDSU2,packing,rodada_2,15.387268,8.578012,14.3365,YES,10.0,50.0,2.28,199.0,,10,,SASDSU2/packing_result/rodada_2/report.txt
SASDSU2,packing,rodada_3,15.453088,8.135483,13.7593,YES,10.0,50.0,2.25,199.0,,10,,SASDSU2/packing_result/rodada_3/report.txt
SASDSU5,single,rodada_1,2.966093,,,,,,0.44,1914.0,1.0,,SASDSU5_fit1_model1.pdb,SASDSU5/single_result/rodada_1/report.txt
SASDSU5,single,rodada_2,2.966093,,,,,,0.44,1914.0,1.0,,SASDSU5_fit1_model1.pdb,SASDSU5/single_result/rodada_2/report.txt
SASDSU5,single,rodada_3,2.966093,,,,,,0.45,1914.0,1.0,,SASDSU5_fit1_model1.pdb,SASDSU5/single_result/rodada_3/report.txt
SASDSU6,single,rodada_1,11.032394,,,,,,1.65,1183.0,1.0,,SASDSU6_fit1_model1.pdb,SASDSU6/single_result/rodada_1/report.txt
SASDSU6,single,rodada_2,11.032394,,,,,,1.65,1183.0,1.0,,SASDSU6_fit1_model1.pdb,SASDSU6/single_result/rodada_2/report.txt
SASDSU6,single,rodada_3,11.032394,,,,,,1.65,1183.0,1.0,,SASDSU6_fit1_model1.pdb,SASDSU6/single_result/rodada_3/report.txt
SASDSU7,single,rodada_1,6.152902,,,,,,3.61,3665.0,1.0,,SASDSU7_fit2_model1.pdb,SASDSU7/single_result/rodada_1/report.txt
SASDSU7,single,rodada_2,6.152902,,,,,,3.62,3665.0,1.0,,SASDSU7_fit2_model1.pdb,SASDSU7/single_result/rodada_2/report.txt
SASDSU7,single,rodada_3,6.152902,,,,,,3.62,3665.0,1.0,,SASDSU7_fit2_model1.pdb,SASDSU7/single_result/rodada_3/report.txt
SASDSU8,single,rodada_1,4.804103,,,,,,1.56,509.0,1.0,,SASDSU8_fit1_model1.pdb,SASDSU8/single_result/rodada_1/report.txt
SASDSU8,single,rodada_2,4.804103,,,,,,1.55,509.0,1.0,,SASDSU8_fit1_model1.pdb,SASDSU8/single_result/rodada_2/report.txt
SASDSU8,single,rodada_3,4.804103,,,,,,1.56,509.0,1.0,,SASDSU8_fit1_model1.pdb,SASDSU8/single_result/rodada_3/report.txt
SASDSV5,single,rodada_1,7.404623,,,,,,0.46,763.0,1.0,,SASDSV5_fit1_model1.pdb,SASDSV5/single_result/rodada_1/report.txt
SASDSV5,single,rodada_2,7.404623,,,,,,0.46,763.0,1.0,,SASDSV5_fit1_model1.pdb,SASDSV5/single_result/rodada_2/report.txt
SASDSV5,single,rodada_3,7.404623,,,,,,0.46,763.0,1.0,,SASDSV5_fit1_model1.pdb,SASDSV5/single_result/rodada_3/report.txt
SASDSV6,single,rodada_1,3.096943,,,,,,0.53,4217.0,1.0,,SASDSV6_fit1_model1.pdb,SASDSV6/single_result/rodada_1/report.txt
SASDSV6,single,rodada_2,3.096943,,,,,,0.53,4217.0,1.0,,SASDSV6_fit1_model1.pdb,SASDSV6/single_result/rodada_2/report.txt
SASDSV6,single,rodada_3,3.096943,,,,,,0.53,4217.0,1.0,,SASDSV6_fit1_model1.pdb,SASDSV6/single_result/rodada_3/report.txt
SASDSV7,packing,rodada_1,6.427398,5.874035,6.4274,YES,2.0,50.0,1.32,1642.0,,2,,SASDSV7/packing_result/rodada_1/report.txt
SASDSV7,packing,rodada_2,6.806876,4.8638,6.8069,YES,2.0,50.0,1.37,1642.0,,2,,SASDSV7/packing_result/rodada_2/report.txt
SASDSV7,packing,rodada_3,6.555894,4.243995,6.5559,YES,2.0,50.0,1.4,1642.0,,2,,SASDSV7/packing_result/rodada_3/report.txt
SASDSV8,packing,rodada_1,3.109332,2.862906,3.1093,YES,2.0,50.0,0.26,1189.0,,2,,SASDSV8/packing_result/rodada_1/report.txt
SASDSV8,packing,rodada_2,3.718798,3.383703,3.7188,YES,2.0,50.0,0.27,1189.0,,2,,SASDSV8/packing_result/rodada_2/report.txt
SASDSV8,packing,rodada_3,3.369906,3.033095,3.3699,YES,2.0,50.0,0.27,1189.0,,2,,SASDSV8/packing_result/rodada_3/report.txt
SASDSW6,single,rodada_1,16.862154,,,,,,1.49,336.0,1.0,,SASDSW6_fit1_model1.pdb,SASDSW6/single_result/rodada_1/report.txt
SASDSW6,single,rodada_2,16.862154,,,,,,1.5,336.0,1.0,,SASDSW6_fit1_model1.pdb,SASDSW6/single_result/rodada_2/report.txt
SASDSW6,single,rodada_3,16.862154,,,,,,1.5,336.0,1.0,,SASDSW6_fit1_model1.pdb,SASDSW6/single_result/rodada_3/report.txt
SASDSW7,packing,rodada_1,2.190176,2.190176,2.1902,NO,1.0,50.0,0.1,1085.0,,1,,SASDSW7/packing_result/rodada_1/report.txt
SASDSW7,packing,rodada_2,2.422921,2.422921,2.4229,NO,1.0,50.0,0.09,1085.0,,1,,SASDSW7/packing_result/rodada_2/report.txt
SASDSW7,packing,rodada_3,2.04762,2.04762,2.0476,NO,1.0,50.0,0.09,1085.0,,1,,SASDSW7/packing_result/rodada_3/report.txt
SASDSX6,single,rodada_1,3.606777,,,,,,0.45,2134.0,1.0,,SASDSX6_fit1_model1.pdb,SASDSX6/single_result/rodada_1/report.txt
SASDSX6,single,rodada_2,3.606777,,,,,,0.45,2134.0,1.0,,SASDSX6_fit1_model1.pdb,SASDSX6/single_result/rodada_2/report.txt
SASDSX6,single,rodada_3,3.606777,,,,,,0.46,2134.0,1.0,,SASDSX6_fit1_model1.pdb,SASDSX6/single_result/rodada_3/report.txt
SASDSX7,packing,rodada_1,4.704419,3.863691,4.7044,YES,3.0,50.0,0.61,975.0,,3,,SASDSX7/packing_result/rodada_1/report.txt
SASDSX7,packing,rodada_2,4.407825,3.560874,4.4078,YES,3.0,50.0,0.6,975.0,,3,,SASDSX7/packing_result/rodada_2/report.txt
SASDSX7,packing,rodada_3,9.408597,4.446791,5.406,YES,3.0,50.0,0.62,975.0,,3,,SASDSX7/packing_result/rodada_3/report.txt
SASDSY6,single,rodada_1,6.481417,,,,,,0.63,1174.0,1.0,,SASDSY6_fit1_model1.pdb,SASDSY6/single_result/rodada_1/report.txt
SASDSY6,single,rodada_2,6.481417,,,,,,0.63,1174.0,1.0,,SASDSY6_fit1_model1.pdb,SASDSY6/single_result/rodada_2/report.txt
SASDSY6,single,rodada_3,6.481417,,,,,,0.62,1174.0,1.0,,SASDSY6_fit1_model1.pdb,SASDSY6/single_result/rodada_3/report.txt
SASDSZ6,single,rodada_1,4.664369,,,,,,0.68,1795.0,1.0,,SASDSZ6_fit1_model1.pdb,SASDSZ6/single_result/rodada_1/report.txt
SASDSZ6,single,rodada_2,4.664369,,,,,,0.67,1795.0,1.0,,SASDSZ6_fit1_model1.pdb,SASDSZ6/single_result/rodada_2/report.txt
SASDSZ6,single,rodada_3,4.664369,,,,,,0.68,1795.0,1.0,,SASDSZ6_fit1_model1.pdb,SASDSZ6/single_result/rodada_3/report.txt
SASDT55,single,rodada_1,2.606445,,,,,,0.59,2400.0,1.0,,SASDT55_fit1_model1.pdb,SASDT55/single_result/rodada_1/report.txt
SASDT55,single,rodada_2,2.606445,,,,,,0.59,2400.0,1.0,,SASDT55_fit1_model1.pdb,SASDT55/single_result/rodada_2/report.txt
SASDT55,single,rodada_3,2.606445,,,,,,0.58,2400.0,1.0,,SASDT55_fit1_model1.pdb,SASDT55/single_result/rodada_3/report.txt
SASDT65,single,rodada_1,4.579375,,,,,,0.36,323.0,1.0,,SASDT65_fit1_model1.pdb,SASDT65/single_result/rodada_1/report.txt
SASDT65,single,rodada_2,4.579375,,,,,,0.36,323.0,1.0,,SASDT65_fit1_model1.pdb,SASDT65/single_result/rodada_2/report.txt
SASDT65,single,rodada_3,4.579375,,,,,,0.36,323.0,1.0,,SASDT65_fit1_model1.pdb,SASDT65/single_result/rodada_3/report.txt
SASDT72,single,rodada_1,7.112573,,,,,,0.11,957.0,1.0,,SASDT72_fit1_model1.pdb,SASDT72/single_result/rodada_1/report.txt
SASDT72,single,rodada_2,7.112573,,,,,,0.11,957.0,1.0,,SASDT72_fit1_model1.pdb,SASDT72/single_result/rodada_2/report.txt
SASDT72,single,rodada_3,7.112573,,,,,,0.11,957.0,1.0,,SASDT72_fit1_model1.pdb,SASDT72/single_result/rodada_3/report.txt
SASDT75,packing,rodada_1,6.366815,8.14,6.3668,NO,2.0,50.0,0.42,1116.0,,2,,SASDT75/packing_result/rodada_1/report.txt
SASDT75,packing,rodada_2,6.850859,10.63442,6.8509,NO,2.0,50.0,0.43,1116.0,,2,,SASDT75/packing_result/rodada_2/report.txt
SASDT75,packing,rodada_3,4.289643,8.95916,4.2896,NO,2.0,50.0,0.42,1116.0,,2,,SASDT75/packing_result/rodada_3/report.txt
SASDT82,packing,rodada_1,4.137311,3.719098,4.1373,YES,2.0,50.0,0.22,689.0,,2,,SASDT82/packing_result/rodada_1/report.txt
SASDT82,packing,rodada_2,3.87378,3.313767,3.8738,YES,2.0,50.0,0.21,689.0,,2,,SASDT82/packing_result/rodada_2/report.txt
SASDT82,packing,rodada_3,4.146037,3.693028,4.146,YES,2.0,50.0,0.21,689.0,,2,,SASDT82/packing_result/rodada_3/report.txt
SASDT85,packing,rodada_1,5.671613,6.80147,5.6716,NO,2.0,50.0,0.46,1214.0,,2,,SASDT85/packing_result/rodada_1/report.txt
SASDT85,packing,rodada_2,4.486797,6.694908,4.4868,NO,2.0,50.0,0.48,1214.0,,2,,SASDT85/packing_result/rodada_2/report.txt
SASDT85,packing,rodada_3,6.300435,7.739139,6.3004,NO,2.0,50.0,0.45,1214.0,,2,,SASDT85/packing_result/rodada_3/report.txt
SASDT95,packing,rodada_1,4.999427,11.325966,4.9994,NO,2.0,50.0,0.58,1885.0,,2,,SASDT95/packing_result/rodada_1/report.txt
SASDT95,packing,rodada_2,5.756086,12.449975,5.7561,NO,2.0,50.0,0.57,1885.0,,2,,SASDT95/packing_result/rodada_2/report.txt
SASDT95,packing,rodada_3,5.004262,11.309999,5.0043,NO,2.0,50.0,0.56,1885.0,,2,,SASDT95/packing_result/rodada_3/report.txt
SASDT97,single,rodada_1,6.966953,,,,,,1.09,761.0,1.0,,SASDT97_fit1_model1.pdb,SASDT97/single_result/rodada_1/report.txt
SASDT97,single,rodada_2,6.966953,,,,,,1.1,761.0,1.0,,SASDT97_fit1_model1.pdb,SASDT97/single_result/rodada_2/report.txt
SASDT97,single,rodada_3,6.966953,,,,,,1.1,761.0,1.0,,SASDT97_fit1_model1.pdb,SASDT97/single_result/rodada_3/report.txt
SASDTA5,packing,rodada_1,9.346516,9.145325,9.3465,YES,5.0,50.0,1.14,1222.0,,5,,SASDTA5/packing_result/rodada_1/report.txt
SASDTA5,packing,rodada_2,9.1265,6.947544,8.6663,YES,5.0,50.0,1.13,1222.0,,5,,SASDTA5/packing_result/rodada_2/report.txt
SASDTA5,packing,rodada_3,10.147266,8.77775,10.1473,YES,5.0,50.0,1.13,1222.0,,5,,SASDTA5/packing_result/rodada_3/report.txt
SASDTB5,packing,rodada_1,7.268255,6.730195,7.1547,YES,3.0,50.0,0.79,1083.0,,3,,SASDTB5/packing_result/rodada_1/report.txt
SASDTB5,packing,rodada_2,7.241298,6.723566,7.1569,YES,3.0,50.0,0.78,1083.0,,3,,SASDTB5/packing_result/rodada_2/report.txt
SASDTB5,packing,rodada_3,10.363246,9.471903,10.3632,YES,3.0,50.0,0.77,1083.0,,3,,SASDTB5/packing_result/rodada_3/report.txt
SASDTC5,packing,rodada_1,6.65169,5.359578,6.6517,YES,2.0,50.0,0.95,1740.0,,2,,SASDTC5/packing_result/rodada_1/report.txt
SASDTC5,packing,rodada_2,6.294451,5.208595,6.2945,YES,2.0,50.0,0.95,1740.0,,2,,SASDTC5/packing_result/rodada_2/report.txt
SASDTC5,packing,rodada_3,5.284737,5.231459,5.2847,YES,2.0,50.0,0.87,1740.0,,2,,SASDTC5/packing_result/rodada_3/report.txt
SASDTD5,packing,rodada_1,6.545676,5.208213,6.5457,YES,3.0,50.0,0.7,1702.0,,3,,SASDTD5/packing_result/rodada_1/report.txt
SASDTD5,packing,rodada_2,10.000562,8.911372,10.0006,YES,3.0,50.0,0.68,1702.0,,3,,SASDTD5/packing_result/rodada_2/report.txt
SASDTD5,packing,rodada_3,10.562921,9.740845,10.5629,YES,3.0,50.0,0.7,1702.0,,3,,SASDTD5/packing_result/rodada_3/report.txt
SASDTE2,packing,rodada_1,18.520837,16.70763,18.5208,YES,2.0,50.0,0.03,144.0,,2,,SASDTE2/packing_result/rodada_1/report.txt
SASDTE2,packing,rodada_2,16.505354,16.693501,16.5054,NO,2.0,50.0,0.03,144.0,,2,,SASDTE2/packing_result/rodada_2/report.txt
SASDTE2,packing,rodada_3,13.727936,10.798567,13.7279,YES,2.0,50.0,0.03,144.0,,2,,SASDTE2/packing_result/rodada_3/report.txt
SASDTP5,packing,rodada_1,6.516992,4.490065,5.3268,YES,2.0,50.0,0.29,1189.0,,2,,SASDTP5/packing_result/rodada_1/report.txt
SASDTP5,packing,rodada_2,6.651379,5.309145,6.6514,YES,2.0,50.0,0.3,1189.0,,2,,SASDTP5/packing_result/rodada_2/report.txt
SASDTP5,packing,rodada_3,6.963402,6.573809,6.9634,YES,2.0,50.0,0.3,1189.0,,2,,SASDTP5/packing_result/rodada_3/report.txt
SASDTQ5,single,rodada_1,3.887087,,,,,,0.35,750.0,1.0,,SASDTQ5_fit1_model1.pdb,SASDTQ5/single_result/rodada_1/report.txt
SASDTQ5,single,rodada_2,3.887087,,,,,,0.35,750.0,1.0,,SASDTQ5_fit1_model1.pdb,SASDTQ5/single_result/rodada_2/report.txt
SASDTQ5,single,rodada_3,3.887087,,,,,,0.35,750.0,1.0,,SASDTQ5_fit1_model1.pdb,SASDTQ5/single_result/rodada_3/report.txt
SASDTR2,single,rodada_1,2.594725,,,,,,0.41,1300.0,1.0,,SASDTR2_fit1_model1.pdb,SASDTR2/single_result/rodada_1/report.txt
SASDTR2,single,rodada_2,2.594725,,,,,,0.41,1300.0,1.0,,SASDTR2_fit1_model1.pdb,SASDTR2/single_result/rodada_2/report.txt
SASDTR2,single,rodada_3,2.594725,,,,,,0.41,1300.0,1.0,,SASDTR2_fit1_model1.pdb,SASDTR2/single_result/rodada_3/report.txt
SASDTS2,single,rodada_1,2.424188,,,,,,0.38,973.0,1.0,,SASDTS2_fit1_model1.pdb,SASDTS2/single_result/rodada_1/report.txt
SASDTS2,single,rodada_2,2.424188,,,,,,0.38,973.0,1.0,,SASDTS2_fit1_model1.pdb,SASDTS2/single_result/rodada_2/report.txt
SASDTS2,single,rodada_3,2.424188,,,,,,0.38,973.0,1.0,,SASDTS2_fit1_model1.pdb,SASDTS2/single_result/rodada_3/report.txt
SASDTS4,packing,rodada_1,5.740499,3.04741,4.489,YES,8.0,50.0,1.48,3279.0,,8,,SASDTS4/packing_result/rodada_1/report.txt
SASDTS4,packing,rodada_2,5.218242,3.257727,5.2182,YES,8.0,50.0,1.49,3279.0,,8,,SASDTS4/packing_result/rodada_2/report.txt
SASDTS4,packing,rodada_3,6.639069,4.011377,5.6154,YES,8.0,50.0,1.49,3279.0,,8,,SASDTS4/packing_result/rodada_3/report.txt
SASDTS8,packing,rodada_1,3.585845,2.275836,2.7726,YES,2.0,50.0,0.19,1674.0,,2,,SASDTS8/packing_result/rodada_1/report.txt
SASDTS8,packing,rodada_2,3.213752,2.397583,2.9579,YES,2.0,50.0,0.19,1674.0,,2,,SASDTS8/packing_result/rodada_2/report.txt
SASDTS8,packing,rodada_3,2.649382,2.291858,2.6494,YES,2.0,50.0,0.18,1674.0,,2,,SASDTS8/packing_result/rodada_3/report.txt
SASDTT2,single,rodada_1,1.890714,,,,,,0.44,1625.0,1.0,,SASDTT2_fit1_model1.pdb,SASDTT2/single_result/rodada_1/report.txt
SASDTT2,single,rodada_2,1.890714,,,,,,0.44,1625.0,1.0,,SASDTT2_fit1_model1.pdb,SASDTT2/single_result/rodada_2/report.txt
SASDTT2,single,rodada_3,1.890714,,,,,,0.44,1625.0,1.0,,SASDTT2_fit1_model1.pdb,SASDTT2/single_result/rodada_3/report.txt
SASDTT5,single,rodada_1,7.232005,,,,,,0.49,736.0,1.0,,SASDTT5_fit1_model1.pdb,SASDTT5/single_result/rodada_1/report.txt
SASDTT5,single,rodada_2,7.232005,,,,,,0.49,736.0,1.0,,SASDTT5_fit1_model1.pdb,SASDTT5/single_result/rodada_2/report.txt
SASDTT5,single,rodada_3,7.232005,,,,,,0.49,736.0,1.0,,SASDTT5_fit1_model1.pdb,SASDTT5/single_result/rodada_3/report.txt
SASDTT8,packing,rodada_1,17.543485,7.699524,15.9205,YES,2.0,50.0,0.52,258.0,,2,,SASDTT8/packing_result/rodada_1/report.txt
SASDTT8,packing,rodada_2,15.278114,8.022916,12.703,YES,2.0,50.0,0.51,258.0,,2,,SASDTT8/packing_result/rodada_2/report.txt
SASDTT8,packing,rodada_3,14.535618,8.338455,14.5356,YES,2.0,50.0,0.51,258.0,,2,,SASDTT8/packing_result/rodada_3/report.txt
SASDTU2,packing,rodada_1,4.471418,3.289241,4.4714,YES,3.0,50.0,0.39,4957.0,,3,,SASDTU2/packing_result/rodada_1/report.txt
SASDTU2,packing,rodada_2,7.839386,6.553866,7.2744,YES,3.0,50.0,0.39,4957.0,,3,,SASDTU2/packing_result/rodada_2/report.txt
SASDTU2,packing,rodada_3,5.609107,4.171751,4.9608,YES,3.0,50.0,0.42,4957.0,,3,,SASDTU2/packing_result/rodada_3/report.txt
SASDTU4,single,rodada_1,15.945804,,,,,,2.42,623.0,1.0,,SASDTU4_fit1_model1.pdb,SASDTU4/single_result/rodada_1/report.txt
SASDTU4,single,rodada_2,15.945804,,,,,,2.42,623.0,1.0,,SASDTU4_fit1_model1.pdb,SASDTU4/single_result/rodada_2/report.txt
SASDTU4,single,rodada_3,15.945804,,,,,,2.46,623.0,1.0,,SASDTU4_fit1_model1.pdb,SASDTU4/single_result/rodada_3/report.txt
SASDTU5,packing,rodada_1,7.780082,6.369346,7.7801,YES,3.0,50.0,0.26,170.0,,3,,SASDTU5/packing_result/rodada_1/report.txt
SASDTU5,packing,rodada_2,10.791504,10.163933,10.7915,YES,3.0,50.0,0.25,170.0,,3,,SASDTU5/packing_result/rodada_2/report.txt
SASDTU5,packing,rodada_3,8.23743,7.133799,8.2374,YES,3.0,50.0,0.25,170.0,,3,,SASDTU5/packing_result/rodada_3/report.txt
SASDTU8,single,rodada_1,6.280763,,,,,,1.9,1730.0,1.0,,SASDTU8_fit1_model1.pdb,SASDTU8/single_result/rodada_1/report.txt
SASDTU8,single,rodada_2,6.280763,,,,,,1.9,1730.0,1.0,,SASDTU8_fit1_model1.pdb,SASDTU8/single_result/rodada_2/report.txt
SASDTU8,single,rodada_3,6.280763,,,,,,1.9,1730.0,1.0,,SASDTU8_fit1_model1.pdb,SASDTU8/single_result/rodada_3/report.txt
SASDTV4,packing,rodada_1,8.683675,5.734417,6.7713,YES,2.0,50.0,2.18,1274.0,,2,,SASDTV4/packing_result/rodada_1/report.txt
SASDTV4,packing,rodada_2,7.379249,5.191043,5.9293,YES,2.0,50.0,2.15,1274.0,,2,,SASDTV4/packing_result/rodada_2/report.txt
SASDTV4,packing,rodada_3,8.312362,6.304544,6.8801,YES,2.0,50.0,2.15,1274.0,,2,,SASDTV4/packing_result/rodada_3/report.txt
SASDTV8,single,rodada_1,48.982246,,,,,,0.06,312.0,1.0,,SASDTV8_fit1_model1.pdb,SASDTV8/single_result/rodada_1/report.txt
SASDTV8,single,rodada_2,48.982246,,,,,,0.07,312.0,1.0,,SASDTV8_fit1_model1.pdb,SASDTV8/single_result/rodada_2/report.txt
SASDTV8,single,rodada_3,48.982246,,,,,,0.06,312.0,1.0,,SASDTV8_fit1_model1.pdb,SASDTV8/single_result/rodada_3/report.txt
SASDTW4,single,rodada_1,4.550388,,,,,,5.18,908.0,1.0,,SASDTW4_fit1_model1.pdb,SASDTW4/single_result/rodada_1/report.txt
SASDTW4,single,rodada_2,4.550388,,,,,,5.22,908.0,1.0,,SASDTW4_fit1_model1.pdb,SASDTW4/single_result/rodada_2/report.txt
SASDTW4,single,rodada_3,4.550388,,,,,,5.21,908.0,1.0,,SASDTW4_fit1_model1.pdb,SASDTW4/single_result/rodada_3/report.txt
SASDTX4,single,rodada_1,4.11002,,,,,,0.54,949.0,1.0,,SASDTX4_fit1_model1.pdb,SASDTX4/single_result/rodada_1/report.txt
SASDTX4,single,rodada_2,4.11002,,,,,,0.54,949.0,1.0,,SASDTX4_fit1_model1.pdb,SASDTX4/single_result/rodada_2/report.txt
SASDTX4,single,rodada_3,4.11002,,,,,,0.54,949.0,1.0,,SASDTX4_fit1_model1.pdb,SASDTX4/single_result/rodada_3/report.txt
SASDTX8,single,rodada_1,1.706684,,,,,,0.35,1649.0,1.0,,SASDTX8_fit1_model1.pdb,SASDTX8/single_result/rodada_1/report.txt
SASDTX8,single,rodada_2,1.706684,,,,,,0.34,1649.0,1.0,,SASDTX8_fit1_model1.pdb,SASDTX8/single_result/rodada_2/report.txt
SASDTX8,single,rodada_3,1.706684,,,,,,0.34,1649.0,1.0,,SASDTX8_fit1_model1.pdb,SASDTX8/single_result/rodada_3/report.txt
SASDTY8,single,rodada_1,2.578815,,,,,,0.45,1210.0,1.0,,SASDTY8_fit1_model1.pdb,SASDTY8/single_result/rodada_1/report.txt
SASDTY8,single,rodada_2,2.578815,,,,,,0.45,1210.0,1.0,,SASDTY8_fit1_model1.pdb,SASDTY8/single_result/rodada_2/report.txt
SASDTY8,single,rodada_3,2.578815,,,,,,0.45,1210.0,1.0,,SASDTY8_fit1_model1.pdb,SASDTY8/single_result/rodada_3/report.txt
SASDU39,single,rodada_1,12.799436,,,,,,0.16,381.0,1.0,,SASDU39_fit1_model1.pdb,SASDU39/single_result/rodada_1/report.txt
SASDU39,single,rodada_2,12.799436,,,,,,0.14,381.0,1.0,,SASDU39_fit1_model1.pdb,SASDU39/single_result/rodada_2/report.txt
SASDU39,single,rodada_3,12.799436,,,,,,0.14,381.0,1.0,,SASDU39_fit1_model1.pdb,SASDU39/single_result/rodada_3/report.txt
SASDU45,single,rodada_1,9.878235,,,,,,1.16,834.0,1.0,,SASDU45_fit1_model1.pdb,SASDU45/single_result/rodada_1/report.txt
SASDU45,single,rodada_2,9.878235,,,,,,1.16,834.0,1.0,,SASDU45_fit1_model1.pdb,SASDU45/single_result/rodada_2/report.txt
SASDU45,single,rodada_3,9.878235,,,,,,1.16,834.0,1.0,,SASDU45_fit1_model1.pdb,SASDU45/single_result/rodada_3/report.txt
SASDU59,packing,rodada_1,6.284065,5.158177,6.2332,YES,3.0,50.0,0.07,1638.0,,3,,SASDU59/packing_result/rodada_1/report.txt
SASDU59,packing,rodada_2,7.888872,9.968399,7.0876,NO,3.0,50.0,0.07,1638.0,,3,,SASDU59/packing_result/rodada_2/report.txt
SASDU59,packing,rodada_3,6.117111,5.418288,6.1171,YES,3.0,50.0,0.06,1638.0,,3,,SASDU59/packing_result/rodada_3/report.txt
SASDU69,packing,rodada_1,8.303056,7.40691,8.3031,YES,3.0,50.0,0.05,272.0,,3,,SASDU69/packing_result/rodada_1/report.txt
SASDU69,packing,rodada_2,11.568774,8.560436,10.0638,YES,3.0,50.0,0.04,272.0,,3,,SASDU69/packing_result/rodada_2/report.txt
SASDU69,packing,rodada_3,9.103618,7.779977,9.1036,YES,3.0,50.0,0.05,272.0,,3,,SASDU69/packing_result/rodada_3/report.txt
SASDU78,packing,rodada_1,3.010417,3.010417,3.0104,NO,1.0,50.0,0.36,1119.0,,1,,SASDU78/packing_result/rodada_1/report.txt
SASDU78,packing,rodada_2,2.913234,2.913234,2.9132,NO,1.0,50.0,0.35,1119.0,,1,,SASDU78/packing_result/rodada_2/report.txt
SASDU78,packing,rodada_3,3.142495,3.142495,3.1425,NO,1.0,50.0,0.36,1119.0,,1,,SASDU78/packing_result/rodada_3/report.txt
SASDU79,single,rodada_1,4.445235,,,,,,1.11,1175.0,1.0,,SASDU79_fit1_model1.pdb,SASDU79/single_result/rodada_1/report.txt
SASDU79,single,rodada_2,4.445235,,,,,,1.07,1175.0,1.0,,SASDU79_fit1_model1.pdb,SASDU79/single_result/rodada_2/report.txt
SASDU79,single,rodada_3,4.445235,,,,,,1.07,1175.0,1.0,,SASDU79_fit1_model1.pdb,SASDU79/single_result/rodada_3/report.txt
SASDU88,single,rodada_1,5.603491,,,,,,1.66,1284.0,1.0,,SASDU88_fit1_model1.pdb,SASDU88/single_result/rodada_1/report.txt
SASDU88,single,rodada_2,5.603491,,,,,,1.67,1284.0,1.0,,SASDU88_fit1_model1.pdb,SASDU88/single_result/rodada_2/report.txt
SASDU88,single,rodada_3,5.603491,,,,,,1.66,1284.0,1.0,,SASDU88_fit1_model1.pdb,SASDU88/single_result/rodada_3/report.txt
SASDU89,single,rodada_1,2.125799,,,,,,0.81,4726.0,1.0,,SASDU89_fit1_model1.pdb,SASDU89/single_result/rodada_1/report.txt
SASDU89,single,rodada_2,2.125799,,,,,,0.8,4726.0,1.0,,SASDU89_fit1_model1.pdb,SASDU89/single_result/rodada_2/report.txt
SASDU89,single,rodada_3,2.125799,,,,,,0.8,4726.0,1.0,,SASDU89_fit1_model1.pdb,SASDU89/single_result/rodada_3/report.txt
SASDU93,single,rodada_1,4.753288,,,,,,0.97,462.0,1.0,,SASDU93_fit1_model1.pdb,SASDU93/single_result/rodada_1/report.txt
SASDU93,single,rodada_2,4.753288,,,,,,0.97,462.0,1.0,,SASDU93_fit1_model1.pdb,SASDU93/single_result/rodada_2/report.txt
SASDU93,single,rodada_3,4.753288,,,,,,0.97,462.0,1.0,,SASDU93_fit1_model1.pdb,SASDU93/single_result/rodada_3/report.txt
SASDU98,single,rodada_1,5.124866,,,,,,1.79,1702.0,1.0,,SASDU98_fit1_model1.pdb,SASDU98/single_result/rodada_1/report.txt
SASDU98,single,rodada_2,5.124866,,,,,,1.78,1702.0,1.0,,SASDU98_fit1_model1.pdb,SASDU98/single_result/rodada_2/report.txt
SASDU98,single,rodada_3,5.124866,,,,,,1.8,1702.0,1.0,,SASDU98_fit1_model1.pdb,SASDU98/single_result/rodada_3/report.txt
SASDU99,single,rodada_1,6.023748,,,,,,0.07,197.0,1.0,,SASDU99_fit1_model1.pdb,SASDU99/single_result/rodada_1/report.txt
SASDU99,single,rodada_2,6.023748,,,,,,0.07,197.0,1.0,,SASDU99_fit1_model1.pdb,SASDU99/single_result/rodada_2/report.txt
SASDU99,single,rodada_3,6.023748,,,,,,0.07,197.0,1.0,,SASDU99_fit1_model1.pdb,SASDU99/single_result/rodada_3/report.txt
SASDUA2,packing,rodada_1,8.574756,3.648708,3.7961,YES,2.0,50.0,0.1,3543.0,,2,,SASDUA2/packing_result/rodada_1/report.txt
SASDUA2,packing,rodada_2,8.47388,3.485304,3.6012,YES,2.0,50.0,0.1,3543.0,,2,,SASDUA2/packing_result/rodada_2/report.txt
SASDUA2,packing,rodada_3,8.635378,4.009696,4.1762,YES,2.0,50.0,0.1,3543.0,,2,,SASDUA2/packing_result/rodada_3/report.txt
SASDUA3,single,rodada_1,10.426441,,,,,,1.43,254.0,1.0,,SASDUA3_fit1_model1.pdb,SASDUA3/single_result/rodada_1/report.txt
SASDUA3,single,rodada_2,10.426441,,,,,,1.43,254.0,1.0,,SASDUA3_fit1_model1.pdb,SASDUA3/single_result/rodada_2/report.txt
SASDUA3,single,rodada_3,10.426441,,,,,,1.43,254.0,1.0,,SASDUA3_fit1_model1.pdb,SASDUA3/single_result/rodada_3/report.txt
SASDUA4,packing,rodada_1,2.876328,2.876328,2.8763,NO,4.0,50.0,0.26,901.0,,4,,SASDUA4/packing_result/rodada_1/report.txt
SASDUA4,packing,rodada_2,2.744735,2.744735,2.7447,NO,4.0,50.0,0.26,901.0,,4,,SASDUA4/packing_result/rodada_2/report.txt
SASDUA4,packing,rodada_3,2.223089,2.223089,2.2231,NO,4.0,50.0,0.26,901.0,,4,,SASDUA4/packing_result/rodada_3/report.txt
SASDUA8,single,rodada_1,9.016578,,,,,,3.36,1559.0,1.0,,SASDUA8_fit1_model1.pdb,SASDUA8/single_result/rodada_1/report.txt
SASDUA8,single,rodada_2,9.016578,,,,,,3.34,1559.0,1.0,,SASDUA8_fit1_model1.pdb,SASDUA8/single_result/rodada_2/report.txt
SASDUA8,single,rodada_3,9.016578,,,,,,3.34,1559.0,1.0,,SASDUA8_fit1_model1.pdb,SASDUA8/single_result/rodada_3/report.txt
SASDUB2,packing,rodada_1,12.422654,5.768931,6.113,YES,2.0,50.0,0.04,356.0,,2,,SASDUB2/packing_result/rodada_1/report.txt
SASDUB2,packing,rodada_2,12.324059,5.064259,5.2503,YES,2.0,50.0,0.04,356.0,,2,,SASDUB2/packing_result/rodada_2/report.txt
SASDUB2,packing,rodada_3,12.30524,6.237866,6.5395,YES,2.0,50.0,0.04,356.0,,2,,SASDUB2/packing_result/rodada_3/report.txt
SASDUB4,packing,rodada_1,3.202478,3.202478,3.2025,NO,4.0,50.0,1.1,1562.0,,4,,SASDUB4/packing_result/rodada_1/report.txt
SASDUB4,packing,rodada_2,3.27286,3.27286,3.2729,NO,4.0,50.0,1.08,1562.0,,4,,SASDUB4/packing_result/rodada_2/report.txt
SASDUB4,packing,rodada_3,3.110603,3.110603,3.1106,YES,4.0,50.0,1.08,1562.0,,4,,SASDUB4/packing_result/rodada_3/report.txt
SASDUC3,single,rodada_1,7.231014,,,,,,0.79,282.0,1.0,,SASDUC3_fit1_model1.pdb,SASDUC3/single_result/rodada_1/report.txt
SASDUC3,single,rodada_2,7.231014,,,,,,0.78,282.0,1.0,,SASDUC3_fit1_model1.pdb,SASDUC3/single_result/rodada_2/report.txt
SASDUC3,single,rodada_3,7.231014,,,,,,0.79,282.0,1.0,,SASDUC3_fit1_model1.pdb,SASDUC3/single_result/rodada_3/report.txt
SASDUC4,packing,rodada_1,3.082181,3.082181,3.0822,NO,4.0,50.0,1.95,1749.0,,4,,SASDUC4/packing_result/rodada_1/report.txt
SASDUC4,packing,rodada_2,2.946915,2.946915,2.9469,NO,4.0,50.0,1.9,1749.0,,4,,SASDUC4/packing_result/rodada_2/report.txt
SASDUC4,packing,rodada_3,3.131197,3.131197,3.1312,NO,4.0,50.0,1.9,1749.0,,4,,SASDUC4/packing_result/rodada_3/report.txt
SASDUC9,single,rodada_1,5.564933,,,,,,0.62,316.0,1.0,,SASDUC9_fit1_model1.pdb,SASDUC9/single_result/rodada_1/report.txt
SASDUC9,single,rodada_2,5.564933,,,,,,0.62,316.0,1.0,,SASDUC9_fit1_model1.pdb,SASDUC9/single_result/rodada_2/report.txt
SASDUC9,single,rodada_3,5.564933,,,,,,0.62,316.0,1.0,,SASDUC9_fit1_model1.pdb,SASDUC9/single_result/rodada_3/report.txt
SASDUD4,packing,rodada_1,1.879005,1.879005,1.879,NO,4.0,50.0,0.29,1453.0,,4,,SASDUD4/packing_result/rodada_1/report.txt
SASDUD4,packing,rodada_2,1.892005,1.892005,1.892,NO,4.0,50.0,0.29,1453.0,,4,,SASDUD4/packing_result/rodada_2/report.txt
SASDUD4,packing,rodada_3,1.917303,1.917303,1.9173,NO,4.0,50.0,0.29,1453.0,,4,,SASDUD4/packing_result/rodada_3/report.txt
SASDUE3,single,rodada_1,5.321239,,,,,,1.76,1960.0,1.0,,SASDUE3_fit1_model1.pdb,SASDUE3/single_result/rodada_1/report.txt
SASDUE3,single,rodada_2,5.321239,,,,,,1.79,1960.0,1.0,,SASDUE3_fit1_model1.pdb,SASDUE3/single_result/rodada_2/report.txt
SASDUE3,single,rodada_3,5.321239,,,,,,1.78,1960.0,1.0,,SASDUE3_fit1_model1.pdb,SASDUE3/single_result/rodada_3/report.txt
SASDUE4,packing,rodada_1,1.960805,1.960805,1.9608,NO,4.0,50.0,0.42,1089.0,,4,,SASDUE4/packing_result/rodada_1/report.txt
SASDUE4,packing,rodada_2,1.83778,1.83778,1.8378,NO,4.0,50.0,0.42,1089.0,,4,,SASDUE4/packing_result/rodada_2/report.txt
SASDUE4,packing,rodada_3,1.920779,1.920779,1.9208,NO,4.0,50.0,0.42,1089.0,,4,,SASDUE4/packing_result/rodada_3/report.txt
SASDUF2,packing,rodada_1,,,,,,,,,,,,SASDUF2/packing_result/rodada_1/report.txt
SASDUF2,packing,rodada_2,,,,,,,,,,,,SASDUF2/packing_result/rodada_2/report.txt
SASDUF2,packing,rodada_3,,,,,,,,,,,,SASDUF2/packing_result/rodada_3/report.txt
SASDUG2,packing,rodada_1,,,,,,,,,,,,SASDUG2/packing_result/rodada_1/report.txt
SASDUG2,packing,rodada_2,,,,,,,,,,,,SASDUG2/packing_result/rodada_2/report.txt
SASDUG2,packing,rodada_3,,,,,,,,,,,,SASDUG2/packing_result/rodada_3/report.txt
SASDUH2,packing,rodada_1,,,,,,,,,,,,SASDUH2/packing_result/rodada_1/report.txt
SASDUH2,packing,rodada_2,,,,,,,,,,,,SASDUH2/packing_result/rodada_2/report.txt
SASDUH2,packing,rodada_3,,,,,,,,,,,,SASDUH2/packing_result/rodada_3/report.txt
SASDUH3,packing,rodada_1,4.153859,3.449206,4.1539,YES,5.0,50.0,0.61,1494.0,,5,,SASDUH3/packing_result/rodada_1/report.txt
SASDUH3,packing,rodada_2,4.484587,3.957392,4.4846,YES,5.0,50.0,0.6,1494.0,,5,,SASDUH3/packing_result/rodada_2/report.txt
SASDUH3,packing,rodada_3,4.09958,3.59204,4.0996,YES,5.0,50.0,0.62,1494.0,,5,,SASDUH3/packing_result/rodada_3/report.txt
SASDUJ2,packing,rodada_1,,,,,,,,,,,,SASDUJ2/packing_result/rodada_1/report.txt
SASDUJ2,packing,rodada_2,,,,,,,,,,,,SASDUJ2/packing_result/rodada_2/report.txt
SASDUJ2,packing,rodada_3,,,,,,,,,,,,SASDUJ2/packing_result/rodada_3/report.txt
SASDUJ8,packing,rodada_1,7.539039,5.555419,6.4551,YES,6.0,50.0,2.0,1184.0,,6,,SASDUJ8/packing_result/rodada_1/report.txt
SASDUJ8,packing,rodada_2,6.963086,6.293373,6.9631,YES,6.0,50.0,1.97,1184.0,,6,,SASDUJ8/packing_result/rodada_2/report.txt
SASDUJ8,packing,rodada_3,6.879558,5.581081,6.734,YES,6.0,50.0,1.96,1184.0,,6,,SASDUJ8/packing_result/rodada_3/report.txt
SASDUK2,single,rodada_1,3.198057,,,,,,0.55,818.0,1.0,,SASDUK2_fit1_model1.pdb,SASDUK2/single_result/rodada_1/report.txt
SASDUK2,single,rodada_2,3.198057,,,,,,0.54,818.0,1.0,,SASDUK2_fit1_model1.pdb,SASDUK2/single_result/rodada_2/report.txt
SASDUK2,single,rodada_3,3.198057,,,,,,0.54,818.0,1.0,,SASDUK2_fit1_model1.pdb,SASDUK2/single_result/rodada_3/report.txt
SASDUK8,packing,rodada_1,5.29558,4.948878,5.2956,YES,5.0,50.0,1.7,1308.0,,5,,SASDUK8/packing_result/rodada_1/report.txt
SASDUK8,packing,rodada_2,5.266873,3.758904,5.2669,YES,5.0,50.0,1.7,1308.0,,5,,SASDUK8/packing_result/rodada_2/report.txt
SASDUK8,packing,rodada_3,5.528093,4.641887,5.3127,YES,5.0,50.0,1.71,1308.0,,5,,SASDUK8/packing_result/rodada_3/report.txt
SASDUL2,packing,rodada_1,9.525623,5.684081,5.8088,YES,2.0,50.0,0.08,1048.0,,2,,SASDUL2/packing_result/rodada_1/report.txt
SASDUL2,packing,rodada_2,9.480632,5.889702,5.9947,YES,2.0,50.0,0.08,1048.0,,2,,SASDUL2/packing_result/rodada_2/report.txt
SASDUL2,packing,rodada_3,9.037706,5.853849,6.0017,YES,2.0,50.0,0.08,1048.0,,2,,SASDUL2/packing_result/rodada_3/report.txt
SASDUL8,packing,rodada_1,5.790106,4.752461,5.7901,YES,5.0,50.0,1.71,1425.0,,5,,SASDUL8/packing_result/rodada_1/report.txt
SASDUL8,packing,rodada_2,7.10191,5.746806,7.1019,YES,5.0,50.0,1.72,1425.0,,5,,SASDUL8/packing_result/rodada_2/report.txt
SASDUL8,packing,rodada_3,7.097182,6.03769,6.9809,YES,5.0,50.0,1.7,1425.0,,5,,SASDUL8/packing_result/rodada_3/report.txt
SASDUM2,packing,rodada_1,11.837486,5.083993,5.1526,YES,2.0,50.0,0.08,1183.0,,2,,SASDUM2/packing_result/rodada_1/report.txt
SASDUM2,packing,rodada_2,11.61809,5.162187,5.2518,YES,2.0,50.0,0.08,1183.0,,2,,SASDUM2/packing_result/rodada_2/report.txt
SASDUM2,packing,rodada_3,11.729193,5.722319,5.811,YES,2.0,50.0,0.08,1183.0,,2,,SASDUM2/packing_result/rodada_3/report.txt
SASDUM5,single,rodada_1,47.048436,,,,,,8.6,1276.0,1.0,,SASDUM5_fit1_model1.pdb,SASDUM5/single_result/rodada_1/report.txt
SASDUM5,single,rodada_2,47.048436,,,,,,8.78,1276.0,1.0,,SASDUM5_fit1_model1.pdb,SASDUM5/single_result/rodada_2/report.txt
SASDUM5,single,rodada_3,47.048436,,,,,,8.63,1276.0,1.0,,SASDUM5_fit1_model1.pdb,SASDUM5/single_result/rodada_3/report.txt
SASDUN2,single,rodada_1,3.916748,,,,,,0.67,1280.0,1.0,,SASDUN2_fit1_model1.pdb,SASDUN2/single_result/rodada_1/report.txt
SASDUN2,single,rodada_2,3.916748,,,,,,0.67,1280.0,1.0,,SASDUN2_fit1_model1.pdb,SASDUN2/single_result/rodada_2/report.txt
SASDUN2,single,rodada_3,3.916748,,,,,,0.67,1280.0,1.0,,SASDUN2_fit1_model1.pdb,SASDUN2/single_result/rodada_3/report.txt
SASDUN5,packing,rodada_1,7.92432,6.778774,7.7772,YES,2.0,50.0,4.37,970.0,,2,,SASDUN5/packing_result/rodada_1/report.txt
SASDUN5,packing,rodada_2,8.089053,6.464178,7.4982,YES,2.0,50.0,4.39,970.0,,2,,SASDUN5/packing_result/rodada_2/report.txt
SASDUN5,packing,rodada_3,8.030201,6.499786,7.6028,YES,2.0,50.0,4.5,970.0,,2,,SASDUN5/packing_result/rodada_3/report.txt
SASDUP2,single,rodada_1,6.521802,,,,,,0.74,1602.0,1.0,,SASDUP2_fit1_model1.pdb,SASDUP2/single_result/rodada_1/report.txt
SASDUP2,single,rodada_2,6.521802,,,,,,0.73,1602.0,1.0,,SASDUP2_fit1_model1.pdb,SASDUP2/single_result/rodada_2/report.txt
SASDUP2,single,rodada_3,6.521802,,,,,,0.73,1602.0,1.0,,SASDUP2_fit1_model1.pdb,SASDUP2/single_result/rodada_3/report.txt
SASDUP5,single,rodada_1,5.205197,,,,,,9.14,1434.0,1.0,,SASDUP5_fit1_model1.pdb,SASDUP5/single_result/rodada_1/report.txt
SASDUP5,single,rodada_2,5.205197,,,,,,9.19,1434.0,1.0,,SASDUP5_fit1_model1.pdb,SASDUP5/single_result/rodada_2/report.txt
SASDUP5,single,rodada_3,5.205197,,,,,,9.18,1434.0,1.0,,SASDUP5_fit1_model1.pdb,SASDUP5/single_result/rodada_3/report.txt
SASDUQ2,single,rodada_1,9.139115,,,,,,0.57,508.0,1.0,,SASDUQ2_fit1_model1.pdb,SASDUQ2/single_result/rodada_1/report.txt
SASDUQ2,single,rodada_2,9.139115,,,,,,0.57,508.0,1.0,,SASDUQ2_fit1_model1.pdb,SASDUQ2/single_result/rodada_2/report.txt
SASDUQ2,single,rodada_3,9.139115,,,,,,0.57,508.0,1.0,,SASDUQ2_fit1_model1.pdb,SASDUQ2/single_result/rodada_3/report.txt
SASDUQ3,packing,rodada_1,4.205124,3.35608,4.2051,YES,6.0,50.0,0.04,185.0,,6,,SASDUQ3/packing_result/rodada_1/report.txt
SASDUQ3,packing,rodada_2,4.178156,3.491601,4.1782,YES,6.0,50.0,0.04,185.0,,6,,SASDUQ3/packing_result/rodada_2/report.txt
SASDUQ3,packing,rodada_3,4.211871,4.876921,4.2119,NO,6.0,50.0,0.04,185.0,,6,,SASDUQ3/packing_result/rodada_3/report.txt
SASDUQ4,single,rodada_1,8.089896,,,,,,1.17,839.0,1.0,,SASDUQ4_fit1_model1.pdb,SASDUQ4/single_result/rodada_1/report.txt
SASDUQ4,single,rodada_2,8.089896,,,,,,1.17,839.0,1.0,,SASDUQ4_fit1_model1.pdb,SASDUQ4/single_result/rodada_2/report.txt
SASDUQ4,single,rodada_3,8.089896,,,,,,1.2,839.0,1.0,,SASDUQ4_fit1_model1.pdb,SASDUQ4/single_result/rodada_3/report.txt
SASDUQ5,packing,rodada_1,4.754787,4.49104,4.7548,YES,2.0,50.0,4.65,1340.0,,2,,SASDUQ5/packing_result/rodada_1/report.txt
SASDUQ5,packing,rodada_2,5.170792,4.43827,5.1708,YES,2.0,50.0,4.65,1340.0,,2,,SASDUQ5/packing_result/rodada_2/report.txt
SASDUQ5,packing,rodada_3,4.965248,4.545233,4.9652,YES,2.0,50.0,4.7,1340.0,,2,,SASDUQ5/packing_result/rodada_3/report.txt
SASDUR2,single,rodada_1,8.08639,,,,,,1.25,1374.0,1.0,,SASDUR2_fit1_model1.pdb,SASDUR2/single_result/rodada_1/report.txt
SASDUR2,single,rodada_2,8.08639,,,,,,1.25,1374.0,1.0,,SASDUR2_fit1_model1.pdb,SASDUR2/single_result/rodada_2/report.txt
SASDUR2,single,rodada_3,8.08639,,,,,,1.25,1374.0,1.0,,SASDUR2_fit1_model1.pdb,SASDUR2/single_result/rodada_3/report.txt
SASDUR3,packing,rodada_1,3.83706,3.130882,3.8371,YES,8.0,50.0,0.05,195.0,,8,,SASDUR3/packing_result/rodada_1/report.txt
SASDUR3,packing,rodada_2,3.641629,3.227508,3.6416,YES,8.0,50.0,0.05,195.0,,8,,SASDUR3/packing_result/rodada_2/report.txt
SASDUR3,packing,rodada_3,3.641629,3.144293,3.6416,YES,8.0,50.0,0.04,195.0,,8,,SASDUR3/packing_result/rodada_3/report.txt
SASDUR4,single,rodada_1,9.034297,,,,,,1.21,918.0,1.0,,SASDUR4_fit1_model1.pdb,SASDUR4/single_result/rodada_1/report.txt
SASDUR4,single,rodada_2,9.034297,,,,,,1.2,918.0,1.0,,SASDUR4_fit1_model1.pdb,SASDUR4/single_result/rodada_2/report.txt
SASDUR4,single,rodada_3,9.034297,,,,,,1.19,918.0,1.0,,SASDUR4_fit1_model1.pdb,SASDUR4/single_result/rodada_3/report.txt
SASDUR5,single,rodada_1,4.297362,,,,,,9.26,1456.0,1.0,,SASDUR5_fit1_model1.pdb,SASDUR5/single_result/rodada_1/report.txt
SASDUR5,single,rodada_2,4.297362,,,,,,9.3,1456.0,1.0,,SASDUR5_fit1_model1.pdb,SASDUR5/single_result/rodada_2/report.txt
SASDUR5,single,rodada_3,4.297362,,,,,,9.32,1456.0,1.0,,SASDUR5_fit1_model1.pdb,SASDUR5/single_result/rodada_3/report.txt
SASDUS2,single,rodada_1,9.814193,,,,,,1.13,651.0,1.0,,SASDUS2_fit1_model1.pdb,SASDUS2/single_result/rodada_1/report.txt
SASDUS2,single,rodada_2,9.814193,,,,,,1.13,651.0,1.0,,SASDUS2_fit1_model1.pdb,SASDUS2/single_result/rodada_2/report.txt
SASDUS2,single,rodada_3,9.814193,,,,,,1.12,651.0,1.0,,SASDUS2_fit1_model1.pdb,SASDUS2/single_result/rodada_3/report.txt
SASDUS8,packing,rodada_1,3.272874,3.272874,3.2729,NO,1.0,50.0,0.08,1041.0,,1,,SASDUS8/packing_result/rodada_1/report.txt
SASDUS8,packing,rodada_2,3.575774,3.575774,3.5758,NO,1.0,50.0,0.08,1041.0,,1,,SASDUS8/packing_result/rodada_2/report.txt
SASDUS8,packing,rodada_3,3.10746,3.10746,3.1075,NO,1.0,50.0,0.08,1041.0,,1,,SASDUS8/packing_result/rodada_3/report.txt
SASDUT2,single,rodada_1,4.830529,,,,,,0.32,272.0,1.0,,SASDUT2_fit1_model1.pdb,SASDUT2/single_result/rodada_1/report.txt
SASDUT2,single,rodada_2,4.830529,,,,,,0.32,272.0,1.0,,SASDUT2_fit1_model1.pdb,SASDUT2/single_result/rodada_2/report.txt
SASDUT2,single,rodada_3,4.830529,,,,,,0.32,272.0,1.0,,SASDUT2_fit1_model1.pdb,SASDUT2/single_result/rodada_3/report.txt
SASDUT6,single,rodada_1,16.365634,,,,,,0.13,1094.0,1.0,,SASDUT6_fit1_model1.pdb,SASDUT6/single_result/rodada_1/report.txt
SASDUT6,single,rodada_2,16.365634,,,,,,0.12,1094.0,1.0,,SASDUT6_fit1_model1.pdb,SASDUT6/single_result/rodada_2/report.txt
SASDUT6,single,rodada_3,16.365634,,,,,,0.12,1094.0,1.0,,SASDUT6_fit1_model1.pdb,SASDUT6/single_result/rodada_3/report.txt
SASDUT8,packing,rodada_1,6.771868,6.771868,6.7719,NO,1.0,50.0,0.11,1075.0,,1,,SASDUT8/packing_result/rodada_1/report.txt
SASDUT8,packing,rodada_2,8.354267,8.354267,8.3543,NO,1.0,50.0,0.11,1075.0,,1,,SASDUT8/packing_result/rodada_2/report.txt
SASDUT8,packing,rodada_3,5.687455,5.687455,5.6875,NO,1.0,50.0,0.11,1075.0,,1,,SASDUT8/packing_result/rodada_3/report.txt
SASDUU2,single,rodada_1,2.34611,,,,,,0.29,403.0,1.0,,SASDUU2_fit1_model1.pdb,SASDUU2/single_result/rodada_1/report.txt
SASDUU2,single,rodada_2,2.34611,,,,,,0.29,403.0,1.0,,SASDUU2_fit1_model1.pdb,SASDUU2/single_result/rodada_2/report.txt
SASDUU2,single,rodada_3,2.34611,,,,,,0.3,403.0,1.0,,SASDUU2_fit1_model1.pdb,SASDUU2/single_result/rodada_3/report.txt
SASDUU5,single,rodada_1,8.248002,,,,,,0.89,1159.0,1.0,,SASDUU5_fit1_model1.pdb,SASDUU5/single_result/rodada_1/report.txt
SASDUU5,single,rodada_2,8.248002,,,,,,0.89,1159.0,1.0,,SASDUU5_fit1_model1.pdb,SASDUU5/single_result/rodada_2/report.txt
SASDUU5,single,rodada_3,8.248002,,,,,,0.89,1159.0,1.0,,SASDUU5_fit1_model1.pdb,SASDUU5/single_result/rodada_3/report.txt
SASDUU6,single,rodada_1,13.569803,,,,,,0.1,885.0,1.0,,SASDUU6_fit1_model1.pdb,SASDUU6/single_result/rodada_1/report.txt
SASDUU6,single,rodada_2,13.569803,,,,,,0.1,885.0,1.0,,SASDUU6_fit1_model1.pdb,SASDUU6/single_result/rodada_2/report.txt
SASDUU6,single,rodada_3,13.569803,,,,,,0.1,885.0,1.0,,SASDUU6_fit1_model1.pdb,SASDUU6/single_result/rodada_3/report.txt
SASDUU8,packing,rodada_1,4.316971,4.316971,4.317,NO,1.0,50.0,0.16,1883.0,,1,,SASDUU8/packing_result/rodada_1/report.txt
SASDUU8,packing,rodada_2,3.648992,3.648992,3.649,NO,1.0,50.0,0.17,1883.0,,1,,SASDUU8/packing_result/rodada_2/report.txt
SASDUU8,packing,rodada_3,3.545654,3.545654,3.5457,NO,1.0,50.0,0.16,1883.0,,1,,SASDUU8/packing_result/rodada_3/report.txt
SASDUV5,single,rodada_1,8.472648,,,,,,0.6,358.0,1.0,,SASDUV5_fit1_model1.pdb,SASDUV5/single_result/rodada_1/report.txt
SASDUV5,single,rodada_2,8.472648,,,,,,0.6,358.0,1.0,,SASDUV5_fit1_model1.pdb,SASDUV5/single_result/rodada_2/report.txt
SASDUV5,single,rodada_3,8.472648,,,,,,0.6,358.0,1.0,,SASDUV5_fit1_model1.pdb,SASDUV5/single_result/rodada_3/report.txt
SASDUV6,single,rodada_1,14.939704,,,,,,0.11,969.0,1.0,,SASDUV6_fit1_model1.pdb,SASDUV6/single_result/rodada_1/report.txt
SASDUV6,single,rodada_2,14.939704,,,,,,0.11,969.0,1.0,,SASDUV6_fit1_model1.pdb,SASDUV6/single_result/rodada_2/report.txt
SASDUV6,single,rodada_3,14.939704,,,,,,0.12,969.0,1.0,,SASDUV6_fit1_model1.pdb,SASDUV6/single_result/rodada_3/report.txt
SASDUV8,single,rodada_1,3.345771,,,,,,0.23,1178.0,1.0,,SASDUV8_fit1_model1.pdb,SASDUV8/single_result/rodada_1/report.txt
SASDUV8,single,rodada_2,3.345771,,,,,,0.23,1178.0,1.0,,SASDUV8_fit1_model1.pdb,SASDUV8/single_result/rodada_2/report.txt
SASDUV8,single,rodada_3,3.345771,,,,,,0.23,1178.0,1.0,,SASDUV8_fit1_model1.pdb,SASDUV8/single_result/rodada_3/report.txt
SASDUW2,single,rodada_1,9.762208,,,,,,0.09,309.0,1.0,,SASDUW2_fit1_model1.pdb,SASDUW2/single_result/rodada_1/report.txt
SASDUW2,single,rodada_2,9.762208,,,,,,0.09,309.0,1.0,,SASDUW2_fit1_model1.pdb,SASDUW2/single_result/rodada_2/report.txt
SASDUW2,single,rodada_3,9.762208,,,,,,0.1,309.0,1.0,,SASDUW2_fit1_model1.pdb,SASDUW2/single_result/rodada_3/report.txt
SASDUW3,packing,rodada_1,7.959985,6.920429,7.9417,YES,3.0,50.0,0.53,1280.0,,3,,SASDUW3/packing_result/rodada_1/report.txt
SASDUW3,packing,rodada_2,6.897186,6.293049,6.8972,YES,3.0,50.0,0.52,1280.0,,3,,SASDUW3/packing_result/rodada_2/report.txt
SASDUW3,packing,rodada_3,7.200006,6.175276,7.2,YES,3.0,50.0,0.53,1280.0,,3,,SASDUW3/packing_result/rodada_3/report.txt
SASDUW5,packing,rodada_1,11.301645,7.826506,11.3016,YES,2.0,50.0,0.16,262.0,,2,,SASDUW5/packing_result/rodada_1/report.txt
SASDUW5,packing,rodada_2,11.628173,7.5447,11.3097,YES,2.0,50.0,0.16,262.0,,2,,SASDUW5/packing_result/rodada_2/report.txt
SASDUW5,packing,rodada_3,7.840309,7.377465,7.8403,YES,2.0,50.0,0.16,262.0,,2,,SASDUW5/packing_result/rodada_3/report.txt
SASDUW6,packing,rodada_1,2.448316,2.448316,2.4483,NO,1.0,50.0,0.18,3447.0,,1,,SASDUW6/packing_result/rodada_1/report.txt
SASDUW6,packing,rodada_2,2.505899,2.505899,2.5059,NO,1.0,50.0,0.19,3447.0,,1,,SASDUW6/packing_result/rodada_2/report.txt
SASDUW6,packing,rodada_3,2.473887,2.473887,2.4739,NO,1.0,50.0,0.19,3447.0,,1,,SASDUW6/packing_result/rodada_3/report.txt
SASDUW8,single,rodada_1,3.869141,,,,,,0.27,1414.0,1.0,,SASDUW8_fit1_model1.pdb,SASDUW8/single_result/rodada_1/report.txt
SASDUW8,single,rodada_2,3.869141,,,,,,0.27,1414.0,1.0,,SASDUW8_fit1_model1.pdb,SASDUW8/single_result/rodada_2/report.txt
SASDUW8,single,rodada_3,3.869141,,,,,,0.27,1414.0,1.0,,SASDUW8_fit1_model1.pdb,SASDUW8/single_result/rodada_3/report.txt
SASDUX3,packing,rodada_1,14.644513,37.294763,14.6445,NO,3.0,50.0,2.9,125.0,,3,,SASDUX3/packing_result/rodada_1/report.txt
SASDUX3,packing,rodada_2,14.570982,37.226116,14.571,NO,3.0,50.0,2.88,125.0,,3,,SASDUX3/packing_result/rodada_2/report.txt
SASDUX3,packing,rodada_3,14.644117,37.294977,14.6441,NO,3.0,50.0,2.87,125.0,,3,,SASDUX3/packing_result/rodada_3/report.txt
SASDUX5,packing,rodada_1,4.190198,4.119511,4.1902,YES,2.0,50.0,0.24,2357.0,,2,,SASDUX5/packing_result/rodada_1/report.txt
SASDUX5,packing,rodada_2,3.46269,3.373192,3.4627,YES,2.0,50.0,0.24,2357.0,,2,,SASDUX5/packing_result/rodada_2/report.txt
SASDUX5,packing,rodada_3,4.18609,4.184496,4.1861,YES,2.0,50.0,0.24,2357.0,,2,,SASDUX5/packing_result/rodada_3/report.txt
SASDUX6,packing,rodada_1,3.562634,3.562634,3.5626,NO,1.0,50.0,0.19,4781.0,,1,,SASDUX6/packing_result/rodada_1/report.txt
SASDUX6,packing,rodada_2,4.100811,4.100811,4.1008,NO,1.0,50.0,0.19,4781.0,,1,,SASDUX6/packing_result/rodada_2/report.txt
SASDUX6,packing,rodada_3,3.058667,3.058667,3.0587,NO,1.0,50.0,0.2,4781.0,,1,,SASDUX6/packing_result/rodada_3/report.txt
SASDUX8,single,rodada_1,7.029849,,,,,,0.27,571.0,1.0,,SASDUX8_fit1_model1.pdb,SASDUX8/single_result/rodada_1/report.txt
SASDUX8,single,rodada_2,7.029849,,,,,,0.27,571.0,1.0,,SASDUX8_fit1_model1.pdb,SASDUX8/single_result/rodada_2/report.txt
SASDUX8,single,rodada_3,7.029849,,,,,,0.27,571.0,1.0,,SASDUX8_fit1_model1.pdb,SASDUX8/single_result/rodada_3/report.txt
SASDUY5,packing,rodada_1,5.329514,5.160522,5.3295,YES,2.0,50.0,0.41,1602.0,,2,,SASDUY5/packing_result/rodada_1/report.txt
SASDUY5,packing,rodada_2,6.501009,5.815394,6.501,YES,2.0,50.0,0.4,1602.0,,2,,SASDUY5/packing_result/rodada_2/report.txt
SASDUY5,packing,rodada_3,7.17512,5.813917,7.1751,YES,2.0,50.0,0.4,1602.0,,2,,SASDUY5/packing_result/rodada_3/report.txt
SASDUY6,packing,rodada_1,3.875607,3.875607,3.8756,NO,1.0,50.0,0.25,2385.0,,1,,SASDUY6/packing_result/rodada_1/report.txt
SASDUY6,packing,rodada_2,3.203302,3.203302,3.2033,NO,1.0,50.0,0.25,2385.0,,1,,SASDUY6/packing_result/rodada_2/report.txt
SASDUY6,packing,rodada_3,3.662404,3.662404,3.6624,NO,1.0,50.0,0.24,2385.0,,1,,SASDUY6/packing_result/rodada_3/report.txt
SASDUZ6,packing,rodada_1,5.080528,5.080528,5.0805,NO,1.0,50.0,0.19,1026.0,,1,,SASDUZ6/packing_result/rodada_1/report.txt
SASDUZ6,packing,rodada_2,3.502141,3.502141,3.5021,NO,1.0,50.0,0.18,1026.0,,1,,SASDUZ6/packing_result/rodada_2/report.txt
SASDUZ6,packing,rodada_3,5.167709,5.167709,5.1677,NO,1.0,50.0,0.18,1026.0,,1,,SASDUZ6/packing_result/rodada_3/report.txt
SASDV25,packing,rodada_1,6.582724,4.931314,6.5827,YES,2.0,50.0,0.15,1283.0,,2,,SASDV25/packing_result/rodada_1/report.txt
SASDV25,packing,rodada_2,5.129376,4.378294,5.1294,YES,2.0,50.0,0.15,1283.0,,2,,SASDV25/packing_result/rodada_2/report.txt
SASDV25,packing,rodada_3,5.185532,4.605485,5.1855,YES,2.0,50.0,0.15,1283.0,,2,,SASDV25/packing_result/rodada_3/report.txt
SASDV26,single,rodada_1,23.149545,,,,,,0.16,1200.0,1.0,,SASDV26_fit1_model1.pdb,SASDV26/single_result/rodada_1/report.txt
SASDV26,single,rodada_2,23.149545,,,,,,0.16,1200.0,1.0,,SASDV26_fit1_model1.pdb,SASDV26/single_result/rodada_2/report.txt
SASDV26,single,rodada_3,23.149545,,,,,,0.16,1200.0,1.0,,SASDV26_fit1_model1.pdb,SASDV26/single_result/rodada_3/report.txt
SASDV39,packing,rodada_1,4.936395,2.907765,3.1743,YES,2.0,50.0,0.59,1413.0,,2,,SASDV39/packing_result/rodada_1/report.txt
SASDV39,packing,rodada_2,4.679428,2.74485,2.9597,YES,2.0,50.0,0.59,1413.0,,2,,SASDV39/packing_result/rodada_2/report.txt
SASDV39,packing,rodada_3,5.025318,3.153988,3.5927,YES,2.0,50.0,0.61,1413.0,,2,,SASDV39/packing_result/rodada_3/report.txt
SASDV46,packing,rodada_1,8.564383,7.695722,8.5644,YES,2.0,50.0,0.11,93.0,,2,,SASDV46/packing_result/rodada_1/report.txt
SASDV46,packing,rodada_2,10.197089,6.554674,10.1971,YES,2.0,50.0,0.11,93.0,,2,,SASDV46/packing_result/rodada_2/report.txt
SASDV46,packing,rodada_3,7.450808,7.873261,7.4508,NO,2.0,50.0,0.11,93.0,,2,,SASDV46/packing_result/rodada_3/report.txt
SASDV49,packing,rodada_1,3.335034,3.63904,3.335,NO,2.0,50.0,0.28,990.0,,2,,SASDV49/packing_result/rodada_1/report.txt
SASDV49,packing,rodada_2,3.970901,3.630445,3.9709,YES,2.0,50.0,0.27,990.0,,2,,SASDV49/packing_result/rodada_2/report.txt
SASDV49,packing,rodada_3,4.635716,3.9668,4.6357,YES,2.0,50.0,0.27,990.0,,2,,SASDV49/packing_result/rodada_3/report.txt
SASDV54,single,rodada_1,7.403275,,,,,,0.96,1830.0,1.0,,SASDV54_ensemble_model_run1_best10.pdb,SASDV54/single_result/rodada_1/report.txt
SASDV54,single,rodada_2,7.403275,,,,,,0.97,1830.0,1.0,,SASDV54_ensemble_model_run1_best10.pdb,SASDV54/single_result/rodada_2/report.txt
SASDV54,single,rodada_3,7.403275,,,,,,0.97,1830.0,1.0,,SASDV54_ensemble_model_run1_best10.pdb,SASDV54/single_result/rodada_3/report.txt
SASDV56,packing,rodada_1,14.064898,4.653398,6.3018,YES,2.0,50.0,0.21,277.0,,2,,SASDV56/packing_result/rodada_1/report.txt
SASDV56,packing,rodada_2,14.567992,4.995586,7.6188,YES,2.0,50.0,0.21,277.0,,2,,SASDV56/packing_result/rodada_2/report.txt
SASDV56,packing,rodada_3,10.248636,5.399272,5.7134,YES,2.0,50.0,0.2,277.0,,2,,SASDV56/packing_result/rodada_3/report.txt
SASDV66,single,rodada_1,8.214234,,,,,,0.21,320.0,1.0,,SASDV66_fit1_model1.pdb,SASDV66/single_result/rodada_1/report.txt
SASDV66,single,rodada_2,8.214234,,,,,,0.21,320.0,1.0,,SASDV66_fit1_model1.pdb,SASDV66/single_result/rodada_2/report.txt
SASDV66,single,rodada_3,8.214234,,,,,,0.21,320.0,1.0,,SASDV66_fit1_model1.pdb,SASDV66/single_result/rodada_3/report.txt
SASDV76,packing,rodada_1,4.648531,3.926417,4.6485,YES,2.0,50.0,0.29,391.0,,2,,SASDV76/packing_result/rodada_1/report.txt
SASDV76,packing,rodada_2,4.674297,4.26323,4.6743,YES,2.0,50.0,0.29,391.0,,2,,SASDV76/packing_result/rodada_2/report.txt
SASDV76,packing,rodada_3,4.384738,4.131342,4.3847,YES,2.0,50.0,0.29,391.0,,2,,SASDV76/packing_result/rodada_3/report.txt
SASDV83,packing,rodada_1,15.769705,11.962451,15.7697,YES,3.0,50.0,0.04,153.0,,3,,SASDV83/packing_result/rodada_1/report.txt
SASDV83,packing,rodada_2,15.220089,11.713031,15.2201,YES,3.0,50.0,0.04,153.0,,3,,SASDV83/packing_result/rodada_2/report.txt
SASDV83,packing,rodada_3,11.492503,10.945611,11.4925,YES,3.0,50.0,0.04,153.0,,3,,SASDV83/packing_result/rodada_3/report.txt
SASDV93,packing,rodada_1,14.031907,14.118709,14.0319,NO,3.0,50.0,0.04,175.0,,3,,SASDV93/packing_result/rodada_1/report.txt
SASDV93,packing,rodada_2,14.080989,10.658797,11.7454,YES,3.0,50.0,0.04,175.0,,3,,SASDV93/packing_result/rodada_2/report.txt
SASDV93,packing,rodada_3,17.298345,13.871914,15.3775,YES,3.0,50.0,0.04,175.0,,3,,SASDV93/packing_result/rodada_3/report.txt
SASDV98,packing,rodada_1,4.266734,3.95868,4.2667,YES,4.0,50.0,1.52,1189.0,,4,,SASDV98/packing_result/rodada_1/report.txt
SASDV98,packing,rodada_2,5.271973,3.882575,4.6257,YES,4.0,50.0,1.53,1189.0,,4,,SASDV98/packing_result/rodada_2/report.txt
SASDV98,packing,rodada_3,5.024311,3.493611,4.0028,YES,4.0,50.0,1.54,1189.0,,4,,SASDV98/packing_result/rodada_3/report.txt
SASDVA8,packing,rodada_1,3.59334,2.531558,3.2594,YES,3.0,50.0,0.25,1729.0,,3,,SASDVA8/packing_result/rodada_1/report.txt
SASDVA8,packing,rodada_2,3.583796,2.570615,3.5838,YES,3.0,50.0,0.25,1729.0,,3,,SASDVA8/packing_result/rodada_2/report.txt
SASDVA8,packing,rodada_3,3.742061,2.8622,3.7421,YES,3.0,50.0,0.25,1729.0,,3,,SASDVA8/packing_result/rodada_3/report.txt
SASDVB8,single,rodada_1,4.037927,,,,,,1.04,929.0,1.0,,SASDVB8_fit1_model1.pdb,SASDVB8/single_result/rodada_1/report.txt
SASDVB8,single,rodada_2,4.037927,,,,,,1.04,929.0,1.0,,SASDVB8_fit1_model1.pdb,SASDVB8/single_result/rodada_2/report.txt
SASDVB8,single,rodada_3,4.037927,,,,,,1.03,929.0,1.0,,SASDVB8_fit1_model1.pdb,SASDVB8/single_result/rodada_3/report.txt
SASDVC3,single,rodada_1,3.58558,,,,,,0.26,1161.0,1.0,,SASDVC3_fit1_model1.pdb,SASDVC3/single_result/rodada_1/report.txt
SASDVC3,single,rodada_2,3.58558,,,,,,0.26,1161.0,1.0,,SASDVC3_fit1_model1.pdb,SASDVC3/single_result/rodada_2/report.txt
SASDVC3,single,rodada_3,3.58558,,,,,,0.26,1161.0,1.0,,SASDVC3_fit1_model1.pdb,SASDVC3/single_result/rodada_3/report.txt
SASDVC7,single,rodada_1,5.473016,,,,,,2.06,979.0,1.0,,SASDVC7_fit1_model1.pdb,SASDVC7/single_result/rodada_1/report.txt
SASDVC7,single,rodada_2,5.473016,,,,,,2.06,979.0,1.0,,SASDVC7_fit1_model1.pdb,SASDVC7/single_result/rodada_2/report.txt
SASDVC7,single,rodada_3,5.473016,,,,,,2.05,979.0,1.0,,SASDVC7_fit1_model1.pdb,SASDVC7/single_result/rodada_3/report.txt
SASDVC9,packing,rodada_1,21.37184,17.872547,21.3718,YES,3.0,50.0,0.04,166.0,,3,,SASDVC9/packing_result/rodada_1/report.txt
SASDVC9,packing,rodada_2,21.177823,18.081746,21.1778,YES,3.0,50.0,0.04,166.0,,3,,SASDVC9/packing_result/rodada_2/report.txt
SASDVC9,packing,rodada_3,24.143555,18.756245,24.1436,YES,3.0,50.0,0.04,166.0,,3,,SASDVC9/packing_result/rodada_3/report.txt
SASDVD6,packing,rodada_1,1.782335,1.782335,1.7823,NO,2.0,50.0,0.16,3958.0,,2,,SASDVD6/packing_result/rodada_1/report.txt
SASDVD6,packing,rodada_2,1.846176,1.846176,1.8462,NO,2.0,50.0,0.16,3958.0,,2,,SASDVD6/packing_result/rodada_2/report.txt
SASDVD6,packing,rodada_3,2.345785,2.345785,2.3458,NO,2.0,50.0,0.16,3958.0,,2,,SASDVD6/packing_result/rodada_3/report.txt
SASDVD7,single,rodada_1,2.905185,,,,,,0.59,1383.0,1.0,,SASDVD7_fit1_model1.pdb,SASDVD7/single_result/rodada_1/report.txt
SASDVD7,single,rodada_2,2.905185,,,,,,0.59,1383.0,1.0,,SASDVD7_fit1_model1.pdb,SASDVD7/single_result/rodada_2/report.txt
SASDVD7,single,rodada_3,2.905185,,,,,,0.59,1383.0,1.0,,SASDVD7_fit1_model1.pdb,SASDVD7/single_result/rodada_3/report.txt
SASDVD9,packing,rodada_1,25.58575,21.567393,25.5858,YES,3.0,50.0,0.04,151.0,,3,,SASDVD9/packing_result/rodada_1/report.txt
SASDVD9,packing,rodada_2,26.461002,21.383146,26.461,YES,3.0,50.0,0.04,151.0,,3,,SASDVD9/packing_result/rodada_2/report.txt
SASDVD9,packing,rodada_3,27.391367,23.368011,27.3914,YES,3.0,50.0,0.04,151.0,,3,,SASDVD9/packing_result/rodada_3/report.txt
SASDVE2,single,rodada_1,12.900451,,,,,,0.18,945.0,1.0,,SASDVE2_fit1_model1.pdb,SASDVE2/single_result/rodada_1/report.txt
SASDVE2,single,rodada_2,12.900451,,,,,,0.18,945.0,1.0,,SASDVE2_fit1_model1.pdb,SASDVE2/single_result/rodada_2/report.txt
SASDVE2,single,rodada_3,12.900451,,,,,,0.17,945.0,1.0,,SASDVE2_fit1_model1.pdb,SASDVE2/single_result/rodada_3/report.txt
SASDVE6,packing,rodada_1,2.270837,2.270837,2.2708,NO,2.0,50.0,0.11,1373.0,,2,,SASDVE6/packing_result/rodada_1/report.txt
SASDVE6,packing,rodada_2,2.291939,2.291939,2.2919,NO,2.0,50.0,0.11,1373.0,,2,,SASDVE6/packing_result/rodada_2/report.txt
SASDVE6,packing,rodada_3,2.52154,2.52154,2.5215,NO,2.0,50.0,0.11,1373.0,,2,,SASDVE6/packing_result/rodada_3/report.txt
SASDVE7,single,rodada_1,7.966369,,,,,,2.58,692.0,1.0,,SASDVE7_fit1_model1.pdb,SASDVE7/single_result/rodada_1/report.txt
SASDVE7,single,rodada_2,7.966369,,,,,,2.57,692.0,1.0,,SASDVE7_fit1_model1.pdb,SASDVE7/single_result/rodada_2/report.txt
SASDVE7,single,rodada_3,7.966369,,,,,,2.57,692.0,1.0,,SASDVE7_fit1_model1.pdb,SASDVE7/single_result/rodada_3/report.txt
SASDVE9,packing,rodada_1,15.593334,11.13855,14.7934,YES,3.0,50.0,0.04,213.0,,3,,SASDVE9/packing_result/rodada_1/report.txt
SASDVE9,packing,rodada_2,14.976744,14.789688,14.9767,YES,3.0,50.0,0.04,213.0,,3,,SASDVE9/packing_result/rodada_2/report.txt
SASDVE9,packing,rodada_3,15.246057,13.14519,14.6885,YES,3.0,50.0,0.04,213.0,,3,,SASDVE9/packing_result/rodada_3/report.txt
SASDVF6,packing,rodada_1,3.352871,2.798797,3.3529,YES,8.0,50.0,0.54,337.0,,8,,SASDVF6/packing_result/rodada_1/report.txt
SASDVF6,packing,rodada_2,3.476822,2.619729,3.4768,YES,8.0,50.0,0.54,337.0,,8,,SASDVF6/packing_result/rodada_2/report.txt
SASDVF6,packing,rodada_3,3.365548,2.636583,3.3655,YES,8.0,50.0,0.54,337.0,,8,,SASDVF6/packing_result/rodada_3/report.txt
SASDVG2,packing,rodada_1,6.04563,5.19079,5.9451,YES,6.0,50.0,1.49,292.0,,6,,SASDVG2/packing_result/rodada_1/report.txt
SASDVG2,packing,rodada_2,8.612085,6.285759,8.1097,YES,6.0,50.0,1.48,292.0,,6,,SASDVG2/packing_result/rodada_2/report.txt
SASDVG2,packing,rodada_3,5.934864,5.590084,5.9349,YES,6.0,50.0,1.5,292.0,,6,,SASDVG2/packing_result/rodada_3/report.txt
SASDVG4,packing,rodada_1,4.58393,3.078387,3.4381,YES,4.0,50.0,0.82,1226.0,,4,,SASDVG4/packing_result/rodada_1/report.txt
SASDVG4,packing,rodada_2,5.386564,3.552946,4.0978,YES,4.0,50.0,0.85,1226.0,,4,,SASDVG4/packing_result/rodada_2/report.txt
SASDVG4,packing,rodada_3,4.721089,2.634301,2.8468,YES,4.0,50.0,0.83,1226.0,,4,,SASDVG4/packing_result/rodada_3/report.txt
SASDVG6,packing,rodada_1,6.273458,6.151872,6.2735,YES,2.0,50.0,1.05,1067.0,,2,,SASDVG6/packing_result/rodada_1/report.txt
SASDVG6,packing,rodada_2,5.863587,5.720188,5.8636,YES,2.0,50.0,1.03,1067.0,,2,,SASDVG6/packing_result/rodada_2/report.txt
SASDVG6,packing,rodada_3,6.163065,5.954181,6.1631,YES,2.0,50.0,1.03,1067.0,,2,,SASDVG6/packing_result/rodada_3/report.txt
SASDVH2,packing,rodada_1,5.596886,5.556663,5.5969,YES,6.0,50.0,1.65,2191.0,,6,,SASDVH2/packing_result/rodada_1/report.txt
SASDVH2,packing,rodada_2,5.492802,5.610765,5.4928,NO,6.0,50.0,1.62,2191.0,,6,,SASDVH2/packing_result/rodada_2/report.txt
SASDVH2,packing,rodada_3,4.793588,5.463624,4.7936,NO,6.0,50.0,1.62,2191.0,,6,,SASDVH2/packing_result/rodada_3/report.txt
SASDVH4,packing,rodada_1,4.975234,5.163934,4.9752,NO,2.0,50.0,0.26,835.0,,2,,SASDVH4/packing_result/rodada_1/report.txt
SASDVH4,packing,rodada_2,3.698056,3.379109,3.6981,YES,2.0,50.0,0.25,835.0,,2,,SASDVH4/packing_result/rodada_2/report.txt
SASDVH4,packing,rodada_3,5.402867,3.656918,4.1497,YES,2.0,50.0,0.25,835.0,,2,,SASDVH4/packing_result/rodada_3/report.txt
SASDVH7,single,rodada_1,2.529647,,,,,,0.32,986.0,1.0,,SASDVH7_fit1_model1.pdb,SASDVH7/single_result/rodada_1/report.txt
SASDVH7,single,rodada_2,2.529647,,,,,,0.32,986.0,1.0,,SASDVH7_fit1_model1.pdb,SASDVH7/single_result/rodada_2/report.txt
SASDVH7,single,rodada_3,2.529647,,,,,,0.32,986.0,1.0,,SASDVH7_fit1_model1.pdb,SASDVH7/single_result/rodada_3/report.txt
SASDVJ4,single,rodada_1,4.696346,,,,,,0.68,1008.0,1.0,,SASDVJ4_fit1_model1.pdb,SASDVJ4/single_result/rodada_1/report.txt
SASDVJ4,single,rodada_2,4.696346,,,,,,0.68,1008.0,1.0,,SASDVJ4_fit1_model1.pdb,SASDVJ4/single_result/rodada_2/report.txt
SASDVJ4,single,rodada_3,4.696346,,,,,,0.68,1008.0,1.0,,SASDVJ4_fit1_model1.pdb,SASDVJ4/single_result/rodada_3/report.txt
SASDVJ6,packing,rodada_1,6.431607,6.431607,6.4316,NO,1.0,50.0,1.83,954.0,,1,,SASDVJ6/packing_result/rodada_1/report.txt
SASDVJ6,packing,rodada_2,7.382457,7.382457,7.3825,NO,1.0,50.0,1.86,954.0,,1,,SASDVJ6/packing_result/rodada_2/report.txt
SASDVJ6,packing,rodada_3,8.959346,8.959346,8.9593,NO,1.0,50.0,1.88,954.0,,1,,SASDVJ6/packing_result/rodada_3/report.txt
SASDVJ9,single,rodada_1,9.372402,,,,,,0.68,1529.0,1.0,,SASDVJ9_fit1_model1.pdb,SASDVJ9/single_result/rodada_1/report.txt
SASDVJ9,single,rodada_2,9.372402,,,,,,0.68,1529.0,1.0,,SASDVJ9_fit1_model1.pdb,SASDVJ9/single_result/rodada_2/report.txt
SASDVJ9,single,rodada_3,9.372402,,,,,,0.68,1529.0,1.0,,SASDVJ9_fit1_model1.pdb,SASDVJ9/single_result/rodada_3/report.txt
SASDVK2,single,rodada_1,2.318861,,,,,,0.67,1079.0,1.0,,SASDVK2_fit1_model1.pdb,SASDVK2/single_result/rodada_1/report.txt
SASDVK2,single,rodada_2,2.318861,,,,,,0.67,1079.0,1.0,,SASDVK2_fit1_model1.pdb,SASDVK2/single_result/rodada_2/report.txt
SASDVK2,single,rodada_3,2.318861,,,,,,0.66,1079.0,1.0,,SASDVK2_fit1_model1.pdb,SASDVK2/single_result/rodada_3/report.txt
SASDVK4,single,rodada_1,4.210922,,,,,,0.96,991.0,1.0,,SASDVK4_fit1_model1.pdb,SASDVK4/single_result/rodada_1/report.txt
SASDVK4,single,rodada_2,4.210922,,,,,,0.96,991.0,1.0,,SASDVK4_fit1_model1.pdb,SASDVK4/single_result/rodada_2/report.txt
SASDVK4,single,rodada_3,4.210922,,,,,,0.96,991.0,1.0,,SASDVK4_fit1_model1.pdb,SASDVK4/single_result/rodada_3/report.txt
SASDVK6,packing,rodada_1,6.236839,6.236839,6.2368,NO,1.0,50.0,1.87,968.0,,1,,SASDVK6/packing_result/rodada_1/report.txt
SASDVK6,packing,rodada_2,6.660478,6.660478,6.6605,NO,1.0,50.0,1.81,968.0,,1,,SASDVK6/packing_result/rodada_2/report.txt
SASDVK6,packing,rodada_3,5.887722,5.887722,5.8877,NO,1.0,50.0,1.82,968.0,,1,,SASDVK6/packing_result/rodada_3/report.txt
SASDVL2,single,rodada_1,4.542624,,,,,,0.68,717.0,1.0,,SASDVL2_fit1_model1.pdb,SASDVL2/single_result/rodada_1/report.txt
SASDVL2,single,rodada_2,4.542624,,,,,,0.69,717.0,1.0,,SASDVL2_fit1_model1.pdb,SASDVL2/single_result/rodada_2/report.txt
SASDVL2,single,rodada_3,4.542624,,,,,,0.68,717.0,1.0,,SASDVL2_fit1_model1.pdb,SASDVL2/single_result/rodada_3/report.txt
SASDVL4,single,rodada_1,3.160758,,,,,,0.82,2605.0,1.0,,SASDVL4_fit1_model1.pdb,SASDVL4/single_result/rodada_1/report.txt
SASDVL4,single,rodada_2,3.160758,,,,,,0.82,2605.0,1.0,,SASDVL4_fit1_model1.pdb,SASDVL4/single_result/rodada_2/report.txt
SASDVL4,single,rodada_3,3.160758,,,,,,0.82,2605.0,1.0,,SASDVL4_fit1_model1.pdb,SASDVL4/single_result/rodada_3/report.txt
SASDVL5,single,rodada_1,3.46837,,,,,,0.17,162.0,1.0,,SASDVL5_fit1_model1.pdb,SASDVL5/single_result/rodada_1/report.txt
SASDVL5,single,rodada_2,3.46837,,,,,,0.16,162.0,1.0,,SASDVL5_fit1_model1.pdb,SASDVL5/single_result/rodada_2/report.txt
SASDVL5,single,rodada_3,3.46837,,,,,,0.16,162.0,1.0,,SASDVL5_fit1_model1.pdb,SASDVL5/single_result/rodada_3/report.txt
SASDVL6,packing,rodada_1,6.277623,6.277623,6.2776,NO,1.0,50.0,1.78,1052.0,,1,,SASDVL6/packing_result/rodada_1/report.txt
SASDVL6,packing,rodada_2,6.184999,6.184999,6.185,NO,1.0,50.0,1.73,1052.0,,1,,SASDVL6/packing_result/rodada_2/report.txt
SASDVL6,packing,rodada_3,5.340296,5.340296,5.3403,NO,1.0,50.0,1.75,1052.0,,1,,SASDVL6/packing_result/rodada_3/report.txt
SASDVL9,single,rodada_1,7.444942,,,,,,0.63,1765.0,1.0,,SASDVL9_fit1_model1.pdb,SASDVL9/single_result/rodada_1/report.txt
SASDVL9,single,rodada_2,7.444942,,,,,,0.63,1765.0,1.0,,SASDVL9_fit1_model1.pdb,SASDVL9/single_result/rodada_2/report.txt
SASDVL9,single,rodada_3,7.444942,,,,,,0.63,1765.0,1.0,,SASDVL9_fit1_model1.pdb,SASDVL9/single_result/rodada_3/report.txt
SASDVM2,single,rodada_1,3.094692,,,,,,2.37,958.0,1.0,,SASDVM2_fit1_model1.pdb,SASDVM2/single_result/rodada_1/report.txt
SASDVM2,single,rodada_2,3.094692,,,,,,2.36,958.0,1.0,,SASDVM2_fit1_model1.pdb,SASDVM2/single_result/rodada_2/report.txt
SASDVM2,single,rodada_3,3.094692,,,,,,2.36,958.0,1.0,,SASDVM2_fit1_model1.pdb,SASDVM2/single_result/rodada_3/report.txt
SASDVM4,single,rodada_1,3.736048,,,,,,0.96,895.0,1.0,,SASDVM4_fit1_model1.pdb,SASDVM4/single_result/rodada_1/report.txt
SASDVM4,single,rodada_2,3.736048,,,,,,0.96,895.0,1.0,,SASDVM4_fit1_model1.pdb,SASDVM4/single_result/rodada_2/report.txt
SASDVM4,single,rodada_3,3.736048,,,,,,0.94,895.0,1.0,,SASDVM4_fit1_model1.pdb,SASDVM4/single_result/rodada_3/report.txt
SASDVM6,packing,rodada_1,6.388608,6.388608,6.3886,NO,1.0,50.0,0.92,955.0,,1,,SASDVM6/packing_result/rodada_1/report.txt
SASDVM6,packing,rodada_2,7.040762,7.040762,7.0408,NO,1.0,50.0,0.93,955.0,,1,,SASDVM6/packing_result/rodada_2/report.txt
SASDVM6,packing,rodada_3,7.795363,7.795363,7.7954,NO,1.0,50.0,0.92,955.0,,1,,SASDVM6/packing_result/rodada_3/report.txt
SASDVM9,single,rodada_1,7.038569,,,,,,0.64,1673.0,1.0,,SASDVM9_fit1_model1.pdb,SASDVM9/single_result/rodada_1/report.txt
SASDVM9,single,rodada_2,7.038569,,,,,,0.64,1673.0,1.0,,SASDVM9_fit1_model1.pdb,SASDVM9/single_result/rodada_2/report.txt
SASDVM9,single,rodada_3,7.038569,,,,,,0.64,1673.0,1.0,,SASDVM9_fit1_model1.pdb,SASDVM9/single_result/rodada_3/report.txt
SASDVN2,packing,rodada_1,2.43019,1.92161,2.4302,YES,6.0,50.0,0.34,2323.0,,6,,SASDVN2/packing_result/rodada_1/report.txt
SASDVN2,packing,rodada_2,2.39696,1.915531,2.397,YES,6.0,50.0,0.34,2323.0,,6,,SASDVN2/packing_result/rodada_2/report.txt
SASDVN2,packing,rodada_3,2.696573,2.237183,2.6966,YES,6.0,50.0,0.34,2323.0,,6,,SASDVN2/packing_result/rodada_3/report.txt
SASDVN4,single,rodada_1,3.094301,,,,,,1.21,2212.0,1.0,,SASDVN4_fit1_model1.pdb,SASDVN4/single_result/rodada_1/report.txt
SASDVN4,single,rodada_2,3.094301,,,,,,1.21,2212.0,1.0,,SASDVN4_fit1_model1.pdb,SASDVN4/single_result/rodada_2/report.txt
SASDVN4,single,rodada_3,3.094301,,,,,,1.2,2212.0,1.0,,SASDVN4_fit1_model1.pdb,SASDVN4/single_result/rodada_3/report.txt
SASDVP2,packing,rodada_1,12.260666,6.416475,10.5005,YES,3.0,50.0,3.01,1307.0,,3,,SASDVP2/packing_result/rodada_1/report.txt
SASDVP2,packing,rodada_2,11.937061,7.020631,10.5062,YES,3.0,50.0,2.96,1307.0,,3,,SASDVP2/packing_result/rodada_2/report.txt
SASDVP2,packing,rodada_3,12.545646,6.432654,9.1947,YES,3.0,50.0,3.17,1307.0,,3,,SASDVP2/packing_result/rodada_3/report.txt
SASDVP4,single,rodada_1,5.72025,,,,,,1.02,1057.0,1.0,,SASDVP4_fit1_model1.pdb,SASDVP4/single_result/rodada_1/report.txt
SASDVP4,single,rodada_2,5.72025,,,,,,1.04,1057.0,1.0,,SASDVP4_fit1_model1.pdb,SASDVP4/single_result/rodada_2/report.txt
SASDVP4,single,rodada_3,5.72025,,,,,,1.04,1057.0,1.0,,SASDVP4_fit1_model1.pdb,SASDVP4/single_result/rodada_3/report.txt
SASDVQ4,single,rodada_1,2.95157,,,,,,0.93,936.0,1.0,,SASDVQ4_fit1_model1.pdb,SASDVQ4/single_result/rodada_1/report.txt
SASDVQ4,single,rodada_2,2.95157,,,,,,0.92,936.0,1.0,,SASDVQ4_fit1_model1.pdb,SASDVQ4/single_result/rodada_2/report.txt
SASDVQ4,single,rodada_3,2.95157,,,,,,0.92,936.0,1.0,,SASDVQ4_fit1_model1.pdb,SASDVQ4/single_result/rodada_3/report.txt
SASDVQ6,packing,rodada_1,8.822855,4.360664,8.8111,YES,3.0,50.0,0.9,1273.0,,3,,SASDVQ6/packing_result/rodada_1/report.txt
SASDVQ6,packing,rodada_2,8.116526,5.584338,8.1165,YES,3.0,50.0,0.9,1273.0,,3,,SASDVQ6/packing_result/rodada_2/report.txt
SASDVQ6,packing,rodada_3,9.069237,4.171617,7.5996,YES,3.0,50.0,0.9,1273.0,,3,,SASDVQ6/packing_result/rodada_3/report.txt
SASDVQ7,packing,rodada_1,12.116928,8.16814,11.3735,YES,6.0,50.0,0.43,84.0,,6,,SASDVQ7/packing_result/rodada_1/report.txt
SASDVQ7,packing,rodada_2,11.843214,8.291829,11.8432,YES,6.0,50.0,0.43,84.0,,6,,SASDVQ7/packing_result/rodada_2/report.txt
SASDVQ7,packing,rodada_3,15.967018,8.274677,11.1226,YES,6.0,50.0,0.43,84.0,,6,,SASDVQ7/packing_result/rodada_3/report.txt
SASDVQ9,single,rodada_1,7.085144,,,,,,0.59,1084.0,1.0,,SASDVQ9_fit1_model1.pdb,SASDVQ9/single_result/rodada_1/report.txt
SASDVQ9,single,rodada_2,7.085144,,,,,,0.6,1084.0,1.0,,SASDVQ9_fit1_model1.pdb,SASDVQ9/single_result/rodada_2/report.txt
SASDVQ9,single,rodada_3,7.085144,,,,,,0.6,1084.0,1.0,,SASDVQ9_fit1_model1.pdb,SASDVQ9/single_result/rodada_3/report.txt
SASDVR4,single,rodada_1,,,,,,,0.02,315.0,0.0,,,SASDVR4/single_result/rodada_1/report.txt
SASDVR4,single,rodada_2,,,,,,,0.02,315.0,0.0,,,SASDVR4/single_result/rodada_2/report.txt
SASDVR4,single,rodada_3,,,,,,,0.02,315.0,0.0,,,SASDVR4/single_result/rodada_3/report.txt
SASDVR9,single,rodada_1,3.206467,,,,,,0.39,1147.0,1.0,,SASDVR9_fit1_model1.pdb,SASDVR9/single_result/rodada_1/report.txt
SASDVR9,single,rodada_2,3.206467,,,,,,0.4,1147.0,1.0,,SASDVR9_fit1_model1.pdb,SASDVR9/single_result/rodada_2/report.txt
SASDVR9,single,rodada_3,3.206467,,,,,,0.39,1147.0,1.0,,SASDVR9_fit1_model1.pdb,SASDVR9/single_result/rodada_3/report.txt
SASDVS4,single,rodada_1,,,,,,,0.02,326.0,0.0,,,SASDVS4/single_result/rodada_1/report.txt
SASDVS4,single,rodada_2,,,,,,,0.02,326.0,0.0,,,SASDVS4/single_result/rodada_2/report.txt
SASDVS4,single,rodada_3,,,,,,,0.02,326.0,0.0,,,SASDVS4/single_result/rodada_3/report.txt
SASDVS5,single,rodada_1,3.882597,,,,,,0.17,203.0,1.0,,SASDVS5_fit1_model1.pdb,SASDVS5/single_result/rodada_1/report.txt
SASDVS5,single,rodada_2,3.882597,,,,,,0.17,203.0,1.0,,SASDVS5_fit1_model1.pdb,SASDVS5/single_result/rodada_2/report.txt
SASDVS5,single,rodada_3,3.882597,,,,,,0.17,203.0,1.0,,SASDVS5_fit1_model1.pdb,SASDVS5/single_result/rodada_3/report.txt
SASDVT4,single,rodada_1,,,,,,,0.03,726.0,0.0,,,SASDVT4/single_result/rodada_1/report.txt
SASDVT4,single,rodada_2,,,,,,,0.03,726.0,0.0,,,SASDVT4/single_result/rodada_2/report.txt
SASDVT4,single,rodada_3,,,,,,,0.03,726.0,0.0,,,SASDVT4/single_result/rodada_3/report.txt
SASDVT5,packing,rodada_1,3.774517,3.387261,3.7745,YES,2.0,50.0,0.24,1151.0,,2,,SASDVT5/packing_result/rodada_1/report.txt
SASDVT5,packing,rodada_2,3.634799,3.599458,3.6348,YES,2.0,50.0,0.24,1151.0,,2,,SASDVT5/packing_result/rodada_2/report.txt
SASDVT5,packing,rodada_3,3.317007,2.878878,3.317,YES,2.0,50.0,0.24,1151.0,,2,,SASDVT5/packing_result/rodada_3/report.txt
SASDVU4,single,rodada_1,,,,,,,0.03,914.0,0.0,,,SASDVU4/single_result/rodada_1/report.txt
SASDVU4,single,rodada_2,,,,,,,0.03,914.0,0.0,,,SASDVU4/single_result/rodada_2/report.txt
SASDVU4,single,rodada_3,,,,,,,0.03,914.0,0.0,,,SASDVU4/single_result/rodada_3/report.txt
SASDVU5,single,rodada_1,5.150219,,,,,,0.89,1920.0,1.0,,SASDVU5_fit1_model1.pdb,SASDVU5/single_result/rodada_1/report.txt
SASDVU5,single,rodada_2,5.150219,,,,,,0.88,1920.0,1.0,,SASDVU5_fit1_model1.pdb,SASDVU5/single_result/rodada_2/report.txt
SASDVU5,single,rodada_3,5.150219,,,,,,0.88,1920.0,1.0,,SASDVU5_fit1_model1.pdb,SASDVU5/single_result/rodada_3/report.txt
SASDVV4,single,rodada_1,3.107443,,,,,,0.29,923.0,1.0,,SASDVV4_fit1_model1.pdb,SASDVV4/single_result/rodada_1/report.txt
SASDVV4,single,rodada_2,3.107443,,,,,,0.28,923.0,1.0,,SASDVV4_fit1_model1.pdb,SASDVV4/single_result/rodada_2/report.txt
SASDVV4,single,rodada_3,3.107443,,,,,,0.29,923.0,1.0,,SASDVV4_fit1_model1.pdb,SASDVV4/single_result/rodada_3/report.txt
SASDVV6,single,rodada_1,,,,,,,0.02,493.0,0.0,,,SASDVV6/single_result/rodada_1/report.txt
SASDVV6,single,rodada_2,,,,,,,0.02,493.0,0.0,,,SASDVV6/single_result/rodada_2/report.txt
SASDVV6,single,rodada_3,,,,,,,0.02,493.0,0.0,,,SASDVV6/single_result/rodada_3/report.txt
SASDVW3,single,rodada_1,5.766701,,,,,,1.25,886.0,1.0,,SASDVW3_fit1_model1.pdb,SASDVW3/single_result/rodada_1/report.txt
SASDVW3,single,rodada_2,5.766701,,,,,,1.23,886.0,1.0,,SASDVW3_fit1_model1.pdb,SASDVW3/single_result/rodada_2/report.txt
SASDVW3,single,rodada_3,5.766701,,,,,,1.25,886.0,1.0,,SASDVW3_fit1_model1.pdb,SASDVW3/single_result/rodada_3/report.txt
SASDVW4,single,rodada_1,3.142166,,,,,,0.31,1010.0,1.0,,SASDVW4_fit1_model1.pdb,SASDVW4/single_result/rodada_1/report.txt
SASDVW4,single,rodada_2,3.142166,,,,,,0.31,1010.0,1.0,,SASDVW4_fit1_model1.pdb,SASDVW4/single_result/rodada_2/report.txt
SASDVW4,single,rodada_3,3.142166,,,,,,0.31,1010.0,1.0,,SASDVW4_fit1_model1.pdb,SASDVW4/single_result/rodada_3/report.txt
SASDVW5,packing,rodada_1,10.382788,6.182016,8.6386,YES,2.0,50.0,1.41,3552.0,,2,,SASDVW5/packing_result/rodada_1/report.txt
SASDVW5,packing,rodada_2,7.346227,5.626701,7.2019,YES,2.0,50.0,1.32,3552.0,,2,,SASDVW5/packing_result/rodada_2/report.txt
SASDVW5,packing,rodada_3,7.747855,7.084546,7.7479,YES,2.0,50.0,1.36,3552.0,,2,,SASDVW5/packing_result/rodada_3/report.txt
SASDVW7,packing,rodada_1,7.446432,6.264406,7.4464,YES,3.0,50.0,0.06,352.0,,3,,SASDVW7/packing_result/rodada_1/report.txt
SASDVW7,packing,rodada_2,8.057827,5.872922,7.884,YES,3.0,50.0,0.05,352.0,,3,,SASDVW7/packing_result/rodada_2/report.txt
SASDVW7,packing,rodada_3,7.336712,6.193017,7.3367,YES,3.0,50.0,0.05,352.0,,3,,SASDVW7/packing_result/rodada_3/report.txt
SASDVX2,packing,rodada_1,21.420051,14.49821,16.4027,YES,2.0,50.0,0.19,293.0,,2,,SASDVX2/packing_result/rodada_1/report.txt
SASDVX2,packing,rodada_2,20.827971,9.356708,9.4795,YES,2.0,50.0,0.19,293.0,,2,,SASDVX2/packing_result/rodada_2/report.txt
SASDVX2,packing,rodada_3,21.250831,9.308834,9.4362,YES,2.0,50.0,0.19,293.0,,2,,SASDVX2/packing_result/rodada_3/report.txt
SASDVX4,single,rodada_1,4.031875,,,,,,0.28,876.0,1.0,,SASDVX4_fit1_model1.pdb,SASDVX4/single_result/rodada_1/report.txt
SASDVX4,single,rodada_2,4.031875,,,,,,0.28,876.0,1.0,,SASDVX4_fit1_model1.pdb,SASDVX4/single_result/rodada_2/report.txt
SASDVX4,single,rodada_3,4.031875,,,,,,0.28,876.0,1.0,,SASDVX4_fit1_model1.pdb,SASDVX4/single_result/rodada_3/report.txt
SASDVX7,packing,rodada_1,13.051346,13.857783,13.0513,NO,3.0,50.0,0.04,248.0,,3,,SASDVX7/packing_result/rodada_1/report.txt
SASDVX7,packing,rodada_2,11.35776,10.042606,11.2439,YES,3.0,50.0,0.04,248.0,,3,,SASDVX7/packing_result/rodada_2/report.txt
SASDVX7,packing,rodada_3,11.93558,11.977663,11.9356,NO,3.0,50.0,0.05,248.0,,3,,SASDVX7/packing_result/rodada_3/report.txt
SASDVY2,single,rodada_1,3.282395,,,,,,0.37,1746.0,1.0,,SASDVY2_fit1_model1.pdb,SASDVY2/single_result/rodada_1/report.txt
SASDVY2,single,rodada_2,3.282395,,,,,,0.36,1746.0,1.0,,SASDVY2_fit1_model1.pdb,SASDVY2/single_result/rodada_2/report.txt
SASDVY2,single,rodada_3,3.282395,,,,,,0.36,1746.0,1.0,,SASDVY2_fit1_model1.pdb,SASDVY2/single_result/rodada_3/report.txt
SASDVY4,single,rodada_1,3.260861,,,,,,0.37,1603.0,1.0,,SASDVY4_fit1_model1.pdb,SASDVY4/single_result/rodada_1/report.txt
SASDVY4,single,rodada_2,3.260861,,,,,,0.37,1603.0,1.0,,SASDVY4_fit1_model1.pdb,SASDVY4/single_result/rodada_2/report.txt
SASDVY4,single,rodada_3,3.260861,,,,,,0.37,1603.0,1.0,,SASDVY4_fit1_model1.pdb,SASDVY4/single_result/rodada_3/report.txt
SASDVY5,single,rodada_1,16.209103,,,,,,1.36,231.0,1.0,,SASDVY5_fit1_model1.pdb,SASDVY5/single_result/rodada_1/report.txt
SASDVY5,single,rodada_2,16.209103,,,,,,1.36,231.0,1.0,,SASDVY5_fit1_model1.pdb,SASDVY5/single_result/rodada_2/report.txt
SASDVY5,single,rodada_3,16.209103,,,,,,1.36,231.0,1.0,,SASDVY5_fit1_model1.pdb,SASDVY5/single_result/rodada_3/report.txt
SASDVZ2,single,rodada_1,10.031616,,,,,,1.41,1621.0,1.0,,SASDVZ2_fit1_model1.pdb,SASDVZ2/single_result/rodada_1/report.txt
SASDVZ2,single,rodada_2,10.031616,,,,,,1.41,1621.0,1.0,,SASDVZ2_fit1_model1.pdb,SASDVZ2/single_result/rodada_2/report.txt
SASDVZ2,single,rodada_3,10.031616,,,,,,1.42,1621.0,1.0,,SASDVZ2_fit1_model1.pdb,SASDVZ2/single_result/rodada_3/report.txt
SASDVZ5,single,rodada_1,18.2623,,,,,,0.22,1533.0,1.0,,SASDVZ5_fit1_model1.pdb,SASDVZ5/single_result/rodada_1/report.txt
SASDVZ5,single,rodada_2,18.2623,,,,,,0.22,1533.0,1.0,,SASDVZ5_fit1_model1.pdb,SASDVZ5/single_result/rodada_2/report.txt
SASDVZ5,single,rodada_3,18.2623,,,,,,0.22,1533.0,1.0,,SASDVZ5_fit1_model1.pdb,SASDVZ5/single_result/rodada_3/report.txt
SASDW23,packing,rodada_1,3.126829,2.927507,3.1268,YES,2.0,50.0,0.44,1050.0,,2,,SASDW23/packing_result/rodada_1/report.txt
SASDW23,packing,rodada_2,3.525633,3.02414,3.5256,YES,2.0,50.0,0.43,1050.0,,2,,SASDW23/packing_result/rodada_2/report.txt
SASDW23,packing,rodada_3,3.303679,2.851492,3.3037,YES,2.0,50.0,0.44,1050.0,,2,,SASDW23/packing_result/rodada_3/report.txt
SASDW37,single,rodada_1,7.152872,,,,,,1.34,1523.0,1.0,,SASDW37_fit1_model1.pdb,SASDW37/single_result/rodada_1/report.txt
SASDW37,single,rodada_2,7.152872,,,,,,1.34,1523.0,1.0,,SASDW37_fit1_model1.pdb,SASDW37/single_result/rodada_2/report.txt
SASDW37,single,rodada_3,7.152872,,,,,,1.34,1523.0,1.0,,SASDW37_fit1_model1.pdb,SASDW37/single_result/rodada_3/report.txt
SASDW47,single,rodada_1,7.694922,,,,,,1.86,920.0,1.0,,SASDW47_fit1_model1.pdb,SASDW47/single_result/rodada_1/report.txt
SASDW47,single,rodada_2,7.694922,,,,,,1.83,920.0,1.0,,SASDW47_fit1_model1.pdb,SASDW47/single_result/rodada_2/report.txt
SASDW47,single,rodada_3,7.694922,,,,,,1.85,920.0,1.0,,SASDW47_fit1_model1.pdb,SASDW47/single_result/rodada_3/report.txt
SASDW56,packing,rodada_1,4.112546,4.076827,4.1125,YES,3.0,50.0,0.31,883.0,,3,,SASDW56/packing_result/rodada_1/report.txt
SASDW56,packing,rodada_2,3.39768,3.814532,3.3977,NO,3.0,50.0,0.32,883.0,,3,,SASDW56/packing_result/rodada_2/report.txt
SASDW56,packing,rodada_3,5.050464,4.408593,5.0505,YES,3.0,50.0,0.31,883.0,,3,,SASDW56/packing_result/rodada_3/report.txt
SASDW57,single,rodada_1,9.885312,,,,,,2.07,1479.0,1.0,,SASDW57_fit1_model1.pdb,SASDW57/single_result/rodada_1/report.txt
SASDW57,single,rodada_2,9.885312,,,,,,2.1,1479.0,1.0,,SASDW57_fit1_model1.pdb,SASDW57/single_result/rodada_2/report.txt
SASDW57,single,rodada_3,9.885312,,,,,,2.09,1479.0,1.0,,SASDW57_fit1_model1.pdb,SASDW57/single_result/rodada_3/report.txt
SASDW67,single,rodada_1,4.565248,,,,,,1.2,6510.0,1.0,,SASDW67_fit1_model1.pdb,SASDW67/single_result/rodada_1/report.txt
SASDW67,single,rodada_2,4.51578,,,,,,1.22,6510.0,1.0,,SASDW67_fit1_model1.pdb,SASDW67/single_result/rodada_2/report.txt
SASDW67,single,rodada_3,4.518346,,,,,,1.21,6510.0,1.0,,SASDW67_fit1_model1.pdb,SASDW67/single_result/rodada_3/report.txt
SASDW74,single,rodada_1,4.731729,,,,,,0.21,1620.0,1.0,,SASDW74_fit1_model1.pdb,SASDW74/single_result/rodada_1/report.txt
SASDW74,single,rodada_2,4.731729,,,,,,0.21,1620.0,1.0,,SASDW74_fit1_model1.pdb,SASDW74/single_result/rodada_2/report.txt
SASDW74,single,rodada_3,4.731729,,,,,,0.21,1620.0,1.0,,SASDW74_fit1_model1.pdb,SASDW74/single_result/rodada_3/report.txt
SASDW77,single,rodada_1,6.030554,,,,,,0.71,1769.0,1.0,,SASDW77_fit1_model1.pdb,SASDW77/single_result/rodada_1/report.txt
SASDW77,single,rodada_2,6.030554,,,,,,0.71,1769.0,1.0,,SASDW77_fit1_model1.pdb,SASDW77/single_result/rodada_2/report.txt
SASDW77,single,rodada_3,6.030554,,,,,,0.71,1769.0,1.0,,SASDW77_fit1_model1.pdb,SASDW77/single_result/rodada_3/report.txt
SASDW84,single,rodada_1,9.112361,,,,,,0.13,1046.0,1.0,,SASDW84_fit1_model1.pdb,SASDW84/single_result/rodada_1/report.txt
SASDW84,single,rodada_2,9.112361,,,,,,0.13,1046.0,1.0,,SASDW84_fit1_model1.pdb,SASDW84/single_result/rodada_2/report.txt
SASDW84,single,rodada_3,9.112361,,,,,,0.13,1046.0,1.0,,SASDW84_fit1_model1.pdb,SASDW84/single_result/rodada_3/report.txt
SASDW87,single,rodada_1,5.266139,,,,,,0.99,1809.0,1.0,,SASDW87_fit1_model1.pdb,SASDW87/single_result/rodada_1/report.txt
SASDW87,single,rodada_2,5.266139,,,,,,0.99,1809.0,1.0,,SASDW87_fit1_model1.pdb,SASDW87/single_result/rodada_2/report.txt
SASDW87,single,rodada_3,5.266139,,,,,,0.98,1809.0,1.0,,SASDW87_fit1_model1.pdb,SASDW87/single_result/rodada_3/report.txt
SASDW94,single,rodada_1,3.400077,,,,,,4.68,1154.0,1.0,,SASDW94_fit1_model1.pdb,SASDW94/single_result/rodada_1/report.txt
SASDW94,single,rodada_2,3.400077,,,,,,4.66,1154.0,1.0,,SASDW94_fit1_model1.pdb,SASDW94/single_result/rodada_2/report.txt
SASDW94,single,rodada_3,3.400077,,,,,,4.69,1154.0,1.0,,SASDW94_fit1_model1.pdb,SASDW94/single_result/rodada_3/report.txt
SASDW96,packing,rodada_1,11.123009,8.553902,10.8361,YES,6.0,50.0,1.14,1841.0,,6,,SASDW96/packing_result/rodada_1/report.txt
SASDW96,packing,rodada_2,10.931747,8.546655,10.9317,YES,6.0,50.0,1.17,1841.0,,6,,SASDW96/packing_result/rodada_2/report.txt
SASDW96,packing,rodada_3,10.625544,8.28627,10.6255,YES,6.0,50.0,1.15,1841.0,,6,,SASDW96/packing_result/rodada_3/report.txt
SASDW97,packing,rodada_1,6.184708,6.184708,6.1847,NO,1.0,50.0,0.42,1823.0,,1,,SASDW97/packing_result/rodada_1/report.txt
SASDW97,packing,rodada_2,6.181578,6.181578,6.1816,NO,1.0,50.0,0.43,1823.0,,1,,SASDW97/packing_result/rodada_2/report.txt
SASDW97,packing,rodada_3,6.675223,6.675223,6.6752,NO,1.0,50.0,0.41,1823.0,,1,,SASDW97/packing_result/rodada_3/report.txt
SASDWA3,single,rodada_1,2.282242,,,,,,0.56,1191.0,1.0,,SASDWA3_fit1_model1.pdb,SASDWA3/single_result/rodada_1/report.txt
SASDWA3,single,rodada_2,2.282242,,,,,,0.56,1191.0,1.0,,SASDWA3_fit1_model1.pdb,SASDWA3/single_result/rodada_2/report.txt
SASDWA3,single,rodada_3,2.282242,,,,,,0.56,1191.0,1.0,,SASDWA3_fit1_model1.pdb,SASDWA3/single_result/rodada_3/report.txt
SASDWA4,single,rodada_1,4.353765,,,,,,1.64,1142.0,1.0,,SASDWA4_fit1_model1.pdb,SASDWA4/single_result/rodada_1/report.txt
SASDWA4,single,rodada_2,4.353765,,,,,,1.63,1142.0,1.0,,SASDWA4_fit1_model1.pdb,SASDWA4/single_result/rodada_2/report.txt
SASDWA4,single,rodada_3,4.353765,,,,,,1.63,1142.0,1.0,,SASDWA4_fit1_model1.pdb,SASDWA4/single_result/rodada_3/report.txt
SASDWA7,single,rodada_1,4.82011,,,,,,0.15,1306.0,1.0,,SASDWA7_fit1_model1.pdb,SASDWA7/single_result/rodada_1/report.txt
SASDWA7,single,rodada_2,4.82011,,,,,,0.15,1306.0,1.0,,SASDWA7_fit1_model1.pdb,SASDWA7/single_result/rodada_2/report.txt
SASDWA7,single,rodada_3,4.82011,,,,,,0.15,1306.0,1.0,,SASDWA7_fit1_model1.pdb,SASDWA7/single_result/rodada_3/report.txt
SASDWB3,single,rodada_1,4.548898,,,,,,1.48,973.0,1.0,,SASDWB3_fit1_model1.pdb,SASDWB3/single_result/rodada_1/report.txt
SASDWB3,single,rodada_2,4.548898,,,,,,1.48,973.0,1.0,,SASDWB3_fit1_model1.pdb,SASDWB3/single_result/rodada_2/report.txt
SASDWB3,single,rodada_3,4.548898,,,,,,1.48,973.0,1.0,,SASDWB3_fit1_model1.pdb,SASDWB3/single_result/rodada_3/report.txt
SASDWB4,single,rodada_1,5.087221,,,,,,2.28,907.0,1.0,,SASDWB4_fit1_model1.pdb,SASDWB4/single_result/rodada_1/report.txt
SASDWB4,single,rodada_2,5.087221,,,,,,2.28,907.0,1.0,,SASDWB4_fit1_model1.pdb,SASDWB4/single_result/rodada_2/report.txt
SASDWB4,single,rodada_3,5.087221,,,,,,2.27,907.0,1.0,,SASDWB4_fit1_model1.pdb,SASDWB4/single_result/rodada_3/report.txt
SASDWB7,single,rodada_1,8.854972,,,,,,9.06,288.0,1.0,,SASDWB7_fit2_model1.pdb,SASDWB7/single_result/rodada_1/report.txt
SASDWB7,single,rodada_2,8.854972,,,,,,9.04,288.0,1.0,,SASDWB7_fit2_model1.pdb,SASDWB7/single_result/rodada_2/report.txt
SASDWB7,single,rodada_3,8.854972,,,,,,9.06,288.0,1.0,,SASDWB7_fit2_model1.pdb,SASDWB7/single_result/rodada_3/report.txt
SASDWC3,single,rodada_1,5.099768,,,,,,4.44,739.0,1.0,,SASDWC3_fit1_model1.pdb,SASDWC3/single_result/rodada_1/report.txt
SASDWC3,single,rodada_2,5.099768,,,,,,4.41,739.0,1.0,,SASDWC3_fit1_model1.pdb,SASDWC3/single_result/rodada_2/report.txt
SASDWC3,single,rodada_3,5.099768,,,,,,4.38,739.0,1.0,,SASDWC3_fit1_model1.pdb,SASDWC3/single_result/rodada_3/report.txt
SASDWD6,packing,rodada_1,14.119185,9.246752,11.0144,YES,2.0,50.0,0.73,232.0,,2,,SASDWD6/packing_result/rodada_1/report.txt
SASDWD6,packing,rodada_2,10.487037,10.672544,10.487,NO,2.0,50.0,0.67,232.0,,2,,SASDWD6/packing_result/rodada_2/report.txt
SASDWD6,packing,rodada_3,15.715662,11.902666,15.7157,YES,2.0,50.0,0.67,232.0,,2,,SASDWD6/packing_result/rodada_3/report.txt
SASDWE6,single,rodada_1,7.367556,,,,,,1.57,3122.0,1.0,,SASDWE6_fit1_model1.pdb,SASDWE6/single_result/rodada_1/report.txt
SASDWE6,single,rodada_2,7.367556,,,,,,1.58,3122.0,1.0,,SASDWE6_fit1_model1.pdb,SASDWE6/single_result/rodada_2/report.txt
SASDWE6,single,rodada_3,7.367556,,,,,,1.57,3122.0,1.0,,SASDWE6_fit1_model1.pdb,SASDWE6/single_result/rodada_3/report.txt
SASDWE7,single,rodada_1,5.71328,,,,,,0.21,1962.0,1.0,,SASDWE7_fit1_model1.pdb,SASDWE7/single_result/rodada_1/report.txt
SASDWE7,single,rodada_2,5.71328,,,,,,0.19,1962.0,1.0,,SASDWE7_fit1_model1.pdb,SASDWE7/single_result/rodada_2/report.txt
SASDWE7,single,rodada_3,5.71328,,,,,,0.19,1962.0,1.0,,SASDWE7_fit1_model1.pdb,SASDWE7/single_result/rodada_3/report.txt
SASDWE8,packing,rodada_1,8.637544,8.081799,8.6375,YES,2.0,50.0,0.22,212.0,,2,,SASDWE8/packing_result/rodada_1/report.txt
SASDWE8,packing,rodada_2,13.302452,8.546783,8.6434,YES,2.0,50.0,0.22,212.0,,2,,SASDWE8/packing_result/rodada_2/report.txt
SASDWE8,packing,rodada_3,11.619949,7.773141,8.5915,YES,2.0,50.0,0.22,212.0,,2,,SASDWE8/packing_result/rodada_3/report.txt
SASDWF4,packing,rodada_1,4.419238,3.039304,4.4192,YES,5.0,50.0,0.48,1847.0,,5,,SASDWF4/packing_result/rodada_1/report.txt
SASDWF4,packing,rodada_2,4.061275,2.796312,4.0613,YES,5.0,50.0,0.49,1847.0,,5,,SASDWF4/packing_result/rodada_2/report.txt
SASDWF4,packing,rodada_3,3.831017,2.705281,3.831,YES,5.0,50.0,0.5,1847.0,,5,,SASDWF4/packing_result/rodada_3/report.txt
SASDWF7,single,rodada_1,5.061078,,,,,,0.17,1601.0,1.0,,SASDWF7_fit1_model1.pdb,SASDWF7/single_result/rodada_1/report.txt
SASDWF7,single,rodada_2,5.061078,,,,,,0.17,1601.0,1.0,,SASDWF7_fit1_model1.pdb,SASDWF7/single_result/rodada_2/report.txt
SASDWF7,single,rodada_3,5.061078,,,,,,0.17,1601.0,1.0,,SASDWF7_fit1_model1.pdb,SASDWF7/single_result/rodada_3/report.txt
SASDWF8,packing,rodada_1,14.450055,6.007079,6.0886,YES,2.0,50.0,0.23,354.0,,2,,SASDWF8/packing_result/rodada_1/report.txt
SASDWF8,packing,rodada_2,12.37366,6.106661,6.2982,YES,2.0,50.0,0.23,354.0,,2,,SASDWF8/packing_result/rodada_2/report.txt
SASDWF8,packing,rodada_3,5.803448,5.799655,5.8034,YES,2.0,50.0,0.22,354.0,,2,,SASDWF8/packing_result/rodada_3/report.txt
SASDWG4,packing,rodada_1,6.096982,5.623976,6.097,YES,5.0,50.0,0.47,1976.0,,5,,SASDWG4/packing_result/rodada_1/report.txt
SASDWG4,packing,rodada_2,3.966848,3.24203,3.7669,YES,5.0,50.0,0.48,1976.0,,5,,SASDWG4/packing_result/rodada_2/report.txt
SASDWG4,packing,rodada_3,3.40788,2.881091,3.4079,YES,5.0,50.0,0.48,1976.0,,5,,SASDWG4/packing_result/rodada_3/report.txt
SASDWG7,single,rodada_1,3.306444,,,,,,0.19,1390.0,1.0,,SASDWG7_fit1_model1.pdb,SASDWG7/single_result/rodada_1/report.txt
SASDWG7,single,rodada_2,3.306444,,,,,,0.19,1390.0,1.0,,SASDWG7_fit1_model1.pdb,SASDWG7/single_result/rodada_2/report.txt
SASDWG7,single,rodada_3,3.306444,,,,,,0.19,1390.0,1.0,,SASDWG7_fit1_model1.pdb,SASDWG7/single_result/rodada_3/report.txt
SASDWG8,packing,rodada_1,3.304406,2.362158,3.301,YES,2.0,50.0,0.19,1410.0,,2,,SASDWG8/packing_result/rodada_1/report.txt
SASDWG8,packing,rodada_2,3.18619,2.341212,2.9571,YES,2.0,50.0,0.19,1410.0,,2,,SASDWG8/packing_result/rodada_2/report.txt
SASDWG8,packing,rodada_3,3.046432,2.633866,3.0464,YES,2.0,50.0,0.18,1410.0,,2,,SASDWG8/packing_result/rodada_3/report.txt
SASDWG9,single,rodada_1,2.603262,,,,,,0.23,750.0,1.0,,SASDWG9_fit1_model1.pdb,SASDWG9/single_result/rodada_1/report.txt
SASDWG9,single,rodada_2,2.603262,,,,,,0.23,750.0,1.0,,SASDWG9_fit1_model1.pdb,SASDWG9/single_result/rodada_2/report.txt
SASDWG9,single,rodada_3,2.603262,,,,,,0.23,750.0,1.0,,SASDWG9_fit1_model1.pdb,SASDWG9/single_result/rodada_3/report.txt
SASDWH3,single,rodada_1,2.189339,,,,,,0.49,1444.0,1.0,,SASDWH3_fit1_model1.pdb,SASDWH3/single_result/rodada_1/report.txt
SASDWH3,single,rodada_2,2.189339,,,,,,0.48,1444.0,1.0,,SASDWH3_fit1_model1.pdb,SASDWH3/single_result/rodada_2/report.txt
SASDWH3,single,rodada_3,2.189339,,,,,,0.48,1444.0,1.0,,SASDWH3_fit1_model1.pdb,SASDWH3/single_result/rodada_3/report.txt
SASDWH7,single,rodada_1,3.247492,,,,,,0.16,1047.0,1.0,,SASDWH7_fit1_model1.pdb,SASDWH7/single_result/rodada_1/report.txt
SASDWH7,single,rodada_2,3.247492,,,,,,0.16,1047.0,1.0,,SASDWH7_fit1_model1.pdb,SASDWH7/single_result/rodada_2/report.txt
SASDWH7,single,rodada_3,3.247492,,,,,,0.16,1047.0,1.0,,SASDWH7_fit1_model1.pdb,SASDWH7/single_result/rodada_3/report.txt
SASDWH8,single,rodada_1,18.132551,,,,,,0.1,377.0,1.0,,SASDWH8_fit1_model1.pdb,SASDWH8/single_result/rodada_1/report.txt
SASDWH8,single,rodada_2,18.132551,,,,,,0.1,377.0,1.0,,SASDWH8_fit1_model1.pdb,SASDWH8/single_result/rodada_2/report.txt
SASDWH8,single,rodada_3,18.132551,,,,,,0.1,377.0,1.0,,SASDWH8_fit1_model1.pdb,SASDWH8/single_result/rodada_3/report.txt
SASDWJ3,single,rodada_1,3.259004,,,,,,0.67,1153.0,1.0,,SASDWJ3_fit1_model1.pdb,SASDWJ3/single_result/rodada_1/report.txt
SASDWJ3,single,rodada_2,3.259004,,,,,,0.67,1153.0,1.0,,SASDWJ3_fit1_model1.pdb,SASDWJ3/single_result/rodada_2/report.txt
SASDWJ3,single,rodada_3,3.259004,,,,,,0.67,1153.0,1.0,,SASDWJ3_fit1_model1.pdb,SASDWJ3/single_result/rodada_3/report.txt
SASDWJ6,packing,rodada_1,8.685927,12.145896,8.6859,NO,5.0,50.0,1.34,2271.0,,5,,SASDWJ6/packing_result/rodada_1/report.txt
SASDWJ6,packing,rodada_2,7.878198,12.003989,7.8782,NO,5.0,50.0,1.37,2271.0,,5,,SASDWJ6/packing_result/rodada_2/report.txt
SASDWJ6,packing,rodada_3,9.071881,12.456532,9.0719,NO,5.0,50.0,1.33,2271.0,,5,,SASDWJ6/packing_result/rodada_3/report.txt
SASDWJ7,single,rodada_1,3.605084,,,,,,0.18,1358.0,1.0,,SASDWJ7_fit1_model1.pdb,SASDWJ7/single_result/rodada_1/report.txt
SASDWJ7,single,rodada_2,3.605084,,,,,,0.18,1358.0,1.0,,SASDWJ7_fit1_model1.pdb,SASDWJ7/single_result/rodada_2/report.txt
SASDWJ7,single,rodada_3,3.605084,,,,,,0.18,1358.0,1.0,,SASDWJ7_fit1_model1.pdb,SASDWJ7/single_result/rodada_3/report.txt
SASDWJ8,single,rodada_1,15.607954,,,,,,0.13,496.0,1.0,,SASDWJ8_fit1_model1.pdb,SASDWJ8/single_result/rodada_1/report.txt
SASDWJ8,single,rodada_2,15.607954,,,,,,0.12,496.0,1.0,,SASDWJ8_fit1_model1.pdb,SASDWJ8/single_result/rodada_2/report.txt
SASDWJ8,single,rodada_3,15.607954,,,,,,0.12,496.0,1.0,,SASDWJ8_fit1_model1.pdb,SASDWJ8/single_result/rodada_3/report.txt
SASDWK2,packing,rodada_1,3.493006,3.493006,3.493,NO,2.0,50.0,0.52,933.0,,2,,SASDWK2/packing_result/rodada_1/report.txt
SASDWK2,packing,rodada_2,4.288864,4.288864,4.2889,NO,2.0,50.0,0.52,933.0,,2,,SASDWK2/packing_result/rodada_2/report.txt
SASDWK2,packing,rodada_3,3.527878,3.527878,3.5279,YES,2.0,50.0,0.53,933.0,,2,,SASDWK2/packing_result/rodada_3/report.txt
SASDWK3,single,rodada_1,2.594415,,,,,,0.91,1198.0,1.0,,SASDWK3_fit1_model1.pdb,SASDWK3/single_result/rodada_1/report.txt
SASDWK3,single,rodada_2,2.594415,,,,,,0.9,1198.0,1.0,,SASDWK3_fit1_model1.pdb,SASDWK3/single_result/rodada_2/report.txt
SASDWK3,single,rodada_3,2.594415,,,,,,0.9,1198.0,1.0,,SASDWK3_fit1_model1.pdb,SASDWK3/single_result/rodada_3/report.txt
SASDWK5,single,rodada_1,2.736701,,,,,,0.58,1662.0,1.0,,SASDWK5_fit1_model1.pdb,SASDWK5/single_result/rodada_1/report.txt
SASDWK5,single,rodada_2,2.736701,,,,,,0.59,1662.0,1.0,,SASDWK5_fit1_model1.pdb,SASDWK5/single_result/rodada_2/report.txt
SASDWK5,single,rodada_3,2.736701,,,,,,0.58,1662.0,1.0,,SASDWK5_fit1_model1.pdb,SASDWK5/single_result/rodada_3/report.txt
SASDWK7,single,rodada_1,3.93469,,,,,,0.17,1307.0,1.0,,SASDWK7_fit1_model1.pdb,SASDWK7/single_result/rodada_1/report.txt
SASDWK7,single,rodada_2,3.93469,,,,,,0.17,1307.0,1.0,,SASDWK7_fit1_model1.pdb,SASDWK7/single_result/rodada_2/report.txt
SASDWK7,single,rodada_3,3.93469,,,,,,0.17,1307.0,1.0,,SASDWK7_fit1_model1.pdb,SASDWK7/single_result/rodada_3/report.txt
SASDWK8,packing,rodada_1,6.852243,5.121424,6.3843,YES,2.0,50.0,0.26,1125.0,,2,,SASDWK8/packing_result/rodada_1/report.txt
SASDWK8,packing,rodada_2,5.999545,4.837688,5.9995,YES,2.0,50.0,0.27,1125.0,,2,,SASDWK8/packing_result/rodada_2/report.txt
SASDWK8,packing,rodada_3,6.265379,4.813683,5.8204,YES,2.0,50.0,0.26,1125.0,,2,,SASDWK8/packing_result/rodada_3/report.txt
SASDWL3,single,rodada_1,2.025002,,,,,,0.31,1465.0,1.0,,SASDWL3_fit1_model1.pdb,SASDWL3/single_result/rodada_1/report.txt
SASDWL3,single,rodada_2,2.025002,,,,,,0.28,1465.0,1.0,,SASDWL3_fit1_model1.pdb,SASDWL3/single_result/rodada_2/report.txt
SASDWL3,single,rodada_3,2.025002,,,,,,0.28,1465.0,1.0,,SASDWL3_fit1_model1.pdb,SASDWL3/single_result/rodada_3/report.txt
SASDWL7,single,rodada_1,4.005415,,,,,,0.2,1359.0,1.0,,SASDWL7_fit1_model1.pdb,SASDWL7/single_result/rodada_1/report.txt
SASDWL7,single,rodada_2,4.005415,,,,,,0.2,1359.0,1.0,,SASDWL7_fit1_model1.pdb,SASDWL7/single_result/rodada_2/report.txt
SASDWL7,single,rodada_3,4.005415,,,,,,0.2,1359.0,1.0,,SASDWL7_fit1_model1.pdb,SASDWL7/single_result/rodada_3/report.txt
SASDWL8,packing,rodada_1,7.478039,5.447693,6.5303,YES,2.0,50.0,0.27,1484.0,,2,,SASDWL8/packing_result/rodada_1/report.txt
SASDWL8,packing,rodada_2,7.28153,5.299088,6.4526,YES,2.0,50.0,0.27,1484.0,,2,,SASDWL8/packing_result/rodada_2/report.txt
SASDWL8,packing,rodada_3,7.328182,5.228415,6.0393,YES,2.0,50.0,0.27,1484.0,,2,,SASDWL8/packing_result/rodada_3/report.txt
SASDWM2,packing,rodada_1,7.355026,8.499858,7.355,NO,2.0,50.0,0.24,1061.0,,2,,SASDWM2/packing_result/rodada_1/report.txt
SASDWM2,packing,rodada_2,8.64205,9.4788,8.6421,NO,2.0,50.0,0.24,1061.0,,2,,SASDWM2/packing_result/rodada_2/report.txt
SASDWM2,packing,rodada_3,8.366049,7.669814,8.366,YES,2.0,50.0,0.24,1061.0,,2,,SASDWM2/packing_result/rodada_3/report.txt
SASDWM3,single,rodada_1,4.159194,,,,,,1.19,2243.0,1.0,,SASDWM3_fit1_model1.pdb,SASDWM3/single_result/rodada_1/report.txt
SASDWM3,single,rodada_2,4.159194,,,,,,1.18,2243.0,1.0,,SASDWM3_fit1_model1.pdb,SASDWM3/single_result/rodada_2/report.txt
SASDWM3,single,rodada_3,4.159194,,,,,,1.17,2243.0,1.0,,SASDWM3_fit1_model1.pdb,SASDWM3/single_result/rodada_3/report.txt
SASDWM7,single,rodada_1,4.101375,,,,,,0.15,874.0,1.0,,SASDWM7_fit1_model1.pdb,SASDWM7/single_result/rodada_1/report.txt
SASDWM7,single,rodada_2,4.101375,,,,,,0.15,874.0,1.0,,SASDWM7_fit1_model1.pdb,SASDWM7/single_result/rodada_2/report.txt
SASDWM7,single,rodada_3,4.101375,,,,,,0.15,874.0,1.0,,SASDWM7_fit1_model1.pdb,SASDWM7/single_result/rodada_3/report.txt
SASDWM8,packing,rodada_1,13.54614,11.881215,13.5461,YES,2.0,50.0,0.59,187.0,,2,,SASDWM8/packing_result/rodada_1/report.txt
SASDWM8,packing,rodada_2,13.440533,11.916629,13.4405,YES,2.0,50.0,0.6,187.0,,2,,SASDWM8/packing_result/rodada_2/report.txt
SASDWM8,packing,rodada_3,12.893659,9.929071,12.8937,YES,2.0,50.0,0.6,187.0,,2,,SASDWM8/packing_result/rodada_3/report.txt
SASDWN3,single,rodada_1,5.369789,,,,,,0.42,589.0,1.0,,SASDWN3_fit1_model1.pdb,SASDWN3/single_result/rodada_1/report.txt
SASDWN3,single,rodada_2,5.369789,,,,,,0.42,589.0,1.0,,SASDWN3_fit1_model1.pdb,SASDWN3/single_result/rodada_2/report.txt
SASDWN3,single,rodada_3,5.369789,,,,,,0.43,589.0,1.0,,SASDWN3_fit1_model1.pdb,SASDWN3/single_result/rodada_3/report.txt
SASDWN5,packing,rodada_1,3.906049,2.196103,2.3315,YES,2.0,50.0,0.47,5135.0,,2,,SASDWN5/packing_result/rodada_1/report.txt
SASDWN5,packing,rodada_2,3.802841,2.453174,2.6218,YES,2.0,50.0,0.47,5135.0,,2,,SASDWN5/packing_result/rodada_2/report.txt
SASDWN5,packing,rodada_3,4.558435,2.585387,2.6946,YES,2.0,50.0,0.5,5135.0,,2,,SASDWN5/packing_result/rodada_3/report.txt
SASDWN6,packing,rodada_1,22.313592,20.352174,17.7336,YES,7.0,50.0,3.23,208.0,,7,,SASDWN6/packing_result/rodada_1/report.txt
SASDWN6,packing,rodada_2,16.532951,18.459941,16.3978,NO,7.0,50.0,3.18,208.0,,7,,SASDWN6/packing_result/rodada_2/report.txt
SASDWN6,packing,rodada_3,17.397077,20.147492,16.3739,NO,7.0,50.0,3.23,208.0,,7,,SASDWN6/packing_result/rodada_3/report.txt
SASDWN7,single,rodada_1,3.034045,,,,,,0.19,1412.0,1.0,,SASDWN7_fit1_model1.pdb,SASDWN7/single_result/rodada_1/report.txt
SASDWN7,single,rodada_2,3.034045,,,,,,0.19,1412.0,1.0,,SASDWN7_fit1_model1.pdb,SASDWN7/single_result/rodada_2/report.txt
SASDWN7,single,rodada_3,3.034045,,,,,,0.19,1412.0,1.0,,SASDWN7_fit1_model1.pdb,SASDWN7/single_result/rodada_3/report.txt
SASDWP3,single,rodada_1,13.384831,,,,,,1.1,1174.0,1.0,,SASDWP3_fit1_model1.pdb,SASDWP3/single_result/rodada_1/report.txt
SASDWP3,single,rodada_2,13.384831,,,,,,1.11,1174.0,1.0,,SASDWP3_fit1_model1.pdb,SASDWP3/single_result/rodada_2/report.txt
SASDWP3,single,rodada_3,13.384831,,,,,,1.1,1174.0,1.0,,SASDWP3_fit1_model1.pdb,SASDWP3/single_result/rodada_3/report.txt
SASDWP5,packing,rodada_1,2.519771,2.438157,2.5198,YES,2.0,50.0,0.46,5100.0,,2,,SASDWP5/packing_result/rodada_1/report.txt
SASDWP5,packing,rodada_2,5.078617,2.90157,3.4235,YES,2.0,50.0,0.48,5100.0,,2,,SASDWP5/packing_result/rodada_2/report.txt
SASDWP5,packing,rodada_3,2.671637,2.6012,2.6716,YES,2.0,50.0,0.47,5100.0,,2,,SASDWP5/packing_result/rodada_3/report.txt
SASDWP7,single,rodada_1,3.899672,,,,,,0.19,1475.0,1.0,,SASDWP7_fit1_model1.pdb,SASDWP7/single_result/rodada_1/report.txt
SASDWP7,single,rodada_2,3.899672,,,,,,0.19,1475.0,1.0,,SASDWP7_fit1_model1.pdb,SASDWP7/single_result/rodada_2/report.txt
SASDWP7,single,rodada_3,3.899672,,,,,,0.19,1475.0,1.0,,SASDWP7_fit1_model1.pdb,SASDWP7/single_result/rodada_3/report.txt
SASDWP9,single,rodada_1,4.611045,,,,,,1.07,1956.0,1.0,,SASDWP9_fit1_model1.pdb,SASDWP9/single_result/rodada_1/report.txt
SASDWP9,single,rodada_2,4.611045,,,,,,1.07,1956.0,1.0,,SASDWP9_fit1_model1.pdb,SASDWP9/single_result/rodada_2/report.txt
SASDWP9,single,rodada_3,4.611045,,,,,,1.07,1956.0,1.0,,SASDWP9_fit1_model1.pdb,SASDWP9/single_result/rodada_3/report.txt
SASDWQ3,single,rodada_1,20.780663,,,,,,2.01,1570.0,1.0,,SASDWQ3_fit1_model1.pdb,SASDWQ3/single_result/rodada_1/report.txt
SASDWQ3,single,rodada_2,20.780663,,,,,,2.01,1570.0,1.0,,SASDWQ3_fit1_model1.pdb,SASDWQ3/single_result/rodada_2/report.txt
SASDWQ3,single,rodada_3,20.780663,,,,,,2.0,1570.0,1.0,,SASDWQ3_fit1_model1.pdb,SASDWQ3/single_result/rodada_3/report.txt
SASDWR3,packing,rodada_1,6.406511,5.381956,6.4065,YES,3.0,50.0,0.07,1703.0,,3,,SASDWR3/packing_result/rodada_1/report.txt
SASDWR3,packing,rodada_2,6.304942,5.368239,6.3049,YES,3.0,50.0,0.07,1703.0,,3,,SASDWR3/packing_result/rodada_2/report.txt
SASDWR3,packing,rodada_3,6.421402,5.087888,6.4214,YES,3.0,50.0,0.07,1703.0,,3,,SASDWR3/packing_result/rodada_3/report.txt
SASDWS3,packing,rodada_1,4.697875,3.935905,4.6759,YES,3.0,50.0,0.73,5235.0,,3,,SASDWS3/packing_result/rodada_1/report.txt
SASDWS3,packing,rodada_2,3.252212,3.365274,3.2522,NO,3.0,50.0,0.74,5235.0,,3,,SASDWS3/packing_result/rodada_2/report.txt
SASDWS3,packing,rodada_3,3.897607,3.427191,3.8976,YES,3.0,50.0,0.73,5235.0,,3,,SASDWS3/packing_result/rodada_3/report.txt
SASDWS6,packing,rodada_1,3.232587,3.040035,3.2326,YES,2.0,50.0,0.14,918.0,,2,,SASDWS6/packing_result/rodada_1/report.txt
SASDWS6,packing,rodada_2,3.136233,2.622619,3.1362,YES,2.0,50.0,0.14,918.0,,2,,SASDWS6/packing_result/rodada_2/report.txt
SASDWS6,packing,rodada_3,3.152742,2.75013,3.1527,YES,2.0,50.0,0.14,918.0,,2,,SASDWS6/packing_result/rodada_3/report.txt
SASDWT3,single,rodada_1,2.621896,,,,,,0.23,1108.0,1.0,,SASDWT3_fit1_model1.pdb,SASDWT3/single_result/rodada_1/report.txt
SASDWT3,single,rodada_2,2.621896,,,,,,0.23,1108.0,1.0,,SASDWT3_fit1_model1.pdb,SASDWT3/single_result/rodada_2/report.txt
SASDWT3,single,rodada_3,2.621896,,,,,,0.23,1108.0,1.0,,SASDWT3_fit1_model1.pdb,SASDWT3/single_result/rodada_3/report.txt
SASDWT5,single,rodada_1,2.914085,,,,,,0.49,1447.0,1.0,,SASDWT5_fit1_model1.pdb,SASDWT5/single_result/rodada_1/report.txt
SASDWT5,single,rodada_2,2.914085,,,,,,0.48,1447.0,1.0,,SASDWT5_fit1_model1.pdb,SASDWT5/single_result/rodada_2/report.txt
SASDWT5,single,rodada_3,2.914085,,,,,,0.48,1447.0,1.0,,SASDWT5_fit1_model1.pdb,SASDWT5/single_result/rodada_3/report.txt
SASDWT6,packing,rodada_1,4.122206,3.854736,4.1222,YES,2.0,50.0,0.19,2028.0,,2,,SASDWT6/packing_result/rodada_1/report.txt
SASDWT6,packing,rodada_2,3.720275,3.584232,3.7203,YES,2.0,50.0,0.2,2028.0,,2,,SASDWT6/packing_result/rodada_2/report.txt
SASDWT6,packing,rodada_3,3.880421,3.295645,3.8804,YES,2.0,50.0,0.19,2028.0,,2,,SASDWT6/packing_result/rodada_3/report.txt
SASDWU3,packing,rodada_1,5.903224,3.955071,5.1822,YES,3.0,50.0,0.35,462.0,,3,,SASDWU3/packing_result/rodada_1/report.txt
SASDWU3,packing,rodada_2,6.521187,5.315728,6.5212,YES,3.0,50.0,0.35,462.0,,3,,SASDWU3/packing_result/rodada_2/report.txt
SASDWU3,packing,rodada_3,5.194562,4.519661,5.1946,YES,3.0,50.0,0.36,462.0,,3,,SASDWU3/packing_result/rodada_3/report.txt
SASDWU6,packing,rodada_1,4.198181,4.104236,4.1982,YES,2.0,50.0,0.18,1076.0,,2,,SASDWU6/packing_result/rodada_1/report.txt
SASDWU6,packing,rodada_2,4.136681,2.007976,2.2948,YES,2.0,50.0,0.19,1076.0,,2,,SASDWU6/packing_result/rodada_2/report.txt
SASDWU6,packing,rodada_3,4.219385,3.750484,4.2194,YES,2.0,50.0,0.18,1076.0,,2,,SASDWU6/packing_result/rodada_3/report.txt
SASDWV3,packing,rodada_1,4.099413,3.775637,4.0994,YES,4.0,50.0,0.13,213.0,,4,,SASDWV3/packing_result/rodada_1/report.txt
SASDWV3,packing,rodada_2,4.503048,3.530938,4.4893,YES,4.0,50.0,0.13,213.0,,4,,SASDWV3/packing_result/rodada_2/report.txt
SASDWV3,packing,rodada_3,6.746808,4.061592,5.4256,YES,4.0,50.0,0.13,213.0,,4,,SASDWV3/packing_result/rodada_3/report.txt
SASDWV6,single,rodada_1,3.979836,,,,,,4.49,923.0,1.0,,SASDWV6_fit1_model1.pdb,SASDWV6/single_result/rodada_1/report.txt
SASDWV6,single,rodada_2,3.979836,,,,,,4.51,923.0,1.0,,SASDWV6_fit1_model1.pdb,SASDWV6/single_result/rodada_2/report.txt
SASDWV6,single,rodada_3,3.979836,,,,,,4.49,923.0,1.0,,SASDWV6_fit1_model1.pdb,SASDWV6/single_result/rodada_3/report.txt
SASDWW6,packing,rodada_1,8.727873,8.366882,8.7279,YES,2.0,50.0,5.43,517.0,,2,,SASDWW6/packing_result/rodada_1/report.txt
SASDWW6,packing,rodada_2,8.817905,8.261588,8.8179,YES,2.0,50.0,5.43,517.0,,2,,SASDWW6/packing_result/rodada_2/report.txt
SASDWW6,packing,rodada_3,8.757631,8.41619,8.7576,YES,2.0,50.0,5.35,517.0,,2,,SASDWW6/packing_result/rodada_3/report.txt
SASDWX6,packing,rodada_1,11.164895,10.732009,11.1649,YES,2.0,50.0,5.61,546.0,,2,,SASDWX6/packing_result/rodada_1/report.txt
SASDWX6,packing,rodada_2,16.221785,14.242544,15.6155,YES,2.0,50.0,5.38,546.0,,2,,SASDWX6/packing_result/rodada_2/report.txt
SASDWX6,packing,rodada_3,10.554218,10.084922,10.5542,YES,2.0,50.0,5.2,546.0,,2,,SASDWX6/packing_result/rodada_3/report.txt
SASDWY5,packing,rodada_1,4.415968,4.667848,4.416,NO,2.0,50.0,0.25,813.0,,2,,SASDWY5/packing_result/rodada_1/report.txt
SASDWY5,packing,rodada_2,4.539415,2.922678,3.9324,YES,2.0,50.0,0.24,813.0,,2,,SASDWY5/packing_result/rodada_2/report.txt
SASDWY5,packing,rodada_3,4.497912,4.103541,4.4979,YES,2.0,50.0,0.25,813.0,,2,,SASDWY5/packing_result/rodada_3/report.txt
SASDWY6,packing,rodada_1,8.125714,11.006077,8.1257,NO,2.0,50.0,5.15,532.0,,2,,SASDWY6/packing_result/rodada_1/report.txt
SASDWY6,packing,rodada_2,7.506452,7.14707,7.5065,YES,2.0,50.0,5.76,532.0,,2,,SASDWY6/packing_result/rodada_2/report.txt
SASDWY6,packing,rodada_3,7.626379,7.305935,7.6264,YES,2.0,50.0,5.57,532.0,,2,,SASDWY6/packing_result/rodada_3/report.txt
SASDWY9,packing,rodada_1,3.533089,3.571579,3.5331,NO,3.0,50.0,0.11,179.0,,3,,SASDWY9/packing_result/rodada_1/report.txt
SASDWY9,packing,rodada_2,3.083393,2.851007,3.0834,YES,3.0,50.0,0.11,179.0,,3,,SASDWY9/packing_result/rodada_2/report.txt
SASDWY9,packing,rodada_3,2.926752,2.939698,2.9268,NO,3.0,50.0,0.11,179.0,,3,,SASDWY9/packing_result/rodada_3/report.txt
SASDWZ9,single,rodada_1,5.26791,,,,,,0.16,179.0,1.0,,SASDWZ9_fit1_model1.pdb,SASDWZ9/single_result/rodada_1/report.txt
SASDWZ9,single,rodada_2,5.26791,,,,,,0.16,179.0,1.0,,SASDWZ9_fit1_model1.pdb,SASDWZ9/single_result/rodada_2/report.txt
SASDWZ9,single,rodada_3,5.26791,,,,,,0.16,179.0,1.0,,SASDWZ9_fit1_model1.pdb,SASDWZ9/single_result/rodada_3/report.txt
SASDX22,single,rodada_1,11.797025,,,,,,0.12,1154.0,1.0,,SASDX22_fit1_model1.pdb,SASDX22/single_result/rodada_1/report.txt
SASDX22,single,rodada_2,11.797025,,,,,,0.12,1154.0,1.0,,SASDX22_fit1_model1.pdb,SASDX22/single_result/rodada_2/report.txt
SASDX22,single,rodada_3,11.797025,,,,,,0.13,1154.0,1.0,,SASDX22_fit1_model1.pdb,SASDX22/single_result/rodada_3/report.txt
SASDX32,single,rodada_1,9.610162,,,,,,0.12,1028.0,1.0,,SASDX32_fit1_model1.pdb,SASDX32/single_result/rodada_1/report.txt
SASDX32,single,rodada_2,9.610162,,,,,,0.12,1028.0,1.0,,SASDX32_fit1_model1.pdb,SASDX32/single_result/rodada_2/report.txt
SASDX32,single,rodada_3,9.610162,,,,,,0.12,1028.0,1.0,,SASDX32_fit1_model1.pdb,SASDX32/single_result/rodada_3/report.txt
SASDX39,single,rodada_1,17.318533,,,,,,0.2,1039.0,1.0,,SASDX39_fit1_model1.pdb,SASDX39/single_result/rodada_1/report.txt
SASDX39,single,rodada_2,17.318533,,,,,,0.22,1039.0,1.0,,SASDX39_fit1_model1.pdb,SASDX39/single_result/rodada_2/report.txt
SASDX39,single,rodada_3,17.318533,,,,,,0.21,1039.0,1.0,,SASDX39_fit1_model1.pdb,SASDX39/single_result/rodada_3/report.txt
SASDX49,single,rodada_1,16.951235,,,,,,0.16,1082.0,1.0,,SASDX49_fit1_model1.pdb,SASDX49/single_result/rodada_1/report.txt
SASDX49,single,rodada_2,16.951235,,,,,,0.16,1082.0,1.0,,SASDX49_fit1_model1.pdb,SASDX49/single_result/rodada_2/report.txt
SASDX49,single,rodada_3,16.951235,,,,,,0.16,1082.0,1.0,,SASDX49_fit1_model1.pdb,SASDX49/single_result/rodada_3/report.txt
SASDX54,single,rodada_1,2.747573,,,,,,0.57,1930.0,1.0,,SASDX54_fit1_model1.pdb,SASDX54/single_result/rodada_1/report.txt
SASDX54,single,rodada_2,2.747573,,,,,,0.57,1930.0,1.0,,SASDX54_fit1_model1.pdb,SASDX54/single_result/rodada_2/report.txt
SASDX54,single,rodada_3,2.747573,,,,,,0.57,1930.0,1.0,,SASDX54_fit1_model1.pdb,SASDX54/single_result/rodada_3/report.txt
SASDX59,single,rodada_1,17.674818,,,,,,0.19,973.0,1.0,,SASDX59_fit1_model1.pdb,SASDX59/single_result/rodada_1/report.txt
SASDX59,single,rodada_2,17.674818,,,,,,0.2,973.0,1.0,,SASDX59_fit1_model1.pdb,SASDX59/single_result/rodada_2/report.txt
SASDX59,single,rodada_3,17.674818,,,,,,0.19,973.0,1.0,,SASDX59_fit1_model1.pdb,SASDX59/single_result/rodada_3/report.txt
SASDX69,single,rodada_1,19.097156,,,,,,0.2,1041.0,1.0,,SASDX69_fit1_model1.pdb,SASDX69/single_result/rodada_1/report.txt
SASDX69,single,rodada_2,19.097156,,,,,,0.2,1041.0,1.0,,SASDX69_fit1_model1.pdb,SASDX69/single_result/rodada_2/report.txt
SASDX69,single,rodada_3,19.097156,,,,,,0.2,1041.0,1.0,,SASDX69_fit1_model1.pdb,SASDX69/single_result/rodada_3/report.txt
SASDX77,packing,rodada_1,3.582944,2.584249,3.5829,YES,3.0,50.0,0.26,315.0,,3,,SASDX77/packing_result/rodada_1/report.txt
SASDX77,packing,rodada_2,3.283898,2.704508,3.2839,YES,3.0,50.0,0.25,315.0,,3,,SASDX77/packing_result/rodada_2/report.txt
SASDX77,packing,rodada_3,3.550992,2.961882,3.551,YES,3.0,50.0,0.25,315.0,,3,,SASDX77/packing_result/rodada_3/report.txt
SASDX82,single,rodada_1,3.811129,,,,,,0.4,974.0,1.0,,SASDX82_fit1_model1.pdb,SASDX82/single_result/rodada_1/report.txt
SASDX82,single,rodada_2,3.811129,,,,,,0.4,974.0,1.0,,SASDX82_fit1_model1.pdb,SASDX82/single_result/rodada_2/report.txt
SASDX82,single,rodada_3,3.811129,,,,,,0.4,974.0,1.0,,SASDX82_fit1_model1.pdb,SASDX82/single_result/rodada_3/report.txt
SASDX84,single,rodada_1,12.27013,,,,,,0.54,246.0,1.0,,SASDX84_fit1_model3.pdb,SASDX84/single_result/rodada_1/report.txt
SASDX84,single,rodada_2,12.27013,,,,,,0.54,246.0,1.0,,SASDX84_fit1_model3.pdb,SASDX84/single_result/rodada_2/report.txt
SASDX84,single,rodada_3,12.27013,,,,,,0.53,246.0,1.0,,SASDX84_fit1_model3.pdb,SASDX84/single_result/rodada_3/report.txt
SASDX92,packing,rodada_1,4.136108,2.760007,4.0968,YES,2.0,50.0,0.31,923.0,,2,,SASDX92/packing_result/rodada_1/report.txt
SASDX92,packing,rodada_2,4.274967,2.755395,4.0266,YES,2.0,50.0,0.3,923.0,,2,,SASDX92/packing_result/rodada_2/report.txt
SASDX92,packing,rodada_3,4.462298,2.73461,3.7169,YES,2.0,50.0,0.3,923.0,,2,,SASDX92/packing_result/rodada_3/report.txt
SASDX94,single,rodada_1,5.923975,,,,,,1.03,1682.0,1.0,,SASDX94_fit1_model1.pdb,SASDX94/single_result/rodada_1/report.txt
SASDX94,single,rodada_2,5.923975,,,,,,1.03,1682.0,1.0,,SASDX94_fit1_model1.pdb,SASDX94/single_result/rodada_2/report.txt
SASDX94,single,rodada_3,5.923975,,,,,,1.03,1682.0,1.0,,SASDX94_fit1_model1.pdb,SASDX94/single_result/rodada_3/report.txt
SASDXA4,single,rodada_1,9.776327,,,,,,2.5,1032.0,1.0,,SASDXA4_fit1_model2.pdb,SASDXA4/single_result/rodada_1/report.txt
SASDXA4,single,rodada_2,9.776327,,,,,,2.5,1032.0,1.0,,SASDXA4_fit1_model2.pdb,SASDXA4/single_result/rodada_2/report.txt
SASDXA4,single,rodada_3,9.776327,,,,,,2.5,1032.0,1.0,,SASDXA4_fit1_model2.pdb,SASDXA4/single_result/rodada_3/report.txt
SASDXB4,single,rodada_1,11.064949,,,,,,1.24,1192.0,1.0,,SASDXB4_fit1_model2.pdb,SASDXB4/single_result/rodada_1/report.txt
SASDXB4,single,rodada_2,11.064949,,,,,,1.24,1192.0,1.0,,SASDXB4_fit1_model2.pdb,SASDXB4/single_result/rodada_2/report.txt
SASDXB4,single,rodada_3,11.064949,,,,,,1.25,1192.0,1.0,,SASDXB4_fit1_model2.pdb,SASDXB4/single_result/rodada_3/report.txt
SASDXB7,packing,rodada_1,14.58922,5.371716,6.6993,YES,3.0,50.0,0.23,1065.0,,3,,SASDXB7/packing_result/rodada_1/report.txt
SASDXB7,packing,rodada_2,14.681656,4.710288,6.7531,YES,3.0,50.0,0.24,1065.0,,3,,SASDXB7/packing_result/rodada_2/report.txt
SASDXB7,packing,rodada_3,14.644135,3.922109,5.7728,YES,3.0,50.0,0.24,1065.0,,3,,SASDXB7/packing_result/rodada_3/report.txt
SASDXC2,single,rodada_1,18.136031,,,,,,0.52,4226.0,1.0,,SASDXC2_fit1_model1.pdb,SASDXC2/single_result/rodada_1/report.txt
SASDXC2,single,rodada_2,18.136031,,,,,,0.51,4226.0,1.0,,SASDXC2_fit1_model1.pdb,SASDXC2/single_result/rodada_2/report.txt
SASDXC2,single,rodada_3,18.136031,,,,,,0.51,4226.0,1.0,,SASDXC2_fit1_model1.pdb,SASDXC2/single_result/rodada_3/report.txt
SASDXC3,packing,rodada_1,9.24712,8.08097,9.2471,YES,3.0,50.0,0.06,367.0,,3,,SASDXC3/packing_result/rodada_1/report.txt
SASDXC3,packing,rodada_2,7.425068,6.494542,7.4251,YES,3.0,50.0,0.05,367.0,,3,,SASDXC3/packing_result/rodada_2/report.txt
SASDXC3,packing,rodada_3,6.46572,5.657741,6.4657,YES,3.0,50.0,0.05,367.0,,3,,SASDXC3/packing_result/rodada_3/report.txt
SASDXC4,single,rodada_1,8.387884,,,,,,2.34,1322.0,1.0,,SASDXC4_fit1_model2.pdb,SASDXC4/single_result/rodada_1/report.txt
SASDXC4,single,rodada_2,8.387884,,,,,,2.33,1322.0,1.0,,SASDXC4_fit1_model2.pdb,SASDXC4/single_result/rodada_2/report.txt
SASDXC4,single,rodada_3,8.387884,,,,,,2.33,1322.0,1.0,,SASDXC4_fit1_model2.pdb,SASDXC4/single_result/rodada_3/report.txt
SASDXC7,packing,rodada_1,12.947525,6.295093,7.389,YES,3.0,50.0,0.34,1063.0,,3,,SASDXC7/packing_result/rodada_1/report.txt
SASDXC7,packing,rodada_2,12.943408,6.114415,6.8749,YES,3.0,50.0,0.35,1063.0,,3,,SASDXC7/packing_result/rodada_2/report.txt
SASDXC7,packing,rodada_3,12.962977,6.49552,7.9976,YES,3.0,50.0,0.33,1063.0,,3,,SASDXC7/packing_result/rodada_3/report.txt
SASDXD3,packing,rodada_1,12.948943,11.741268,12.9489,YES,3.0,50.0,0.04,211.0,,3,,SASDXD3/packing_result/rodada_1/report.txt
SASDXD3,packing,rodada_2,13.898964,11.407511,13.899,YES,3.0,50.0,0.04,211.0,,3,,SASDXD3/packing_result/rodada_2/report.txt
SASDXD3,packing,rodada_3,12.247489,14.507033,12.2475,NO,3.0,50.0,0.04,211.0,,3,,SASDXD3/packing_result/rodada_3/report.txt
SASDXD9,single,rodada_1,4.514337,,,,,,0.58,2286.0,1.0,,SASDXD9_fit1_model1.pdb,SASDXD9/single_result/rodada_1/report.txt
SASDXD9,single,rodada_2,4.514337,,,,,,0.58,2286.0,1.0,,SASDXD9_fit1_model1.pdb,SASDXD9/single_result/rodada_2/report.txt
SASDXD9,single,rodada_3,4.514337,,,,,,0.59,2286.0,1.0,,SASDXD9_fit1_model1.pdb,SASDXD9/single_result/rodada_3/report.txt
SASDXE3,packing,rodada_1,16.011902,15.902846,16.0119,YES,3.0,50.0,0.03,215.0,,3,,SASDXE3/packing_result/rodada_1/report.txt
SASDXE3,packing,rodada_2,27.95307,24.17983,27.9531,YES,3.0,50.0,0.03,215.0,,3,,SASDXE3/packing_result/rodada_2/report.txt
SASDXE3,packing,rodada_3,24.73785,22.490788,24.7379,YES,3.0,50.0,0.03,215.0,,3,,SASDXE3/packing_result/rodada_3/report.txt
SASDXF2,packing,rodada_1,4.978219,4.212306,4.9782,YES,2.0,50.0,0.34,1341.0,,2,,SASDXF2/packing_result/rodada_1/report.txt
SASDXF2,packing,rodada_2,4.799122,4.04297,4.7991,YES,2.0,50.0,0.33,1341.0,,2,,SASDXF2/packing_result/rodada_2/report.txt
SASDXF2,packing,rodada_3,5.556855,4.82937,5.5355,YES,2.0,50.0,0.33,1341.0,,2,,SASDXF2/packing_result/rodada_3/report.txt
SASDXF3,single,rodada_1,6.86358,,,,,,2.25,1918.0,1.0,,SASDXF3_fit1_model1.pdb,SASDXF3/single_result/rodada_1/report.txt
SASDXF3,single,rodada_2,6.86358,,,,,,2.26,1918.0,1.0,,SASDXF3_fit1_model1.pdb,SASDXF3/single_result/rodada_2/report.txt
SASDXF3,single,rodada_3,6.86358,,,,,,2.23,1918.0,1.0,,SASDXF3_fit1_model1.pdb,SASDXF3/single_result/rodada_3/report.txt
SASDXF6,packing,rodada_1,6.575901,5.595888,6.1141,YES,3.0,50.0,0.59,1703.0,,3,,SASDXF6/packing_result/rodada_1/report.txt
SASDXF6,packing,rodada_2,5.969907,6.095926,5.9699,NO,3.0,50.0,0.61,1703.0,,3,,SASDXF6/packing_result/rodada_2/report.txt
SASDXF6,packing,rodada_3,7.211746,5.529942,6.6303,YES,3.0,50.0,0.58,1703.0,,3,,SASDXF6/packing_result/rodada_3/report.txt
SASDXG2,packing,rodada_1,4.346349,4.323585,4.3463,YES,4.0,50.0,0.37,950.0,,4,,SASDXG2/packing_result/rodada_1/report.txt
SASDXG2,packing,rodada_2,5.09114,5.641166,5.0911,NO,4.0,50.0,0.37,950.0,,4,,SASDXG2/packing_result/rodada_2/report.txt
SASDXG2,packing,rodada_3,4.770821,4.873393,4.7708,NO,4.0,50.0,0.37,950.0,,4,,SASDXG2/packing_result/rodada_3/report.txt
SASDXH2,single,rodada_1,5.381589,,,,,,0.59,717.0,1.0,,SASDXH2_fit1_model1.pdb,SASDXH2/single_result/rodada_1/report.txt
SASDXH2,single,rodada_2,5.381589,,,,,,0.59,717.0,1.0,,SASDXH2_fit1_model1.pdb,SASDXH2/single_result/rodada_2/report.txt
SASDXH2,single,rodada_3,5.381589,,,,,,0.59,717.0,1.0,,SASDXH2_fit1_model1.pdb,SASDXH2/single_result/rodada_3/report.txt
SASDXH7,single,rodada_1,8.504638,,,,,,0.11,937.0,1.0,,SASDXH7_fit1_model1.pdb,SASDXH7/single_result/rodada_1/report.txt
SASDXH7,single,rodada_2,8.504638,,,,,,0.11,937.0,1.0,,SASDXH7_fit1_model1.pdb,SASDXH7/single_result/rodada_2/report.txt
SASDXH7,single,rodada_3,8.504638,,,,,,0.11,937.0,1.0,,SASDXH7_fit1_model1.pdb,SASDXH7/single_result/rodada_3/report.txt
SASDXJ2,single,rodada_1,8.324461,,,,,,2.11,1145.0,1.0,,SASDXJ2_fit1_model1.pdb,SASDXJ2/single_result/rodada_1/report.txt
SASDXJ2,single,rodada_2,8.324461,,,,,,2.12,1145.0,1.0,,SASDXJ2_fit1_model1.pdb,SASDXJ2/single_result/rodada_2/report.txt
SASDXJ2,single,rodada_3,8.324461,,,,,,2.1,1145.0,1.0,,SASDXJ2_fit1_model1.pdb,SASDXJ2/single_result/rodada_3/report.txt
SASDXK2,single,rodada_1,2.283084,,,,,,6.85,581.0,1.0,,SASDXK2_fit1_model1.pdb,SASDXK2/single_result/rodada_1/report.txt
SASDXK2,single,rodada_2,2.283084,,,,,,6.87,581.0,1.0,,SASDXK2_fit1_model1.pdb,SASDXK2/single_result/rodada_2/report.txt
SASDXK2,single,rodada_3,2.283084,,,,,,6.85,581.0,1.0,,SASDXK2_fit1_model1.pdb,SASDXK2/single_result/rodada_3/report.txt
SASDXQ9,packing,rodada_1,6.608574,6.608574,6.6086,NO,1.0,50.0,0.35,378.0,,1,,SASDXQ9/packing_result/rodada_1/report.txt
SASDXQ9,packing,rodada_2,6.921993,6.921993,6.922,NO,1.0,50.0,0.35,378.0,,1,,SASDXQ9/packing_result/rodada_2/report.txt
SASDXQ9,packing,rodada_3,16.502299,16.502299,16.5023,NO,1.0,50.0,0.37,378.0,,1,,SASDXQ9/packing_result/rodada_3/report.txt
SASDXT3,packing,rodada_1,9.675023,6.570469,9.675,YES,3.0,50.0,0.05,366.0,,3,,SASDXT3/packing_result/rodada_1/report.txt
SASDXT3,packing,rodada_2,8.219558,6.284337,8.2196,YES,3.0,50.0,0.05,366.0,,3,,SASDXT3/packing_result/rodada_2/report.txt
SASDXT3,packing,rodada_3,8.390744,7.206915,8.3907,YES,3.0,50.0,0.05,366.0,,3,,SASDXT3/packing_result/rodada_3/report.txt
SASDXV3,single,rodada_1,12.34081,,,,,,1.86,1241.0,1.0,,SASDXV3_fit1_model1.pdb,SASDXV3/single_result/rodada_1/report.txt
SASDXV3,single,rodada_2,12.34081,,,,,,1.85,1241.0,1.0,,SASDXV3_fit1_model1.pdb,SASDXV3/single_result/rodada_2/report.txt
SASDXV3,single,rodada_3,12.34081,,,,,,1.84,1241.0,1.0,,SASDXV3_fit1_model1.pdb,SASDXV3/single_result/rodada_3/report.txt
SASDXW3,single,rodada_1,2.619366,,,,,,0.77,1349.0,1.0,,SASDXW3_fit1_model1.pdb,SASDXW3/single_result/rodada_1/report.txt
SASDXW3,single,rodada_2,2.619366,,,,,,0.77,1349.0,1.0,,SASDXW3_fit1_model1.pdb,SASDXW3/single_result/rodada_2/report.txt
SASDXW3,single,rodada_3,2.619366,,,,,,0.78,1349.0,1.0,,SASDXW3_fit1_model1.pdb,SASDXW3/single_result/rodada_3/report.txt
SASDXX3,single,rodada_1,2.549523,,,,,,0.76,1489.0,1.0,,SASDXX3_fit1_model1.pdb,SASDXX3/single_result/rodada_1/report.txt
SASDXX3,single,rodada_2,2.549523,,,,,,0.76,1489.0,1.0,,SASDXX3_fit1_model1.pdb,SASDXX3/single_result/rodada_2/report.txt
SASDXX3,single,rodada_3,2.549523,,,,,,0.76,1489.0,1.0,,SASDXX3_fit1_model1.pdb,SASDXX3/single_result/rodada_3/report.txt
SASDXX4,single,rodada_1,3.220619,,,,,,0.84,1143.0,1.0,,SASDXX4_fit1_model1.pdb,SASDXX4/single_result/rodada_1/report.txt
SASDXX4,single,rodada_2,3.220619,,,,,,0.84,1143.0,1.0,,SASDXX4_fit1_model1.pdb,SASDXX4/single_result/rodada_2/report.txt
SASDXX4,single,rodada_3,3.220619,,,,,,0.85,1143.0,1.0,,SASDXX4_fit1_model1.pdb,SASDXX4/single_result/rodada_3/report.txt
SASDXY3,single,rodada_1,2.704013,,,,,,0.75,1507.0,1.0,,SASDXY3_fit1_model1.pdb,SASDXY3/single_result/rodada_1/report.txt
SASDXY3,single,rodada_2,2.704013,,,,,,0.75,1507.0,1.0,,SASDXY3_fit1_model1.pdb,SASDXY3/single_result/rodada_2/report.txt
SASDXY3,single,rodada_3,2.704013,,,,,,0.75,1507.0,1.0,,SASDXY3_fit1_model1.pdb,SASDXY3/single_result/rodada_3/report.txt
SASDXY4,single,rodada_1,3.179686,,,,,,0.84,1208.0,1.0,,SASDXY4_fit1_model1.pdb,SASDXY4/single_result/rodada_1/report.txt
SASDXY4,single,rodada_2,3.179686,,,,,,0.83,1208.0,1.0,,SASDXY4_fit1_model1.pdb,SASDXY4/single_result/rodada_2/report.txt
SASDXY4,single,rodada_3,3.179686,,,,,,0.83,1208.0,1.0,,SASDXY4_fit1_model1.pdb,SASDXY4/single_result/rodada_3/report.txt
SASDYD4,packing,rodada_1,14.472531,15.053748,14.4725,NO,3.0,50.0,0.04,156.0,,3,,SASDYD4/packing_result/rodada_1/report.txt
SASDYD4,packing,rodada_2,13.639256,12.754839,13.6393,YES,3.0,50.0,0.04,156.0,,3,,SASDYD4/packing_result/rodada_2/report.txt
SASDYD4,packing,rodada_3,15.872603,13.34581,15.8726,YES,3.0,50.0,0.04,156.0,,3,,SASDYD4/packing_result/rodada_3/report.txt
SASDYE4,packing,rodada_1,15.193833,15.115058,15.1938,YES,3.0,50.0,0.08,232.0,,3,,SASDYE4/packing_result/rodada_1/report.txt
SASDYE4,packing,rodada_2,17.561422,14.591976,16.1723,YES,3.0,50.0,0.04,232.0,,3,,SASDYE4/packing_result/rodada_2/report.txt
SASDYE4,packing,rodada_3,14.902801,12.473383,14.9028,YES,3.0,50.0,0.04,232.0,,3,,SASDYE4/packing_result/rodada_3/report.txt
