entry,status,n_ca,n_env,sep_centroide,centroide_modelo,centroide_envelope,chamfer_dep,chamfer_espelho,frac_fora_dep,chamfer_aleat_mediana,chamfer_aleat_min,pct_orientacao,pct_espelho,modelo,registro_superposicao
SASDA25,ok,119.0,1043.0,0.98,"[0.5, 0.8, -0.3]","[-0.0, -0.0, -0.0]",7.431,7.614,0.345,7.68,4.498,40.0,47.5,SASDA25_fit1_model1.pdb,
SASDA25,ok,1051.0,1043.0,0.01,"[-0.0, -0.0, -0.0]","[-0.0, -0.0, -0.0]",4.297,4.935,0.451,7.551,3.604,5.5,9.0,SASDA25_fit2_model1.pdb,
SASDA25,ok,119.0,1043.0,9.04,"[0.2, 0.6, 9.0]","[-0.0, -0.0, -0.0]",7.763,7.968,0.63,9.767,6.74,10.0,13.5,SASDA25_fit3_model1.pdb,
SASDA26,ok,513.0,295.0,3.05,"[-1.1, 0.1, -3.0]","[-0.1, 0.2, -0.2]",18.644,11.199,0.776,15.653,4.824,90.5,18.0,SASDA26_fit1_model1.pdb,
SASDA27,ok,1262.0,975.0,0.05,"[-0.0, 0.0, 0.0]","[0.0, -0.0, -0.0]",6.74,6.511,0.297,7.591,5.466,26.0,18.5,SASDA27_fit1_model1.pdb,
SASDA27,ok,427.0,975.0,3.29,"[-2.8, 1.8, 0.3]","[0.0, -0.0, -0.0]",7.259,7.151,0.356,8.063,5.784,32.5,31.0,SASDA27_fit2_model1.pdb,
SASDA28,ok,436.0,980.0,17.03,"[6.1, -7.5, 14.0]","[0.0, -0.0, -0.0]",10.606,9.731,0.555,9.706,7.753,93.5,52.5,SASDA28_fit1_model1.pdb,
SASDA32,ok,3940.0,1317.0,0.01,"[0.0, 0.0, 0.0]","[0.0, 0.0, 0.0]",5.341,4.955,0.351,4.615,2.865,91.0,71.5,SASDA32_fit1_model1.pdb,
SASDA32,ok,585.0,1317.0,60.63,"[38.3, 22.6, 41.3]","[0.0, 0.0, 0.0]",34.852,31.009,1.0,33.32,28.661,78.5,12.0,SASDA32_fit2_model1.pdb,
SASDA35,ok,488.0,1108.0,2.7,"[-0.6, 1.7, -2.0]","[-0.0, 0.0, 0.0]",5.782,5.503,0.432,5.824,3.56,48.0,38.5,SASDA35_fit1_model1.pdb,
SASDA35,ok,864.0,1108.0,3.44,"[-0.9, 2.1, -2.6]","[-0.0, 0.0, 0.0]",5.391,5.37,0.417,5.319,2.715,52.5,51.5,SASDA35_fit2_model1.pdb,
SASDA37,ok,210.0,326.0,35.45,"[20.6, -27.5, -8.8]","[0.1, 0.0, -0.1]",28.538,31.703,1.0,41.286,25.248,4.0,10.0,SASDA37_fit1_model1.pdb,
SASDA37,ok,215.0,326.0,32.34,"[10.3, 17.0, -25.6]","[0.1, 0.0, -0.1]",37.347,33.592,0.967,37.447,20.579,48.5,30.0,SASDA37_fit2_model1.pdb,
SASDA38,ok,685.0,774.0,274.01,"[23.1, 135.8, 236.9]","[0.0, -0.0, 0.0]",218.399,211.249,1.0,221.233,209.137,25.5,3.0,SASDA38_fit1_model1.pdb,
SASDA39,ok,136.0,2216.0,1.11,"[-0.2, 1.0, -0.5]","[-0.0, 0.0, 0.0]",3.861,3.927,0.118,5.159,3.957,0.0,0.0,SASDA39_fit1_model1.pdb,
SASDA39,ok,1821.0,2216.0,0.01,"[0.0, 0.0, -0.0]","[-0.0, 0.0, 0.0]",6.707,6.52,0.578,4.845,2.623,93.0,90.5,SASDA39_fit2_model1.pdb,
SASDA45,ok,3243.0,938.0,0.05,"[0.0, -0.0, 0.0]","[-0.0, 0.0, -0.0]",13.214,12.762,0.34,12.414,7.175,70.0,58.0,SASDA45_fit1_model1.pdb,
SASDA46,ok,231.0,1125.0,0.18,"[0.2, 0.1, -0.1]","[0.0, 0.0, -0.0]",8.489,7.906,0.364,9.707,6.502,26.0,14.5,SASDA46_fit1_model1.pdb,
SASDA46,ok,703.0,1125.0,2.06,"[1.4, -1.5, -0.1]","[0.0, 0.0, -0.0]",6.701,6.981,0.363,10.198,6.034,4.5,8.5,SASDA46_fit2_model1.pdb,
SASDA46,ok,231.0,1125.0,20.09,"[-4.9, -18.5, 6.0]","[0.0, 0.0, -0.0]",14.027,14.757,0.619,13.988,9.082,51.5,67.0,SASDA46_fit3_model1.pdb,
SASDA46,ok,231.0,1125.0,50.92,"[34.7, 25.3, 27.4]","[0.0, 0.0, -0.0]",22.731,35.71,0.758,29.536,23.147,0.0,94.5,SASDA46_fit3_model2.pdb,
SASDA46,ok,231.0,1125.0,29.09,"[-12.3, 26.1, 3.6]","[0.0, 0.0, -0.0]",13.661,14.561,0.649,14.577,10.578,27.0,49.0,SASDA46_fit3_model3.pdb,
SASDA46,ok,231.0,1125.0,56.74,"[44.8, -21.9, 27.0]","[0.0, 0.0, -0.0]",24.148,31.498,0.913,32.376,22.31,1.0,39.5,SASDA46_fit3_model4.pdb,
SASDA47,ok,336.0,133.0,172.67,"[-126.3, 24.3, 115.0]","[1.1, 1.6, 0.7]",98.827,145.548,1.0,136.028,93.954,4.0,84.0,SASDA47_fit1_model1.pdb,
SASDA47,ok,351.0,133.0,38.7,"[-7.5, -0.5, 38.4]","[1.1, 1.6, 0.7]",34.278,45.675,0.849,58.338,13.719,13.5,27.5,SASDA47_fit2_model1.pdb,
SASDA48,ok,876.0,1927.0,6.19,"[-3.1, -3.8, -3.8]","[0.0, -0.0, -0.0]",15.345,14.812,0.67,11.01,6.078,96.5,94.5,SASDA48_fit1_model1.pdb,
SASDA48,ok,1121.0,1927.0,2.1,"[0.6, -2.0, 0.1]","[0.0, -0.0, -0.0]",5.578,6.475,0.296,10.818,5.748,0.0,2.0,SASDA48_fit2_model1.pdb,
SASDA49,ok,607.0,804.0,6.25,"[0.7, 6.1, -1.3]","[0.0, 0.0, -0.0]",17.977,15.81,0.624,20.853,12.995,21.0,4.0,SASDA49_fit1_model1.pdb,
SASDA49,ok,1104.0,804.0,56.99,"[-33.3, 45.6, 7.7]","[0.0, 0.0, -0.0]",25.449,24.266,0.674,28.253,22.808,13.0,2.5,SASDA49_fit2_model1.pdb,
SASDA49,ok,2208.0,804.0,7.7,"[-0.0, -0.0, 7.7]","[0.0, 0.0, -0.0]",18.468,15.314,0.682,25.009,13.712,8.5,1.5,SASDA49_fit2_model2.pdb,
SASDA52,ok,1388.0,1279.0,96.1,"[71.6, -0.0, 64.1]","[0.0, 0.0, -0.0]",60.89,61.293,1.0,63.282,58.656,23.0,28.5,SASDA52_fit1_model1.pdb,
SASDA52,ok,5819.0,1279.0,0.01,"[-0.0, -0.0, -0.0]","[0.0, 0.0, -0.0]",4.047,5.347,0.273,4.432,3.269,24.0,98.5,SASDA52_fit2_model1.pdb,
SASDA54,ok,597.0,341.0,104.39,"[4.5, -102.5, 19.4]","[-0.2, -0.1, -0.0]",76.792,79.273,1.0,86.185,67.009,9.0,18.5,SASDA54_fit1_model1.pdb,
SASDA55,ok,1005.0,650.0,7.47,"[0.0, 0.0, -7.5]","[-0.0, 0.0, -0.0]",8.697,8.282,0.298,8.941,7.278,36.0,20.0,SASDA55_fit1_model1.pdb,
SASDA55,ok,1691.0,650.0,3.68,"[-0.0, 0.0, -3.7]","[-0.0, 0.0, -0.0]",7.064,6.936,0.293,8.048,6.574,14.5,10.5,SASDA55_fit2_model1.pdb,
SASDA56,ok,245.0,512.0,89.65,"[-22.6, -86.8, -0.9]","[0.0, -0.0, -0.1]",60.079,62.724,1.0,73.085,55.94,4.5,12.0,SASDA56_fit1_model1.pdb,
SASDA56,ok,245.0,512.0,60.61,"[31.2, 15.6, 49.5]","[0.0, -0.0, -0.1]",29.096,36.143,0.947,36.982,26.206,4.5,42.5,SASDA56_fit1_model2.pdb,
SASDA56,ok,245.0,512.0,82.04,"[5.3, 1.3, 81.8]","[0.0, -0.0, -0.1]",27.747,37.544,0.71,45.606,28.589,0.0,11.5,SASDA56_fit1_model3.pdb,
SASDA56,ok,245.0,512.0,15.84,"[10.3, -12.0, 1.6]","[0.0, -0.0, -0.1]",14.374,16.265,0.702,18.373,12.648,7.5,23.5,SASDA56_fit1_model4.pdb,
SASDA56,ok,245.0,512.0,81.22,"[13.1, -17.5, -78.3]","[0.0, -0.0, -0.1]",29.339,40.265,0.943,43.716,26.935,1.0,25.5,SASDA56_fit1_model5.pdb,
SASDA56,ok,245.0,512.0,38.47,"[-7.2, 37.6, -3.4]","[0.0, -0.0, -0.1]",26.557,26.852,0.91,29.352,25.155,1.0,1.5,SASDA56_fit1_model6.pdb,
SASDA56,ok,245.0,512.0,41.64,"[23.3, 2.9, -34.4]","[0.0, -0.0, -0.1]",19.85,21.497,0.865,25.837,19.922,0.0,2.5,SASDA56_fit1_model7.pdb,
SASDA57,ok,479.0,95.0,56.49,"[-40.6, -30.5, 27.2]","[-0.5, 1.7, 3.9]",60.83,60.18,0.979,82.196,43.11,15.0,15.0,SASDA57_fit1_model1.pdb,
SASDA57,ok,459.0,95.0,122.12,"[-94.1, 11.9, 81.7]","[-0.5, 1.7, 3.9]",78.642,107.416,0.983,108.534,74.073,2.5,45.5,SASDA57_fit2_model1.pdb,
SASDA58,ok,443.0,1035.0,41.2,"[-2.2, -31.6, 26.3]","[0.0, 0.0, 0.0]",18.09,19.617,0.887,18.955,14.455,34.0,65.5,SASDA58_fit1_model1.pdb,
SASDA58,ok,1451.0,1035.0,42.5,"[-3.0, -31.8, 28.0]","[0.0, 0.0, 0.0]",19.234,20.834,0.926,19.512,13.387,46.5,73.0,SASDA58_fit2_model1.pdb,
SASDA59,ok,423.0,310.0,0.13,"[0.1, -0.0, -0.0]","[-0.0, 0.0, 0.0]",28.523,26.052,0.596,27.008,12.056,58.5,42.0,SASDA59_fit1_model1.pdb,
SASDA59,ok,1104.0,310.0,56.99,"[-33.3, 45.6, 7.7]","[-0.0, 0.0, 0.0]",27.646,31.765,0.601,29.39,20.656,26.0,80.0,SASDA59_fit2_model1.pdb,
SASDA59,ok,2208.0,310.0,7.69,"[-0.0, -0.0, 7.7]","[-0.0, 0.0, 0.0]",17.891,20.919,0.62,28.261,15.765,3.5,14.5,SASDA59_fit2_model2.pdb,
SASDA62,ok,2193.0,785.0,0.02,"[0.0, -0.0, 0.0]","[0.0, -0.0, -0.0]",10.409,10.851,0.414,10.055,6.928,64.5,77.5,SASDA62_fit1_model1.pdb,
SASDA62,ok,1992.0,785.0,97.84,"[64.8, 64.8, 34.2]","[0.0, -0.0, -0.0]",63.261,63.037,1.0,61.395,56.941,69.0,66.5,SASDA62_fit2_model1.pdb,
SASDA67,ok,582.0,74.0,82.17,"[-62.4, 1.0, 50.7]","[-1.9, -6.6, -4.3]",81.003,95.774,0.851,105.026,51.768,20.0,34.5,SASDA67_fit1_model1.pdb,
SASDA67,ok,607.0,74.0,58.52,"[1.2, -63.1, -19.3]","[-1.9, -6.6, -4.3]",102.411,74.741,0.886,98.665,47.307,57.5,24.5,SASDA67_fit2_model1.pdb,
SASDA68,ok,1452.0,785.0,38.15,"[-14.8, -20.7, 28.4]","[-0.0, 0.0, 0.0]",14.584,15.885,0.706,15.242,12.859,25.0,72.5,SASDA68_fit1_model1.pdb,
SASDA69,ok,323.0,235.0,0.11,"[0.0, 0.0, 0.1]","[0.0, 0.0, -0.0]",34.124,23.828,0.675,29.867,10.728,83.5,17.5,SASDA69_fit1_model1.pdb,
SASDA69,ok,1104.0,235.0,57.0,"[-33.3, 45.6, 7.7]","[0.0, 0.0, -0.0]",40.043,35.013,0.911,39.213,31.962,63.0,8.0,SASDA69_fit2_model1.pdb,
SASDA69,ok,2208.0,235.0,7.73,"[-0.0, -0.0, 7.7]","[0.0, 0.0, -0.0]",34.21,33.0,0.921,28.164,15.789,82.5,76.5,SASDA69_fit2_model2.pdb,
SASDA77,ok,704.0,69.0,70.28,"[-27.8, -4.0, 24.6]","[14.0, 8.1, -30.6]",100.931,103.095,0.997,121.494,41.169,31.5,33.5,SASDA77_fit1_model1.pdb,
SASDA77,ok,735.0,69.0,61.23,"[-40.4, -18.5, -40.2]","[14.0, 8.1, -30.6]",77.141,80.291,0.941,113.159,49.539,12.5,14.5,SASDA77_fit2_model1.pdb,
SASDA78,ok,259.0,886.0,53.98,"[11.5, 48.0, 21.9]","[0.0, 0.0, -0.0]",30.014,25.579,1.0,28.848,25.806,95.0,0.0,SASDA78_fit1_model1.pdb,
SASDA82,ok,4176.0,1078.0,0.01,"[-0.0, 0.0, -0.0]","[0.0, 0.0, 0.0]",4.778,4.78,0.227,4.761,4.677,64.0,65.0,SASDA82_fit1_model1.pdb,
SASDA82,ok,6712.0,1078.0,0.01,"[0.0, 0.0, 0.0]","[0.0, 0.0, 0.0]",4.807,4.572,0.261,4.645,4.173,80.5,43.5,SASDA82_fit2_model1.pdb,
SASDA84,ok,520.0,3523.0,2.44,"[-0.9, 2.2, 0.7]","[0.0, -0.0, -0.0]",8.071,7.753,0.46,6.785,2.63,88.5,77.0,SASDA84_fit1_model1.pdb,
SASDA85,ok,1532.0,5000.0,0.11,"[0.0, 0.0, -0.0]","[0.0, 0.1, -0.1]",4.271,3.801,0.126,13.999,4.537,0.0,0.0,SASDA85_fit1_model1.pdb,
SASDA85,ok,63.0,5000.0,67.86,"[-30.1, 11.0, -59.9]","[0.0, 0.1, -0.1]",37.481,38.669,0.778,36.46,31.476,66.0,89.0,SASDA85_fit2_model1.pdb,
SASDA85,ok,63.0,5000.0,67.86,"[-30.1, 11.0, -59.9]","[0.0, 0.1, -0.1]",37.481,38.669,0.778,36.46,31.476,66.0,89.0,SASDA85_fit2_model2.pdb,
SASDA85,ok,80.0,5000.0,10.37,"[-1.6, 2.1, -10.2]","[0.0, 0.1, -0.1]",17.476,15.832,0.175,18.223,9.694,44.5,33.5,SASDA85_fit3_model1.pdb,
SASDA85,ok,227.0,5000.0,31.47,"[-29.4, -8.1, 7.7]","[0.0, 0.1, -0.1]",21.723,20.148,0.634,20.514,12.222,58.5,46.0,SASDA85_fit4_model1.pdb,
SASDA85,ok,51.0,5000.0,22.76,"[8.0, 3.3, 20.9]","[0.0, 0.1, -0.1]",20.607,20.563,0.216,20.416,11.801,52.0,51.0,SASDA85_fit5_model1.pdb,
SASDA87,ok,831.0,74.0,104.19,"[4.3, 0.4, 0.7]","[-8.4, 5.8, -102.6]",112.468,109.543,0.878,130.827,40.609,36.0,33.5,SASDA87_fit1_model1.pdb,
SASDA87,ok,863.0,74.0,174.11,"[93.1, 97.5, 5.1]","[-8.4, 5.8, -102.6]",171.193,156.982,1.0,165.893,117.46,60.0,37.5,SASDA87_fit2_model1.pdb,
SASDA88,ok,423.0,426.0,1.13,"[-0.0, 0.0, -1.1]","[0.0, 0.0, 0.0]",6.143,6.324,0.392,9.755,4.66,9.0,10.0,SASDA88_fit1_model1.pdb,
SASDA88,ok,2026.0,426.0,0.06,"[-0.0, -0.0, -0.0]","[0.0, 0.0, 0.0]",13.567,13.631,0.703,10.226,4.483,97.0,97.5,SASDA88_fit2_model1.pdb,
SASDA89,ok,782.0,1161.0,2.46,"[0.2, 2.4, 0.6]","[0.0, 0.0, 0.0]",8.751,6.092,0.331,7.384,5.441,95.0,13.5,SASDA89_fit1_model1.pdb,
SASDA92,ok,1996.0,1491.0,80.7,"[20.5, 27.5, 73.1]","[0.0, -0.0, 0.0]",41.176,40.958,0.976,42.355,39.519,22.5,17.5,SASDA92_fit1_model1.pdb,
SASDA92,ok,5436.0,1491.0,0.06,"[0.0, 0.0, -0.0]","[0.0, -0.0, 0.0]",4.459,4.957,0.218,4.704,3.584,36.0,61.0,SASDA92_fit2_model1.pdb,
SASDA94,ok,644.0,1756.0,11.46,"[1.2, 3.0, 11.0]","[-0.0, 0.0, 0.0]",7.039,7.275,0.536,8.841,6.18,6.5,11.5,SASDA94_fit1_model1.pdb,
SASDA94,ok,244.0,1756.0,11.75,"[-0.0, 0.0, 11.8]","[-0.0, 0.0, 0.0]",9.018,8.084,0.717,10.642,7.649,8.5,1.0,SASDA94_fit2_model1.pdb,
SASDA95,ok,1838.0,2018.0,0.02,"[-0.0, -0.0, 0.0]","[0.0, 0.0, -0.0]",12.892,12.825,0.571,9.67,5.546,93.5,93.0,SASDA95_fit1_model1.pdb,
SASDA96,ok,2170.0,1466.0,0.76,"[-0.0, -0.0, -0.8]","[-0.0, -0.0, -0.0]",2.064,1.804,0.254,1.992,1.4,69.5,31.5,SASDA96_fit1_model1.pdb,
SASDA96,ok,129.0,1466.0,40.85,"[-2.0, 19.2, 36.0]","[-0.0, -0.0, -0.0]",24.541,27.621,1.0,26.764,23.056,15.0,79.0,SASDA96_fit2_model1.pdb,
SASDA96,ok,129.0,1466.0,24.91,"[13.0, 20.1, 6.8]","[-0.0, -0.0, -0.0]",12.392,13.612,0.876,13.345,11.481,15.0,63.5,SASDA96_fit3_model1.pdb,
SASDA97,ok,1128.0,1251.0,4.51,"[-2.8, 3.0, -1.8]","[0.0, 0.0, -0.0]",5.506,5.819,0.19,6.503,5.322,3.5,15.5,SASDA97_fit1_model1.pdb,
SASDA98,ok,980.0,527.0,8.01,"[-2.5, 1.7, 7.4]","[-0.0, 0.0, -0.0]",22.219,19.738,0.454,18.556,13.373,88.0,63.0,SASDA98_fit1_model1.pdb,
SASDA99,ok,798.0,786.0,7.64,"[-4.8, -1.3, 5.8]","[-0.0, -0.0, 0.0]",9.686,9.191,0.393,10.025,7.273,40.0,27.0,SASDA99_fit1_model1.pdb,
SASDAA2,ok,1652.0,1627.0,0.01,"[0.0, 0.0, -0.0]","[-0.0, -0.0, 0.0]",9.203,9.886,0.548,8.151,5.059,69.5,77.0,SASDAA2_fit1_model1.pdb,
SASDAA2,ok,686.0,1627.0,72.23,"[18.6, 67.8, 16.4]","[-0.0, -0.0, 0.0]",36.478,31.263,0.987,36.884,30.935,45.5,1.5,SASDAA2_fit2_model1.pdb,
SASDAA5,ok,1318.0,1439.0,0.01,"[0.0, 0.0, 0.0]","[-0.0, -0.0, 0.0]",12.486,11.505,0.509,12.334,6.721,52.5,43.5,SASDAA5_fit1_model1.pdb,
SASDAA6,ok,1027.0,1350.0,3.03,"[-2.3, 2.0, -0.0]","[0.0, -0.0, -0.0]",5.275,4.94,0.305,4.874,3.285,78.5,57.0,SASDAA6_fit1_model1.pdb,
SASDAA6,ok,578.0,1350.0,0.36,"[-0.2, -0.3, -0.2]","[0.0, -0.0, -0.0]",5.456,4.652,0.235,5.334,4.177,56.0,8.0,SASDAA6_fit2_model1.pdb,
SASDAA6,ok,578.0,1350.0,82.19,"[49.3, 27.9, 59.5]","[0.0, -0.0, -0.0]",50.787,57.236,1.0,54.49,48.662,11.0,88.5,SASDAA6_fit3_model1.pdb,
SASDAA7,ok,978.0,5000.0,1.79,"[0.0, 0.0, -1.7]","[0.0, -0.0, 0.1]",11.78,11.829,0.413,10.124,4.212,89.5,92.0,SASDAA7_fit1_model1.pdb,
SASDAA8,ok,245.0,1749.0,78.6,"[-4.9, 70.5, 34.4]","[0.0, -0.0, -0.0]",59.427,60.612,1.0,60.032,57.982,27.5,79.0,SASDAA8_fit1_model1.pdb,
SASDAA9,ok,1368.0,1170.0,77.77,"[17.6, 48.7, 58.0]","[-0.0, -0.0, -0.0]",45.774,46.533,0.999,42.833,37.643,77.0,83.5,SASDAA9_fit1_model1.pdb,
SASDAA9,ok,1206.0,1170.0,17.16,"[-8.2, -10.3, 11.0]","[-0.0, -0.0, -0.0]",6.288,8.837,0.371,7.794,5.687,6.0,82.0,SASDAA9_fit2_model1.pdb,
SASDAB2,ok,104.0,1602.0,0.2,"[0.1, 0.2, 0.0]","[0.0, -0.0, 0.0]",2.393,2.359,0.058,2.373,2.165,63.5,42.5,SASDAB2_fit1_model1.pdb,
SASDAB4,ok,391.0,805.0,45.98,"[30.5, 23.0, 25.8]","[0.0, 0.2, 0.0]",28.104,24.084,1.0,31.129,21.664,23.5,9.0,SASDAB4_fit1_model1.pdb,
SASDAB4,ok,391.0,805.0,45.33,"[34.3, 24.5, 16.9]","[0.0, 0.2, 0.0]",23.878,18.057,1.0,28.12,18.69,19.0,0.0,SASDAB4_fit2_model1.pdb,
SASDAB5,ok,1514.0,1704.0,0.02,"[0.0, 0.0, -0.0]","[0.0, -0.0, 0.0]",10.649,10.701,0.636,9.343,4.463,67.0,69.0,SASDAB5_fit1_model1.pdb,
SASDAB6,ok,7236.0,1740.0,0.02,"[0.0, 0.0, 0.0]","[-0.0, 0.0, 0.0]",2.521,2.525,0.121,2.929,2.504,1.5,2.0,SASDAB6_fit1_model1.pdb,
SASDAB6,ok,1544.0,1740.0,84.63,"[46.2, 49.0, 51.2]","[-0.0, 0.0, 0.0]",47.688,46.171,1.0,47.182,44.434,55.5,31.0,SASDAB6_fit2_model1.pdb,
SASDAB7,ok,512.0,646.0,83.1,"[43.4, -14.1, -69.5]","[0.0, 0.0, 0.0]",50.611,51.098,1.0,51.36,44.587,42.5,45.5,SASDAB7_fit1_model1.pdb,
SASDAB8,ok,832.0,184.0,12.58,"[-10.2, -1.5, 6.6]","[-0.0, 2.6, 0.4]",21.024,24.345,0.526,23.033,12.991,31.5,60.5,SASDAB8_fit1_model1.pdb,
SASDAB8,ok,832.0,184.0,15.63,"[-8.3, -10.5, 2.3]","[-0.0, 2.6, 0.4]",24.562,28.384,0.573,26.403,15.688,36.0,69.5,SASDAB8_fit1_model2.pdb,
SASDAB8,ok,832.0,184.0,17.84,"[-3.9, -11.4, -9.8]","[-0.0, 2.6, 0.4]",19.828,34.553,0.623,28.258,16.295,5.0,98.5,SASDAB8_fit1_model3.pdb,
SASDAB9,ok,728.0,994.0,0.55,"[0.1, 0.5, -0.1]","[0.0, 0.0, 0.0]",7.331,7.388,0.352,6.744,5.219,74.0,75.5,SASDAB9_fit1_model1.pdb,
SASDAB9,ok,776.0,994.0,18.99,"[-6.2, -14.8, 10.1]","[0.0, 0.0, 0.0]",5.264,9.366,0.349,9.129,5.06,1.0,56.5,SASDAB9_fit2_model1.pdb,
SASDAC2,ok,129.0,815.0,28.0,"[-0.5, 20.4, 19.2]","[0.0, -0.0, 0.0]",17.292,15.881,1.0,16.441,14.208,86.0,29.0,SASDAC2_fit1_model1.pdb,
SASDAC2,ok,3652.0,815.0,0.03,"[-0.0, 0.0, -0.0]","[0.0, -0.0, 0.0]",2.562,2.387,0.374,2.177,1.729,96.0,75.5,SASDAC2_fit2_model1.pdb,
SASDAC4,ok,384.0,424.0,9.23,"[0.2, -0.2, -9.3]","[0.1, -0.0, -0.0]",11.944,15.057,0.549,13.089,5.475,32.5,85.0,SASDAC4_fit1_model1.pdb,
SASDAC4,ok,454.0,424.0,9.15,"[-0.0, -0.0, -9.2]","[0.1, -0.0, -0.0]",12.138,15.085,0.487,14.031,6.151,30.0,63.5,SASDAC4_fit2_model1.pdb,
SASDAC5,ok,259.0,1337.0,39.8,"[31.5, -13.9, 19.9]","[0.0, -0.0, 0.0]",24.033,28.125,0.575,25.706,18.151,39.0,67.0,SASDAC5_fit1_model1.pdb,
SASDAC5,ok,1354.0,1337.0,23.47,"[17.6, -7.5, 13.6]","[0.0, -0.0, 0.0]",19.174,20.182,0.453,18.213,12.39,63.5,73.0,SASDAC5_fit2_model1.pdb,
SASDAC6,ok,205.0,889.0,40.53,"[10.5, -26.1, 29.2]","[-0.0, 0.0, -0.0]",22.19,21.855,0.956,22.288,17.748,48.0,40.5,SASDAC6_fit1_model1.pdb,
SASDAC6,ok,205.0,889.0,40.1,"[-24.7, 3.1, 31.5]","[-0.0, 0.0, -0.0]",23.38,19.807,0.995,23.264,16.846,52.0,8.5,SASDAC6_fit1_model2.pdb,
SASDAC7,ok,238.0,1162.0,53.9,"[40.8, 9.3, 34.0]","[-0.0, -0.0, -0.0]",37.591,30.617,0.987,34.62,28.115,80.0,10.5,SASDAC7_fit1_model1.pdb,
SASDAC8,ok,1260.0,1133.0,38.86,"[-0.7, 38.6, 4.9]","[-0.0, 0.0, 0.0]",15.857,16.107,0.729,16.067,14.979,39.5,52.5,SASDAC8_fit1_model1.pdb,
SASDAC9,ok,864.0,1043.0,3.81,"[1.8, 3.3, -0.1]","[-0.0, -0.0, 0.0]",10.122,12.013,0.36,9.203,5.569,70.5,96.5,SASDAC9_fit1_model1.pdb,
SASDAC9,ok,12092.0,1043.0,122.02,"[40.8, 40.8, 107.5]","[-0.0, -0.0, 0.0]",67.224,67.495,1.0,79.293,62.128,8.0,8.0,SASDAC9_fit2_model1.pdb,
SASDAD4,ok,806.0,574.0,0.03,"[-0.0, 0.0, -0.0]","[-0.0, 0.0, -0.0]",15.102,15.102,0.448,14.028,7.751,73.0,73.0,SASDAD4_fit1_model1.pdb,
SASDAD4,ok,1752.0,574.0,0.03,"[0.0, 0.0, -0.0]","[-0.0, 0.0, -0.0]",14.914,15.337,0.409,12.913,7.794,89.0,93.5,SASDAD4_fit2_model1.pdb,
SASDAD5,ok,1179.0,609.0,18.21,"[9.0, 10.8, 11.6]","[0.0, -0.0, 0.0]",15.972,12.599,0.412,20.089,15.238,3.0,0.0,SASDAD5_fit1_model1.pdb,
SASDAD5,ok,7772.0,609.0,13.41,"[11.2, -7.4, -0.3]","[0.0, -0.0, 0.0]",22.198,15.25,0.483,24.89,15.998,22.5,0.0,SASDAD5_fit2_model1.pdb,
SASDAD7,ok,704.0,1083.0,45.92,"[-25.6, -25.6, 28.2]","[-0.0, 0.0, 0.0]",27.36,28.03,0.888,26.447,19.25,68.5,84.5,SASDAD7_fit1_model1.pdb,
SASDAD7,ok,288.0,1083.0,5.86,"[0.0, 0.0, -5.8]","[-0.0, 0.0, 0.0]",12.375,13.677,0.427,14.613,9.952,16.5,34.0,SASDAD7_fit2_model1.pdb,
SASDAE4,ok,368.0,577.0,4.84,"[-0.0, -0.0, -4.8]","[-0.0, 0.2, 0.1]",31.639,31.19,0.772,27.27,7.09,90.0,87.0,SASDAE4_fit1_model1.pdb,
SASDAE4,ok,492.0,577.0,7.2,"[0.0, -0.0, -7.1]","[-0.0, 0.2, 0.1]",26.957,25.847,0.612,25.005,13.001,69.0,60.0,SASDAE4_fit2_model1.pdb,
SASDAE5,ok,1906.0,2007.0,0.01,"[-0.0, 0.0, -0.0]","[0.0, -0.0, 0.0]",4.991,4.942,0.206,9.651,4.302,1.0,1.0,SASDAE5_fit1_model1.pdb,
SASDAE5,ok,825.0,2007.0,13.9,"[6.4, -6.1, 10.7]","[0.0, -0.0, 0.0]",10.455,12.693,0.465,10.741,7.342,42.5,76.5,SASDAE5_fit2_model1.pdb,
SASDAE6,ok,282.0,408.0,57.66,"[37.5, -42.5, -10.8]","[0.0, -0.0, -0.1]",36.31,36.563,0.982,46.585,33.755,5.0,6.0,SASDAE6_fit1_model1.pdb,
SASDAE6,ok,282.0,408.0,48.03,"[27.7, 23.2, -31.8]","[0.0, -0.0, -0.1]",28.162,30.16,0.996,29.697,23.748,30.5,53.0,SASDAE6_fit1_model2.pdb,
SASDAE7,ok,706.0,1038.0,0.18,"[0.0, 0.0, -0.2]","[0.0, -0.0, -0.0]",10.476,10.252,0.368,12.99,6.738,17.5,16.5,SASDAE7_fit1_model1.pdb,
SASDAE7,ok,726.0,1038.0,1.82,"[0.0, -0.9, 1.6]","[0.0, -0.0, -0.0]",13.298,13.214,0.472,12.595,7.583,58.5,56.5,SASDAE7_fit2_model1.pdb,
SASDAE7,ok,726.0,1038.0,3.69,"[-0.0, -0.9, -3.6]","[0.0, -0.0, -0.0]",16.277,16.065,0.555,16.893,10.165,45.5,42.0,SASDAE7_fit2_model2.pdb,
SASDAE7,ok,79.0,1038.0,13.1,"[-12.3, 0.5, 4.6]","[0.0, -0.0, -0.0]",14.499,14.393,0.013,14.466,13.486,55.5,43.0,SASDAE7_fit2_model3.pdb,
SASDAF5,ok,1703.0,1694.0,0.01,"[-0.0, 0.0, -0.0]","[-0.0, -0.0, -0.0]",9.618,10.592,0.397,11.95,5.194,23.0,36.0,SASDAF5_fit1_model1.pdb,
SASDAF5,ok,825.0,1694.0,22.39,"[16.4, -3.3, 14.9]","[-0.0, -0.0, -0.0]",13.609,14.082,0.491,14.738,9.822,31.5,40.0,SASDAF5_fit2_model1.pdb,
SASDAF7,ok,2389.0,1405.0,0.0,"[0.0, -0.0, -0.0]","[0.0, 0.0, -0.0]",4.496,4.687,0.333,3.765,2.787,92.5,97.5,SASDAF7_fit1_model1.pdb,
SASDAF7,ok,471.0,1405.0,47.57,"[4.4, -46.0, -11.3]","[0.0, 0.0, -0.0]",23.172,22.599,0.932,24.571,22.417,18.0,4.0,SASDAF7_fit2_model1.pdb,
SASDAG2,ok,147.0,1686.0,2.0,"[0.9, -0.5, 1.7]","[-0.0, -0.0, -0.0]",2.628,2.818,0.156,2.632,2.149,50.0,85.5,SASDAG2_fit1_model1.pdb,
SASDAG2,ok,258.0,1686.0,27.99,"[-0.5, 20.4, 19.2]","[-0.0, -0.0, -0.0]",15.44,14.478,0.969,14.984,12.591,71.0,35.0,SASDAG2_fit2_model1.pdb,
SASDAG5,ok,1710.0,803.0,0.07,"[-0.0, -0.0, 0.1]","[-0.0, 0.0, -0.0]",6.006,5.934,0.223,8.075,4.898,8.0,7.0,SASDAG5_fit1_model1.pdb,
SASDAG5,ok,612.0,803.0,0.39,"[-0.0, -0.0, 0.4]","[-0.0, 0.0, -0.0]",7.58,7.771,0.245,9.544,5.867,12.5,15.0,SASDAG5_fit2_model1.pdb,
SASDAG7,ok,849.0,5000.0,1.16,"[0.1, -0.4, -1.1]","[-0.0, -0.0, 0.0]",5.903,5.676,0.396,7.552,2.518,24.5,21.5,SASDAG7_fit1_model1.pdb,
SASDAG7,ok,372.0,5000.0,0.34,"[0.1, -0.1, -0.3]","[-0.0, -0.0, 0.0]",6.351,6.532,0.358,7.889,3.16,25.5,27.5,SASDAG7_fit2_model1.pdb,
SASDAH2,ok,153.0,1585.0,27.2,"[13.7, 22.0, 8.5]","[0.0, -0.0, 0.0]",14.519,12.568,0.948,12.678,11.184,98.5,43.0,SASDAH2_fit1_model1.pdb,
SASDAH2,ok,5354.0,1585.0,0.01,"[0.0, 0.0, -0.0]","[0.0, -0.0, 0.0]",2.225,2.235,0.242,1.976,1.564,91.0,93.0,SASDAH2_fit2_model1.pdb,
SASDAH4,ok,1737.0,1811.0,2.36,"[-1.8, -0.6, 1.3]","[-0.0, 0.0, -0.0]",6.564,6.631,0.404,7.461,4.227,33.0,33.5,SASDAH4_fit1_model1.pdb,
SASDAH4,ok,355.0,1811.0,48.16,"[-31.4, 29.9, 21.1]","[-0.0, 0.0, -0.0]",27.17,29.729,0.93,27.322,22.042,49.0,77.0,SASDAH4_fit2_model1.pdb,
SASDAH5,ok,608.0,342.0,3.18,"[0.1, 2.9, -1.4]","[-0.2, -0.1, -0.4]",10.651,9.983,0.105,12.603,9.698,7.0,1.5,SASDAH5_fit1_model1.pdb,
SASDAH6,ok,453.0,815.0,16.31,"[-8.4, 9.2, 10.6]","[-0.0, -0.0, -0.0]",14.466,13.832,0.706,12.2,6.493,99.5,90.0,SASDAH6_fit1_model1.pdb,
SASDAH6,ok,1058.0,815.0,4.07,"[0.0, 3.6, -2.0]","[-0.0, -0.0, -0.0]",8.116,6.085,0.5,9.133,3.939,38.0,18.0,SASDAH6_fit2_model1.pdb,
SASDAH8,ok,2432.0,1101.0,0.02,"[0.0, -0.0, -0.0]","[0.0, -0.0, -0.0]",4.63,4.606,0.398,4.008,2.477,85.5,84.0,SASDAH8_fit1_model1.pdb,
SASDAJ5,ok,319.0,1165.0,89.79,"[36.4, -21.0, 79.3]","[-0.0, -0.0, -0.0]",64.002,63.72,1.0,63.098,56.134,80.0,70.5,SASDAJ5_fit1_model1.pdb,
SASDAJ5,ok,3034.0,1165.0,90.39,"[36.8, -23.1, 79.3]","[-0.0, -0.0, -0.0]",62.254,64.436,1.0,61.842,51.475,59.0,93.5,SASDAJ5_fit2_model1.pdb,
SASDAJ6,ok,1686.0,1493.0,30.4,"[-0.0, 0.0, -30.4]","[-0.0, 0.0, 0.0]",21.684,18.259,0.811,19.388,16.35,80.0,25.0,SASDAJ6_fit1_model1.pdb,
SASDAJ6,ok,839.0,1493.0,3.53,"[-0.0, 0.0, 3.5]","[-0.0, 0.0, 0.0]",19.505,17.866,0.597,14.862,10.435,98.0,88.0,SASDAJ6_fit2_model1.pdb,
SASDAJ8,ok,622.0,4042.0,1.36,"[-0.4, 0.4, 1.2]","[-0.0, 0.0, 0.0]",11.043,10.602,0.455,10.458,3.348,59.0,51.0,SASDAJ8_fit1_model1.pdb,
SASDAK2,ok,306.0,502.0,27.18,"[13.7, 22.0, 8.5]","[0.0, 0.0, -0.0]",15.063,12.707,0.967,13.289,11.743,98.0,22.0,SASDAK2_fit1_model1.pdb,
SASDAK2,ok,153.0,502.0,1.8,"[0.3, -1.2, 1.2]","[0.0, 0.0, -0.0]",4.527,4.02,0.359,4.067,3.3,91.5,43.5,SASDAK2_fit2_model1.pdb,
SASDAK5,ok,415.0,250.0,68.72,"[12.3, 43.6, 51.4]","[0.1, 0.2, -0.5]",44.792,29.371,1.0,44.229,29.043,55.0,0.5,SASDAK5_fit1_model1.pdb,
SASDAK5,ok,415.0,250.0,102.44,"[11.9, 0.1, 101.3]","[0.1, 0.2, -0.5]",77.57,79.261,1.0,83.751,59.941,29.5,32.5,SASDAK5_fit2_model1.pdb,
SASDAK5,ok,415.0,250.0,79.69,"[14.9, 21.7, 74.8]","[0.1, 0.2, -0.5]",50.575,56.328,1.0,57.746,49.744,1.5,30.5,SASDAK5_fit3_model1.pdb,
SASDAK6,ok,5921.0,1730.0,0.0,"[0.0, 0.0, 0.0]","[0.0, -0.0, 0.0]",2.981,2.97,0.177,3.17,2.607,26.0,25.5,SASDAK6_fit1_model1.pdb,
SASDAK6,ok,1546.0,1730.0,82.24,"[49.2, 64.8, 11.9]","[0.0, -0.0, 0.0]",49.591,49.248,1.0,47.782,44.947,91.0,80.5,SASDAK6_fit2_model1.pdb,
SASDAK8,ok,489.0,596.0,2.3,"[-1.9, 0.8, -1.0]","[0.0, -0.0, 0.0]",9.546,13.495,0.35,9.854,4.757,44.0,98.5,SASDAK8_fit1_model1.pdb,
SASDAL2,ok,1886.0,1393.0,2.9,"[-1.7, -1.9, -1.3]","[0.0, 0.0, 0.0]",3.121,2.867,0.262,3.938,2.154,25.0,18.5,SASDAL2_fit1_model1.pdb,
SASDAL2,ok,386.0,1393.0,42.29,"[16.0, 31.4, 23.4]","[0.0, 0.0, 0.0]",19.395,22.108,0.894,22.079,17.937,13.0,50.0,SASDAL2_fit2_model1.pdb,
SASDAL5,ok,578.0,1521.0,1.43,"[0.0, 0.0, 1.4]","[-0.0, 0.0, 0.0]",9.621,9.206,0.583,11.783,6.566,16.5,11.5,SASDAL5_fit1_model1.pdb,
SASDAL5,ok,580.0,1521.0,17.51,"[0.0, 0.0, 17.5]","[-0.0, 0.0, 0.0]",11.708,11.267,0.607,11.629,10.045,55.5,32.0,SASDAL5_fit1_model2.pdb,
SASDAL5,ok,373.0,1521.0,21.21,"[21.1, 0.3, -1.5]","[-0.0, 0.0, 0.0]",11.507,10.445,0.534,12.441,8.683,33.0,9.5,SASDAL5_fit1_model3.pdb,
SASDAL5,ok,380.0,1521.0,19.05,"[1.0, -13.3, 13.6]","[-0.0, 0.0, 0.0]",10.074,11.376,0.45,10.488,9.178,26.0,82.0,SASDAL5_fit1_model4.pdb,
SASDAL5,ok,168.0,1521.0,11.58,"[0.0, 0.0, -11.6]","[-0.0, 0.0, 0.0]",9.987,10.305,0.25,10.676,9.502,10.5,28.5,SASDAL5_fit1_model5.pdb,
SASDAL5,ok,168.0,1521.0,0.13,"[0.0, 0.0, -0.1]","[-0.0, 0.0, 0.0]",8.738,8.693,0.006,8.723,7.884,51.0,46.0,SASDAL5_fit1_model6.pdb,
SASDAL5,ok,290.0,1521.0,25.57,"[4.7, -18.0, 17.5]","[-0.0, 0.0, 0.0]",13.148,13.208,0.572,13.077,11.717,51.5,54.0,SASDAL5_fit1_model7.pdb,
SASDAL5,ok,180.0,1521.0,42.87,"[42.5, -1.2, 5.6]","[-0.0, 0.0, 0.0]",22.683,22.606,0.8,23.34,21.646,14.5,12.5,SASDAL5_fit1_model8.pdb,
SASDAM5,ok,742.0,343.0,0.26,"[-0.0, 0.0, 0.3]","[-0.1, -0.0, 0.0]",19.009,19.611,0.678,17.108,7.325,67.0,73.5,SASDAM5_fit1_model1.pdb,
SASDAM5,ok,578.0,343.0,1.42,"[0.0, 0.0, 1.4]","[-0.1, -0.0, 0.0]",18.402,17.844,0.69,16.093,6.723,81.5,77.0,SASDAM5_fit2_model1.pdb,
SASDAM5,ok,580.0,343.0,17.5,"[0.0, 0.0, 17.5]","[-0.1, -0.0, 0.0]",13.341,12.606,0.459,14.626,10.571,31.0,17.5,SASDAM5_fit3_model1.pdb,
SASDAM8,ok,792.0,4146.0,34.68,"[15.7, -28.4, 12.4]","[0.0, -0.0, 0.0]",20.531,20.865,0.653,20.825,15.657,46.5,51.0,SASDAM8_fit1_model1.pdb,
SASDAM8,ok,792.0,4146.0,33.97,"[16.9, -27.6, 10.2]","[0.0, -0.0, 0.0]",20.524,20.373,0.664,19.152,15.746,75.0,71.0,SASDAM8_fit1_model2.pdb,
SASDAM8,ok,792.0,4146.0,37.89,"[18.0, -30.2, 14.3]","[0.0, -0.0, 0.0]",18.904,19.945,0.676,20.576,16.263,9.5,30.0,SASDAM8_fit1_model3.pdb,
SASDAN2,ok,128.0,1070.0,2.9,"[-0.6, -2.3, -1.7]","[0.0, -0.0, 0.0]",5.206,5.068,0.438,4.264,2.841,94.0,88.0,SASDAN2_fit1_model1.pdb,
SASDAN2,ok,124.0,1070.0,4.56,"[1.5, 0.7, 4.3]","[0.0, -0.0, 0.0]",4.314,3.984,0.371,4.306,3.18,50.5,30.0,SASDAN2_fit2_model1.pdb,
SASDAN3,ok,2294.0,1018.0,0.02,"[0.0, -0.0, -0.0]","[-0.0, 0.0, -0.0]",10.891,11.236,0.474,9.842,4.84,73.0,81.5,SASDAN3_fit1_model1.pdb,
SASDAN4,ok,168.0,329.0,5.74,"[1.0, 2.5, -5.1]","[0.2, 0.0, 0.0]",7.436,8.151,0.554,7.262,4.231,57.0,69.0,SASDAN4_fit1_model1.pdb,
SASDAN5,ok,959.0,754.0,14.65,"[2.4, 7.2, 12.5]","[0.0, -0.0, -0.0]",9.365,9.055,0.567,8.894,6.199,65.0,55.5,SASDAN5_fit1_model1.pdb,
SASDAN5,ok,213.0,754.0,16.18,"[2.8, 7.9, 13.8]","[0.0, -0.0, -0.0]",10.399,10.787,0.498,10.423,7.926,49.0,62.5,SASDAN5_fit2_model1.pdb,
SASDAN7,ok,106.0,145.0,4.51,"[0.0, -0.0, 0.0]","[-4.4, -0.2, 0.9]",82.232,78.019,1.0,80.195,73.563,78.5,29.0,SASDAN7_fit1_model1.pdb,
SASDAN8,ok,2044.0,1114.0,82.82,"[-0.0, 0.0, 82.8]","[0.0, -0.0, -0.0]",20.72,21.003,0.5,47.262,21.711,0.0,0.0,SASDAN8_fit1_model1.pdb,
SASDAP4,ok,528.0,472.0,33.86,"[22.7, 11.9, -22.1]","[-0.0, 0.0, 0.0]",19.822,29.331,0.614,23.01,16.945,14.5,99.0,SASDAP4_fit1_model1.pdb,
SASDAP4,ok,528.0,472.0,38.0,"[23.4, 17.5, -24.4]","[-0.0, 0.0, 0.0]",21.675,32.683,0.614,27.602,19.129,8.0,87.5,SASDAP4_fit1_model2.pdb,
SASDAP4,ok,528.0,472.0,30.51,"[28.6, 5.0, -9.3]","[-0.0, 0.0, 0.0]",13.605,15.703,0.562,14.505,10.798,25.0,85.0,SASDAP4_fit1_model3.pdb,
SASDAP5,ok,721.0,1322.0,3.28,"[-3.2, 0.7, 0.2]","[-0.0, -0.0, -0.0]",6.312,6.443,0.366,9.057,4.689,10.5,11.5,SASDAP5_fit1_model1.pdb,
SASDAP5,ok,422.0,1322.0,14.99,"[-0.0, -0.0, 15.0]","[-0.0, -0.0, -0.0]",9.291,9.81,0.68,12.323,9.24,1.0,3.0,SASDAP5_fit2_model1.pdb,
SASDAP7,ok,575.0,231.0,2.43,"[-0.6, 0.6, -0.1]","[-1.1, 0.1, 2.2]",19.717,18.299,0.626,23.813,12.792,21.0,13.0,SASDAP7_fit1_model1.pdb,
SASDAP8,ok,2522.0,1305.0,65.94,"[0.0, -0.0, 65.9]","[0.0, -0.0, 0.0]",15.836,15.895,0.483,36.241,16.141,0.0,0.0,SASDAP8_fit1_model1.pdb,
SASDAQ2,ok,76.0,1595.0,44.82,"[30.4, 29.0, 15.5]","[-0.0, 0.0, -0.0]",30.176,30.721,1.0,30.742,25.974,25.5,49.0,SASDAQ2_fit1_model1.pdb,
SASDAQ2,ok,2833.0,1595.0,0.01,"[-0.0, 0.0, -0.0]","[-0.0, 0.0, -0.0]",1.761,1.342,0.217,1.687,1.227,65.0,5.5,SASDAQ2_fit2_model1.pdb,
SASDAQ3,ok,632.0,1017.0,0.09,"[0.1, 0.0, -0.0]","[0.0, -0.0, 0.0]",24.635,22.687,0.41,28.353,17.352,25.0,13.5,SASDAQ3_fit1_model1.pdb,
SASDAQ4,ok,3384.0,811.0,3.77,"[1.9, 1.0, -3.1]","[0.0, 0.0, 0.0]",15.055,12.865,0.303,12.547,8.93,88.5,55.0,SASDAQ4_fit1_model1.pdb,
SASDAQ5,ok,4574.0,1480.0,0.0,"[-0.0, 0.0, -0.0]","[-0.0, 0.0, 0.0]",5.133,5.13,0.172,5.049,4.917,100.0,100.0,SASDAQ5_fit1_model1.pdb,
SASDAQ7,ok,791.0,1218.0,0.38,"[-0.1, 0.3, -0.3]","[-0.0, 0.0, -0.0]",11.318,13.562,0.367,15.693,8.515,17.5,32.0,SASDAQ7_fit1_model1.pdb,
SASDAQ7,ok,262.0,1218.0,5.29,"[3.5, 1.5, -3.7]","[-0.0, 0.0, -0.0]",12.49,12.836,0.336,18.589,10.339,5.5,10.0,SASDAQ7_fit2_model1.pdb,
SASDAQ8,ok,546.0,1048.0,62.68,"[0.0, 53.7, 32.3]","[-0.0, 0.0, -0.0]",30.656,27.686,0.998,34.127,25.657,23.0,7.5,SASDAQ8_fit1_model1.pdb,
SASDAQ8,ok,273.0,1048.0,26.75,"[26.7, -0.8, 1.4]","[-0.0, 0.0, -0.0]",10.995,10.94,0.652,12.51,10.956,0.5,0.0,SASDAQ8_fit1_model2.pdb,
SASDAR2,ok,3714.0,1103.0,0.02,"[-0.0, -0.0, -0.0]","[0.0, -0.0, 0.0]",2.7,3.619,0.268,2.998,1.58,38.0,87.0,SASDAR2_fit1_model1.pdb,
SASDAR2,ok,124.0,1103.0,4.56,"[1.5, 0.7, 4.3]","[0.0, -0.0, 0.0]",5.169,3.218,0.427,4.344,3.04,97.5,3.5,SASDAR2_fit2_model1.pdb,
SASDAR3,ok,205.0,827.0,39.12,"[-37.1, -8.8, 8.5]","[0.0, -0.0, 0.0]",23.851,22.955,0.79,22.576,15.47,69.5,56.5,SASDAR3_fit1_model1.pdb,
SASDAR3,ok,205.0,827.0,38.88,"[25.0, -28.3, 9.3]","[0.0, -0.0, 0.0]",25.039,26.15,1.0,24.348,18.744,60.5,86.5,SASDAR3_fit1_model2.pdb,
SASDAR3,ok,205.0,827.0,38.14,"[21.9, 9.9, -29.6]","[0.0, -0.0, 0.0]",21.437,21.24,0.956,19.952,14.418,75.0,74.5,SASDAR3_fit1_model3.pdb,
SASDAR3,ok,205.0,827.0,36.64,"[31.3, -18.6, 4.1]","[0.0, -0.0, 0.0]",24.257,23.423,1.0,22.564,19.13,81.0,69.0,SASDAR3_fit1_model4.pdb,
SASDAR3,ok,205.0,827.0,38.06,"[-24.3, 19.6, 21.7]","[0.0, -0.0, 0.0]",23.098,24.154,0.922,22.485,17.738,65.0,85.5,SASDAR3_fit1_model5.pdb,
SASDAR4,ok,540.0,1041.0,26.42,"[14.6, -21.3, -5.6]","[-0.0, 0.0, 0.1]",17.228,18.994,0.419,18.713,10.173,36.5,52.5,SASDAR4_fit1_model1.pdb,
SASDAR5,ok,2158.0,926.0,0.78,"[-0.6, -0.3, 0.4]","[0.0, -0.0, -0.0]",5.453,3.453,0.438,4.424,2.733,87.5,11.5,SASDAR5_fit1_model1.pdb,
SASDAR5,ok,444.0,926.0,11.44,"[-0.0, 0.0, -11.4]","[0.0, -0.0, -0.0]",6.758,6.143,0.444,6.568,5.366,62.0,22.5,SASDAR5_fit2_model1.pdb,
SASDAR6,ok,1632.0,1017.0,19.07,"[-0.0, 0.0, 19.1]","[0.0, 0.0, -0.0]",22.574,25.415,0.593,20.136,13.53,90.5,100.0,SASDAR6_fit1_model1.pdb,
SASDAR7,ok,1389.0,3461.0,1.67,"[1.6, 0.1, -0.4]","[0.0, 0.0, -0.0]",8.967,7.946,0.595,8.047,1.673,64.0,48.5,SASDAR7_fit1_model1.pdb,
SASDAR8,ok,1584.0,1605.0,4.26,"[-1.6, -3.9, 0.6]","[0.0, -0.0, 0.0]",15.495,15.455,0.515,20.065,12.132,15.0,15.0,SASDAR8_fit1_model1.pdb,
SASDAS3,ok,1691.0,1232.0,6.01,"[4.3, 2.4, -3.4]","[0.0, 0.0, -0.0]",2.97,3.308,0.244,3.832,2.393,21.0,34.5,SASDAS3_fit1_model1.pdb,
SASDAS4,ok,107.0,5000.0,46.93,"[-17.1, 39.6, 18.6]","[-0.0, -0.0, 0.2]",33.87,33.217,1.0,33.224,31.751,86.5,49.5,SASDAS4_fit1_model1.pdb,
SASDAS4,ok,107.0,5000.0,46.93,"[-17.1, 39.6, 18.6]","[-0.0, -0.0, 0.2]",33.87,33.217,1.0,33.224,31.751,86.5,49.5,SASDAS4_fit2_model1.pdb,
SASDAS5,ok,2401.0,942.0,0.62,"[-0.0, 0.6, -0.1]","[-0.0, 0.0, 0.0]",6.32,5.196,0.485,5.716,3.4,63.5,32.5,SASDAS5_fit1_model1.pdb,
SASDAS6,ok,494.0,1711.0,1.45,"[-1.1, -0.9, -0.4]","[-0.0, 0.0, 0.0]",23.233,20.35,0.723,19.882,4.476,86.5,53.5,SASDAS6_fit1_model1.pdb,
SASDAS7,ok,553.0,146.0,1.8,"[-0.0, 0.0, 0.1]","[0.7, -0.5, -1.4]",46.467,45.314,1.0,44.749,42.447,97.5,66.5,SASDAS7_fit1_model1.pdb,
SASDAS8,ok,2522.0,1910.0,65.94,"[0.0, -0.0, 65.9]","[0.0, 0.0, -0.0]",41.493,41.352,0.829,52.073,41.77,0.0,0.0,SASDAS8_fit1_model1.pdb,
SASDAS8,ok,546.0,1910.0,62.67,"[0.0, 53.7, 32.3]","[0.0, 0.0, -0.0]",36.572,34.163,0.907,37.078,32.536,41.5,12.0,SASDAS8_fit1_model2.pdb,
SASDAS8,ok,960.0,1910.0,76.66,"[1.4, 54.8, 53.6]","[0.0, 0.0, -0.0]",46.722,45.601,0.973,46.782,41.317,49.5,34.0,SASDAS8_fit1_model3.pdb,
SASDAT3,ok,1691.0,793.0,0.95,"[0.4, 0.0, 0.9]","[0.0, 0.0, 0.0]",5.595,6.029,0.496,5.572,2.43,50.5,60.5,SASDAT3_fit1_model1.pdb,
SASDAT4,ok,974.0,2211.0,0.46,"[0.1, -0.4, -0.2]","[-0.0, -0.0, 0.0]",6.627,6.942,0.394,6.274,3.773,59.5,65.5,SASDAT4_fit1_model1.pdb,
SASDAT4,ok,363.0,2211.0,12.87,"[-3.7, 10.0, 7.2]","[-0.0, -0.0, 0.0]",8.77,8.903,0.331,8.801,6.851,48.5,53.5,SASDAT4_fit2_model1.pdb,
SASDAT5,ok,853.0,4075.0,3.17,"[1.9, 2.5, 0.4]","[-0.0, 0.0, -0.0]",9.333,9.721,0.444,9.056,3.208,64.0,75.0,SASDAT5_fit1_model1.pdb,
SASDAT6,ok,2195.0,2157.0,0.01,"[-0.0, 0.0, -0.0]","[0.0, 0.0, 0.0]",7.43,7.507,0.609,5.411,2.247,91.0,91.5,SASDAT6_fit1_model1.pdb,
SASDAT6,ok,213.0,2157.0,36.51,"[28.5, -1.0, 22.8]","[0.0, 0.0, 0.0]",21.972,21.823,0.995,21.565,17.763,60.0,56.5,SASDAT6_fit2_model1.pdb,
SASDAT7,ok,446.0,204.0,0.5,"[0.1, 0.4, 0.4]","[0.0, -0.0, 0.1]",23.945,25.054,0.673,22.556,8.129,71.0,80.0,SASDAT7_fit1_model1.pdb,
SASDAU3,ok,714.0,1241.0,5.54,"[-3.9, 3.5, 1.8]","[0.0, 0.0, -0.0]",10.763,9.983,0.662,8.842,5.377,75.0,65.5,SASDAU3_fit1_model1.pdb,
SASDAU4,ok,1533.0,952.0,1.61,"[1.4, -0.2, -0.8]","[0.0, -0.0, -0.0]",4.063,3.366,0.366,3.794,2.787,81.0,19.5,SASDAU4_fit1_model1.pdb,
SASDAU4,ok,343.0,952.0,0.84,"[0.6, 0.3, 0.5]","[0.0, -0.0, -0.0]",4.62,4.974,0.37,4.888,4.096,17.5,58.0,SASDAU4_fit2_model1.pdb,
SASDAU5,ok,564.0,2852.0,8.98,"[-7.8, -2.8, 3.5]","[-0.0, -0.0, 0.0]",19.638,19.609,0.716,15.609,4.782,94.0,94.0,SASDAU5_fit1_model1.pdb,
SASDAU7,ok,613.0,162.0,6.05,"[0.1, -6.3, 0.2]","[-0.1, -0.2, 0.2]",27.793,28.211,0.79,25.2,8.211,67.0,71.5,SASDAU7_fit1_model1.pdb,
SASDAU8,ok,896.0,744.0,3.67,"[-0.0, 0.0, 3.7]","[0.0, 0.0, 0.0]",10.038,6.16,0.366,9.509,6.387,65.5,0.0,SASDAU8_fit1_model1.pdb,
SASDAU8,ok,896.0,744.0,1.1,"[-0.2, 0.9, 0.5]","[0.0, 0.0, 0.0]",9.389,6.279,0.325,9.05,6.11,58.0,0.5,SASDAU8_fit2_model1.pdb,
SASDAV5,ok,681.0,1446.0,46.12,"[-36.7, 1.6, 27.9]","[-0.0, 0.0, 0.0]",23.901,26.796,0.868,24.49,17.986,39.5,88.0,SASDAV5_fit1_model1.pdb,
SASDAV6,ok,782.0,973.0,6.32,"[-4.1, 3.9, 2.8]","[0.0, 0.0, -0.0]",8.781,9.111,0.471,6.849,5.156,93.0,97.5,SASDAV6_fit1_model1.pdb,
SASDAV6,ok,430.0,973.0,6.63,"[-5.3, 3.7, 1.5]","[0.0, 0.0, -0.0]",9.626,10.081,0.519,7.693,5.495,90.5,98.0,SASDAV6_fit2_model1.pdb,
SASDAV7,ok,841.0,3925.0,3.72,"[-0.0, 0.0, -3.7]","[0.0, 0.0, -0.0]",5.754,5.656,0.489,5.229,1.782,68.0,63.5,SASDAV7_fit1_model1.pdb,
SASDAV7,ok,842.0,3925.0,3.98,"[-0.6, 0.1, -3.9]","[0.0, 0.0, -0.0]",5.429,5.311,0.492,5.172,2.274,58.0,54.5,SASDAV7_fit2_model1.pdb,
SASDAV8,ok,369.0,1870.0,1.14,"[-1.0, -0.4, 0.4]","[-0.0, -0.0, 0.0]",10.211,9.808,0.526,8.852,5.204,95.5,81.5,SASDAV8_fit1_model1.pdb,
SASDAV8,ok,368.0,1870.0,2.02,"[0.8, -1.8, 0.3]","[-0.0, -0.0, 0.0]",10.299,9.898,0.579,9.665,4.8,77.0,61.0,SASDAV8_fit2_model1.pdb,
SASDAW5,ok,681.0,2124.0,46.12,"[-36.7, 1.6, 27.9]","[-0.0, 0.0, 0.0]",23.576,26.764,0.883,24.491,18.716,35.5,90.0,SASDAW5_fit1_model1.pdb,
SASDAW6,ok,134.0,1032.0,16.53,"[-1.3, -1.6, -16.4]","[-0.0, 0.0, 0.0]",10.058,10.027,0.821,9.379,7.768,82.0,80.5,SASDAW6_fit1_model1.pdb,
SASDAW6,ok,388.0,1032.0,16.25,"[-1.6, -1.9, -16.1]","[-0.0, 0.0, 0.0]",9.63,9.479,0.832,8.341,6.954,95.0,90.0,SASDAW6_fit2_model1.pdb,
SASDAW8,ok,1265.0,852.0,86.79,"[-39.5, -47.3, -61.1]","[-0.0, -0.0, 0.0]",49.253,46.744,0.993,46.735,37.282,76.0,50.0,SASDAW8_fit1_model1.pdb,
SASDAW8,ok,1463.0,852.0,88.5,"[-43.5, -44.0, -63.3]","[-0.0, -0.0, 0.0]",51.719,48.279,0.999,47.807,37.209,83.5,54.5,SASDAW8_fit2_model1.pdb,
SASDAX2,ok,2261.0,1571.0,0.43,"[0.3, -0.0, -0.3]","[-0.0, 0.0, -0.0]",6.347,5.141,0.359,5.078,4.103,99.5,52.5,SASDAX2_fit1_model1.pdb,
SASDAX6,ok,106.0,620.0,4.71,"[-0.1, 0.5, -4.7]","[0.0, 0.0, 0.0]",3.817,4.193,0.264,4.196,3.448,16.5,50.0,SASDAX6_fit1_model1.pdb,
SASDAX6,ok,889.0,620.0,4.65,"[0.5, 0.3, -4.6]","[0.0, 0.0, 0.0]",2.842,3.126,0.408,3.339,2.658,11.0,30.0,SASDAX6_fit2_model1.pdb,
SASDAX8,ok,834.0,1341.0,1.36,"[-0.0, -0.0, 1.4]","[0.0, 0.0, 0.0]",4.823,4.511,0.192,4.407,3.72,90.5,59.0,SASDAX8_fit1_model1.pdb,
SASDAX8,ok,3422.0,1341.0,0.01,"[0.0, -0.0, 0.0]","[0.0, 0.0, 0.0]",4.537,4.501,0.288,3.789,2.846,92.0,89.0,SASDAX8_fit2_model1.pdb,
SASDAY4,ok,1129.0,1217.0,0.02,"[-0.0, -0.0, 0.0]","[0.0, -0.0, -0.0]",10.222,11.41,0.531,10.14,5.874,51.5,67.0,SASDAY4_fit1_model1.pdb,
SASDAY4,ok,364.0,1217.0,16.51,"[-9.4, -11.8, 6.6]","[0.0, -0.0, -0.0]",16.432,13.822,0.761,12.692,7.347,82.0,62.5,SASDAY4_fit2_model1.pdb,
SASDAY4,ok,362.0,1217.0,10.69,"[0.3, 5.7, 9.0]","[0.0, -0.0, -0.0]",10.101,10.296,0.486,10.984,7.203,32.5,35.0,SASDAY4_fit3_model1.pdb,
SASDAY4,ok,362.0,1217.0,15.05,"[-9.3, -9.4, 7.2]","[0.0, -0.0, -0.0]",8.348,9.766,0.354,12.412,7.095,2.5,11.5,SASDAY4_fit4_model1.pdb,
SASDAY6,ok,359.0,2093.0,3.81,"[0.5, 0.9, 3.7]","[0.0, -0.0, -0.0]",7.292,6.919,0.331,9.197,5.434,13.0,6.0,SASDAY6_fit1_model1.pdb,
SASDAY6,ok,1050.0,2093.0,1.82,"[-0.0, -0.0, 1.8]","[0.0, -0.0, -0.0]",6.628,6.643,0.26,8.765,5.859,7.0,7.0,SASDAY6_fit2_model1.pdb,
SASDAY7,ok,1468.0,1351.0,131.43,"[13.5, 65.8, 113.0]","[-0.0, 0.0, 0.0]",76.278,75.596,1.0,88.782,62.918,13.0,12.0,SASDAY7_fit1_model1.pdb,
SASDAY7,ok,1468.0,1351.0,131.43,"[13.5, 65.8, 113.0]","[-0.0, 0.0, 0.0]",76.278,75.596,1.0,88.782,62.918,13.0,12.0,SASDAY7_fit2_model1.pdb,
SASDAY7,ok,734.0,1351.0,127.73,"[22.3, 53.1, 114.0]","[-0.0, 0.0, 0.0]",74.944,75.229,1.0,91.62,61.89,11.0,11.5,SASDAY7_fit2_model2.pdb,
SASDAY7,ok,1468.0,1351.0,131.43,"[13.5, 65.8, 113.0]","[-0.0, 0.0, 0.0]",76.278,75.596,1.0,88.782,62.918,13.0,12.0,SASDAY7_fit3_model1.pdb,
SASDAY7,ok,724.0,1351.0,166.41,"[14.3, 65.4, 152.4]","[-0.0, 0.0, 0.0]",120.176,115.847,1.0,127.84,112.294,16.0,5.0,SASDAY7_fit3_model2.pdb,
SASDAY8,ok,136.0,2635.0,0.03,"[-0.0, -0.0, -0.0]","[0.0, -0.0, 0.0]",4.172,4.135,0.169,4.583,3.352,20.5,17.5,SASDAY8_fit1_model1.pdb,
SASDAY8,ok,2734.0,2635.0,3.03,"[1.9, 1.5, 1.9]","[0.0, -0.0, 0.0]",3.441,3.261,0.362,3.887,2.302,27.5,22.0,SASDAY8_fit2_model1.pdb,
SASDAZ4,ok,631.0,292.0,0.19,"[-0.0, 0.0, -0.0]","[0.0, -0.1, 0.1]",11.658,10.727,0.761,12.743,6.249,35.0,24.0,SASDAZ4_fit1_model1.pdb,
SASDAZ4,ok,241.0,292.0,14.79,"[-14.2, 1.4, 3.8]","[0.0, -0.1, 0.1]",18.638,11.234,0.909,15.896,10.279,95.5,7.0,SASDAZ4_fit2_model1.pdb,
SASDAZ4,ok,243.0,292.0,3.79,"[-2.8, 0.6, -2.3]","[0.0, -0.1, 0.1]",10.428,12.853,0.695,12.46,6.624,26.0,56.5,SASDAZ4_fit3_model1.pdb,
SASDAZ5,ok,884.0,4016.0,2.01,"[-1.2, -1.2, 1.1]","[0.0, 0.0, -0.0]",5.724,7.669,0.245,13.276,4.469,4.0,10.0,SASDAZ5_fit1_model1.pdb,
SASDAZ6,ok,994.0,1000.0,2.64,"[0.0, -0.0, -2.6]","[0.0, -0.0, 0.0]",5.522,5.888,0.278,6.054,4.351,25.0,44.0,SASDAZ6_fit1_model1.pdb,
SASDAZ6,ok,435.0,1000.0,0.59,"[0.2, 0.5, -0.2]","[0.0, -0.0, 0.0]",6.363,6.827,0.333,7.319,4.434,25.5,39.0,SASDAZ6_fit2_model1.pdb,
SASDAZ7,ok,192.0,643.0,3.31,"[-1.9, -1.0, 2.5]","[-0.0, -0.0, 0.0]",33.54,28.041,0.812,35.145,11.783,41.5,24.5,SASDAZ7_fit1_model1.pdb,
SASDAZ7,ok,3250.0,643.0,94.57,"[24.7, 36.3, 83.7]","[-0.0, -0.0, 0.0]",49.115,39.015,0.995,57.886,30.154,22.0,6.0,SASDAZ7_fit2_model1.pdb,
SASDB26,ok,487.0,1086.0,357.36,"[46.9, 65.5, 348.2]","[0.0, 0.0, -0.0]",274.826,277.005,1.0,289.093,260.821,17.5,24.0,SASDB26_fit1_model1.pdb,
SASDB29,ok,627.0,224.0,44.81,"[-29.3, -31.4, 9.5]","[2.4, -1.2, 0.1]",23.526,26.432,0.911,28.401,19.249,15.0,29.5,SASDB29_fit1_model1.pdb,
SASDB29,ok,627.0,224.0,46.17,"[-33.7, -12.9, -26.2]","[2.4, -1.2, 0.1]",20.073,30.759,0.694,27.929,19.945,1.0,71.5,SASDB29_fit1_model10.pdb,
SASDB29,ok,627.0,224.0,26.85,"[-0.3, 16.7, -19.7]","[2.4, -1.2, 0.1]",21.878,21.239,0.837,20.41,15.683,73.0,66.0,SASDB29_fit1_model11.pdb,
SASDB29,ok,627.0,224.0,47.75,"[14.9, -7.6, -45.6]","[2.4, -1.2, 0.1]",27.044,33.394,0.86,34.815,24.333,7.0,38.5,SASDB29_fit1_model12.pdb,
SASDB29,ok,627.0,224.0,41.48,"[0.1, -42.1, 6.4]","[2.4, -1.2, 0.1]",25.479,25.852,0.909,29.634,24.647,3.5,6.5,SASDB29_fit1_model13.pdb,
SASDB29,ok,627.0,224.0,43.27,"[25.1, -37.5, 6.4]","[2.4, -1.2, 0.1]",27.748,27.649,0.895,33.012,25.593,6.0,6.0,SASDB29_fit1_model14.pdb,
SASDB29,ok,627.0,224.0,47.92,"[29.6, 4.5, -39.0]","[2.4, -1.2, 0.1]",26.506,32.903,0.829,34.45,25.979,0.5,33.0,SASDB29_fit1_model15.pdb,
SASDB29,ok,627.0,224.0,48.0,"[-16.2, -37.6, -25.0]","[2.4, -1.2, 0.1]",24.445,36.076,0.904,31.424,23.055,3.5,98.0,SASDB29_fit1_model16.pdb,
SASDB29,ok,627.0,224.0,35.57,"[11.8, 6.5, -33.3]","[2.4, -1.2, 0.1]",22.754,23.304,0.892,25.22,20.48,19.5,24.5,SASDB29_fit1_model17.pdb,
SASDB29,ok,627.0,224.0,34.72,"[-1.6, -27.2, -22.6]","[2.4, -1.2, 0.1]",19.7,22.881,0.826,21.48,17.515,20.0,83.0,SASDB29_fit1_model18.pdb,
SASDB29,ok,627.0,224.0,62.44,"[-36.1, -14.2, -47.3]","[2.4, -1.2, 0.1]",28.19,49.682,0.805,44.125,28.111,1.0,89.0,SASDB29_fit1_model19.pdb,
SASDB29,ok,627.0,224.0,34.72,"[-14.2, -23.4, -20.7]","[2.4, -1.2, 0.1]",15.639,18.222,0.839,18.422,14.741,2.5,41.5,SASDB29_fit1_model2.pdb,
SASDB29,ok,627.0,224.0,40.66,"[-10.5, -39.4, 4.9]","[2.4, -1.2, 0.1]",23.582,25.269,0.906,27.909,20.99,10.0,25.5,SASDB29_fit1_model20.pdb,
SASDB29,ok,627.0,224.0,29.51,"[28.9, -3.1, 13.0]","[2.4, -1.2, 0.1]",16.704,21.34,0.907,20.263,10.561,19.0,58.0,SASDB29_fit1_model3.pdb,
SASDB29,ok,627.0,224.0,42.38,"[30.5, 7.3, -30.5]","[2.4, -1.2, 0.1]",24.123,30.798,0.75,30.957,23.012,1.5,49.0,SASDB29_fit1_model4.pdb,
SASDB29,ok,627.0,224.0,42.81,"[22.5, 24.1, -28.1]","[2.4, -1.2, 0.1]",25.381,29.452,0.852,30.991,22.748,3.5,37.5,SASDB29_fit1_model5.pdb,
SASDB29,ok,627.0,224.0,40.68,"[24.7, 6.5, -33.1]","[2.4, -1.2, 0.1]",25.681,30.199,0.869,28.743,21.833,7.5,75.0,SASDB29_fit1_model6.pdb,
SASDB29,ok,627.0,224.0,43.14,"[-11.5, 18.1, -35.9]","[2.4, -1.2, 0.1]",25.49,33.376,0.871,29.895,22.564,5.0,91.0,SASDB29_fit1_model7.pdb,
SASDB29,ok,627.0,224.0,36.43,"[16.7, -28.9, -18.8]","[2.4, -1.2, 0.1]",24.039,25.236,0.863,25.445,20.494,21.5,46.0,SASDB29_fit1_model8.pdb,
SASDB29,ok,627.0,224.0,46.77,"[-13.3, -38.3, -23.6]","[2.4, -1.2, 0.1]",24.188,29.99,0.907,30.676,23.072,4.5,45.0,SASDB29_fit1_model9.pdb,
SASDB32,ok,1246.0,1355.0,5.49,"[3.3, -0.7, 4.3]","[-0.0, -0.0, -0.0]",2.781,3.979,0.304,3.437,2.003,13.5,85.5,SASDB32_fit1_model1.pdb,
SASDB35,ok,903.0,1235.0,32.02,"[-1.3, 18.9, -25.9]","[0.0, 0.0, -0.0]",12.221,12.665,0.617,12.825,10.517,28.5,45.0,SASDB35_fit1_model1.pdb,
SASDB36,ok,974.0,980.0,413.69,"[57.4, 83.8, 401.0]","[-0.0, 0.0, -0.0]",300.099,317.296,1.0,335.168,294.193,2.5,20.5,SASDB36_fit1_model1.pdb,
SASDB38,ok,6538.0,1090.0,2.9,"[0.0, -2.9, 0.0]","[0.0, 0.0, 0.0]",51.256,51.305,0.998,50.143,48.671,94.0,95.0,SASDB38_fit1_model1.pdb,
SASDB38,ok,6538.0,1090.0,2.68,"[-0.0, 2.7, -0.0]","[0.0, 0.0, 0.0]",51.63,51.711,1.0,50.551,49.562,98.5,99.0,SASDB38_fit2_model1.pdb,
SASDB38,ok,6538.0,1090.0,2.85,"[-0.0, 2.9, -0.0]","[0.0, 0.0, 0.0]",53.811,53.876,1.0,52.236,51.007,96.5,97.5,SASDB38_fit3_model1.pdb,
SASDB42,ok,1034.0,1959.0,8.54,"[1.1, 4.6, -7.1]","[0.0, -0.0, -0.0]",5.704,4.952,0.417,6.987,4.67,14.0,2.0,SASDB42_fit1_model1.pdb,
SASDB43,ok,220.0,838.0,10.78,"[-0.1, 6.7, 8.4]","[0.0, -0.0, 0.0]",12.098,12.362,0.609,13.079,9.195,35.0,38.0,SASDB43_fit1_model1.pdb,
SASDB44,ok,1286.0,1182.0,5.95,"[1.6, -4.1, -4.0]","[0.0, 0.0, -0.0]",5.462,6.238,0.393,5.565,3.255,46.5,72.5,SASDB44_fit1_model1.pdb,
SASDB45,ok,423.0,1167.0,49.87,"[37.5, 13.6, 29.9]","[0.0, -0.0, -0.0]",25.758,26.686,0.747,26.031,21.305,46.0,63.0,SASDB45_fit1_model1.pdb,
SASDB45,ok,423.0,1167.0,48.98,"[37.9, 13.7, 27.9]","[0.0, -0.0, -0.0]",26.442,26.708,0.757,27.117,21.2,31.5,40.0,SASDB45_fit1_model2.pdb,
SASDB45,ok,423.0,1167.0,53.15,"[38.4, 12.8, 34.5]","[0.0, -0.0, -0.0]",28.564,28.237,0.775,29.392,23.28,38.0,35.0,SASDB45_fit1_model3.pdb,
SASDB46,ok,310.0,360.0,55.11,"[8.5, 41.7, 34.9]","[-0.1, -0.0, -0.1]",43.066,34.778,0.948,40.244,28.702,76.5,12.0,SASDB46_fit1_model1.pdb,
SASDB47,ok,1476.0,668.0,7.7,"[-3.6, -0.7, -6.8]","[-0.0, 0.0, 0.0]",18.294,18.443,0.547,16.495,12.026,94.5,95.5,SASDB47_fit1_model1.pdb,
SASDB47,ok,1476.0,668.0,14.58,"[-2.3, -2.7, 14.1]","[-0.0, 0.0, 0.0]",22.122,28.25,0.529,26.025,19.834,12.0,69.5,SASDB47_fit1_model2.pdb,
SASDB47,ok,1476.0,668.0,23.95,"[-5.6, -12.8, -19.4]","[-0.0, 0.0, 0.0]",25.335,20.678,0.695,24.915,16.591,55.5,13.0,SASDB47_fit1_model3.pdb,
SASDB47,ok,1476.0,668.0,51.38,"[-19.5, -19.9, -43.1]","[-0.0, 0.0, 0.0]",34.121,40.506,0.716,38.61,29.017,9.5,63.5,SASDB47_fit1_model4.pdb,
SASDB52,ok,624.0,1235.0,0.03,"[0.0, 0.0, 0.0]","[-0.0, 0.0, 0.0]",4.371,4.373,0.244,5.349,3.638,15.0,15.0,SASDB52_fit1_model1.pdb,
SASDB52,ok,314.0,1235.0,1.74,"[-0.2, -0.3, 1.7]","[-0.0, 0.0, 0.0]",4.909,5.939,0.073,5.386,4.152,26.0,87.5,SASDB52_fit1_model2.pdb,
SASDB53,ok,333.0,1195.0,29.77,"[-6.4, 10.5, 27.1]","[0.0, -0.0, -0.0]",29.956,28.292,0.721,26.605,9.751,71.5,60.0,SASDB53_fit1_model1.pdb,
SASDB54,ok,326.0,174.0,10.28,"[4.1, 8.4, -1.5]","[-1.0, -0.4, -0.4]",13.92,16.204,0.638,20.209,9.424,13.0,22.5,SASDB54_fit1_model1.pdb,
SASDB55,ok,974.0,1030.0,413.68,"[57.4, 83.8, 401.0]","[-0.0, 0.0, 0.0]",305.588,322.467,1.0,340.842,299.743,3.0,20.0,SASDB55_fit1_model1.pdb,
SASDB55,ok,487.0,1030.0,357.35,"[46.9, 65.5, 348.2]","[-0.0, 0.0, 0.0]",277.54,279.059,1.0,291.45,263.38,18.0,24.0,SASDB55_fit1_model2.pdb,
SASDB56,ok,484.0,872.0,194.21,"[37.6, 189.1, 23.1]","[0.0, -0.0, -0.0]",160.406,160.671,1.0,164.48,138.283,39.5,39.5,SASDB56_fit1_model1.pdb,
SASDB62,ok,624.0,1198.0,0.05,"[0.0, 0.0, 0.0]","[-0.0, -0.0, -0.0]",6.276,6.759,0.439,5.387,4.03,88.0,100.0,SASDB62_fit1_model1.pdb,
SASDB62,ok,314.0,1198.0,1.75,"[-0.2, -0.3, 1.7]","[-0.0, -0.0, -0.0]",4.451,5.619,0.029,5.092,4.148,9.0,85.0,SASDB62_fit1_model2.pdb,
SASDB63,ok,515.0,263.0,12.51,"[1.2, -4.3, 8.3]","[-10.1, -3.7, 3.0]",19.261,17.639,0.482,30.377,16.855,2.5,1.0,SASDB63_fit1_model1.pdb,
SASDB64,ok,355.0,288.0,4.11,"[-3.6, 1.7, 1.0]","[0.0, -0.0, 0.0]",13.893,18.603,0.521,16.622,7.247,23.0,67.5,SASDB64_fit1_model1.pdb,
SASDB65,ok,411.0,898.0,1.98,"[0.8, 1.6, 0.9]","[-0.0, 0.0, 0.0]",7.292,5.657,0.27,7.566,4.58,37.0,9.0,SASDB65_fit1_model1.pdb,
SASDB66,ok,968.0,718.0,247.92,"[37.6, 241.5, 41.7]","[-0.0, 0.0, 0.0]",184.055,189.844,1.0,206.766,173.054,13.5,24.0,SASDB66_fit1_model1.pdb,
SASDB72,ok,624.0,1389.0,0.04,"[0.0, 0.0, 0.0]","[0.0, -0.0, 0.0]",4.991,4.602,0.47,4.987,3.364,50.0,33.0,SASDB72_fit1_model1.pdb,
SASDB72,ok,314.0,1389.0,1.74,"[-0.2, -0.3, 1.7]","[0.0, -0.0, 0.0]",4.634,4.159,0.185,4.457,3.414,63.5,30.5,SASDB72_fit1_model2.pdb,
SASDB73,ok,651.0,378.0,26.88,"[-9.8, -23.4, -8.6]","[0.0, 0.0, 0.0]",69.462,68.809,1.0,51.058,22.187,100.0,99.5,SASDB73_fit1_model1.pdb,
SASDB74,ok,408.0,331.0,0.31,"[-0.0, -0.3, -0.2]","[-0.0, -0.0, -0.0]",24.51,30.522,0.618,21.766,9.549,67.5,100.0,SASDB74_fit1_model1.pdb,
SASDB75,ok,1494.0,1031.0,5.54,"[0.0, 0.0, 5.5]","[0.0, -0.0, 0.0]",11.573,11.976,0.444,9.922,5.808,97.0,99.0,SASDB75_fit1_model1.pdb,
SASDB76,ok,310.0,671.0,53.58,"[8.5, 41.7, 34.9]","[0.2, 2.6, -0.9]",43.854,32.505,1.0,39.579,30.264,94.0,4.5,SASDB76_fit1_model1.pdb,
SASDB78,ok,866.0,2236.0,4.79,"[-3.8, -0.5, -2.9]","[-0.0, 0.0, 0.0]",10.984,11.189,0.513,10.436,7.117,64.0,66.5,SASDB78_fit1_model1.pdb,
SASDB78,ok,937.0,2236.0,0.69,"[-0.0, 0.7, -0.1]","[-0.0, 0.0, 0.0]",9.887,10.534,0.487,10.034,5.282,47.0,58.5,SASDB78_fit2_model1.pdb,
SASDB79,ok,292.0,1118.0,18.25,"[8.4, 4.8, -15.5]","[-0.0, -0.0, 0.0]",10.15,9.414,0.884,9.699,8.37,64.5,35.5,SASDB79_fit1_model1.pdb,
SASDB83,ok,235.0,337.0,10.22,"[3.5, -8.7, -4.0]","[0.0, -0.0, 0.0]",13.804,16.446,0.736,14.46,6.535,43.0,74.5,SASDB83_fit1_model1.pdb,
SASDB84,ok,1067.0,1461.0,38.63,"[37.9, -0.6, 7.4]","[-0.0, -0.0, -0.0]",20.933,19.999,0.993,19.142,13.982,98.0,72.0,SASDB84_fit1_model1.pdb,
SASDB85,ok,3660.0,532.0,13.73,"[6.9, -9.6, 7.0]","[0.0, -0.0, 0.0]",4.806,5.858,0.513,5.797,4.462,4.5,53.5,SASDB85_fit1_model1.pdb,
SASDB86,ok,179.0,795.0,0.18,"[0.0, -0.1, 0.2]","[-0.0, 0.0, 0.0]",32.446,32.277,0.687,40.19,9.0,27.5,27.5,SASDB86_fit1_model1.pdb,
SASDB86,ok,516.0,795.0,128.19,"[-51.1, 110.3, -40.8]","[-0.0, 0.0, 0.0]",81.082,94.212,0.959,105.011,77.338,4.0,22.5,SASDB86_fit2_model1.pdb,
SASDB88,ok,867.0,1894.0,41.67,"[38.0, -10.0, 13.9]","[0.0, 0.0, 0.0]",24.1,23.219,0.722,18.351,12.684,99.0,94.0,SASDB88_fit1_model1.pdb,
SASDB88,ok,867.0,1894.0,52.37,"[48.5, -19.8, 1.8]","[0.0, 0.0, 0.0]",22.291,22.607,0.719,22.614,14.096,43.0,50.0,SASDB88_fit1_model2.pdb,
SASDB88,ok,867.0,1894.0,30.04,"[26.9, -1.0, -13.3]","[0.0, 0.0, 0.0]",25.626,21.692,0.745,19.059,9.759,95.5,74.5,SASDB88_fit1_model3.pdb,
SASDB88,ok,917.0,1894.0,0.63,"[-0.2, -0.5, 0.3]","[0.0, 0.0, 0.0]",14.382,15.303,0.603,10.894,5.972,87.5,95.0,SASDB88_fit2_model1.pdb,
SASDB89,ok,292.0,2252.0,18.23,"[8.4, 4.8, -15.5]","[0.0, -0.0, -0.0]",11.25,8.519,0.866,9.969,8.086,97.5,8.0,SASDB89_fit1_model1.pdb,
SASDB93,ok,433.0,176.0,18.74,"[-6.6, -13.3, 11.2]","[0.2, 0.1, 0.0]",23.33,20.419,0.952,29.104,12.356,22.0,11.5,SASDB93_fit1_model1.pdb,
SASDB94,ok,660.0,632.0,5.3,"[0.0, 0.0, -5.3]","[-0.0, -0.0, -0.0]",13.044,12.531,0.57,10.842,6.251,86.0,78.5,SASDB94_fit1_model1.pdb,
SASDB94,ok,666.0,632.0,19.26,"[-0.0, 0.0, -19.3]","[-0.0, -0.0, -0.0]",14.227,14.017,0.664,12.207,8.575,88.5,86.5,SASDB94_fit2_model1.pdb,
SASDB94,ok,666.0,632.0,9.11,"[4.5, 6.4, -4.7]","[-0.0, -0.0, -0.0]",10.652,13.737,0.396,10.413,5.849,55.0,97.5,SASDB94_fit2_model2.pdb,
SASDB94,ok,666.0,632.0,18.85,"[-1.6, -2.9, 18.6]","[-0.0, -0.0, -0.0]",15.217,14.22,0.632,13.075,8.514,88.0,78.0,SASDB94_fit2_model3.pdb,
SASDB94,ok,666.0,632.0,13.12,"[11.8, -0.4, -5.7]","[-0.0, -0.0, -0.0]",12.094,12.301,0.503,12.56,7.525,40.5,43.5,SASDB94_fit2_model4.pdb,
SASDB94,ok,666.0,632.0,7.57,"[-0.0, -0.0, -7.6]","[-0.0, -0.0, -0.0]",9.048,8.156,0.417,10.073,6.114,25.0,13.0,SASDB94_fit2_model5.pdb,
SASDB94,ok,666.0,632.0,4.74,"[-0.0, 0.0, -4.8]","[-0.0, -0.0, -0.0]",9.68,8.997,0.503,11.389,5.938,20.5,13.5,SASDB94_fit2_model6.pdb,
SASDB95,ok,567.0,1484.0,19.66,"[-11.3, 0.1, -16.1]","[0.0, -0.0, -0.0]",14.297,13.866,0.725,14.78,11.176,40.0,34.0,SASDB95_fit1_model1.pdb,
SASDB95,ok,706.0,1484.0,23.05,"[-13.5, -2.0, -18.6]","[0.0, -0.0, -0.0]",16.022,16.378,0.829,16.404,11.927,41.5,48.0,SASDB95_fit2_model1.pdb,
SASDB96,ok,169.0,853.0,0.29,"[0.1, -0.3, -0.1]","[0.0, -0.0, -0.0]",41.889,39.839,0.787,37.413,7.198,81.0,64.5,SASDB96_fit1_model1.pdb,
SASDB96,ok,516.0,853.0,94.89,"[-35.4, 40.4, -78.2]","[0.0, -0.0, -0.0]",46.426,63.634,0.882,63.066,43.954,3.5,53.0,SASDB96_fit2_model1.pdb,
SASDB98,ok,923.0,4975.0,47.97,"[45.2, -15.9, 1.7]","[-0.0, -0.0, 0.0]",25.499,25.22,0.835,25.03,21.598,60.5,54.5,SASDB98_fit1_model1.pdb,
SASDB98,ok,923.0,4975.0,47.39,"[45.6, 1.8, -12.8]","[-0.0, -0.0, 0.0]",24.573,25.549,0.835,27.591,21.611,17.0,24.0,SASDB98_fit1_model2.pdb,
SASDB99,ok,559.0,994.0,286.27,"[280.0, 53.6, 26.1]","[-0.0, -0.0, 0.0]",245.127,246.422,1.0,253.022,244.635,1.0,3.5,SASDB99_fit1_model1.pdb,
SASDBA3,ok,572.0,890.0,39.66,"[-26.2, 19.8, -22.2]","[-0.0, 0.0, 0.0]",30.388,26.754,0.671,39.706,22.051,18.5,10.0,SASDBA3_fit1_model1.pdb,
SASDBA4,ok,205.0,1055.0,0.13,"[-0.1, 0.0, -0.1]","[-0.0, -0.0, -0.0]",30.115,31.622,0.785,28.214,5.606,66.0,84.0,SASDBA4_fit1_model1.pdb,
SASDBA6,ok,245.0,872.0,0.09,"[0.0, -0.1, 0.1]","[-0.0, -0.0, 0.0]",11.273,16.695,0.376,37.417,8.935,1.5,7.0,SASDBA6_fit1_model1.pdb,
SASDBA6,ok,516.0,872.0,128.19,"[-51.1, 110.3, -40.8]","[-0.0, -0.0, 0.0]",71.721,89.216,0.988,98.843,67.973,0.5,25.0,SASDBA6_fit2_model1.pdb,
SASDBA7,ok,367.0,571.0,21.35,"[12.5, -13.3, 11.3]","[-0.0, -0.1, 0.1]",12.765,12.651,0.608,13.774,9.682,28.0,27.0,SASDBA7_fit1_model1.pdb,
SASDBA7,ok,372.0,571.0,7.11,"[6.0, -2.2, 3.1]","[-0.0, -0.1, 0.1]",14.085,12.267,0.524,11.307,5.07,94.5,68.5,SASDBA7_fit2_model1.pdb,
SASDBA7,ok,367.0,571.0,3.88,"[-3.5, 1.2, -1.1]","[-0.0, -0.1, 0.1]",11.924,14.175,0.482,11.232,4.945,67.5,99.5,SASDBA7_fit3_model1.pdb,
SASDBA8,ok,923.0,4325.0,39.25,"[35.7, -10.3, -12.5]","[0.0, 0.0, 0.0]",22.357,21.569,0.849,23.05,18.539,38.0,32.0,SASDBA8_fit1_model1.pdb,
SASDBA8,ok,923.0,4325.0,50.68,"[48.8, -13.7, 1.2]","[0.0, 0.0, 0.0]",27.515,27.505,0.852,28.104,23.687,28.5,27.5,SASDBA8_fit1_model2.pdb,
SASDBA8,ok,923.0,4325.0,55.2,"[53.6, -13.2, -1.7]","[0.0, 0.0, 0.0]",29.828,29.646,0.852,31.621,26.83,18.5,15.5,SASDBA8_fit1_model3.pdb,
SASDBA8,ok,923.0,4325.0,57.53,"[55.1, -16.5, -1.1]","[0.0, 0.0, 0.0]",30.923,30.903,0.852,33.72,27.936,9.5,9.5,SASDBA8_fit1_model4.pdb,
SASDBA9,ok,548.0,1394.0,9.78,"[-7.7, -1.7, -5.7]","[0.0, 0.0, 0.0]",12.56,11.424,0.527,11.01,7.176,73.0,58.5,SASDBA9_fit1_model1.pdb,
SASDBB3,ok,142.0,4839.0,13.99,"[7.4, 8.5, 8.3]","[-0.0, -0.0, -0.0]",11.224,9.302,0.613,9.997,5.668,80.5,37.0,SASDBB3_fit1_model1.pdb,
SASDBB4,ok,296.0,1431.0,0.15,"[-0.1, 0.1, -0.0]","[-0.0, 0.0, -0.0]",21.787,17.515,0.73,22.267,4.905,47.0,29.5,SASDBB4_fit1_model1.pdb,
SASDBB6,ok,240.0,2085.0,8.27,"[0.0, 2.6, 7.9]","[-0.0, 0.0, 0.0]",27.695,28.251,0.708,21.595,9.022,96.5,97.0,SASDBB6_fit1_model1.pdb,
SASDBB6,ok,516.0,2085.0,128.59,"[-56.6, 106.5, -44.7]","[-0.0, 0.0, 0.0]",67.857,85.058,0.953,96.566,67.499,0.5,15.0,SASDBB6_fit2_model1.pdb,
SASDBB7,ok,183.0,352.0,7.94,"[4.9, 1.1, 7.4]","[-1.0, 0.1, 2.1]",13.274,8.931,0.568,14.826,7.767,31.5,3.0,SASDBB7_fit1_model1.pdb,
SASDBB8,ok,923.0,4054.0,37.45,"[32.0, -19.4, 1.3]","[0.0, 0.0, -0.0]",26.34,26.411,0.905,23.233,17.866,78.0,78.5,SASDBB8_fit1_model1.pdb,
SASDBB8,ok,923.0,4054.0,47.51,"[36.6, -28.5, -10.4]","[0.0, 0.0, -0.0]",31.372,33.091,0.905,32.234,22.623,43.0,55.0,SASDBB8_fit1_model10.pdb,
SASDBB8,ok,923.0,4054.0,35.2,"[32.3, 6.1, -12.6]","[0.0, 0.0, -0.0]",21.1,20.439,0.854,23.1,16.871,29.5,19.5,SASDBB8_fit1_model11.pdb,
SASDBB8,ok,923.0,4054.0,45.45,"[38.7, -23.6, -3.6]","[0.0, 0.0, -0.0]",28.092,29.106,0.905,27.916,21.99,52.5,61.0,SASDBB8_fit1_model2.pdb,
SASDBB8,ok,923.0,4054.0,51.79,"[48.2, -18.3, 4.5]","[0.0, 0.0, -0.0]",29.667,29.493,0.905,31.096,27.856,25.5,21.0,SASDBB8_fit1_model3.pdb,
SASDBB8,ok,923.0,4054.0,35.08,"[28.4, -20.7, -0.3]","[0.0, 0.0, -0.0]",26.748,27.302,0.893,23.73,16.362,76.5,78.0,SASDBB8_fit1_model4.pdb,
SASDBB8,ok,923.0,4054.0,24.12,"[18.9, -14.5, 4.1]","[0.0, 0.0, -0.0]",25.913,26.865,0.879,21.484,12.458,84.5,89.5,SASDBB8_fit1_model5.pdb,
SASDBB8,ok,923.0,4054.0,32.08,"[29.6, -3.7, -11.7]","[0.0, 0.0, -0.0]",18.805,16.8,0.808,20.287,14.397,28.0,6.0,SASDBB8_fit1_model6.pdb,
SASDBB8,ok,923.0,4054.0,48.25,"[46.0, -14.5, -1.8]","[0.0, 0.0, -0.0]",27.18,28.051,0.905,28.006,24.905,30.5,51.0,SASDBB8_fit1_model7.pdb,
SASDBB8,ok,923.0,4054.0,44.88,"[40.7, -18.1, 5.8]","[0.0, 0.0, -0.0]",27.376,27.045,0.905,25.893,21.534,75.0,70.5,SASDBB8_fit1_model8.pdb,
SASDBB8,ok,923.0,4054.0,30.01,"[27.7, -11.4, -0.4]","[0.0, 0.0, -0.0]",21.623,22.723,0.853,18.982,13.143,80.0,92.0,SASDBB8_fit1_model9.pdb,
SASDBB9,ok,590.0,1047.0,6.46,"[2.6, -3.4, 4.8]","[0.0, -0.0, 0.0]",13.001,14.734,0.625,12.621,7.533,56.0,73.0,SASDBB9_fit1_model1.pdb,
SASDBC3,ok,1206.0,1091.0,62.35,"[-24.9, 39.0, -41.8]","[-0.0, 0.0, -0.0]",27.716,26.735,0.838,26.839,22.554,77.5,46.0,SASDBC3_fit1_model1.pdb,
SASDBC3,ok,1206.0,1091.0,59.64,"[-20.8, 37.3, -41.6]","[-0.0, 0.0, -0.0]",25.793,26.531,0.807,24.851,20.981,70.5,91.0,SASDBC3_fit1_model2.pdb,
SASDBC3,ok,1206.0,1091.0,59.84,"[-21.8, 37.8, -40.9]","[-0.0, 0.0, -0.0]",25.963,25.911,0.821,25.355,22.335,82.0,80.5,SASDBC3_fit1_model3.pdb,
SASDBC3,ok,1206.0,1091.0,60.21,"[-22.4, 38.0, -40.9]","[-0.0, 0.0, -0.0]",26.14,26.331,0.818,25.596,22.382,79.5,86.5,SASDBC3_fit1_model4.pdb,
SASDBC6,ok,946.0,1435.0,0.02,"[0.0, -0.0, -0.0]","[-0.0, -0.0, -0.0]",17.106,15.836,0.556,13.697,8.14,77.5,69.0,SASDBC6_fit1_model1.pdb,
SASDBC6,ok,516.0,1435.0,118.91,"[3.8, -100.0, -64.3]","[-0.0, -0.0, -0.0]",52.056,77.953,0.961,72.323,51.93,0.5,82.5,SASDBC6_fit2_model1.pdb,
SASDBC7,ok,398.0,163.0,13.3,"[2.9, 12.7, 5.5]","[3.8, 0.7, -0.3]",20.684,21.1,0.864,18.656,9.532,74.5,80.0,SASDBC7_fit1_model1.pdb,
SASDBC9,ok,853.0,1078.0,4.99,"[0.4, 2.8, -4.2]","[0.0, 0.0, -0.0]",5.236,8.862,0.365,11.278,3.767,5.0,24.0,SASDBC9_fit1_model1.pdb,
SASDBD2,ok,831.0,2097.0,0.72,"[0.3, -0.5, -0.5]","[-0.0, 0.0, 0.0]",4.84,5.117,0.213,5.941,4.099,10.0,21.5,SASDBD2_fit1_model1.pdb,
SASDBD3,ok,486.0,890.0,5.51,"[0.4, 0.5, -5.5]","[0.0, 0.0, 0.0]",16.881,16.974,0.5,17.448,9.206,45.0,45.5,SASDBD3_fit1_model1.pdb,
SASDBD4,ok,371.0,440.0,15.69,"[-0.0, 0.0, -0.0]","[-13.2, 8.1, -2.9]",28.383,31.347,0.833,24.169,12.969,79.0,88.0,SASDBD4_fit1_model1.pdb,
SASDBD6,ok,597.0,187.0,39.16,"[35.9, -13.9, -8.3]","[0.4, 0.2, 0.0]",23.106,29.666,0.851,29.163,22.523,0.5,59.0,SASDBD6_fit1_model1.pdb,
SASDBD6,ok,597.0,187.0,61.0,"[43.2, 28.3, -33.0]","[0.4, 0.2, 0.0]",31.162,43.223,0.896,41.753,29.08,1.5,61.5,SASDBD6_fit1_model10.pdb,
SASDBD6,ok,597.0,187.0,35.88,"[35.6, 2.9, 5.9]","[0.4, 0.2, 0.0]",25.623,27.106,0.879,28.008,23.0,15.5,31.5,SASDBD6_fit1_model11.pdb,
SASDBD6,ok,597.0,187.0,36.3,"[-7.7, 28.8, -20.8]","[0.4, 0.2, 0.0]",23.925,28.696,0.894,24.637,14.135,43.5,85.0,SASDBD6_fit1_model12.pdb,
SASDBD6,ok,597.0,187.0,58.06,"[47.5, 2.2, -33.9]","[0.4, 0.2, 0.0]",33.013,49.907,0.874,41.66,32.053,1.0,96.5,SASDBD6_fit1_model13.pdb,
SASDBD6,ok,597.0,187.0,55.78,"[47.6, -22.3, 19.4]","[0.4, 0.2, 0.0]",32.589,39.797,0.901,41.043,31.209,1.0,34.5,SASDBD6_fit1_model14.pdb,
SASDBD6,ok,597.0,187.0,39.77,"[-9.3, 29.6, 25.0]","[0.4, 0.2, 0.0]",18.031,24.194,0.533,27.78,17.142,1.0,21.0,SASDBD6_fit1_model15.pdb,
SASDBD6,ok,597.0,187.0,37.19,"[34.8, 13.7, 3.2]","[0.4, 0.2, 0.0]",26.253,27.09,0.874,29.17,24.721,6.5,18.5,SASDBD6_fit1_model16.pdb,
SASDBD6,ok,597.0,187.0,39.93,"[39.5, -5.2, -5.9]","[0.4, 0.2, 0.0]",27.185,27.111,0.878,30.371,25.425,11.5,10.5,SASDBD6_fit1_model17.pdb,
SASDBD6,ok,597.0,187.0,44.34,"[5.8, -42.9, 9.3]","[0.4, 0.2, 0.0]",20.624,21.708,0.771,26.536,19.672,3.0,4.0,SASDBD6_fit1_model18.pdb,
SASDBD6,ok,597.0,187.0,9.23,"[-1.6, 6.8, 6.1]","[0.4, 0.2, 0.0]",13.367,11.357,0.576,15.28,7.137,29.5,18.0,SASDBD6_fit1_model19.pdb,
SASDBD6,ok,597.0,187.0,45.58,"[22.0, -30.9, -25.4]","[0.4, 0.2, 0.0]",26.627,28.029,0.869,30.771,25.252,5.0,16.5,SASDBD6_fit1_model2.pdb,
SASDBD6,ok,597.0,187.0,45.16,"[41.8, -16.5, 6.5]","[0.4, 0.2, 0.0]",30.844,32.177,0.898,35.043,24.623,25.0,30.5,SASDBD6_fit1_model20.pdb,
SASDBD6,ok,597.0,187.0,35.97,"[31.3, 13.8, -12.1]","[0.4, 0.2, 0.0]",27.427,24.591,0.879,27.56,20.395,48.0,18.5,SASDBD6_fit1_model3.pdb,
SASDBD6,ok,597.0,187.0,30.78,"[20.6, 12.5, 19.7]","[0.4, 0.2, 0.0]",21.201,24.236,0.868,22.36,17.649,28.5,77.0,SASDBD6_fit1_model4.pdb,
SASDBD6,ok,597.0,187.0,53.09,"[50.2, 5.3, -17.6]","[0.4, 0.2, 0.0]",33.358,35.033,0.873,39.157,31.164,1.5,9.0,SASDBD6_fit1_model5.pdb,
SASDBD6,ok,597.0,187.0,42.75,"[-9.1, 33.7, 24.8]","[0.4, 0.2, 0.0]",22.356,29.084,0.814,29.805,21.715,2.0,41.5,SASDBD6_fit1_model6.pdb,
SASDBD6,ok,597.0,187.0,56.22,"[33.0, 13.8, -43.6]","[0.4, 0.2, 0.0]",23.156,36.876,0.822,35.258,23.207,0.0,66.0,SASDBD6_fit1_model7.pdb,
SASDBD6,ok,597.0,187.0,17.87,"[8.0, 16.1, -2.1]","[0.4, 0.2, 0.0]",14.532,13.425,0.677,15.194,11.49,33.5,10.5,SASDBD6_fit1_model8.pdb,
SASDBD6,ok,597.0,187.0,54.22,"[45.4, 16.6, -25.2]","[0.4, 0.2, 0.0]",31.464,37.71,0.884,38.703,28.205,2.5,42.5,SASDBD6_fit1_model9.pdb,
SASDBD7,ok,804.0,330.0,6.37,"[0.0, 0.0, -6.7]","[-0.1, 0.1, -0.3]",7.55,6.725,0.358,9.082,6.447,10.5,2.5,SASDBD7_fit1_model1.pdb,
SASDBD8,ok,867.0,1898.0,27.0,"[26.3, -6.2, 1.2]","[0.0, -0.0, 0.0]",10.221,10.492,0.547,15.295,9.235,1.5,4.5,SASDBD8_fit1_model1.pdb,
SASDBD8,ok,867.0,1898.0,47.03,"[43.5, -17.2, 5.0]","[0.0, -0.0, 0.0]",22.88,23.115,0.738,21.234,15.662,83.0,86.0,SASDBD8_fit1_model2.pdb,
SASDBD9,ok,274.0,791.0,0.69,"[-0.3, 0.6, 0.1]","[0.0, 0.0, -0.0]",8.383,7.593,0.445,7.26,4.298,89.5,62.5,SASDBD9_fit1_model1.pdb,
SASDBE2,ok,669.0,921.0,0.19,"[0.0, -0.1, 0.1]","[0.0, 0.0, 0.0]",5.324,5.413,0.353,5.49,4.101,41.0,45.0,SASDBE2_fit1_model1.pdb,
SASDBE3,ok,1580.0,925.0,3.63,"[1.7, -0.7, 3.2]","[0.0, -0.0, 0.0]",4.271,3.866,0.382,3.878,2.755,88.5,49.0,SASDBE3_fit1_model1.pdb,
SASDBE6,ok,627.0,172.0,35.81,"[-24.9, -12.4, 21.3]","[0.5, 0.5, -0.4]",24.225,32.655,0.791,27.002,22.35,11.5,95.5,SASDBE6_fit1_model1.pdb,
SASDBE6,ok,627.0,172.0,32.01,"[27.9, 17.0, -1.7]","[0.5, 0.5, -0.4]",21.174,22.918,0.906,25.452,17.533,15.5,26.0,SASDBE6_fit1_model10.pdb,
SASDBE6,ok,627.0,172.0,38.21,"[-15.4, 25.6, -24.4]","[0.5, 0.5, -0.4]",24.102,25.002,0.9,26.963,20.065,16.0,28.0,SASDBE6_fit1_model11.pdb,
SASDBE6,ok,627.0,172.0,42.65,"[30.8, 28.1, 11.5]","[0.5, 0.5, -0.4]",22.868,30.917,0.933,28.802,18.646,6.5,70.0,SASDBE6_fit1_model12.pdb,
SASDBE6,ok,627.0,172.0,45.16,"[36.0, 3.3, -28.2]","[0.5, 0.5, -0.4]",30.705,38.372,0.906,36.373,28.712,5.5,73.5,SASDBE6_fit1_model13.pdb,
SASDBE6,ok,627.0,172.0,46.97,"[32.0, 9.8, -34.1]","[0.5, 0.5, -0.4]",29.713,44.336,0.9,37.961,28.642,1.5,98.5,SASDBE6_fit1_model14.pdb,
SASDBE6,ok,627.0,172.0,46.2,"[31.2, 8.4, -34.1]","[0.5, 0.5, -0.4]",30.887,40.953,0.9,36.858,30.078,3.5,92.5,SASDBE6_fit1_model15.pdb,
SASDBE6,ok,627.0,172.0,48.36,"[-5.6, -41.2, -24.1]","[0.5, 0.5, -0.4]",19.019,23.71,0.848,26.713,17.331,3.5,22.0,SASDBE6_fit1_model16.pdb,
SASDBE6,ok,627.0,172.0,43.52,"[-13.7, -14.5, -38.8]","[0.5, 0.5, -0.4]",25.14,31.698,0.917,30.807,22.94,5.0,62.0,SASDBE6_fit1_model17.pdb,
SASDBE6,ok,627.0,172.0,40.94,"[-5.5, -21.9, -34.2]","[0.5, 0.5, -0.4]",21.116,25.072,0.722,29.014,19.254,3.5,22.0,SASDBE6_fit1_model18.pdb,
SASDBE6,ok,627.0,172.0,45.55,"[26.5, -1.6, 36.9]","[0.5, 0.5, -0.4]",28.978,38.291,0.906,34.514,27.368,6.5,83.0,SASDBE6_fit1_model19.pdb,
SASDBE6,ok,627.0,172.0,47.83,"[41.7, 17.2, -18.1]","[0.5, 0.5, -0.4]",30.954,34.689,0.9,37.622,30.056,1.5,20.5,SASDBE6_fit1_model2.pdb,
SASDBE6,ok,627.0,172.0,28.31,"[-7.2, -22.2, -15.5]","[0.5, 0.5, -0.4]",15.316,12.32,0.823,18.163,10.14,30.0,6.0,SASDBE6_fit1_model20.pdb,
SASDBE6,ok,627.0,172.0,46.77,"[-6.4, -14.5, -44.2]","[0.5, 0.5, -0.4]",26.151,27.605,0.892,32.885,25.839,2.0,6.0,SASDBE6_fit1_model3.pdb,
SASDBE6,ok,627.0,172.0,18.3,"[2.7, -16.3, -7.5]","[0.5, 0.5, -0.4]",13.923,13.661,0.691,14.027,6.281,49.0,46.0,SASDBE6_fit1_model4.pdb,
SASDBE6,ok,627.0,172.0,45.24,"[-3.2, -32.5, -31.2]","[0.5, 0.5, -0.4]",21.403,29.147,0.9,27.964,16.748,9.0,58.5,SASDBE6_fit1_model5.pdb,
SASDBE6,ok,627.0,172.0,46.25,"[2.7, 14.5, -44.4]","[0.5, 0.5, -0.4]",28.58,30.217,0.9,35.646,29.251,0.0,3.0,SASDBE6_fit1_model6.pdb,
SASDBE6,ok,627.0,172.0,41.15,"[21.6, 32.6, -15.2]","[0.5, 0.5, -0.4]",21.994,19.588,0.906,27.762,18.305,9.5,2.5,SASDBE6_fit1_model7.pdb,
SASDBE6,ok,627.0,172.0,17.05,"[4.3, -14.5, -7.6]","[0.5, 0.5, -0.4]",13.963,13.129,0.719,13.543,7.035,58.5,43.0,SASDBE6_fit1_model8.pdb,
SASDBE6,ok,627.0,172.0,47.34,"[28.8, -36.4, 8.3]","[0.5, 0.5, -0.4]",22.465,24.181,0.841,28.772,19.986,3.0,8.0,SASDBE6_fit1_model9.pdb,
SASDBE7,ok,1392.0,279.0,98.85,"[-67.5, 12.3, 70.9]","[0.1, -0.1, -0.1]",60.781,74.248,1.0,64.532,50.164,30.5,94.0,SASDBE7_fit1_model1.pdb,
SASDBE7,ok,1392.0,279.0,103.84,"[-82.8, 7.7, 61.9]","[0.1, -0.1, -0.1]",70.856,79.048,1.0,71.041,49.739,48.5,87.5,SASDBE7_fit1_model2.pdb,
SASDBE7,ok,1392.0,279.0,155.61,"[-131.5, 3.2, 82.9]","[0.1, -0.1, -0.1]",96.88,123.123,1.0,125.647,82.087,6.5,43.0,SASDBE7_fit1_model3.pdb,
SASDBE7,ok,1392.0,279.0,90.46,"[-62.6, 12.1, 64.0]","[0.1, -0.1, -0.1]",55.959,63.974,0.996,57.719,41.082,40.0,83.5,SASDBE7_fit1_model4.pdb,
SASDBE7,ok,1392.0,279.0,112.0,"[-84.6, -8.8, 72.6]","[0.1, -0.1, -0.1]",74.301,90.525,1.0,75.602,58.587,45.5,99.0,SASDBE7_fit1_model5.pdb,
SASDBE7,ok,1392.0,279.0,101.01,"[-72.7, 2.4, 69.8]","[0.1, -0.1, -0.1]",61.49,82.782,1.0,68.815,49.214,23.5,99.0,SASDBE7_fit1_model6.pdb,
SASDBE7,ok,1392.0,279.0,152.37,"[-134.4, 5.2, 71.2]","[0.1, -0.1, -0.1]",95.127,111.03,1.0,127.904,80.159,5.0,20.5,SASDBE7_fit1_model7.pdb,
SASDBE7,ok,483.0,279.0,4.95,"[1.8, -2.6, -4.1]","[0.1, -0.1, -0.1]",18.562,35.358,0.656,29.229,8.007,12.5,89.0,SASDBE7_fit2_model1.pdb,
SASDBE8,ok,867.0,2114.0,46.37,"[43.5, -16.0, -1.8]","[-0.0, -0.0, 0.0]",21.533,21.206,0.663,20.301,14.857,74.0,67.0,SASDBE8_fit1_model1.pdb,
SASDBE8,ok,867.0,2114.0,51.2,"[50.0, -7.7, -7.7]","[-0.0, -0.0, 0.0]",23.934,25.132,0.747,23.071,17.586,63.0,75.5,SASDBE8_fit1_model2.pdb,
SASDBE8,ok,867.0,2114.0,25.78,"[25.7, 2.0, 1.3]","[-0.0, -0.0, 0.0]",15.548,15.656,0.603,15.3,8.939,55.0,55.5,SASDBE8_fit1_model3.pdb,
SASDBE9,ok,274.0,744.0,0.65,"[-0.3, 0.6, 0.1]","[-0.0, 0.0, 0.0]",5.323,5.848,0.266,7.137,4.39,14.0,19.5,SASDBE9_fit1_model1.pdb,
SASDBF2,ok,441.0,1333.0,9.23,"[6.0, -5.0, 5.0]","[0.0, -0.0, 0.0]",13.152,13.189,0.701,18.192,4.584,21.5,21.5,SASDBF2_fit1_model1.pdb,
SASDBF3,ok,687.0,1802.0,3.6,"[-1.6, -3.2, -0.1]","[0.0, -0.0, -0.0]",7.383,7.945,0.332,8.34,5.056,28.5,44.5,SASDBF3_fit1_model1.pdb,
SASDBF4,ok,636.0,256.0,66.27,"[-57.5, -9.3, -31.9]","[-0.1, -0.1, 0.0]",40.915,44.097,1.0,47.861,39.939,0.5,18.0,SASDBF4_fit1_model1.pdb,
SASDBF4,ok,691.0,256.0,0.16,"[0.0, -0.0, -0.0]","[-0.1, -0.1, 0.0]",16.044,15.221,0.576,20.877,10.178,14.0,11.5,SASDBF4_fit2_model1.pdb,
SASDBF6,ok,968.0,820.0,247.95,"[37.6, 241.5, 41.7]","[-0.0, 0.0, 0.0]",187.559,192.331,1.0,210.112,175.468,14.5,24.5,SASDBF6_fit1_model1.pdb,
SASDBF7,ok,2532.0,1585.0,88.45,"[88.5, 0.1, -1.3]","[0.0, 0.0, 0.0]",43.358,43.137,0.987,42.114,37.255,73.0,69.0,SASDBF7_fit1_model1.pdb,
SASDBF7,ok,1968.0,1585.0,0.01,"[-0.0, -0.0, -0.0]","[0.0, 0.0, 0.0]",5.277,5.232,0.157,5.194,4.827,72.0,58.5,SASDBF7_fit2_model1.pdb,
SASDBF8,ok,867.0,1591.0,55.77,"[54.2, -12.1, 5.1]","[-0.0, -0.0, 0.0]",23.776,23.607,0.551,23.974,15.394,44.5,40.0,SASDBF8_fit1_model1.pdb,
SASDBF8,ok,867.0,1591.0,49.51,"[44.5, -20.6, 6.4]","[-0.0, -0.0, 0.0]",23.155,23.15,0.567,22.431,11.512,59.0,59.0,SASDBF8_fit1_model2.pdb,
SASDBF8,ok,867.0,1591.0,45.43,"[38.3, -17.9, 16.6]","[-0.0, -0.0, 0.0]",27.952,29.909,0.639,22.666,13.82,86.0,92.0,SASDBF8_fit1_model3.pdb,
SASDBF9,ok,274.0,898.0,0.15,"[-0.0, -0.1, 0.0]","[0.0, 0.0, -0.0]",8.219,7.395,0.511,6.553,3.296,95.5,70.0,SASDBF9_fit1_model1.pdb,
SASDBG2,ok,436.0,1763.0,0.04,"[0.0, 0.0, 0.0]","[0.0, -0.0, 0.0]",5.208,5.211,0.342,6.556,3.445,12.5,13.0,SASDBG2_fit1_model1.pdb,
SASDBG3,ok,831.0,1573.0,6.56,"[-3.5, -4.3, 3.4]","[-0.0, -0.0, -0.0]",13.017,12.835,0.613,11.329,4.361,87.0,81.5,SASDBG3_fit1_model1.pdb,
SASDBG4,ok,636.0,264.0,66.56,"[-57.5, -9.3, -31.9]","[0.1, 0.0, 0.1]",43.773,44.678,0.887,48.815,40.108,11.5,18.5,SASDBG4_fit1_model1.pdb,
SASDBG6,ok,142.0,3232.0,121.1,"[-61.9, 11.5, 103.5]","[-0.0, 0.0, -0.0]",91.867,94.357,1.0,94.348,86.627,15.0,50.5,SASDBG6_fit1_model1.pdb,
SASDBG6,ok,142.0,3232.0,119.89,"[-55.5, 2.0, 106.2]","[-0.0, 0.0, -0.0]",88.553,96.07,1.0,91.815,78.186,22.5,95.0,SASDBG6_fit1_model2.pdb,
SASDBG6,ok,142.0,3232.0,136.62,"[-63.4, 13.6, 120.3]","[-0.0, 0.0, -0.0]",109.792,105.214,1.0,108.253,95.593,75.0,22.0,SASDBG6_fit1_model3.pdb,
SASDBG7,ok,2160.0,1609.0,0.01,"[0.0, 0.0, 0.0]","[-0.0, 0.0, -0.0]",5.445,5.319,0.171,5.379,5.091,63.0,38.0,SASDBG7_fit1_model1.pdb,
SASDBG7,ok,2484.0,1609.0,78.51,"[45.0, 44.9, 46.1]","[-0.0, 0.0, -0.0]",35.065,36.993,0.922,36.601,33.23,23.5,58.0,SASDBG7_fit2_model1.pdb,
SASDBG8,ok,628.0,1966.0,0.22,"[0.2, 0.1, 0.1]","[0.0, 0.0, 0.0]",9.282,9.419,0.428,10.291,5.206,26.0,29.0,SASDBG8_fit1_model1.pdb,
SASDBG8,ok,739.0,1966.0,0.45,"[0.2, -0.2, -0.4]","[0.0, 0.0, 0.0]",13.684,13.255,0.597,9.795,5.118,98.0,93.5,SASDBG8_fit2_model1.pdb,
SASDBG9,ok,274.0,861.0,0.14,"[-0.0, -0.1, 0.0]","[0.0, 0.0, -0.0]",5.886,7.2,0.405,6.608,3.2,38.5,64.5,SASDBG9_fit1_model1.pdb,
SASDBH2,ok,1064.0,1947.0,0.04,"[0.0, 0.0, 0.0]","[0.0, -0.0, 0.0]",5.484,4.915,0.377,6.538,3.669,22.5,13.0,SASDBH2_fit1_model1.pdb,
SASDBH3,ok,249.0,1117.0,5.46,"[0.0, 0.0, 5.5]","[-0.0, -0.0, 0.0]",17.706,17.802,0.514,17.18,6.541,58.5,59.0,SASDBH3_fit1_model1.pdb,
SASDBH4,ok,324.0,781.0,40.37,"[32.0, 18.3, 16.5]","[0.0, 0.0, -0.0]",21.19,26.067,0.664,24.008,19.719,12.0,79.0,SASDBH4_fit1_model1.pdb,
SASDBH7,ok,1536.0,1531.0,0.01,"[-0.0, -0.0, -0.0]","[0.0, 0.0, -0.0]",4.311,4.728,0.112,4.564,4.096,19.5,78.5,SASDBH7_fit1_model1.pdb,
SASDBH8,ok,628.0,1963.0,37.76,"[37.6, 3.1, 1.6]","[0.0, -0.0, -0.0]",23.162,23.508,0.809,19.476,13.769,82.0,83.0,SASDBH8_fit1_model1.pdb,
SASDBH8,ok,628.0,1963.0,38.27,"[37.4, 5.5, 5.7]","[0.0, -0.0, -0.0]",18.957,18.331,0.809,16.41,14.118,96.0,90.5,SASDBH8_fit1_model2.pdb,
SASDBH8,ok,628.0,1963.0,35.14,"[33.8, 1.7, 9.3]","[0.0, -0.0, -0.0]",20.428,20.755,0.809,16.379,12.513,97.0,97.5,SASDBH8_fit1_model3.pdb,
SASDBH8,ok,924.0,1963.0,1.58,"[0.5, -1.5, 0.0]","[0.0, -0.0, -0.0]",7.681,7.189,0.334,8.266,5.148,34.0,24.5,SASDBH8_fit2_model1.pdb,
SASDBH9,ok,274.0,761.0,0.11,"[-0.0, -0.1, 0.0]","[0.0, -0.0, 0.0]",5.893,6.785,0.168,6.698,3.611,34.5,52.0,SASDBH9_fit1_model1.pdb,
SASDBJ2,ok,194.0,1272.0,0.31,"[0.0, 0.0, -0.3]","[0.0, 0.0, -0.0]",7.873,7.911,0.412,10.897,7.534,1.0,1.5,SASDBJ2_fit1_model1.pdb,
SASDBJ3,ok,585.0,865.0,112.92,"[61.3, 26.5, 91.1]","[-0.0, 0.0, -0.0]",80.214,79.016,1.0,83.339,77.507,12.5,5.5,SASDBJ3_fit1_model1.pdb,
SASDBJ3,ok,942.0,865.0,1.12,"[-0.5, 0.1, 1.0]","[-0.0, 0.0, -0.0]",5.025,5.047,0.24,5.346,3.936,34.5,35.5,SASDBJ3_fit2_model1.pdb,
SASDBJ4,ok,292.0,1135.0,41.91,"[1.2, 41.9, -1.1]","[-0.0, 0.0, 0.0]",22.608,21.313,0.901,22.286,15.878,53.5,37.5,SASDBJ4_fit1_model1.pdb,
SASDBJ7,ok,3602.0,1540.0,0.01,"[0.0, -0.0, -0.0]","[0.0, 0.0, 0.0]",4.144,5.191,0.182,5.276,3.803,7.5,42.5,SASDBJ7_fit1_model1.pdb,
SASDBJ7,ok,3598.0,1540.0,0.01,"[0.0, -0.0, 0.0]","[0.0, 0.0, 0.0]",4.128,5.993,0.182,5.228,3.914,8.0,88.0,SASDBJ7_fit2_model1.pdb,
SASDBJ7,ok,3599.0,1540.0,0.01,"[0.0, -0.0, 0.0]","[0.0, 0.0, 0.0]",5.308,4.416,0.266,5.315,3.936,49.5,9.0,SASDBJ7_fit3_model1.pdb,
SASDBJ8,ok,684.0,1499.0,41.71,"[41.4, -2.0, 4.7]","[-0.0, 0.0, 0.0]",17.36,17.107,0.721,17.004,14.963,61.0,53.0,SASDBJ8_fit1_model1.pdb,
SASDBJ8,ok,1709.0,1499.0,0.22,"[0.1, 0.2, 0.1]","[-0.0, 0.0, 0.0]",3.904,3.396,0.256,3.92,2.66,48.0,20.5,SASDBJ8_fit2_model1.pdb,
SASDBJ9,ok,1200.0,1084.0,89.74,"[45.3, 47.4, 61.3]","[-0.0, -0.0, -0.0]",54.36,52.131,1.0,49.856,43.066,94.0,73.0,SASDBJ9_fit1_model1.pdb,
SASDBK3,ok,1171.0,755.0,107.55,"[34.9, 24.0, 98.9]","[-0.0, 0.0, -0.0]",69.874,67.894,1.0,67.805,54.186,64.5,50.5,SASDBK3_fit1_model1.pdb,
SASDBK3,ok,790.0,755.0,1.05,"[-0.0, -0.0, 1.0]","[-0.0, 0.0, -0.0]",7.304,8.022,0.342,10.008,5.545,14.0,24.5,SASDBK3_fit2_model1.pdb,
SASDBK4,ok,1767.0,800.0,0.04,"[0.0, 0.0, -0.0]","[-0.0, -0.0, 0.0]",11.924,12.889,0.464,10.748,5.447,69.0,86.5,SASDBK4_fit1_model1.pdb,
SASDBK4,ok,909.0,800.0,1.41,"[-0.3, 1.3, 0.5]","[-0.0, -0.0, 0.0]",10.723,11.731,0.399,10.439,4.832,56.0,67.5,SASDBK4_fit2_model1.pdb,
SASDBK7,ok,1010.0,1908.0,53.53,"[8.6, 31.3, 42.6]","[-0.0, 0.0, -0.0]",30.689,29.115,0.916,30.851,24.526,44.0,24.5,SASDBK7_fit1_model1.pdb,
SASDBK7,ok,1010.0,1908.0,46.07,"[6.1, 29.4, 34.9]","[-0.0, 0.0, -0.0]",24.317,25.837,0.72,25.204,21.737,28.5,67.0,SASDBK7_fit2_model1.pdb,
SASDBK8,ok,684.0,1506.0,44.63,"[44.3, -3.7, 3.7]","[0.0, -0.0, 0.0]",19.052,18.515,0.813,18.734,16.336,59.0,47.0,SASDBK8_fit1_model1.pdb,
SASDBK8,ok,1715.0,1506.0,0.19,"[0.1, -0.1, 0.1]","[0.0, -0.0, 0.0]",3.651,4.105,0.257,3.984,2.562,38.5,56.5,SASDBK8_fit2_model1.pdb,
SASDBK9,ok,1844.0,1015.0,0.04,"[0.0, -0.0, -0.0]","[0.0, -0.0, 0.0]",20.996,21.75,0.557,16.61,8.882,96.0,99.5,SASDBK9_fit1_model1.pdb,
SASDBL2,ok,1568.0,167.0,41.55,"[0.2, 0.2, 38.4]","[1.2, 0.0, -3.2]",31.322,35.789,0.516,44.542,23.531,11.0,21.0,SASDBL2_fit1_model1.pdb,
SASDBL4,ok,1524.0,1646.0,0.02,"[-0.0, 0.0, -0.0]","[-0.0, -0.0, -0.0]",10.979,10.635,0.451,15.873,5.843,7.5,6.5,SASDBL4_fit1_model1.pdb,
SASDBL4,ok,792.0,1646.0,2.61,"[1.8, 1.8, -0.1]","[-0.0, -0.0, -0.0]",11.284,11.073,0.293,15.902,6.279,14.5,13.5,SASDBL4_fit2_model1.pdb,
SASDBL7,ok,384.0,1042.0,48.92,"[9.3, 24.8, 41.1]","[-0.0, -0.0, 0.0]",22.745,21.973,0.917,24.006,20.683,22.5,10.5,SASDBL7_fit1_model1.pdb,
SASDBL8,ok,684.0,1524.0,42.94,"[42.6, -2.5, 4.8]","[0.0, -0.0, 0.0]",21.245,20.521,0.893,21.131,18.681,52.5,34.0,SASDBL8_fit1_model1.pdb,
SASDBL8,ok,1726.0,1524.0,0.34,"[0.1, -0.2, -0.2]","[0.0, -0.0, 0.0]",3.899,3.274,0.298,4.117,2.494,41.0,12.5,SASDBL8_fit2_model1.pdb,
SASDBL9,ok,2326.0,5000.0,0.35,"[-0.2, -0.0, -0.2]","[0.1, 0.0, 0.0]",7.644,7.668,0.631,6.298,2.743,96.5,96.5,SASDBL9_fit1_model1.pdb,
SASDBM4,ok,1379.0,1457.0,0.01,"[0.0, -0.0, -0.0]","[0.0, -0.0, -0.0]",24.85,24.852,0.603,19.554,9.95,86.0,86.0,SASDBM4_fit1_model1.pdb,
SASDBM4,ok,586.0,1457.0,2.01,"[0.8, -1.3, -1.4]","[0.0, -0.0, -0.0]",17.494,19.063,0.44,18.875,8.482,43.0,51.0,SASDBM4_fit2_model1.pdb,
SASDBM7,ok,1082.0,1376.0,4.09,"[-0.2, 0.2, 4.1]","[0.0, 0.0, 0.0]",6.397,5.841,0.513,7.105,5.003,34.0,15.5,SASDBM7_fit1_model1.pdb,
SASDBM8,ok,628.0,940.0,44.99,"[44.5, -0.9, 6.7]","[-0.0, 0.0, -0.0]",17.609,19.076,0.693,18.852,14.694,23.5,54.0,SASDBM8_fit1_model1.pdb,
SASDBM8,ok,628.0,940.0,35.95,"[34.8, 7.3, 5.5]","[-0.0, 0.0, -0.0]",18.942,16.062,0.731,16.69,12.333,86.0,39.0,SASDBM8_fit1_model2.pdb,
SASDBM8,ok,628.0,940.0,34.63,"[33.6, 5.9, 5.8]","[-0.0, 0.0, -0.0]",18.646,15.854,0.731,16.18,11.633,85.0,44.5,SASDBM8_fit1_model3.pdb,
SASDBM8,ok,967.0,940.0,0.42,"[-0.3, -0.0, 0.3]","[-0.0, 0.0, -0.0]",6.087,7.261,0.295,7.462,4.294,25.0,45.5,SASDBM8_fit2_model1.pdb,
SASDBM9,ok,1810.0,1483.0,2.49,"[-1.5, 1.0, -1.7]","[0.0, 0.0, -0.0]",3.843,4.988,0.546,4.08,3.097,31.5,99.5,SASDBM9_fit1_model1.pdb,
SASDBN2,ok,152.0,874.0,57.25,"[-44.9, 25.1, 25.1]","[0.0, 0.0, 0.0]",39.758,44.924,1.0,43.054,36.788,13.5,74.0,SASDBN2_fit1_model1.pdb,
SASDBN2,ok,152.0,874.0,32.27,"[-15.6, 28.2, 2.5]","[0.0, 0.0, 0.0]",17.123,17.157,0.796,19.721,16.216,9.0,10.5,SASDBN2_fit1_model2.pdb,
SASDBN7,ok,453.0,362.0,7.62,"[2.8, 1.9, -6.8]","[0.0, 0.0, 0.0]",11.779,15.308,0.711,12.186,5.038,46.0,92.5,SASDBN7_fit1_model1.pdb,
SASDBN8,ok,628.0,2592.0,36.96,"[35.7, 1.2, 9.6]","[0.0, -0.0, -0.0]",22.027,20.722,0.841,17.34,13.494,96.5,88.5,SASDBN8_fit1_model1.pdb,
SASDBN8,ok,628.0,2592.0,39.65,"[39.3, -4.2, 2.6]","[0.0, -0.0, -0.0]",17.411,16.561,0.777,16.288,13.521,77.5,59.5,SASDBN8_fit1_model2.pdb,
SASDBN8,ok,628.0,2592.0,32.93,"[31.9, 1.9, 7.9]","[0.0, -0.0, -0.0]",19.449,17.506,0.806,15.993,11.946,87.5,69.0,SASDBN8_fit1_model3.pdb,
SASDBN8,ok,1054.0,2592.0,0.76,"[-0.7, 0.2, 0.1]","[0.0, -0.0, -0.0]",6.872,6.499,0.371,7.733,3.728,37.5,32.5,SASDBN8_fit2_model1.pdb,
SASDBN9,ok,1245.0,3404.0,4.38,"[2.2, 2.3, -3.0]","[-0.0, -0.0, 0.0]",14.499,16.277,0.68,14.721,5.188,48.0,76.0,SASDBN9_fit1_model1.pdb,
SASDBP2,ok,228.0,1643.0,73.57,"[-30.1, 60.7, 28.6]","[0.0, 0.0, 0.0]",39.499,46.313,1.0,48.358,39.182,1.5,34.5,SASDBP2_fit1_model1.pdb,
SASDBP2,ok,228.0,1643.0,71.73,"[-39.5, 7.4, -59.4]","[0.0, 0.0, 0.0]",44.267,52.901,1.0,52.094,42.672,4.5,55.0,SASDBP2_fit1_model2.pdb,
SASDBP4,ok,974.0,724.0,1.92,"[0.0, -1.4, 1.3]","[0.0, -0.0, -0.0]",4.4,5.321,0.391,4.931,3.429,23.5,75.0,SASDBP4_fit1_model1.pdb,
SASDBP4,ok,224.0,724.0,38.25,"[-29.5, 24.3, -1.6]","[0.0, -0.0, -0.0]",21.401,21.182,1.0,20.019,16.089,85.5,82.0,SASDBP4_fit2_model1.pdb,
SASDBP7,ok,327.0,226.0,3.51,"[-1.8, 0.9, 2.9]","[0.0, -0.1, 0.1]",17.748,17.643,0.798,19.859,6.531,33.5,33.0,SASDBP7_fit1_model1.pdb,
SASDBP8,ok,684.0,1329.0,42.55,"[42.2, -2.5, 4.7]","[0.0, -0.0, 0.0]",20.449,20.685,0.825,19.728,17.605,65.0,69.5,SASDBP8_fit1_model1.pdb,
SASDBP8,ok,1403.0,1329.0,0.14,"[-0.0, 0.0, 0.1]","[0.0, -0.0, 0.0]",4.95,5.04,0.343,4.813,2.961,55.5,58.5,SASDBP8_fit2_model1.pdb,
SASDBP9,ok,694.0,172.0,1.07,"[-1.1, 0.3, -0.2]","[-0.2, -0.0, 0.3]",19.722,16.231,0.778,16.055,8.934,96.5,52.5,SASDBP9_fit1_model1.pdb,
SASDBP9,ok,478.0,172.0,16.2,"[-16.1, -2.2, 2.2]","[-0.2, -0.0, 0.3]",12.55,17.404,0.579,18.351,9.382,8.5,41.5,SASDBP9_fit2_model1.pdb,
SASDBQ2,ok,304.0,369.0,50.39,"[16.7, -22.7, -41.7]","[-0.0, -0.0, 0.0]",28.977,30.927,0.829,30.02,23.844,40.5,59.5,SASDBQ2_fit1_model1.pdb,
SASDBQ2,ok,304.0,369.0,79.47,"[-33.3, 7.2, 71.8]","[-0.0, -0.0, 0.0]",49.097,65.581,1.0,59.494,44.594,9.5,93.0,SASDBQ2_fit1_model2.pdb,
SASDBQ3,ok,1279.0,906.0,0.02,"[-0.0, -0.0, -0.0]","[0.0, -0.0, -0.0]",5.184,5.655,0.394,5.1,2.323,52.5,82.0,SASDBQ3_fit1_model1.pdb,
SASDBQ3,ok,163.0,906.0,102.52,"[53.5, -86.5, -12.9]","[0.0, -0.0, -0.0]",87.168,86.289,1.0,86.038,80.34,69.5,54.0,SASDBQ3_fit2_model1.pdb,
SASDBQ3,ok,163.0,906.0,100.83,"[47.9, -86.9, -17.6]","[0.0, -0.0, -0.0]",86.07,85.082,1.0,85.164,79.04,82.0,47.0,SASDBQ3_fit2_model2.pdb,
SASDBQ3,ok,163.0,906.0,107.71,"[53.1, -93.0, -11.7]","[0.0, -0.0, -0.0]",89.806,88.849,1.0,91.617,75.86,32.0,23.0,SASDBQ3_fit2_model3.pdb,
SASDBQ4,ok,1073.0,1557.0,1.16,"[0.5, 0.1, -1.0]","[-0.0, 0.0, 0.0]",14.615,14.249,0.605,10.658,5.273,94.0,88.5,SASDBQ4_fit1_model1.pdb,
SASDBQ7,ok,266.0,99.0,35.0,"[-0.6, -2.5, -9.1]","[17.0, -27.0, 8.7]",19.831,36.078,0.711,36.105,13.763,3.0,50.0,SASDBQ7_fit1_model1.pdb,
SASDBQ9,ok,694.0,299.0,1.28,"[-1.1, 0.3, -0.2]","[-0.0, -0.4, -0.1]",13.544,19.415,0.529,17.255,9.287,16.0,72.0,SASDBQ9_fit1_model1.pdb,
SASDBQ9,ok,470.0,299.0,25.4,"[-18.6, 13.7, 10.1]","[-0.0, -0.4, -0.1]",16.91,19.779,0.772,22.574,14.12,8.5,26.5,SASDBQ9_fit2_model1.pdb,
SASDBR2,ok,1164.0,1657.0,4.98,"[-4.5, 2.1, -0.5]","[-0.0, -0.0, 0.0]",12.148,12.773,0.619,12.416,6.67,47.5,54.5,SASDBR2_fit1_model1.pdb,
SASDBR2,ok,1253.0,1657.0,0.01,"[0.0, -0.0, 0.0]","[-0.0, -0.0, 0.0]",12.372,12.943,0.619,13.364,7.995,38.5,44.5,SASDBR2_fit2_model1.pdb,
SASDBR2,ok,1253.0,1657.0,0.01,"[0.0, -0.0, 0.0]","[-0.0, -0.0, 0.0]",12.372,12.943,0.619,13.364,7.995,38.5,44.5,SASDBR2_fit3_model1.pdb,
SASDBR3,ok,784.0,2533.0,54.25,"[49.9, -20.7, 4.5]","[0.0, 0.0, 0.0]",35.166,36.48,0.969,34.662,27.462,54.5,66.5,SASDBR3_fit1_model1.pdb,
SASDBR3,ok,784.0,2533.0,52.87,"[49.9, -17.4, 1.2]","[0.0, 0.0, 0.0]",32.216,32.744,0.958,31.735,26.641,53.5,62.5,SASDBR3_fit1_model2.pdb,
SASDBR3,ok,784.0,2533.0,49.97,"[46.5, -17.8, 4.4]","[0.0, 0.0, 0.0]",30.454,31.235,0.955,29.833,24.317,61.0,70.5,SASDBR3_fit1_model3.pdb,
SASDBR3,ok,784.0,2533.0,52.94,"[49.8, -17.9, 1.7]","[0.0, 0.0, 0.0]",31.557,32.236,0.959,31.779,26.886,44.0,55.0,SASDBR3_fit1_model4.pdb,
SASDBR3,ok,784.0,2533.0,52.83,"[49.6, -18.0, 3.4]","[0.0, 0.0, 0.0]",34.565,35.343,0.971,33.354,27.859,60.0,63.0,SASDBR3_fit1_model5.pdb,
SASDBR4,ok,351.0,789.0,24.95,"[-7.8, 22.7, 6.3]","[0.3, -0.0, 0.0]",24.157,23.929,0.835,18.592,10.706,93.0,91.5,SASDBR4_fit1_model1.pdb,
SASDBR4,ok,663.0,789.0,2.95,"[1.3, -0.4, -2.7]","[0.3, -0.0, 0.0]",12.796,12.541,0.591,14.005,8.044,35.5,34.5,SASDBR4_fit2_model1.pdb,
SASDBR7,ok,408.0,1182.0,8.44,"[-3.2, -6.0, 5.0]","[-0.0, -0.0, -0.0]",25.9,25.733,0.811,22.644,5.37,76.5,74.0,SASDBR7_fit1_model1.pdb,
SASDBR9,ok,694.0,1081.0,1.14,"[-1.1, 0.3, -0.2]","[0.0, -0.0, 0.0]",11.742,10.351,0.754,11.784,8.141,49.5,22.5,SASDBR9_fit1_model1.pdb,
SASDBR9,ok,393.0,1081.0,42.21,"[41.8, 5.3, -2.7]","[0.0, -0.0, 0.0]",19.901,21.204,0.908,24.216,19.392,3.0,12.5,SASDBR9_fit2_model1.pdb,
SASDBS2,ok,992.0,1071.0,0.15,"[0.1, -0.1, -0.1]","[-0.0, -0.0, 0.0]",5.672,5.98,0.209,5.238,4.334,84.5,97.0,SASDBS2_fit1_model1.pdb,
SASDBS3,ok,1060.0,58.0,58.53,"[47.6, -23.4, 7.9]","[-1.8, 4.5, -6.8]",41.44,51.703,1.0,47.198,34.223,26.5,71.5,SASDBS3_fit1_model1.pdb,
SASDBS3,ok,1060.0,58.0,57.92,"[48.7, -20.9, 5.9]","[-1.8, 4.5, -6.8]",44.599,45.734,1.0,44.656,32.378,49.0,58.5,SASDBS3_fit1_model2.pdb,
SASDBS3,ok,1060.0,58.0,55.9,"[45.7, -21.1, 7.9]","[-1.8, 4.5, -6.8]",40.553,43.772,1.0,41.628,31.633,41.5,64.5,SASDBS3_fit1_model3.pdb,
SASDBS3,ok,1060.0,58.0,58.5,"[46.9, -23.8, 9.0]","[-1.8, 4.5, -6.8]",41.55,51.186,1.0,43.79,32.951,36.0,89.5,SASDBS3_fit1_model4.pdb,
SASDBS3,ok,1060.0,58.0,55.89,"[45.7, -21.1, 7.9]","[-1.8, 4.5, -6.8]",41.305,44.364,1.0,41.722,31.632,45.0,70.0,SASDBS3_fit1_model5.pdb,
SASDBS6,ok,385.0,216.0,2.46,"[2.2, -0.1, 1.0]","[-0.1, 0.4, 0.1]",15.759,11.046,0.587,15.316,6.745,56.0,14.0,SASDBS6_fit1_model1.pdb,
SASDBS6,ok,400.0,216.0,8.85,"[-1.3, -4.7, -7.0]","[-0.1, 0.4, 0.1]",14.53,14.967,0.52,15.094,9.952,40.0,45.5,SASDBS6_fit2_model1.pdb,
SASDBS6,ok,400.0,216.0,9.81,"[-6.1, 4.0, -6.7]","[-0.1, 0.4, 0.1]",16.546,15.079,0.54,16.139,8.931,53.5,37.0,SASDBS6_fit2_model2.pdb,
SASDBS6,ok,400.0,216.0,9.46,"[6.0, -3.2, -6.2]","[-0.1, 0.4, 0.1]",14.123,17.784,0.515,15.876,9.989,37.0,73.0,SASDBS6_fit2_model3.pdb,
SASDBS6,ok,400.0,216.0,8.64,"[5.1, -5.8, -2.9]","[-0.1, 0.4, 0.1]",14.923,17.121,0.52,15.773,9.383,40.0,65.0,SASDBS6_fit2_model4.pdb,
SASDBS6,ok,400.0,216.0,6.6,"[3.4, -4.6, -2.5]","[-0.1, 0.4, 0.1]",13.55,16.12,0.522,14.136,9.399,44.0,78.5,SASDBS6_fit2_model5.pdb,
SASDBS9,ok,461.0,768.0,276.4,"[-196.1, -140.4, 135.0]","[0.0, 0.0, 0.0]",238.339,238.778,1.0,241.968,229.885,14.0,19.0,SASDBS9_fit1_model1.pdb,
SASDBT3,ok,784.0,3894.0,53.72,"[49.2, -20.9, 4.9]","[0.0, -0.0, -0.0]",35.808,38.056,0.98,35.099,27.834,63.5,77.5,SASDBT3_fit1_model1.pdb,
SASDBT3,ok,784.0,3894.0,49.39,"[46.0, -17.5, 3.9]","[0.0, -0.0, -0.0]",31.538,32.628,0.963,30.247,25.141,66.0,77.0,SASDBT3_fit1_model2.pdb,
SASDBT3,ok,784.0,3894.0,53.06,"[49.8, -18.1, 3.2]","[0.0, -0.0, -0.0]",30.868,34.058,0.968,32.539,26.928,28.5,62.0,SASDBT3_fit1_model3.pdb,
SASDBT3,ok,784.0,3894.0,52.87,"[49.9, -17.4, 1.2]","[0.0, -0.0, -0.0]",32.23,33.636,0.968,32.434,27.675,46.5,67.5,SASDBT3_fit1_model4.pdb,
SASDBT3,ok,784.0,3894.0,50.34,"[46.7, -18.1, 4.5]","[0.0, -0.0, -0.0]",31.141,32.305,0.964,30.705,25.063,55.5,70.0,SASDBT3_fit1_model5.pdb,
SASDBT4,ok,582.0,1316.0,60.71,"[38.3, 22.6, 41.4]","[0.0, 0.0, -0.0]",35.17,31.42,1.0,33.043,28.337,85.5,20.0,SASDBT4_fit1_model1.pdb,
SASDBT6,ok,407.0,583.0,6.94,"[3.8, 3.2, 4.9]","[-0.1, 0.0, 0.0]",15.416,16.511,0.717,13.952,8.577,70.0,77.5,SASDBT6_fit1_model1.pdb,
SASDBT9,ok,1291.0,1594.0,1.23,"[0.8, -0.2, -0.9]","[-0.0, -0.0, -0.0]",3.189,3.368,0.278,2.964,2.319,77.0,94.5,SASDBT9_fit1_model1.pdb,
SASDBU3,ok,1060.0,55.0,63.28,"[47.6, -23.4, 7.9]","[-5.6, 9.0, -3.6]",46.836,53.161,1.0,50.124,35.819,36.0,63.0,SASDBU3_fit1_model1.pdb,
SASDBU3,ok,1060.0,55.0,62.06,"[47.0, -21.8, 8.0]","[-5.6, 9.0, -3.6]",42.149,46.36,1.0,46.431,34.489,24.5,49.0,SASDBU3_fit1_model2.pdb,
SASDBU3,ok,1060.0,55.0,63.67,"[48.2, -23.3, 7.5]","[-5.6, 9.0, -3.6]",49.147,54.301,1.0,51.378,35.971,45.0,64.5,SASDBU3_fit1_model3.pdb,
SASDBU3,ok,1060.0,55.0,63.52,"[47.2, -24.0, 9.0]","[-5.6, 9.0, -3.6]",49.619,54.558,1.0,48.344,35.18,60.5,88.5,SASDBU3_fit1_model4.pdb,
SASDBU3,ok,1060.0,55.0,63.28,"[47.0, -23.2, 10.7]","[-5.6, 9.0, -3.6]",47.679,54.958,1.0,47.347,35.276,51.0,88.0,SASDBU3_fit1_model5.pdb,
SASDBU4,ok,4847.0,1442.0,0.01,"[0.0, 0.0, -0.0]","[-0.0, 0.0, -0.0]",5.627,5.55,0.224,5.494,4.64,64.5,57.0,SASDBU4_fit1_model1.pdb,
SASDBU6,ok,358.0,3718.0,2.23,"[0.0, 2.2, 0.5]","[0.0, 0.0, 0.0]",14.224,14.156,0.567,11.058,4.476,99.0,99.0,SASDBU6_fit1_model1.pdb,
SASDBU6,ok,358.0,3718.0,2.49,"[0.2, 2.4, -0.6]","[0.0, 0.0, 0.0]",14.191,14.606,0.567,11.087,4.303,98.0,98.5,SASDBU6_fit1_model2.pdb,
SASDBU6,ok,358.0,3718.0,2.51,"[0.4, 2.5, 0.2]","[0.0, 0.0, 0.0]",14.402,14.309,0.57,11.227,4.36,98.5,98.0,SASDBU6_fit1_model3.pdb,
SASDBU6,ok,358.0,3718.0,1.85,"[0.4, 1.7, -0.6]","[0.0, 0.0, 0.0]",13.91,14.339,0.561,10.785,4.045,98.5,99.0,SASDBU6_fit1_model4.pdb,
SASDBU6,ok,821.0,3718.0,3.26,"[-3.1, 0.2, -0.8]","[0.0, 0.0, 0.0]",6.181,6.931,0.415,11.033,3.164,11.5,14.5,SASDBU6_fit2_model1.pdb,
SASDBU7,ok,300.0,1810.0,17.0,"[-14.2, -2.3, -9.1]","[-0.0, -0.0, -0.0]",11.66,10.233,0.727,10.043,6.935,84.0,53.5,SASDBU7_fit1_model1.pdb,
SASDBU9,ok,1395.0,1650.0,1.54,"[-0.9, -1.2, -0.2]","[-0.0, -0.0, 0.0]",2.746,2.818,0.254,2.745,2.059,50.5,58.5,SASDBU9_fit1_model1.pdb,
SASDBV3,ok,548.0,188.0,27.32,"[-22.9, 12.6, -9.1]","[-0.2, 0.1, -0.4]",28.248,31.87,0.675,29.501,19.143,36.5,72.5,SASDBV3_fit1_model1.pdb,
SASDBV4,ok,432.0,438.0,8.0,"[-0.0, -0.0, -8.0]","[-0.0, 0.0, 0.0]",14.394,13.378,0.65,12.809,7.609,83.5,66.0,SASDBV4_fit1_model1.pdb,
SASDBV4,ok,432.0,438.0,27.43,"[0.0, -0.0, -27.4]","[-0.0, 0.0, 0.0]",15.954,17.14,0.625,16.837,12.392,32.5,55.0,SASDBV4_fit2_model1.pdb,
SASDBV6,ok,581.0,3887.0,5.07,"[-0.4, -4.3, 2.6]","[0.0, 0.0, 0.0]",7.15,8.398,0.451,10.786,3.553,23.5,31.5,SASDBV6_fit1_model1.pdb,
SASDBV7,ok,1500.0,918.0,18.22,"[-17.4, -0.7, 5.2]","[0.0, -0.0, -0.0]",12.402,11.809,0.454,10.744,7.933,91.0,77.5,SASDBV7_fit1_model1.pdb,
SASDBV8,ok,1256.0,1048.0,37.69,"[27.7, 3.1, -25.3]","[-0.0, 0.0, 0.0]",16.9,17.116,0.564,16.532,11.904,55.5,60.0,SASDBV8_fit1_model1.pdb,
SASDBV9,ok,111.0,2217.0,1.46,"[-0.5, -0.2, 1.4]","[-0.0, -0.0, -0.0]",3.898,3.984,0.135,4.915,3.838,0.5,2.5,SASDBV9_fit1_model1.pdb,
SASDBV9,ok,1216.0,2217.0,1.03,"[-0.4, -0.3, 0.9]","[-0.0, -0.0, -0.0]",5.305,4.595,0.433,4.064,2.759,92.0,72.0,SASDBV9_fit2_model1.pdb,
SASDBW4,ok,3264.0,1549.0,0.01,"[0.0, 0.0, 0.0]","[0.0, -0.0, -0.0]",5.299,6.387,0.293,5.198,3.57,55.5,96.5,SASDBW4_fit1_model1.pdb,
SASDBW4,ok,3270.0,1549.0,0.0,"[0.0, 0.0, -0.0]","[0.0, -0.0, -0.0]",5.296,3.901,0.29,5.335,3.566,48.5,6.0,SASDBW4_fit2_model1.pdb,
SASDBW6,ok,660.0,1475.0,0.62,"[0.0, 0.0, -0.6]","[0.0, 0.0, 0.0]",9.114,8.703,0.394,16.373,7.377,3.5,3.0,SASDBW6_fit1_model1.pdb,
SASDBW6,ok,666.0,1475.0,15.85,"[-0.0, 0.0, -15.8]","[0.0, 0.0, 0.0]",16.504,14.586,0.746,16.091,11.403,59.0,27.0,SASDBW6_fit2_model1.pdb,
SASDBW6,ok,666.0,1475.0,12.95,"[-0.0, 0.0, 13.0]","[0.0, 0.0, 0.0]",12.807,12.782,0.574,17.623,9.907,8.0,8.0,SASDBW6_fit2_model2.pdb,
SASDBW6,ok,666.0,1475.0,3.03,"[-0.0, 0.0, -3.0]","[0.0, 0.0, 0.0]",11.767,11.241,0.383,14.519,8.156,17.5,13.0,SASDBW6_fit2_model3.pdb,
SASDBW6,ok,666.0,1475.0,10.08,"[-0.0, 0.0, 10.1]","[0.0, 0.0, 0.0]",15.184,15.048,0.589,17.388,9.575,27.0,25.5,SASDBW6_fit2_model4.pdb,
SASDBW7,ok,1550.0,902.0,11.81,"[10.1, 5.1, -3.3]","[-0.0, -0.0, 0.0]",9.549,7.982,0.388,12.414,6.679,19.5,7.0,SASDBW7_fit1_model1.pdb,
SASDBW9,ok,865.0,1011.0,2.48,"[1.8, 1.5, -0.8]","[0.0, 0.0, 0.0]",8.526,8.212,0.491,9.562,5.719,31.5,24.5,SASDBW9_fit1_model1.pdb,
SASDBX3,ok,580.0,1261.0,0.89,"[0.3, 0.5, -0.7]","[-0.0, -0.0, -0.0]",6.814,6.015,0.503,6.466,3.68,59.0,37.5,SASDBX3_fit1_model1.pdb,
SASDBX4,ok,1452.0,722.0,0.07,"[0.0, -0.0, 0.0]","[0.0, -0.1, 0.0]",14.77,10.938,0.508,13.246,8.087,75.5,22.5,SASDBX4_fit1_model1.pdb,
SASDBX4,ok,1451.0,722.0,0.09,"[0.0, 0.0, 0.0]","[0.0, -0.1, 0.0]",11.449,14.787,0.394,12.882,7.929,29.5,73.0,SASDBX4_fit2_model1.pdb,
SASDBX7,ok,1200.0,650.0,12.13,"[-9.1, -7.7, 2.2]","[-0.0, -0.0, 0.0]",11.56,9.392,0.504,11.086,7.572,61.0,15.0,SASDBX7_fit1_model1.pdb,
SASDBX9,ok,189.0,309.0,4.71,"[4.0, -2.6, -0.9]","[0.0, -0.3, -0.4]",11.456,11.945,0.72,11.659,7.059,46.5,54.5,SASDBX9_fit1_model1.pdb,
SASDBY2,ok,4072.0,979.0,0.53,"[-0.2, 0.5, 0.1]","[-0.0, 0.0, 0.0]",3.7,3.422,0.28,3.625,3.157,71.0,16.5,SASDBY2_fit1_model1.pdb,
SASDBY2,ok,1050.0,979.0,0.0,"[-0.0, -0.0, 0.0]","[-0.0, 0.0, 0.0]",4.44,4.107,0.248,4.428,3.965,55.5,2.5,SASDBY2_fit2_model1.pdb,
SASDBY2,ok,1050.0,979.0,24.22,"[19.7, 12.0, -7.4]","[-0.0, 0.0, 0.0]",8.652,8.596,0.55,8.676,8.332,41.5,27.0,SASDBY2_fit3_model1.pdb,
SASDBY3,ok,1322.0,830.0,0.51,"[-0.1, -0.5, 0.1]","[-0.0, -0.0, 0.0]",9.491,9.462,0.418,7.837,4.702,86.0,85.5,SASDBY3_fit1_model1.pdb,
SASDBY4,ok,466.0,1231.0,20.37,"[0.1, -0.0, -20.4]","[-0.0, 0.0, 0.0]",9.359,8.882,0.457,9.691,8.762,27.0,2.5,SASDBY4_fit1_model1.pdb,
SASDBY4,ok,1980.0,1231.0,18.64,"[0.7, 0.3, -18.6]","[-0.0, 0.0, 0.0]",9.147,8.377,0.389,9.529,8.404,26.5,0.0,SASDBY4_fit2_model1.pdb,
SASDBY4,ok,1980.0,1231.0,18.98,"[-1.1, -1.3, -18.9]","[-0.0, 0.0, 0.0]",9.448,8.63,0.389,9.708,8.384,25.5,1.5,SASDBY4_fit3_model1.pdb,
SASDBY5,ok,218.0,95.0,120.85,"[60.6, -111.7, 27.8]","[3.9, -6.4, 10.3]",75.354,84.052,0.959,98.934,73.766,1.0,11.0,SASDBY5_fit1_model1.pdb,
SASDBY5,ok,218.0,95.0,75.72,"[-61.7, -22.3, 44.6]","[3.9, -6.4, 10.3]",46.369,52.869,0.729,57.834,41.052,3.5,26.5,SASDBY5_fit1_model2.pdb,
SASDBY6,ok,699.0,1575.0,11.0,"[9.0, -5.6, 3.0]","[0.0, -0.0, -0.0]",9.52,9.041,0.448,10.53,7.236,34.5,23.5,SASDBY6_fit1_model1.pdb,
SASDBY7,ok,1200.0,877.0,11.11,"[7.9, -0.1, 7.8]","[-0.0, 0.0, 0.0]",10.217,10.289,0.41,10.174,6.921,52.5,54.0,SASDBY7_fit1_model1.pdb,
SASDBY9,ok,690.0,370.0,3.48,"[2.0, -2.4, -1.6]","[-0.0, 0.0, 0.0]",8.758,12.743,0.554,11.859,3.779,24.0,60.5,SASDBY9_fit1_model1.pdb,
SASDBZ2,ok,2547.0,1540.0,0.01,"[-0.0, 0.0, -0.0]","[-0.0, 0.0, 0.0]",4.936,4.945,0.175,5.263,4.722,6.5,7.0,SASDBZ2_fit1_model1.pdb,
SASDBZ2,ok,3490.0,1540.0,0.01,"[0.0, 0.0, 0.0]","[-0.0, 0.0, 0.0]",4.739,4.728,0.163,4.956,4.499,14.5,12.5,SASDBZ2_fit2_model1.pdb,
SASDBZ3,ok,678.0,2318.0,3.04,"[-2.5, -0.7, 1.6]","[-0.0, 0.0, 0.0]",16.165,16.734,0.655,21.933,4.623,30.0,32.0,SASDBZ3_fit1_model1.pdb,
SASDBZ4,ok,1988.0,896.0,0.01,"[0.0, -0.0, -0.0]","[0.0, 0.0, 0.0]",9.252,9.494,0.316,9.489,7.054,45.0,50.0,SASDBZ4_fit1_model1.pdb,
SASDBZ5,ok,340.0,1001.0,45.84,"[19.7, 26.1, 32.2]","[0.0, 0.0, -0.0]",20.695,26.739,0.956,23.372,18.471,12.5,93.0,SASDBZ5_fit1_model1.pdb,
SASDBZ6,ok,326.0,320.0,104.26,"[-92.9, -46.6, 8.3]","[-0.0, -0.0, -0.1]",64.781,63.469,0.988,78.77,62.552,2.5,1.5,SASDBZ6_fit1_model1.pdb,
SASDBZ6,ok,326.0,320.0,103.69,"[21.6, -44.2, 91.2]","[-0.0, -0.0, -0.1]",36.925,56.179,0.908,55.548,35.247,0.5,54.5,SASDBZ6_fit1_model2.pdb,
SASDBZ6,ok,326.0,320.0,106.12,"[-64.1, 59.2, 60.2]","[-0.0, -0.0, -0.1]",59.203,89.065,0.948,82.719,57.657,1.0,74.0,SASDBZ6_fit1_model3.pdb,
SASDBZ6,ok,326.0,320.0,68.79,"[-22.4, -41.7, -50.0]","[-0.0, -0.0, -0.1]",40.177,49.237,0.914,47.804,40.405,0.0,64.0,SASDBZ6_fit1_model4.pdb,
SASDBZ6,ok,326.0,320.0,77.1,"[6.6, 18.3, 74.5]","[-0.0, -0.0, -0.1]",43.273,53.446,0.896,50.857,36.499,19.0,59.5,SASDBZ6_fit1_model5.pdb,
SASDBZ6,ok,326.0,320.0,55.29,"[41.9, -8.2, -35.2]","[-0.0, -0.0, -0.1]",34.899,31.905,0.899,34.822,26.887,50.5,22.0,SASDBZ6_fit1_model6.pdb,
SASDBZ8,ok,627.0,236.0,14.49,"[-14.0, 3.7, 2.4]","[-0.2, 0.2, -0.1]",10.122,13.324,0.654,12.626,7.776,17.0,62.5,SASDBZ8_fit1_model1.pdb,
SASDBZ8,ok,627.0,236.0,33.13,"[-23.1, 6.7, -23.2]","[-0.2, 0.2, -0.1]",24.496,27.853,0.839,24.644,18.157,47.0,87.0,SASDBZ8_fit1_model10.pdb,
SASDBZ8,ok,627.0,236.0,47.33,"[20.6, -37.8, 19.0]","[-0.2, 0.2, -0.1]",22.393,28.434,0.809,31.574,21.605,1.0,19.0,SASDBZ8_fit1_model11.pdb,
SASDBZ8,ok,627.0,236.0,38.33,"[21.7, 21.6, -23.3]","[-0.2, 0.2, -0.1]",23.396,25.855,0.853,27.975,20.095,9.5,27.5,SASDBZ8_fit1_model12.pdb,
SASDBZ8,ok,627.0,236.0,42.66,"[-6.6, -18.9, 37.5]","[-0.2, 0.2, -0.1]",25.637,31.777,0.911,31.141,25.728,0.0,61.5,SASDBZ8_fit1_model13.pdb,
SASDBZ8,ok,627.0,236.0,40.95,"[23.9, -3.7, 32.8]","[-0.2, 0.2, -0.1]",28.494,33.442,0.893,32.328,27.835,3.5,62.0,SASDBZ8_fit1_model14.pdb,
SASDBZ8,ok,627.0,236.0,33.95,"[-33.8, -3.2, -3.3]","[-0.2, 0.2, -0.1]",21.55,20.983,0.868,24.868,18.228,11.0,6.5,SASDBZ8_fit1_model15.pdb,
SASDBZ8,ok,627.0,236.0,50.47,"[-18.8, -28.9, -36.9]","[-0.2, 0.2, -0.1]",27.156,39.616,0.871,36.452,26.95,1.0,78.5,SASDBZ8_fit1_model16.pdb,
SASDBZ8,ok,627.0,236.0,36.92,"[-18.2, -7.4, 31.2]","[-0.2, 0.2, -0.1]",19.705,23.813,0.828,26.46,18.8,1.5,24.0,SASDBZ8_fit1_model17.pdb,
SASDBZ8,ok,627.0,236.0,48.98,"[23.5, 10.9, -41.6]","[-0.2, 0.2, -0.1]",24.398,35.777,0.868,33.505,25.974,0.0,74.0,SASDBZ8_fit1_model18.pdb,
SASDBZ8,ok,627.0,236.0,47.49,"[23.4, -34.9, -21.8]","[-0.2, 0.2, -0.1]",17.06,25.276,0.732,23.846,15.351,2.0,70.5,SASDBZ8_fit1_model19.pdb,
SASDBZ8,ok,627.0,236.0,33.78,"[14.6, 28.4, -11.5]","[-0.2, 0.2, -0.1]",19.685,24.584,0.855,23.894,18.697,4.0,63.0,SASDBZ8_fit1_model2.pdb,
SASDBZ8,ok,627.0,236.0,46.47,"[14.6, 34.0, -28.4]","[-0.2, 0.2, -0.1]",27.562,34.817,0.864,33.762,27.207,0.5,66.0,SASDBZ8_fit1_model20.pdb,
SASDBZ8,ok,627.0,236.0,54.93,"[-4.0, -50.9, 19.7]","[-0.2, 0.2, -0.1]",28.462,39.541,0.86,38.964,28.162,0.5,53.5,SASDBZ8_fit1_model3.pdb,
SASDBZ8,ok,627.0,236.0,37.9,"[27.7, -13.0, 21.9]","[-0.2, 0.2, -0.1]",24.307,30.2,0.879,27.642,23.047,2.5,80.5,SASDBZ8_fit1_model4.pdb,
SASDBZ8,ok,627.0,236.0,34.95,"[-13.3, 2.3, -32.4]","[-0.2, 0.2, -0.1]",22.695,22.893,0.772,25.367,21.183,15.0,17.0,SASDBZ8_fit1_model5.pdb,
SASDBZ8,ok,627.0,236.0,40.0,"[25.7, -22.1, -20.9]","[-0.2, 0.2, -0.1]",18.214,25.009,0.745,23.827,13.655,19.5,62.5,SASDBZ8_fit1_model6.pdb,
SASDBZ8,ok,627.0,236.0,18.93,"[5.1, 0.1, -18.3]","[-0.2, 0.2, -0.1]",14.402,11.782,0.73,13.87,8.889,61.0,18.5,SASDBZ8_fit1_model7.pdb,
SASDBZ8,ok,627.0,236.0,36.36,"[26.7, 13.8, 20.3]","[-0.2, 0.2, -0.1]",24.697,28.955,0.848,27.947,23.279,12.5,61.0,SASDBZ8_fit1_model8.pdb,
SASDBZ8,ok,627.0,236.0,51.77,"[3.5, -29.6, -42.3]","[-0.2, 0.2, -0.1]",21.418,31.336,0.743,32.408,21.487,0.0,37.0,SASDBZ8_fit1_model9.pdb,
SASDBZ9,ok,726.0,1442.0,6.2,"[2.0, 4.7, -3.5]","[0.0, 0.0, -0.0]",5.285,5.665,0.163,22.423,5.351,0.0,1.0,SASDBZ9_fit1_model1.pdb,
SASDC22,ok,539.0,3503.0,4.37,"[2.9, 2.0, 2.6]","[0.0, 0.0, 0.0]",7.667,7.383,0.549,9.107,2.893,33.0,30.0,SASDC22_fit1_model1.pdb,
SASDC22,ok,542.0,3503.0,2.67,"[2.2, 0.3, 1.5]","[0.0, 0.0, 0.0]",7.17,6.836,0.502,8.968,2.379,27.5,24.5,SASDC22_fit1_model2.pdb,
SASDC22,ok,172.0,3503.0,2.8,"[2.1, -0.6, 1.7]","[0.0, 0.0, 0.0]",7.917,7.381,0.517,9.821,3.033,26.5,23.5,SASDC22_fit2_model1.pdb,
SASDC22,ok,167.0,3503.0,4.16,"[2.9, 1.2, 2.8]","[0.0, 0.0, 0.0]",8.017,6.987,0.473,9.724,3.468,29.0,17.0,SASDC22_fit3_model1.pdb,
SASDC23,ok,395.0,1119.0,98.67,"[-2.9, -2.8, 98.6]","[-0.0, -0.0, 0.0]",80.645,76.088,1.0,76.593,67.101,87.0,45.0,SASDC23_fit1_model1.pdb,
SASDC23,ok,395.0,1119.0,100.08,"[-95.4, -11.9, -27.8]","[-0.0, -0.0, 0.0]",71.41,63.781,1.0,68.013,58.832,81.5,16.5,SASDC23_fit1_model2.pdb,
SASDC23,ok,395.0,1119.0,100.89,"[-1.8, 100.4, -9.3]","[-0.0, -0.0, 0.0]",71.414,69.917,1.0,67.896,51.721,81.0,69.5,SASDC23_fit1_model3.pdb,
SASDC23,ok,808.0,1119.0,3.59,"[-2.8, 0.3, 2.3]","[-0.0, -0.0, 0.0]",10.781,10.532,0.407,10.467,6.705,56.0,51.0,SASDC23_fit2_model1.pdb,
SASDC25,ok,1539.0,1171.0,27.2,"[5.9, 15.6, 21.5]","[-0.0, 0.0, 0.0]",15.203,11.559,0.595,33.753,10.865,6.0,0.5,SASDC25_fit1_model1.pdb,
SASDC26,ok,410.0,1522.0,24.97,"[-17.1, -2.7, -18.0]","[-0.0, -0.0, 0.0]",13.73,20.111,0.537,16.614,10.219,15.5,84.0,SASDC26_fit1_model1.pdb,
SASDC26,ok,410.0,1522.0,24.13,"[-20.7, -5.7, 11.1]","[-0.0, -0.0, 0.0]",13.667,16.766,0.571,16.313,11.222,19.0,58.5,SASDC26_fit1_model2.pdb,
SASDC26,ok,410.0,1522.0,14.59,"[-4.3, -11.1, -8.4]","[-0.0, -0.0, 0.0]",8.039,10.303,0.324,10.925,7.076,5.0,38.0,SASDC26_fit1_model3.pdb,
SASDC26,ok,410.0,1522.0,18.42,"[-5.0, 16.3, 6.9]","[-0.0, -0.0, 0.0]",7.528,8.763,0.405,10.597,7.358,1.5,12.0,SASDC26_fit1_model4.pdb,
SASDC27,ok,5317.0,125.0,11.82,"[-0.0, 0.0, 0.0]","[-10.2, 5.5, 2.3]",11.481,11.437,0.656,10.95,8.772,67.0,65.5,SASDC27_fit1_model1.pdb,
SASDC28,ok,1190.0,879.0,0.41,"[-0.1, -0.1, 0.4]","[0.0, 0.0, 0.0]",5.209,4.901,0.251,5.39,3.743,42.0,24.0,SASDC28_fit1_model1.pdb,
SASDC28,ok,729.0,879.0,8.57,"[0.0, -0.0, 8.6]","[0.0, 0.0, 0.0]",6.076,6.344,0.3,6.326,4.7,38.5,51.0,SASDC28_fit2_model1.pdb,
SASDC29,ok,486.0,984.0,0.58,"[-0.0, -0.1, 0.6]","[-0.0, -0.0, -0.0]",8.594,7.997,0.43,6.773,4.389,97.0,87.0,SASDC29_fit1_model1.pdb,
SASDC32,ok,1168.0,811.0,0.8,"[-0.0, 0.0, 0.8]","[0.0, 0.0, -0.0]",21.948,21.234,0.667,17.31,8.112,96.0,91.5,SASDC32_fit2_model1.pdb,
SASDC32,ok,147.0,811.0,20.1,"[0.3, -1.0, 20.1]","[0.0, 0.0, -0.0]",26.116,20.657,0.803,25.824,17.084,52.5,12.0,SASDC32_fit5_model1.pdb,
SASDC33,ok,356.0,2028.0,95.44,"[37.7, -80.8, 34.0]","[-0.0, -0.0, 0.0]",69.663,64.428,1.0,67.326,55.849,69.0,32.0,SASDC33_fit1_model1.pdb,
SASDC33,ok,356.0,2028.0,98.75,"[11.7, 97.3, -11.9]","[-0.0, -0.0, 0.0]",70.948,71.053,1.0,68.432,57.45,65.0,66.5,SASDC33_fit1_model2.pdb,
SASDC33,ok,356.0,2028.0,98.89,"[-28.4, 74.6, -58.3]","[-0.0, -0.0, 0.0]",73.064,73.553,1.0,69.795,57.829,78.5,81.0,SASDC33_fit1_model3.pdb,
SASDC33,ok,1112.0,2028.0,1.79,"[-1.0, 1.5, -0.1]","[-0.0, -0.0, 0.0]",6.222,5.837,0.416,6.683,4.45,40.0,29.5,SASDC33_fit2_model1.pdb,
SASDC34,ok,2052.0,1964.0,55.32,"[9.9, 49.8, 22.0]","[0.0, -0.0, -0.0]",18.297,19.233,0.716,23.426,16.62,9.0,13.5,SASDC34_fit1_model1.pdb,
SASDC34,ok,488.0,1964.0,54.85,"[10.1, 49.3, 21.9]","[0.0, -0.0, -0.0]",19.02,19.448,0.711,23.508,17.093,12.5,15.5,SASDC34_fit1_model2.pdb,
SASDC35,ok,435.0,363.0,3.14,"[-2.4, 1.2, -1.5]","[-0.1, -0.0, 0.1]",15.124,7.191,0.616,13.277,5.648,82.5,4.0,SASDC35_fit1_model1.pdb,
SASDC36,ok,218.0,1005.0,0.38,"[-0.2, 0.2, 0.1]","[0.0, -0.0, -0.0]",7.285,7.373,0.482,5.825,3.66,98.0,98.5,SASDC36_fit1_model1.pdb,
SASDC36,ok,218.0,1005.0,0.32,"[-0.3, 0.1, 0.1]","[0.0, -0.0, -0.0]",6.986,6.653,0.486,5.806,3.188,91.5,82.0,SASDC36_fit2_model1.pdb,
SASDC37,ok,9694.0,305.0,0.1,"[-0.0, -0.0, 0.0]","[0.1, 0.1, 0.0]",5.706,5.679,0.516,5.701,5.631,54.0,26.0,SASDC37_fit1_model1.pdb,
SASDC38,ok,1270.0,1286.0,4.35,"[3.8, 0.4, 2.1]","[0.0, 0.0, -0.0]",2.776,3.873,0.312,3.345,2.282,16.5,85.0,SASDC38_fit1_model1.pdb,
SASDC38,ok,192.0,1286.0,2.46,"[-2.1, -0.4, -1.2]","[0.0, 0.0, -0.0]",4.254,4.034,0.302,3.972,2.982,73.5,54.5,SASDC38_fit2_model1.pdb,
SASDC39,ok,486.0,969.0,0.57,"[-0.0, -0.1, 0.6]","[-0.0, 0.0, -0.0]",6.131,5.83,0.228,7.285,4.306,22.0,19.5,SASDC39_fit1_model1.pdb,
SASDC43,ok,395.0,1184.0,105.86,"[66.4, 1.3, 82.5]","[0.0, 0.0, 0.0]",80.901,83.621,1.0,80.556,53.474,53.0,65.0,SASDC43_fit1_model1.pdb,
SASDC43,ok,395.0,1184.0,99.44,"[9.2, -96.1, -23.7]","[0.0, 0.0, 0.0]",67.98,65.564,1.0,65.489,55.976,66.0,50.5,SASDC43_fit1_model2.pdb,
SASDC43,ok,782.0,1184.0,3.32,"[3.1, 1.2, 0.2]","[0.0, 0.0, 0.0]",12.255,12.146,0.561,10.117,6.395,76.0,76.0,SASDC43_fit2_model1.pdb,
SASDC44,ok,487.0,329.0,5.85,"[-3.0, -0.6, 5.0]","[0.0, -0.1, -0.0]",12.103,15.136,0.645,13.261,4.521,35.0,83.5,SASDC44_fit1_model1.pdb,
SASDC45,ok,1117.0,5000.0,4.34,"[0.2, -4.4, -0.7]","[0.0, -0.1, 0.1]",7.415,6.119,0.438,7.666,2.64,46.0,33.0,SASDC45_fit1_model1.pdb,
SASDC45,ok,471.0,5000.0,2.9,"[1.3, -1.2, -2.3]","[0.0, -0.1, 0.1]",9.829,10.216,0.459,8.268,4.047,76.5,84.5,SASDC45_fit2_model1.pdb,
SASDC46,ok,162.0,1148.0,70.72,"[59.6, 15.7, 34.6]","[0.0, -0.0, -0.0]",48.036,49.605,1.0,50.231,41.251,28.0,45.0,SASDC46_fit1_model1.pdb,
SASDC47,ok,9746.0,152.0,13.07,"[0.0, -0.0, 0.0]","[-2.2, 12.8, 1.3]",8.441,8.729,0.606,8.548,8.223,27.5,90.5,SASDC47_fit1_model1.pdb,
SASDC48,ok,921.0,632.0,17.77,"[3.0, -4.7, -16.9]","[0.0, 0.0, 0.0]",12.016,11.507,0.499,12.15,9.668,43.5,26.5,SASDC48_fit1_model1.pdb,
SASDC52,ok,661.0,132.0,28.32,"[-2.6, 27.4, -8.8]","[0.2, 0.5, -0.3]",38.7,32.559,0.815,30.205,13.324,98.5,65.5,SASDC52_fit1_model1.pdb,
SASDC52,ok,661.0,132.0,28.31,"[-14.8, -10.7, -21.5]","[0.2, 0.5, -0.3]",24.304,21.714,0.737,27.163,16.037,31.0,16.0,SASDC52_fit2_model1.pdb,
SASDC53,ok,98.0,278.0,38.2,"[-22.2, -31.0, -1.9]","[0.0, 0.1, -0.2]",22.597,25.615,0.929,26.318,21.842,3.0,33.0,SASDC53_fit1_model1.pdb,
SASDC53,ok,98.0,278.0,53.77,"[-50.2, -3.2, -19.1]","[0.0, 0.1, -0.2]",24.525,27.177,0.888,36.879,21.199,4.5,12.5,SASDC53_fit1_model2.pdb,
SASDC54,ok,593.0,491.0,0.81,"[-0.4, 0.7, -0.6]","[-0.1, 0.3, -0.0]",20.658,20.139,0.786,15.016,8.343,94.0,93.5,SASDC54_fit1_model1.pdb,
SASDC55,ok,1000.0,4285.0,1.6,"[1.0, -1.3, 0.1]","[-0.0, -0.0, 0.0]",8.441,8.739,0.56,7.567,1.891,57.5,62.0,SASDC55_fit1_model1.pdb,
SASDC56,ok,522.0,1951.0,117.51,"[66.5, 40.2, 88.2]","[-0.0, -0.0, 0.0]",84.47,93.154,1.0,91.704,84.101,1.0,61.0,SASDC56_fit1_model1.pdb,
SASDC56,ok,1773.0,1951.0,0.02,"[-0.0, -0.0, -0.0]","[-0.0, -0.0, 0.0]",9.376,9.471,0.433,8.79,4.132,64.5,64.5,SASDC56_fit2_model1.pdb,
SASDC56,ok,885.0,1951.0,118.06,"[68.0, 39.3, 88.1]","[-0.0, -0.0, 0.0]",86.963,95.581,1.0,91.931,83.859,16.0,72.0,SASDC56_fit2_model2.pdb,
SASDC56,ok,522.0,1951.0,119.17,"[68.6, 39.8, 88.9]","[-0.0, -0.0, 0.0]",86.537,94.931,1.0,92.37,84.64,5.5,65.5,SASDC56_fit3_model1.pdb,
SASDC57,ok,2555.0,1184.0,9.78,"[0.4, -4.3, 8.8]","[0.0, 0.0, -0.0]",5.989,5.597,0.335,6.193,4.014,41.5,29.5,SASDC57_fit1_model1.pdb,
SASDC57,ok,507.0,1184.0,8.81,"[0.2, 0.0, 8.8]","[0.0, 0.0, -0.0]",5.66,6.368,0.197,6.566,5.552,2.0,39.5,SASDC57_fit2_model1.pdb,
SASDC58,ok,563.0,1081.0,3.15,"[1.0, 1.3, 2.7]","[0.0, 0.0, -0.0]",6.953,7.042,0.4,6.504,4.03,69.5,72.5,SASDC58_fit1_model1.pdb,
SASDC64,ok,595.0,223.0,4.11,"[-4.2, -2.6, 0.1]","[-0.1, -2.2, -0.0]",15.643,14.454,0.703,16.368,6.372,41.0,32.5,SASDC64_fit1_model1.pdb,
SASDC65,ok,595.0,345.0,3.81,"[-1.0, 3.6, 0.7]","[-0.0, 0.0, -0.1]",18.469,10.616,0.721,16.365,4.73,68.5,18.0,SASDC65_fit1_model1.pdb,
SASDC66,ok,522.0,1746.0,3.61,"[-0.0, 0.0, -3.6]","[0.0, -0.0, -0.0]",13.166,12.249,0.705,9.671,6.595,100.0,93.5,SASDC66_fit1_model1.pdb,
SASDC66,ok,1564.0,1746.0,118.0,"[68.2, 38.9, 88.1]","[0.0, -0.0, -0.0]",81.319,89.577,1.0,87.094,77.367,16.0,67.0,SASDC66_fit2_model1.pdb,
SASDC66,ok,482.0,1746.0,119.05,"[69.4, 39.3, 88.4]","[0.0, -0.0, -0.0]",83.075,91.243,1.0,89.025,81.282,8.5,63.5,SASDC66_fit2_model2.pdb,
SASDC67,ok,534.0,1736.0,0.28,"[-0.0, 0.0, 0.3]","[-0.0, -0.0, -0.0]",7.605,7.943,0.311,8.685,5.941,23.5,30.0,SASDC67_fit1_model1.pdb,
SASDC67,ok,1018.0,1736.0,8.24,"[-1.0, 8.1, 0.7]","[-0.0, -0.0, -0.0]",8.977,7.946,0.469,9.142,5.591,47.5,21.5,SASDC67_fit2_model1.pdb,
SASDC72,ok,733.0,862.0,0.1,"[0.0, -0.0, -0.1]","[-0.0, -0.0, 0.0]",7.093,7.075,0.265,7.802,5.451,25.5,25.0,SASDC72_fit1_model1.pdb,
SASDC72,ok,188.0,862.0,0.61,"[-0.1, 0.1, 0.6]","[-0.0, -0.0, 0.0]",6.951,7.063,0.207,7.01,5.821,47.5,54.0,SASDC72_fit1_model2.pdb,
SASDC75,ok,278.0,266.0,3.4,"[0.8, -1.5, -2.7]","[-0.0, 0.2, 0.1]",21.516,21.301,0.583,17.573,7.219,93.5,92.5,SASDC75_fit1_model1.pdb,
SASDC76,ok,220.0,494.0,2.99,"[1.0, -2.8, -0.6]","[0.0, -0.0, -0.1]",59.915,50.407,0.85,53.032,7.46,74.0,43.0,SASDC76_fit1_model1.pdb,
SASDC77,ok,1320.0,3153.0,0.22,"[-0.0, 0.0, 0.2]","[0.0, -0.0, -0.0]",16.19,16.054,0.489,10.861,8.051,100.0,99.5,SASDC77_fit1_model1.pdb,
SASDC77,ok,1368.0,3153.0,0.61,"[-0.0, 0.0, 0.6]","[0.0, -0.0, -0.0]",13.405,13.598,0.427,10.429,7.733,96.0,98.0,SASDC77_fit2_model1.pdb,
SASDC82,ok,603.0,818.0,1.83,"[0.0, 0.0, -1.8]","[0.0, 0.0, -0.0]",12.638,11.859,0.483,11.905,7.189,68.5,49.0,SASDC82_fit1_model1.pdb,
SASDC83,ok,394.0,2410.0,0.01,"[0.0, -0.0, 0.0]","[0.0, 0.0, 0.0]",7.92,7.925,0.292,7.944,5.041,48.5,49.0,SASDC83_fit1_model1.pdb,
SASDC84,ok,163.0,830.0,4.65,"[1.2, -2.6, 3.7]","[0.0, 0.0, 0.0]",7.362,5.773,0.319,6.832,4.682,77.5,10.0,SASDC84_fit1_model1.pdb,
SASDC84,ok,163.0,830.0,5.2,"[2.7, -3.6, 2.7]","[0.0, 0.0, 0.0]",7.354,6.449,0.319,6.598,4.749,85.0,42.0,SASDC84_fit1_model2.pdb,
SASDC84,ok,163.0,830.0,4.95,"[3.0, -3.7, 1.4]","[0.0, 0.0, 0.0]",7.128,6.286,0.307,6.507,4.667,80.5,38.5,SASDC84_fit1_model3.pdb,
SASDC85,ok,1069.0,491.0,4.93,"[-0.5, 0.7, 4.9]","[-0.0, -0.0, 0.0]",8.528,10.334,0.445,10.758,3.393,28.5,44.5,SASDC85_fit1_model1.pdb,
SASDC86,ok,501.0,496.0,7.82,"[0.1, -0.1, -7.8]","[0.0, 0.0, 0.1]",8.975,10.738,0.399,49.952,12.214,0.0,0.0,SASDC86_fit1_model1.pdb,
SASDC87,ok,1775.0,914.0,7.67,"[7.3, -2.2, 0.1]","[0.0, 0.0, 0.0]",7.978,7.682,0.275,8.845,5.666,29.5,25.0,SASDC87_fit1_model1.pdb,
SASDC87,ok,1095.0,914.0,6.15,"[5.8, 1.0, 1.9]","[0.0, 0.0, 0.0]",8.429,8.659,0.256,9.028,6.251,31.0,38.5,SASDC87_fit2_model1.pdb,
SASDC93,ok,788.0,2342.0,19.94,"[14.4, -10.9, 8.5]","[0.0, -0.0, 0.0]",10.105,10.111,0.364,11.408,8.71,19.0,19.5,SASDC93_fit1_model1.pdb,
SASDC95,ok,522.0,271.0,18.09,"[-2.2, 1.6, 17.9]","[0.1, -0.2, 0.1]",17.467,17.962,0.95,15.401,9.465,84.0,89.5,SASDC95_fit1_model1.pdb,
SASDC96,ok,1440.0,1351.0,0.57,"[-0.2, 0.1, 0.5]","[-0.0, -0.0, -0.0]",2.827,3.911,0.295,3.21,1.879,22.0,88.0,SASDC96_fit1_model1.pdb,
SASDC96,ok,218.0,1351.0,84.2,"[14.9, 23.5, 79.5]","[-0.0, -0.0, -0.0]",70.512,67.584,1.0,68.2,65.652,93.5,28.5,SASDC96_fit2_model1.pdb,
SASDCA3,ok,337.0,826.0,5.52,"[-5.2, 0.4, 1.6]","[0.0, -0.0, 0.0]",6.229,5.916,0.226,6.742,5.009,30.5,21.0,SASDCA3_fit1_model1.pdb,
SASDCA3,ok,144.0,826.0,22.85,"[-5.3, -8.5, 20.6]","[0.0, -0.0, 0.0]",15.401,12.472,0.812,13.067,9.155,87.0,41.0,SASDCA3_fit3_model1.pdb,
SASDCA5,ok,790.0,357.0,1.21,"[-1.0, 0.7, 0.0]","[0.1, 0.1, 0.1]",7.96,4.457,0.732,7.473,2.41,63.5,12.0,SASDCA5_fit1_model1.pdb,
SASDCA6,ok,1600.0,927.0,0.29,"[0.2, 0.1, -0.2]","[0.0, 0.0, 0.0]",4.364,3.166,0.508,3.406,1.499,98.5,35.0,SASDCA6_fit1_model1.pdb,
SASDCA6,ok,74.0,927.0,48.66,"[34.8, 14.3, 30.9]","[0.0, 0.0, 0.0]",33.918,32.55,1.0,33.379,30.011,65.0,28.5,SASDCA6_fit2_model1.pdb,
SASDCB2,ok,1241.0,1478.0,1.9,"[0.0, 0.0, -1.9]","[0.0, -0.0, 0.0]",4.25,4.115,0.269,5.142,3.339,14.5,13.0,SASDCB2_fit1_model1.pdb,
SASDCB2,ok,1080.0,1478.0,49.51,"[23.7, 7.0, -42.9]","[0.0, -0.0, 0.0]",17.426,16.797,0.729,18.537,15.654,30.0,14.5,SASDCB2_fit2_model1.pdb,
SASDCB3,ok,367.0,903.0,3.54,"[-1.0, 2.8, 1.9]","[-0.0, 0.0, 0.0]",6.336,6.261,0.441,9.307,5.507,3.5,3.0,SASDCB3_fit1_model1.pdb,
SASDCB5,ok,1256.0,1192.0,0.11,"[-0.1, 0.0, -0.1]","[0.0, 0.0, 0.0]",3.214,3.528,0.486,3.418,2.032,41.5,51.0,SASDCB5_fit1_model1.pdb,
SASDCB6,ok,1243.0,1617.0,0.39,"[-0.3, -0.1, 0.3]","[-0.0, 0.0, -0.0]",2.972,3.211,0.154,2.903,2.338,62.0,98.0,SASDCB6_fit1_model1.pdb,
SASDCB6,ok,436.0,1617.0,48.74,"[23.6, 40.9, 12.1]","[-0.0, 0.0, -0.0]",28.51,28.442,1.0,27.631,26.13,94.5,92.5,SASDCB6_fit2_model1.pdb,
SASDCC5,ok,225.0,139.0,71.66,"[45.2, 23.0, 50.8]","[-0.2, 0.3, 0.1]",51.217,52.116,0.929,47.4,36.81,76.0,80.5,SASDCC5_fit1_model1.pdb,
SASDCC6,ok,227.0,1653.0,32.15,"[-18.2, 24.8, -9.3]","[0.0, -0.0, -0.0]",14.829,14.214,0.855,14.763,13.194,53.0,28.0,SASDCC6_fit1_model1.pdb,
SASDCC6,ok,1796.0,1653.0,0.24,"[-0.2, 0.1, 0.1]","[0.0, -0.0, -0.0]",2.378,1.905,0.211,2.462,1.89,42.0,0.5,SASDCC6_fit2_model1.pdb,
SASDCC8,ok,1748.0,1457.0,0.24,"[-0.2, -0.0, 0.1]","[0.0, -0.0, 0.0]",2.302,1.786,0.339,2.12,1.486,72.0,18.0,SASDCC8_fit1_model1.pdb,
SASDCC8,ok,1742.0,1457.0,0.64,"[-0.0, 0.5, -0.4]","[0.0, -0.0, 0.0]",2.231,2.625,0.339,2.15,1.451,62.5,98.5,SASDCC8_fit2_model1.pdb,
SASDCC8,ok,1748.0,1457.0,0.7,"[-0.2, 0.7, -0.1]","[0.0, -0.0, 0.0]",2.064,2.257,0.267,2.176,1.449,39.0,61.0,SASDCC8_fit3_model1.pdb,
SASDCD5,ok,390.0,713.0,62.68,"[-6.7, -52.1, -34.3]","[0.0, -0.0, -0.0]",37.38,45.321,0.956,45.022,33.261,6.5,52.0,SASDCD5_fit1_model1.pdb,
SASDCD6,ok,102.0,345.0,40.85,"[35.9, 10.9, 16.0]","[-0.0, -0.0, -0.0]",28.845,30.002,1.0,28.02,20.647,65.0,82.5,SASDCD6_fit1_model1.pdb,
SASDCD6,ok,520.0,345.0,1.18,"[-0.2, -0.5, 1.1]","[-0.0, -0.0, -0.0]",11.554,8.451,0.675,9.431,3.403,81.0,39.5,SASDCD6_fit2_model1.pdb,
SASDCD7,ok,646.0,1521.0,130.95,"[-20.2, -51.9, 118.5]","[0.0, 0.0, -0.0]",95.476,100.906,1.0,98.396,92.577,18.0,87.0,SASDCD7_fit1_model1.pdb,
SASDCE5,ok,543.0,1012.0,11.65,"[7.4, 4.3, 7.8]","[-0.0, 0.0, 0.0]",11.919,9.28,0.657,9.035,6.74,95.5,56.5,SASDCE5_fit1_model1.pdb,
SASDCE6,ok,238.0,1168.0,29.84,"[2.1, 26.5, 13.6]","[0.0, -0.0, -0.0]",12.292,11.491,0.71,12.509,10.781,41.0,15.5,SASDCE6_fit1_model1.pdb,
SASDCE6,ok,1341.0,1168.0,0.46,"[-0.0, 0.1, 0.4]","[0.0, -0.0, -0.0]",3.244,3.684,0.22,4.066,2.479,10.0,31.5,SASDCE6_fit2_model1.pdb,
SASDCF5,ok,686.0,1258.0,8.2,"[3.6, 2.8, -6.8]","[0.0, 0.0, 0.0]",8.022,7.011,0.713,6.826,4.893,83.5,56.0,SASDCF5_fit1_model1.pdb,
SASDCF6,ok,282.0,868.0,32.85,"[27.9, 12.3, 12.2]","[0.0, -0.0, 0.0]",15.377,16.856,0.851,16.383,14.409,22.5,71.0,SASDCF6_fit1_model1.pdb,
SASDCF6,ok,819.0,868.0,0.69,"[-0.4, 0.4, 0.4]","[0.0, -0.0, 0.0]",4.527,3.708,0.292,4.051,2.571,92.0,25.0,SASDCF6_fit2_model1.pdb,
SASDCG5,ok,1535.0,1507.0,1.12,"[0.1, -0.0, 1.1]","[0.0, 0.0, 0.0]",2.558,2.263,0.41,3.159,1.7,19.5,11.0,SASDCG5_fit1_model1.pdb,
SASDCG6,ok,162.0,1171.0,16.18,"[-11.2, 6.4, 9.8]","[0.0, -0.0, 0.0]",7.151,6.677,0.531,7.185,6.511,46.0,4.5,SASDCG6_fit1_model1.pdb,
SASDCG6,ok,854.0,1171.0,1.11,"[-0.1, 1.0, 0.5]","[0.0, -0.0, 0.0]",2.298,2.774,0.205,3.311,2.261,1.0,16.0,SASDCG6_fit2_model1.pdb,
SASDCH2,ok,2036.0,1492.0,68.69,"[40.2, 38.9, 39.9]","[0.0, -0.0, 0.0]",29.53,28.388,0.886,29.869,26.957,43.0,16.5,SASDCH2_fit1_model1.pdb,
SASDCH5,ok,239.0,101.0,74.21,"[-41.1, -47.2, 35.4]","[-2.5, 5.6, 0.4]",49.672,42.362,1.0,43.943,31.675,91.0,32.5,SASDCH5_fit1_model1.pdb,
SASDCH6,ok,166.0,1112.0,75.58,"[12.6, 46.8, 58.0]","[-0.0, -0.0, -0.0]",61.572,56.442,1.0,58.749,55.272,97.0,13.5,SASDCH6_fit1_model1.pdb,
SASDCH6,ok,1209.0,1112.0,0.82,"[0.1, -0.8, 0.2]","[-0.0, -0.0, -0.0]",4.245,4.271,0.393,3.507,1.813,96.5,96.5,SASDCH6_fit2_model1.pdb,
SASDCH7,ok,1270.0,1159.0,1.05,"[0.0, 0.9, 0.5]","[-0.0, -0.0, -0.0]",4.297,2.189,0.48,3.419,1.615,85.5,11.0,SASDCH7_fit1_model1.pdb,
SASDCH9,ok,1192.0,4537.0,139.9,"[-136.6, 1.0, 30.2]","[0.0, 0.0, 0.0]",113.849,114.631,1.0,106.167,80.581,95.5,98.5,SASDCH9_fit1_model1.pdb,
SASDCH9,ok,1765.0,4537.0,4.84,"[0.9, -4.6, 1.0]","[0.0, 0.0, 0.0]",17.829,18.635,0.665,15.553,7.142,96.0,100.0,SASDCH9_fit2_model1.pdb,
SASDCJ2,ok,635.0,800.0,258.08,"[105.0, 129.1, 197.3]","[0.0, -0.0, 0.0]",219.922,207.399,1.0,221.914,197.55,36.5,7.0,SASDCJ2_fit1_model1.pdb,
SASDCJ2,ok,635.0,800.0,254.24,"[27.1, 146.8, 205.8]","[0.0, -0.0, 0.0]",208.33,218.497,1.0,217.287,198.703,10.5,56.5,SASDCJ2_fit1_model2.pdb,
SASDCJ2,ok,635.0,800.0,134.44,"[89.8, 11.8, 99.4]","[0.0, -0.0, 0.0]",106.238,99.471,1.0,100.582,68.451,81.5,44.5,SASDCJ2_fit2_model1.pdb,
SASDCJ3,ok,1916.0,1344.0,2.07,"[-1.9, 0.5, 0.5]","[-0.0, -0.0, 0.0]",4.835,3.132,0.389,4.794,3.059,51.5,0.5,SASDCJ3_fit1_model1.pdb,
SASDCJ3,ok,583.0,1344.0,112.86,"[6.7, 11.6, 112.1]","[-0.0, -0.0, 0.0]",77.265,78.117,1.0,78.382,72.158,36.0,46.5,SASDCJ3_fit2_model1.pdb,
SASDCJ3,ok,583.0,1344.0,111.48,"[9.9, 24.3, 108.4]","[-0.0, -0.0, 0.0]",75.986,79.602,1.0,76.984,71.434,34.5,81.5,SASDCJ3_fit3_model1.pdb,
SASDCJ3,ok,583.0,1344.0,129.1,"[7.0, 34.9, 124.1]","[-0.0, -0.0, 0.0]",99.005,95.972,1.0,93.73,84.859,92.5,77.0,SASDCJ3_fit3_model2.pdb,
SASDCJ3,ok,583.0,1344.0,140.99,"[5.5, 11.7, 140.4]","[-0.0, -0.0, 0.0]",104.841,101.458,1.0,105.604,97.827,40.5,10.0,SASDCJ3_fit3_model3.pdb,
SASDCJ5,ok,265.0,539.0,46.83,"[-30.3, -0.5, 36.6]","[-0.3, -0.1, 0.7]",33.828,29.182,0.977,29.429,20.018,80.5,45.5,SASDCJ5_fit1_model1.pdb,
SASDCJ6,ok,254.0,904.0,49.99,"[-3.4, 37.6, 32.7]","[-0.0, 0.0, -0.0]",29.081,30.29,1.0,28.807,26.212,63.0,88.5,SASDCJ6_fit1_model1.pdb,
SASDCJ6,ok,1166.0,904.0,1.86,"[0.2, 0.2, 1.8]","[-0.0, 0.0, -0.0]",5.018,4.816,0.329,4.252,2.98,97.0,87.0,SASDCJ6_fit2_model1.pdb,
SASDCJ7,ok,2105.0,1232.0,1.6,"[-0.8, -1.3, 0.4]","[0.0, 0.0, -0.0]",1.977,1.862,0.23,1.865,1.654,75.0,49.5,SASDCJ7_fit1_model1.pdb,
SASDCJ9,ok,1192.0,1619.0,121.41,"[-14.8, -101.9, -64.3]","[-0.0, 0.0, 0.0]",77.531,81.11,1.0,83.566,69.207,23.5,36.5,SASDCJ9_fit1_model1.pdb,
SASDCJ9,ok,1258.0,1619.0,15.39,"[-14.3, -4.0, 3.9]","[-0.0, 0.0, 0.0]",17.171,17.364,0.659,15.097,9.387,76.5,78.5,SASDCJ9_fit2_model1.pdb,
SASDCK2,ok,3086.0,1757.0,0.92,"[-0.8, -0.5, 0.0]","[-0.0, 0.0, 0.0]",3.58,3.221,0.255,3.25,2.768,99.5,45.0,SASDCK2_fit1_model1.pdb,
SASDCK2,ok,1546.0,1757.0,82.24,"[49.2, 64.8, 11.9]","[-0.0, 0.0, 0.0]",45.61,45.545,0.999,43.876,40.908,90.5,89.0,SASDCK2_fit2_model1.pdb,
SASDCK3,ok,1180.0,1031.0,1.24,"[0.1, -0.0, 1.2]","[-0.0, -0.0, -0.0]",7.132,6.522,0.458,5.976,3.657,87.5,70.5,SASDCK3_fit1_model1.pdb,
SASDCK3,ok,1041.0,1031.0,0.94,"[-0.4, -0.3, 0.8]","[-0.0, -0.0, -0.0]",6.748,6.281,0.404,5.627,3.301,85.0,72.5,SASDCK3_fit2_model1.pdb,
SASDCK5,ok,428.0,189.0,60.27,"[41.9, -28.2, -26.8]","[-1.9, 1.3, 2.3]",40.142,38.494,1.0,37.989,26.026,74.5,56.5,SASDCK5_fit1_model1.pdb,
SASDCK6,ok,415.0,2047.0,90.03,"[1.0, 39.1, 81.1]","[0.0, 0.0, -0.0]",63.732,66.193,1.0,65.46,53.08,37.0,58.5,SASDCK6_fit1_model1.pdb,
SASDCK6,ok,894.0,2047.0,0.97,"[-0.5, -0.7, -0.5]","[0.0, 0.0, -0.0]",7.943,7.175,0.465,6.585,3.812,75.5,63.5,SASDCK6_fit2_model1.pdb,
SASDCK7,ok,1222.0,1358.0,0.02,"[-0.0, -0.0, 0.0]","[0.0, 0.0, -0.0]",7.52,7.938,0.486,7.09,4.687,61.5,72.5,SASDCK7_fit1_model1.pdb,
SASDCK7,ok,838.0,1358.0,0.28,"[-0.1, -0.1, -0.3]","[0.0, 0.0, -0.0]",7.049,7.411,0.439,6.748,4.522,61.0,71.0,SASDCK7_fit1_model2.pdb,
SASDCK7,ok,347.0,1358.0,115.53,"[53.3, 102.4, -5.8]","[0.0, 0.0, -0.0]",82.739,82.657,1.0,83.334,60.694,44.0,43.5,SASDCK7_fit2_model1.pdb,
SASDCK7,ok,347.0,1358.0,108.23,"[50.3, 95.8, -1.3]","[0.0, 0.0, -0.0]",78.897,79.114,1.0,75.15,57.569,90.5,93.0,SASDCK7_fit2_model2.pdb,
SASDCK7,ok,347.0,1358.0,115.53,"[53.3, 102.4, -5.8]","[0.0, 0.0, -0.0]",82.739,82.657,1.0,83.334,60.694,44.0,43.5,SASDCK7_fit3_model1.pdb,
SASDCK7,ok,347.0,1358.0,108.23,"[50.3, 95.8, -1.3]","[0.0, 0.0, -0.0]",78.897,79.114,1.0,75.15,57.569,90.5,93.0,SASDCK7_fit3_model2.pdb,
SASDCK9,ok,364.0,934.0,78.14,"[-5.5, 35.9, 69.2]","[-0.0, -0.0, 0.0]",35.337,48.456,0.981,46.588,32.294,1.5,70.5,SASDCK9_fit1_model1.pdb,
SASDCK9,ok,364.0,934.0,78.35,"[-6.6, 37.5, 68.5]","[-0.0, -0.0, 0.0]",35.962,44.056,0.978,46.602,34.625,2.5,28.5,SASDCK9_fit2_model1.pdb,
SASDCL2,ok,665.0,1758.0,0.23,"[0.2, -0.1, -0.1]","[0.0, -0.0, 0.0]",8.587,9.877,0.608,6.56,3.751,84.5,99.5,SASDCL2_fit1_model1.pdb,
SASDCL5,ok,905.0,1082.0,37.92,"[-17.0, 25.2, -22.7]","[-0.0, 0.0, -0.0]",20.091,23.335,0.971,25.853,18.59,3.0,26.5,SASDCL5_fit1_model1.pdb,
SASDCL7,ok,338.0,1743.0,101.27,"[49.0, 86.4, -19.7]","[-0.0, 0.0, 0.0]",65.18,65.134,1.0,69.607,59.492,12.5,12.5,SASDCL7_fit1_model1.pdb,
SASDCL7,ok,338.0,1743.0,25.36,"[13.8, -8.5, 19.5]","[-0.0, 0.0, 0.0]",14.842,13.747,0.754,14.128,12.31,85.5,29.0,SASDCL7_fit2_model1.pdb,
SASDCL7,ok,338.0,1743.0,20.02,"[15.5, 5.7, 11.3]","[-0.0, 0.0, 0.0]",14.651,12.395,0.828,12.411,9.335,91.5,49.0,SASDCL7_fit2_model2.pdb,
SASDCL7,ok,338.0,1743.0,39.62,"[22.9, 5.3, 31.9]","[-0.0, 0.0, 0.0]",23.031,25.479,0.997,23.988,20.07,32.5,81.5,SASDCL7_fit2_model3.pdb,
SASDCL7,ok,1370.0,1743.0,0.01,"[0.0, 0.0, 0.0]","[-0.0, 0.0, 0.0]",7.587,7.675,0.465,7.76,4.396,46.0,48.0,SASDCL7_fit3_model1.pdb,
SASDCL7,ok,938.0,1743.0,1.3,"[0.9, -0.3, -0.9]","[-0.0, 0.0, 0.0]",7.43,7.49,0.383,7.562,4.023,48.0,48.0,SASDCL7_fit3_model2.pdb,
SASDCL9,ok,517.0,2043.0,70.84,"[1.4, 36.3, 60.8]","[0.0, 0.0, 0.0]",48.339,51.823,1.0,50.326,42.482,31.5,66.0,SASDCL9_fit1_model1.pdb,
SASDCL9,ok,5170.0,2043.0,71.34,"[0.8, 35.4, 61.9]","[0.0, 0.0, 0.0]",41.948,53.037,1.0,48.614,39.989,6.5,96.5,SASDCL9_fit2_model1.pdb,
SASDCM2,ok,928.0,1407.0,0.57,"[0.5, 0.3, -0.0]","[0.0, 0.0, 0.0]",6.407,6.461,0.306,6.667,3.813,41.5,43.0,SASDCM2_fit1_model1.pdb,
SASDCM5,ok,998.0,1236.0,26.54,"[8.3, 7.0, 24.2]","[0.0, -0.0, 0.0]",10.659,10.784,0.556,10.866,9.512,33.0,45.0,SASDCM5_fit1_model1.pdb,
SASDCM6,ok,245.0,896.0,88.6,"[73.7, 1.7, 49.2]","[0.0, -0.0, 0.0]",64.49,62.578,1.0,62.479,53.423,69.0,51.0,SASDCM6_fit1_model1.pdb,
SASDCM6,ok,245.0,896.0,88.9,"[77.9, 1.9, 42.8]","[0.0, -0.0, 0.0]",64.82,65.627,1.0,64.163,54.545,58.5,66.0,SASDCM6_fit1_model2.pdb,
SASDCM6,ok,2430.0,896.0,0.04,"[-0.0, 0.0, 0.0]","[0.0, -0.0, 0.0]",7.634,3.307,0.528,6.669,2.214,73.0,3.0,SASDCM6_fit2_model1.pdb,
SASDCM7,ok,694.0,1272.0,0.03,"[-0.0, 0.0, 0.0]","[0.0, -0.0, 0.0]",10.423,11.669,0.533,9.186,5.294,76.0,89.5,SASDCM7_fit1_model1.pdb,
SASDCM7,ok,924.0,1272.0,0.53,"[0.2, -0.1, -0.4]","[0.0, -0.0, 0.0]",9.767,11.005,0.506,8.439,4.823,74.5,89.0,SASDCM7_fit1_model2.pdb,
SASDCM8,ok,920.0,892.0,165.88,"[98.8, 20.7, 131.6]","[0.1, -0.1, -0.0]",121.844,130.508,1.0,131.587,119.949,6.5,44.5,SASDCM8_fit1_model1.pdb,
SASDCM9,ok,2010.0,1123.0,10.37,"[-0.0, -0.0, 10.3]","[0.0, -0.0, -0.0]",10.413,11.099,0.293,10.125,7.847,59.5,84.5,SASDCM9_fit1_model1.pdb,
SASDCN2,ok,729.0,3552.0,1.54,"[1.5, 0.3, 0.1]","[0.0, 0.0, 0.0]",9.453,8.794,0.564,7.995,2.695,66.0,60.0,SASDCN2_fit1_model1.pdb,
SASDCN3,ok,1146.0,1981.0,30.34,"[-8.7, -18.2, -22.7]","[-0.0, 0.0, 0.0]",19.102,17.853,0.634,17.263,13.77,68.0,56.5,SASDCN3_fit1_model1.pdb,
SASDCN4,ok,620.0,585.0,6.22,"[-1.5, 0.0, 2.0]","[4.1, -2.3, 0.5]",15.215,14.039,0.621,15.105,7.855,52.0,39.0,SASDCN4_fit1_model1.pdb,
SASDCN5,ok,1001.0,1205.0,82.45,"[-68.4, 26.6, 37.5]","[0.0, -0.0, 0.0]",42.746,48.633,0.997,40.346,35.981,74.5,99.0,SASDCN5_fit1_model1.pdb,
SASDCN6,ok,245.0,637.0,16.66,"[-16.6, -1.5, 0.4]","[-0.0, -0.1, -0.0]",12.666,10.932,0.804,11.282,8.205,75.5,40.0,SASDCN6_fit1_model1.pdb,
SASDCN6,ok,245.0,637.0,5.67,"[-1.3, -4.5, -3.3]","[-0.0, -0.1, -0.0]",8.618,7.181,0.551,8.221,3.941,57.0,32.5,SASDCN6_fit1_model2.pdb,
SASDCN6,ok,245.0,637.0,12.75,"[-0.6, -12.8, -0.1]","[-0.0, -0.1, -0.0]",11.297,9.043,0.755,11.127,4.238,52.0,27.5,SASDCN6_fit1_model3.pdb,
SASDCN6,ok,1317.0,637.0,0.09,"[0.0, 0.0, 0.0]","[-0.0, -0.1, -0.0]",9.981,10.619,0.661,8.449,2.42,77.0,95.5,SASDCN6_fit2_model1.pdb,
SASDCP2,ok,1367.0,3810.0,1.44,"[0.7, 0.9, 0.9]","[0.0, 0.0, -0.0]",9.883,8.995,0.662,8.122,2.905,90.0,70.0,SASDCP2_fit1_model1.pdb,
SASDCP3,ok,2393.0,1886.0,53.83,"[-19.3, 46.2, -19.7]","[-0.0, 0.0, -0.0]",28.638,27.82,0.738,24.05,17.635,84.5,80.0,SASDCP3_fit1_model1.pdb,
SASDCP3,ok,763.0,1886.0,53.95,"[-19.1, 46.3, -20.1]","[-0.0, 0.0, -0.0]",29.014,28.561,0.706,25.222,18.963,80.5,77.5,SASDCP3_fit1_model2.pdb,
SASDCP4,ok,477.0,265.0,2.47,"[0.7, 1.5, -2.0]","[0.0, 0.1, -0.1]",16.049,19.066,0.669,16.262,5.738,48.5,69.0,SASDCP4_fit1_model1.pdb,
SASDCP5,ok,1877.0,953.0,0.02,"[0.0, 0.0, -0.0]","[-0.0, -0.0, 0.0]",3.734,4.463,0.332,4.837,2.45,13.5,37.5,SASDCP5_fit1_model1.pdb,
SASDCP6,ok,245.0,852.0,76.97,"[49.9, 6.3, 58.3]","[-0.0, -0.0, -0.0]",41.364,35.105,1.0,39.328,31.016,74.5,6.5,SASDCP6_fit1_model1.pdb,
SASDCP6,ok,245.0,852.0,73.8,"[49.0, 8.6, 54.5]","[-0.0, -0.0, -0.0]",35.469,35.44,1.0,37.052,28.078,37.0,36.5,SASDCP6_fit1_model2.pdb,
SASDCP6,ok,1952.0,852.0,0.04,"[0.0, -0.0, 0.0]","[-0.0, -0.0, -0.0]",4.724,4.731,0.28,6.815,3.161,8.5,8.5,SASDCP6_fit2_model1.pdb,
SASDCP7,ok,669.0,958.0,0.02,"[-0.0, 0.0, 0.0]","[-0.0, 0.0, -0.0]",9.086,9.733,0.423,12.229,6.457,12.5,16.5,SASDCP7_fit1_model1.pdb,
SASDCP7,ok,882.0,958.0,1.17,"[0.5, 1.1, 0.1]","[-0.0, 0.0, -0.0]",7.851,8.784,0.368,11.165,5.926,9.5,15.5,SASDCP7_fit1_model2.pdb,
SASDCP8,ok,3120.0,616.0,0.02,"[-0.0, -0.0, 0.0]","[-0.0, -0.0, 0.0]",7.61,6.291,0.512,6.88,3.036,86.5,23.5,SASDCP8_fit1_model1.pdb,
SASDCQ2,ok,1009.0,1641.0,2.0,"[-1.1, -1.7, -0.3]","[0.0, -0.0, -0.0]",4.309,4.216,0.417,6.203,3.742,10.0,8.0,SASDCQ2_fit1_model1.pdb,
SASDCQ2,ok,152.0,1641.0,50.09,"[17.1, 38.6, 26.9]","[0.0, -0.0, -0.0]",33.187,35.294,1.0,33.321,26.408,48.0,79.5,SASDCQ2_fit2_model1.pdb,
SASDCQ2,ok,152.0,1641.0,40.36,"[11.4, 27.3, 27.4]","[0.0, -0.0, -0.0]",31.192,24.756,1.0,26.527,20.891,99.5,31.0,SASDCQ2_fit3_model1.pdb,
SASDCQ2,ok,152.0,1641.0,33.55,"[13.4, 27.4, 13.8]","[0.0, -0.0, -0.0]",20.187,21.291,0.836,18.648,15.206,80.0,92.5,SASDCQ2_fit3_model2.pdb,
SASDCQ4,ok,651.0,274.0,13.91,"[-11.5, -6.6, 4.3]","[0.0, -0.1, 0.1]",8.793,18.37,0.516,16.253,6.087,9.5,72.0,SASDCQ4_fit1_model1.pdb,
SASDCQ5,ok,757.0,545.0,0.08,"[-0.1, 0.0, 0.0]","[-0.1, 0.0, -0.1]",25.718,28.726,0.427,28.574,18.505,30.0,51.0,SASDCQ5_fit1_model1.pdb,
SASDCQ6,ok,888.0,948.0,48.61,"[24.0, -32.4, 27.2]","[0.0, 0.0, 0.0]",23.368,20.079,0.841,21.442,17.918,92.5,22.0,SASDCQ6_fit1_model1.pdb,
SASDCQ6,ok,727.0,948.0,48.93,"[27.3, -31.8, 25.3]","[0.0, 0.0, 0.0]",25.691,22.2,0.869,22.355,18.548,97.0,46.0,SASDCQ6_fit2_model1.pdb,
SASDCQ7,ok,520.0,511.0,14.84,"[1.8, 11.4, 9.2]","[0.0, -0.1, -0.0]",12.236,8.744,0.519,10.947,6.983,75.5,11.5,SASDCQ7_fit1_model1.pdb,
SASDCQ7,ok,520.0,511.0,13.18,"[5.5, 11.9, -0.6]","[0.0, -0.1, -0.0]",9.89,8.84,0.515,9.829,6.351,50.5,22.5,SASDCQ7_fit2_model1.pdb,
SASDCQ7,ok,520.0,511.0,16.7,"[3.3, 13.4, 9.3]","[0.0, -0.1, -0.0]",12.646,10.286,0.521,12.125,7.924,60.5,19.5,SASDCQ7_fit2_model2.pdb,
SASDCQ7,ok,520.0,511.0,26.59,"[14.2, -2.7, 22.4]","[0.0, -0.1, -0.0]",14.408,10.193,0.673,13.144,9.75,90.5,1.0,SASDCQ7_fit3_model1.pdb,
SASDCQ7,ok,520.0,511.0,26.66,"[11.7, 3.2, 23.7]","[0.0, -0.1, -0.0]",16.104,10.676,0.694,14.614,10.52,83.5,1.0,SASDCQ7_fit3_model2.pdb,
SASDCR2,ok,296.0,578.0,22.46,"[-17.2, -14.4, -0.1]","[0.0, -0.0, 0.0]",56.846,57.128,1.0,39.507,18.084,99.5,99.5,SASDCR2_fit1_model1.pdb,
SASDCR4,ok,455.0,1843.0,18.05,"[-1.9, 17.9, 1.7]","[-0.0, 0.0, -0.0]",12.626,13.526,0.692,18.617,8.882,10.0,13.5,SASDCR4_fit1_model1.pdb,
SASDCR5,ok,191.0,102.0,16.52,"[1.6, -0.4, 1.5]","[-9.9, -12.2, 0.5]",37.409,33.276,0.764,31.827,18.879,83.5,60.0,SASDCR5_fit1_model1.pdb,
SASDCR6,ok,1776.0,1825.0,0.05,"[0.0, -0.0, -0.0]","[0.0, 0.0, 0.0]",7.475,7.866,0.228,14.547,7.062,1.5,2.5,SASDCR6_fit1_model1.pdb,
SASDCR6,ok,704.0,1825.0,1.85,"[0.0, 0.0, -1.8]","[0.0, 0.0, 0.0]",8.0,8.565,0.287,14.248,6.658,4.0,4.5,SASDCR6_fit2_model1.pdb,
SASDCR7,ok,466.0,623.0,2.67,"[-0.7, -0.7, -2.4]","[0.0, -0.0, 0.0]",9.264,8.378,0.352,9.654,5.72,33.0,11.0,SASDCR7_fit1_model1.pdb,
SASDCR9,ok,1229.0,4722.0,0.78,"[0.5, -0.3, -0.5]","[-0.0, -0.0, -0.0]",18.686,21.049,0.524,16.607,4.853,70.5,92.5,SASDCR9_fit1_model1.pdb,
SASDCR9,ok,2268.0,4722.0,35.11,"[33.9, -0.2, 9.2]","[-0.0, -0.0, -0.0]",20.108,19.609,0.497,21.865,12.962,33.5,31.5,SASDCR9_fit2_model1.pdb,
SASDCS2,ok,225.0,555.0,24.54,"[6.2, 8.5, -22.1]","[-0.0, 0.0, 0.0]",39.936,40.884,0.809,38.859,12.199,56.5,63.0,SASDCS2_fit1_model1.pdb,
SASDCS4,ok,900.0,516.0,3.55,"[-0.3, -3.5, 0.0]","[-0.0, -0.0, -0.0]",13.694,10.141,0.758,10.716,4.068,98.0,41.5,SASDCS4_fit1_model1.pdb,
SASDCS5,ok,2275.0,479.0,0.04,"[-0.0, -0.0, -0.0]","[0.0, 0.0, -0.0]",17.969,24.304,0.461,21.449,12.857,25.5,84.5,SASDCS5_fit1_model1.pdb,
SASDCS6,ok,1055.0,5000.0,50.45,"[17.9, -19.3, -43.1]","[-0.0, 0.2, -0.1]",23.193,17.439,0.794,22.371,15.741,57.5,4.5,SASDCS6_fit1_model1.pdb,
SASDCS6,ok,806.0,5000.0,51.98,"[31.3, -38.2, 15.6]","[-0.0, 0.2, -0.1]",28.253,26.292,0.81,27.537,21.539,59.0,33.0,SASDCS6_fit2_model1.pdb,
SASDCS7,ok,505.0,1505.0,7.82,"[-0.4, 5.9, 5.1]","[-0.0, -0.0, 0.0]",13.48,11.535,0.495,11.747,7.701,87.5,47.0,SASDCS7_fit1_model1.pdb,
SASDCT2,ok,186.0,682.0,17.15,"[6.1, -7.5, 14.3]","[0.0, -0.0, 0.0]",29.796,34.844,0.699,35.531,13.302,31.0,48.5,SASDCT2_fit1_model1.pdb,
SASDCT4,ok,538.0,436.0,0.68,"[0.2, 0.3, -0.6]","[0.0, -0.0, 0.0]",10.831,9.279,0.539,12.611,4.137,35.5,22.5,SASDCT4_fit1_model1.pdb,
SASDCT5,ok,3648.0,98.0,9.27,"[0.7, -8.8, -5.5]","[-0.9, -8.6, 3.6]",16.608,16.292,0.499,16.725,16.123,35.5,5.0,SASDCT5_fit1_model1.pdb,
SASDCT6,ok,6923.0,433.0,108.3,"[46.8, 97.5, 5.3]","[-0.0, -0.0, -0.1]",61.3,60.792,1.0,64.711,54.872,22.5,21.0,SASDCT6_fit1_model1.pdb,
SASDCT7,ok,621.0,546.0,0.13,"[-0.0, -0.2, -0.0]","[-0.0, -0.0, -0.0]",9.372,9.457,0.441,10.697,7.257,18.0,20.5,SASDCT7_fit1_model1.pdb,
SASDCT8,ok,680.0,4100.0,1.96,"[0.3, -1.9, -0.0]","[0.0, -0.0, -0.0]",20.415,20.142,0.604,15.416,4.019,99.5,99.5,SASDCT8_fit1_model1.pdb,
SASDCT8,ok,478.0,4100.0,0.02,"[-0.0, 0.0, -0.0]","[0.0, -0.0, -0.0]",19.997,19.698,0.492,14.181,5.357,99.5,99.5,SASDCT8_fit2_model1.pdb,
SASDCU2,ok,269.0,933.0,30.1,"[-5.2, 5.6, 29.1]","[-0.0, -0.0, -0.0]",27.845,30.27,0.866,30.74,9.807,39.5,49.0,SASDCU2_fit1_model1.pdb,
SASDCU3,ok,5212.0,1080.0,47.89,"[-5.8, 47.5, 0.3]","[0.0, -0.0, -0.0]",18.235,17.931,0.671,18.295,15.844,45.0,38.0,SASDCU3_fit1_model1.pdb,
SASDCU3,ok,1651.0,1080.0,47.95,"[-5.7, 47.6, 0.3]","[0.0, -0.0, -0.0]",18.528,18.262,0.666,18.698,16.272,43.5,35.5,SASDCU3_fit1_model2.pdb,
SASDCU4,ok,530.0,275.0,20.64,"[20.2, -0.3, 3.3]","[0.1, 0.5, -1.2]",27.082,28.938,0.74,24.683,11.708,68.0,80.5,SASDCU4_fit1_model1.pdb,
SASDCU6,ok,6923.0,302.0,108.4,"[46.7, 97.6, 5.5]","[-0.0, -0.1, 0.0]",56.818,56.575,0.984,59.586,50.196,27.5,26.5,SASDCU6_fit1_model1.pdb,
SASDCU6,ok,6923.0,302.0,85.5,"[33.2, 78.6, 4.5]","[-0.0, -0.1, 0.0]",42.913,42.028,0.894,47.235,34.996,22.5,15.0,SASDCU6_fit1_model2.pdb,
SASDCU6,ok,6923.0,302.0,108.13,"[46.8, 97.3, 5.3]","[-0.0, -0.1, 0.0]",56.95,56.653,0.983,59.287,49.965,32.0,30.0,SASDCU6_fit1_model3.pdb,
SASDCU6,ok,6888.0,302.0,103.29,"[42.0, 94.3, 2.1]","[-0.0, -0.1, 0.0]",56.174,56.037,0.983,55.957,43.767,52.5,52.0,SASDCU6_fit1_model4.pdb,
SASDCU7,ok,707.0,527.0,72.27,"[-61.6, -5.6, -37.3]","[-0.0, -0.0, 0.1]",31.39,29.391,0.823,33.646,24.418,27.0,16.0,SASDCU7_fit1_model1.pdb,
SASDCU7,ok,707.0,527.0,51.88,"[51.7, -0.5, -3.8]","[-0.0, -0.0, 0.1]",29.301,30.511,0.836,27.597,24.296,73.0,87.0,SASDCU7_fit1_model2.pdb,
SASDCU8,ok,324.0,1433.0,40.26,"[-7.4, 17.4, -35.5]","[0.0, 0.0, -0.0]",22.09,20.317,0.981,20.745,19.109,91.0,29.5,SASDCU8_fit1_model1.pdb,
SASDCU8,ok,1513.0,1433.0,40.01,"[-7.6, 16.6, -35.6]","[0.0, 0.0, -0.0]",20.326,18.062,0.944,18.796,17.289,95.0,16.5,SASDCU8_fit2_model1.pdb,
SASDCV4,ok,512.0,205.0,9.87,"[-3.7, 5.6, -7.4]","[-0.2, -0.1, -0.1]",17.345,14.833,0.711,15.279,6.844,77.0,41.0,SASDCV4_fit1_model1.pdb,
SASDCV5,ok,1432.0,398.0,7.42,"[0.6, 7.3, -0.7]","[-0.0, -0.1, -0.0]",5.277,4.636,0.425,11.558,3.715,3.5,1.0,SASDCV5_fit1_model1.pdb,
SASDCV6,ok,6923.0,188.0,108.28,"[46.8, 97.3, 5.3]","[-2.0, 0.8, -0.6]",56.131,55.405,0.954,56.639,46.237,46.0,40.5,SASDCV6_fit1_model1.pdb,
SASDCV6,ok,6923.0,188.0,108.02,"[48.5, 96.1, 4.8]","[-2.0, 0.8, -0.6]",56.268,55.675,0.954,56.416,46.253,48.0,44.0,SASDCV6_fit1_model10.pdb,
SASDCV6,ok,6923.0,188.0,103.01,"[45.1, 91.2, 14.6]","[-2.0, 0.8, -0.6]",55.71,56.039,0.956,55.489,43.998,51.0,54.5,SASDCV6_fit1_model11.pdb,
SASDCV6,ok,6923.0,188.0,107.28,"[48.2, 95.2, 8.3]","[-2.0, 0.8, -0.6]",56.857,56.352,0.954,56.183,46.105,56.5,52.5,SASDCV6_fit1_model12.pdb,
SASDCV6,ok,6923.0,188.0,102.36,"[43.0, 92.2, 9.4]","[-2.0, 0.8, -0.6]",55.272,55.719,0.956,53.893,43.161,64.5,68.5,SASDCV6_fit1_model13.pdb,
SASDCV6,ok,6923.0,188.0,99.51,"[39.5, 91.1, 4.1]","[-2.0, 0.8, -0.6]",53.539,53.948,0.948,51.39,40.604,69.0,71.5,SASDCV6_fit1_model2.pdb,
SASDCV6,ok,6923.0,188.0,101.44,"[43.9, 90.4, 12.1]","[-2.0, 0.8, -0.6]",54.784,55.524,0.956,54.143,43.183,56.5,63.0,SASDCV6_fit1_model3.pdb,
SASDCV6,ok,6923.0,188.0,108.25,"[56.2, 91.2, 12.1]","[-2.0, 0.8, -0.6]",57.336,56.538,0.955,58.107,46.812,42.5,31.5,SASDCV6_fit1_model4.pdb,
SASDCV6,ok,6923.0,188.0,108.13,"[56.7, 90.5, 13.4]","[-2.0, 0.8, -0.6]",57.631,56.87,0.955,58.088,47.165,44.0,33.5,SASDCV6_fit1_model5.pdb,
SASDCV6,ok,6923.0,188.0,101.95,"[44.1, 91.6, 3.9]","[-2.0, 0.8, -0.6]",55.76,55.72,0.952,53.749,41.478,69.0,69.0,SASDCV6_fit1_model6.pdb,
SASDCV6,ok,6923.0,188.0,103.24,"[44.4, 92.7, 7.4]","[-2.0, 0.8, -0.6]",56.654,56.681,0.952,54.688,42.405,66.0,66.5,SASDCV6_fit1_model7.pdb,
SASDCV6,ok,6923.0,188.0,101.78,"[41.5, 92.6, 4.9]","[-2.0, 0.8, -0.6]",55.203,55.194,0.95,53.097,40.913,66.5,66.5,SASDCV6_fit1_model8.pdb,
SASDCV6,ok,6923.0,188.0,101.65,"[43.1, 91.7, 5.8]","[-2.0, 0.8, -0.6]",55.684,55.763,0.95,53.627,41.21,65.0,65.0,SASDCV6_fit1_model9.pdb,
SASDCV7,ok,489.0,535.0,19.43,"[-13.6, 5.8, -12.5]","[0.0, 0.0, 0.1]",10.917,11.798,0.487,11.718,9.036,21.0,53.0,SASDCV7_fit1_model1.pdb,
SASDCV8,ok,1774.0,212.0,2.67,"[2.6, -0.6, 0.1]","[-0.1, -0.2, 0.0]",48.851,47.655,0.84,41.44,14.317,87.0,82.5,SASDCV8_fit1_model1.pdb,
SASDCV8,ok,1027.0,212.0,0.18,"[0.0, -0.0, 0.0]","[-0.1, -0.2, 0.0]",25.26,23.978,0.554,30.677,12.41,33.0,29.0,SASDCV8_fit2_model1.pdb,
SASDCW3,ok,1647.0,753.0,38.82,"[31.7, 10.5, 19.9]","[-0.0, 0.0, -0.0]",22.35,13.9,0.637,19.616,9.959,77.5,14.5,SASDCW3_fit1_model1.pdb,
SASDCW3,ok,474.0,753.0,37.49,"[30.4, 8.4, 20.3]","[-0.0, 0.0, -0.0]",22.285,13.537,0.591,19.532,10.359,78.0,15.5,SASDCW3_fit1_model2.pdb,
SASDCW5,ok,4106.0,1057.0,0.01,"[-0.0, 0.0, 0.0]","[-0.0, 0.0, 0.0]",7.287,7.132,0.265,7.059,3.838,61.0,52.5,SASDCW5_fit1_model1.pdb,
SASDCW5,ok,1366.0,1057.0,119.86,"[36.5, 73.1, 87.7]","[-0.0, 0.0, 0.0]",73.808,78.652,1.0,75.026,53.095,39.5,87.0,SASDCW5_fit2_model1.pdb,
SASDCW6,ok,6923.0,880.0,108.1,"[46.8, 97.3, 5.3]","[-0.0, -0.0, -0.0]",54.29,54.192,0.94,58.515,47.735,18.5,18.0,SASDCW6_fit1_model1.pdb,
SASDCW6,ok,6923.0,880.0,94.53,"[37.4, 86.8, 1.5]","[-0.0, -0.0, -0.0]",49.254,49.518,0.871,50.327,35.106,40.5,41.5,SASDCW6_fit1_model10.pdb,
SASDCW6,ok,6923.0,880.0,90.31,"[37.2, 82.3, 1.8]","[-0.0, -0.0, -0.0]",45.201,45.099,0.832,48.641,34.55,30.5,30.5,SASDCW6_fit1_model11.pdb,
SASDCW6,ok,6923.0,880.0,96.97,"[37.2, 89.5, 3.7]","[-0.0, -0.0, -0.0]",51.05,51.557,0.904,51.992,35.929,41.5,47.0,SASDCW6_fit1_model12.pdb,
SASDCW6,ok,6923.0,880.0,98.67,"[39.9, 90.2, 2.9]","[-0.0, -0.0, -0.0]",49.023,48.965,0.874,52.382,38.954,28.0,28.0,SASDCW6_fit1_model13.pdb,
SASDCW6,ok,6923.0,880.0,98.41,"[38.2, 90.7, 0.8]","[-0.0, -0.0, -0.0]",50.602,51.533,0.892,51.948,38.686,41.0,47.5,SASDCW6_fit1_model14.pdb,
SASDCW6,ok,6923.0,880.0,97.42,"[38.8, 89.4, 0.5]","[-0.0, -0.0, -0.0]",48.784,49.438,0.874,50.937,38.913,31.0,36.0,SASDCW6_fit1_model15.pdb,
SASDCW6,ok,6923.0,880.0,101.66,"[41.5, 92.6, 4.9]","[-0.0, -0.0, -0.0]",51.76,51.967,0.918,53.991,41.226,30.5,31.0,SASDCW6_fit1_model16.pdb,
SASDCW6,ok,6923.0,880.0,101.48,"[43.1, 91.7, 5.8]","[-0.0, -0.0, -0.0]",51.765,51.855,0.918,54.313,41.252,30.5,30.5,SASDCW6_fit1_model17.pdb,
SASDCW6,ok,6923.0,880.0,107.79,"[48.3, 96.2, 4.5]","[-0.0, -0.0, -0.0]",54.406,54.519,0.94,58.495,46.697,21.5,21.5,SASDCW6_fit1_model2.pdb,
SASDCW6,ok,6923.0,880.0,106.77,"[47.1, 95.6, 5.7]","[-0.0, -0.0, -0.0]",54.104,54.161,0.943,57.502,46.702,27.0,27.0,SASDCW6_fit1_model3.pdb,
SASDCW6,ok,6923.0,880.0,108.02,"[53.2, 93.3, 11.3]","[-0.0, -0.0, -0.0]",56.371,56.775,0.967,58.739,48.018,25.0,27.0,SASDCW6_fit1_model4.pdb,
SASDCW6,ok,6923.0,880.0,108.61,"[56.7, 91.7, 12.7]","[-0.0, -0.0, -0.0]",56.622,57.427,0.967,59.13,47.372,20.5,33.5,SASDCW6_fit1_model5.pdb,
SASDCW6,ok,6923.0,880.0,104.23,"[44.5, 94.2, 3.1]","[-0.0, -0.0, -0.0]",53.251,53.55,0.94,56.323,43.832,25.5,29.0,SASDCW6_fit1_model6.pdb,
SASDCW6,ok,6923.0,880.0,99.73,"[40.8, 90.9, 4.7]","[-0.0, -0.0, -0.0]",51.912,52.367,0.94,53.475,39.125,36.5,41.5,SASDCW6_fit1_model7.pdb,
SASDCW6,ok,6923.0,880.0,97.18,"[39.0, 89.0, 1.8]","[-0.0, -0.0, -0.0]",50.516,51.356,0.92,51.918,37.613,37.5,43.5,SASDCW6_fit1_model8.pdb,
SASDCW6,ok,6923.0,880.0,99.04,"[39.3, 90.9, 1.6]","[-0.0, -0.0, -0.0]",50.898,51.49,0.888,53.0,38.564,34.5,39.0,SASDCW6_fit1_model9.pdb,
SASDCW7,ok,461.0,1044.0,0.26,"[-0.1, 0.2, 0.0]","[0.0, -0.0, 0.0]",12.592,12.949,0.564,10.856,6.958,88.5,94.5,SASDCW7_fit1_model1.pdb,
SASDCW8,ok,243.0,970.0,36.03,"[-28.2, 21.5, -6.1]","[-0.0, -0.0, 0.0]",23.538,23.145,1.0,21.467,19.398,95.5,89.5,SASDCW8_fit1_model1.pdb,
SASDCX3,ok,1503.0,806.0,38.52,"[31.5, 9.7, 19.9]","[0.0, -0.0, -0.0]",20.771,18.985,0.741,19.165,14.283,77.5,46.0,SASDCX3_fit1_model1.pdb,
SASDCX3,ok,772.0,806.0,38.45,"[31.5, 9.6, 19.9]","[0.0, -0.0, -0.0]",19.853,18.434,0.712,19.027,14.306,68.5,43.5,SASDCX3_fit1_model2.pdb,
SASDCX5,ok,4429.0,1247.0,0.01,"[0.0, 0.0, 0.0]","[-0.0, 0.0, -0.0]",5.264,4.882,0.321,5.629,3.463,36.5,23.0,SASDCX5_fit1_model1.pdb,
SASDCX6,ok,3473.0,552.0,0.88,"[0.0, 0.0, 0.9]","[0.0, -0.0, -0.0]",11.133,9.331,0.343,9.917,7.021,85.0,27.5,SASDCX6_fit1_model1.pdb,
SASDCX7,ok,461.0,597.0,9.14,"[2.8, -2.7, -8.2]","[-0.0, 0.0, 0.0]",8.351,10.133,0.228,10.821,8.118,0.5,29.0,SASDCX7_fit1_model1.pdb,
SASDCX8,ok,243.0,1075.0,36.03,"[-28.2, 21.5, -6.1]","[-0.0, 0.0, 0.0]",21.283,21.666,0.996,19.768,17.371,88.0,93.0,SASDCX8_fit1_model1.pdb,
SASDCY4,ok,254.0,891.0,75.02,"[15.8, 47.2, -56.1]","[0.0, -0.0, 0.0]",34.821,53.626,0.819,52.134,30.277,3.0,59.0,SASDCY4_fit1_model1.pdb,
SASDCY4,ok,254.0,891.0,79.28,"[-36.5, -60.6, -35.8]","[0.0, -0.0, 0.0]",46.512,58.207,0.925,59.581,43.204,1.5,41.5,SASDCY4_fit1_model10.pdb,
SASDCY4,ok,254.0,891.0,70.21,"[-55.0, 42.9, 7.7]","[0.0, -0.0, 0.0]",47.599,50.494,0.795,53.964,41.358,17.5,29.0,SASDCY4_fit1_model11.pdb,
SASDCY4,ok,254.0,891.0,80.97,"[43.0, 68.2, 6.9]","[0.0, -0.0, 0.0]",53.756,53.109,0.917,59.065,48.157,7.5,7.0,SASDCY4_fit1_model12.pdb,
SASDCY4,ok,254.0,891.0,97.03,"[57.7, 76.7, -14.4]","[0.0, -0.0, 0.0]",58.137,58.375,0.906,75.37,52.882,5.5,6.0,SASDCY4_fit1_model13.pdb,
SASDCY4,ok,254.0,891.0,88.41,"[-47.0, 69.9, 26.9]","[0.0, -0.0, 0.0]",54.02,56.864,0.98,65.983,50.905,2.0,5.5,SASDCY4_fit1_model14.pdb,
SASDCY4,ok,254.0,891.0,80.62,"[11.7, -6.5, -79.5]","[0.0, -0.0, 0.0]",26.089,32.641,0.598,43.587,25.276,0.5,8.5,SASDCY4_fit1_model2.pdb,
SASDCY4,ok,254.0,891.0,56.81,"[48.2, 0.9, 30.0]","[0.0, -0.0, 0.0]",36.852,36.352,0.874,40.201,35.234,5.5,1.5,SASDCY4_fit1_model3.pdb,
SASDCY4,ok,254.0,891.0,76.01,"[55.9, -51.5, 1.1]","[0.0, -0.0, 0.0]",52.625,50.629,0.854,61.363,47.933,10.5,4.5,SASDCY4_fit1_model4.pdb,
SASDCY4,ok,254.0,891.0,54.42,"[43.7, -3.8, -32.3]","[0.0, -0.0, 0.0]",38.082,42.616,0.846,38.97,28.245,45.0,83.5,SASDCY4_fit1_model5.pdb,
SASDCY4,ok,254.0,891.0,91.56,"[39.7, -33.6, -75.4]","[0.0, -0.0, 0.0]",51.951,59.173,0.961,56.792,39.275,26.0,69.5,SASDCY4_fit1_model6.pdb,
SASDCY4,ok,254.0,891.0,43.6,"[42.6, 4.8, 8.1]","[0.0, -0.0, 0.0]",32.953,31.848,0.874,32.62,26.41,57.5,34.0,SASDCY4_fit1_model7.pdb,
SASDCY4,ok,254.0,891.0,117.16,"[-7.4, 93.6, 70.0]","[0.0, -0.0, 0.0]",68.633,90.829,0.917,92.571,60.308,8.0,46.5,SASDCY4_fit1_model8.pdb,
SASDCY4,ok,254.0,891.0,82.2,"[-52.7, -60.3, 18.5]","[0.0, -0.0, 0.0]",53.131,60.545,0.917,62.785,45.935,5.5,37.5,SASDCY4_fit1_model9.pdb,
SASDCY5,ok,1364.0,1595.0,119.58,"[32.6, 74.1, 88.0]","[0.0, 0.0, 0.0]",73.103,79.022,1.0,76.584,67.724,18.5,90.5,SASDCY5_fit1_model1.pdb,
SASDCY5,ok,4513.0,1595.0,0.01,"[-0.0, -0.0, 0.0]","[0.0, 0.0, 0.0]",4.382,4.661,0.196,5.055,3.717,13.5,26.0,SASDCY5_fit2_model1.pdb,
SASDCY6,ok,5028.0,753.0,0.07,"[-0.0, 0.0, 0.1]","[0.0, -0.0, -0.0]",9.312,8.206,0.331,8.906,6.379,60.5,26.0,SASDCY6_fit1_model1.pdb,
SASDCY7,ok,464.0,442.0,5.28,"[3.5, -1.5, -3.7]","[0.0, 0.0, 0.0]",9.117,8.766,0.276,10.6,8.206,8.5,2.0,SASDCY7_fit1_model1.pdb,
SASDCY8,ok,243.0,1136.0,36.04,"[-28.2, 21.5, -6.1]","[-0.0, -0.0, 0.0]",22.645,21.781,1.0,20.59,18.492,94.5,83.5,SASDCY8_fit1_model1.pdb,
SASDCY9,ok,100.0,192.0,4.93,"[4.6, 1.3, -2.3]","[0.5, 0.2, 0.2]",11.434,10.373,0.74,11.198,4.895,53.0,40.0,SASDCY9_fit1_model1.pdb,
SASDCY9,ok,310.0,192.0,0.89,"[1.2, 0.2, -0.4]","[0.5, 0.2, 0.2]",5.653,12.087,0.365,10.258,4.275,4.0,94.0,SASDCY9_fit2_model1.pdb,
SASDCZ2,ok,1641.0,850.0,27.37,"[-26.4, -7.0, -1.9]","[0.0, 0.0, -0.0]",17.257,18.034,0.508,21.473,13.528,11.0,16.0,SASDCZ2_fit1_model1.pdb,
SASDCZ2,ok,1641.0,850.0,28.85,"[-18.1, -14.4, -17.2]","[0.0, 0.0, -0.0]",23.902,25.414,0.679,20.988,14.703,72.0,82.5,SASDCZ2_fit2_model1.pdb,
SASDCZ2,ok,1641.0,850.0,33.47,"[14.4, 12.9, 27.3]","[0.0, 0.0, -0.0]",24.347,29.205,0.617,22.438,16.721,72.0,98.5,SASDCZ2_fit3_model1.pdb,
SASDCZ4,ok,675.0,199.0,10.78,"[-7.8, 7.5, 1.0]","[-0.4, -0.3, -0.2]",25.034,29.894,0.788,24.756,10.14,53.5,88.0,SASDCZ4_fit1_model1.pdb,
SASDCZ5,ok,683.0,1413.0,89.32,"[8.1, 25.5, 85.2]","[0.0, 0.0, -0.0]",50.662,56.199,1.0,57.503,48.828,4.5,35.5,SASDCZ5_fit1_model1.pdb,
SASDCZ5,ok,3592.0,1413.0,0.01,"[0.0, 0.0, 0.0]","[0.0, 0.0, -0.0]",6.164,5.508,0.366,5.183,2.729,94.5,64.0,SASDCZ5_fit2_model1.pdb,
SASDCZ6,ok,4560.0,495.0,0.07,"[0.0, 0.0, 0.0]","[-0.0, 0.0, -0.1]",6.239,6.305,0.371,7.095,4.691,23.5,25.5,SASDCZ6_fit1_model1.pdb,
SASDCZ7,ok,472.0,688.0,55.01,"[13.2, -9.9, -52.5]","[-0.0, 0.0, 0.0]",32.463,34.016,0.953,28.893,23.072,87.0,99.0,SASDCZ7_fit1_model1.pdb,
SASDCZ9,ok,1356.0,1387.0,210.09,"[36.2, 131.6, 159.7]","[0.0, 0.0, -0.0]",173.609,174.466,1.0,174.809,169.318,20.5,40.0,SASDCZ9_fit1_model1.pdb,
SASDCZ9,ok,1356.0,1387.0,141.24,"[-0.0, 92.8, 106.4]","[0.0, 0.0, -0.0]",108.093,108.154,1.0,106.853,104.393,74.0,75.5,SASDCZ9_fit2_model1.pdb,
SASDD23,ok,930.0,1713.0,4.9,"[3.1, -0.2, -3.8]","[-0.0, -0.0, 0.0]",6.039,5.886,0.275,9.132,5.07,3.0,2.0,SASDD23_fit1_model1.pdb,
SASDD23,ok,732.0,1713.0,7.16,"[2.7, -3.6, 5.6]","[-0.0, -0.0, 0.0]",8.401,9.601,0.286,10.621,6.755,8.0,28.5,SASDD23_fit2_model1.pdb,
SASDD23,ok,732.0,1713.0,6.56,"[2.2, -4.1, 4.6]","[-0.0, -0.0, 0.0]",8.184,8.359,0.294,11.408,6.352,5.0,7.0,SASDD23_fit2_model2.pdb,
SASDD23,ok,732.0,1713.0,7.02,"[0.0, -0.0, 7.0]","[-0.0, -0.0, 0.0]",7.56,9.323,0.284,9.341,7.21,5.0,48.5,SASDD23_fit2_model3.pdb,
SASDD23,ok,732.0,1713.0,7.73,"[2.5, 1.8, 7.1]","[-0.0, -0.0, 0.0]",7.676,9.246,0.275,9.77,6.472,5.0,31.5,SASDD23_fit2_model4.pdb,
SASDD23,ok,732.0,1713.0,2.75,"[-0.4, 0.8, 2.6]","[-0.0, -0.0, 0.0]",6.873,7.912,0.27,11.552,5.82,1.5,6.5,SASDD23_fit2_model5.pdb,
SASDD25,ok,354.0,5000.0,12.87,"[10.5, 3.8, 6.4]","[-0.0, 0.0, -0.0]",7.186,7.275,0.435,8.583,5.141,14.5,16.5,SASDD25_fit1_model1.pdb,
SASDD25,ok,354.0,5000.0,9.67,"[-1.5, 6.7, 6.8]","[-0.0, 0.0, -0.0]",7.578,7.762,0.398,8.725,4.756,26.5,31.0,SASDD25_fit1_model2.pdb,
SASDD25,ok,354.0,5000.0,10.1,"[-2.7, 5.6, 8.0]","[-0.0, 0.0, -0.0]",10.581,11.048,0.5,12.671,6.031,21.0,25.5,SASDD25_fit1_model3.pdb,
SASDD32,ok,1035.0,971.0,8.42,"[5.0, -5.9, -3.4]","[0.0, -0.0, 0.0]",7.796,6.302,0.406,7.52,4.73,59.0,15.5,SASDD32_fit1_model1.pdb,
SASDD32,ok,1004.0,971.0,8.24,"[5.8, -5.0, -3.1]","[0.0, -0.0, 0.0]",7.384,6.251,0.368,7.356,4.497,51.5,19.0,SASDD32_fit1_model2.pdb,
SASDD33,ok,1761.0,1251.0,81.33,"[-0.0, 60.8, 54.0]","[-0.0, -0.0, 0.0]",39.316,38.846,0.943,39.658,36.755,45.5,36.0,SASDD33_fit1_model1.pdb,
SASDD33,ok,3224.0,1251.0,83.55,"[-1.1, 63.8, 53.9]","[-0.0, -0.0, 0.0]",41.093,40.187,0.952,40.391,37.102,57.5,46.5,SASDD33_fit2_model1.pdb,
SASDD42,ok,204.0,1155.0,1.13,"[-0.2, 0.0, -1.1]","[-0.0, 0.0, 0.0]",6.19,6.323,0.294,11.105,5.849,1.5,3.0,SASDD42_fit1_model1.pdb,
SASDD42,ok,204.0,1155.0,0.9,"[0.0, -0.0, -0.9]","[-0.0, 0.0, 0.0]",6.166,6.307,0.299,11.003,5.596,3.0,3.5,SASDD42_fit2_model1.pdb,
SASDD43,ok,183.0,652.0,55.8,"[-22.0, 28.6, 42.6]","[-0.0, 0.0, 0.0]",36.406,41.561,1.0,39.841,34.947,6.5,89.5,SASDD43_fit1_model1.pdb,
SASDD43,ok,184.0,652.0,55.76,"[-21.9, 28.5, 42.7]","[-0.0, 0.0, 0.0]",37.869,40.913,1.0,40.205,37.246,2.5,76.0,SASDD43_fit2_model1.pdb,
SASDD45,ok,529.0,1028.0,89.34,"[76.9, 45.6, -0.2]","[0.0, -0.0, 0.0]",67.676,67.737,1.0,64.987,56.732,78.5,79.5,SASDD45_fit1_model1.pdb,
SASDD46,ok,629.0,2033.0,1.01,"[-0.6, 0.5, -0.6]","[0.0, -0.0, 0.0]",7.0,4.966,0.324,16.015,3.539,5.0,1.5,SASDD46_fit1_model1.pdb,
SASDD46,ok,434.0,2033.0,111.4,"[86.9, 69.0, -10.4]","[0.0, -0.0, 0.0]",78.873,75.149,1.0,92.478,73.998,9.0,2.5,SASDD46_fit2_model1.pdb,
SASDD52,ok,212.0,4017.0,3.8,"[-2.4, 2.9, 0.3]","[-0.0, 0.0, 0.0]",14.129,14.205,0.656,10.967,2.872,98.5,99.0,SASDD52_fit1_model1.pdb,
SASDD52,ok,212.0,4017.0,0.09,"[0.0, -0.1, 0.0]","[-0.0, 0.0, 0.0]",13.906,14.01,0.627,10.958,2.56,96.5,98.0,SASDD52_fit2_model1.pdb,
SASDD53,ok,331.0,227.0,4.68,"[1.8, 2.3, -3.3]","[-0.1, -0.0, 0.3]",25.39,26.963,0.628,22.265,6.867,72.0,91.5,SASDD53_fit1_model1.pdb,
SASDD55,ok,552.0,991.0,57.45,"[49.4, 8.1, 28.1]","[0.0, 0.0, -0.0]",32.312,31.72,0.946,34.181,29.994,24.5,15.0,SASDD55_fit1_model1.pdb,
SASDD56,ok,580.0,1059.0,8.05,"[-1.8, 7.5, 2.0]","[0.0, -0.0, 0.0]",9.622,11.02,0.338,12.337,4.491,14.0,28.0,SASDD56_fit1_model1.pdb,
SASDD56,ok,446.0,1059.0,45.93,"[43.9, -6.9, 11.7]","[0.0, -0.0, 0.0]",26.6,23.347,1.0,26.689,21.49,49.5,10.5,SASDD56_fit2_model1.pdb,
SASDD56,ok,446.0,1059.0,48.36,"[43.2, 17.0, 13.6]","[0.0, -0.0, 0.0]",27.215,29.802,1.0,27.955,18.425,44.5,67.0,SASDD56_fit2_model2.pdb,
SASDD56,ok,434.0,1059.0,78.31,"[36.1, 50.6, 47.5]","[0.0, -0.0, 0.0]",49.117,54.436,1.0,52.29,35.215,31.0,71.0,SASDD56_fit3_model1.pdb,
SASDD56,ok,434.0,1059.0,57.74,"[28.4, 49.6, 8.0]","[0.0, -0.0, 0.0]",37.453,34.452,1.0,30.361,22.383,99.0,95.0,SASDD56_fit3_model2.pdb,
SASDD56,ok,434.0,1059.0,72.6,"[41.7, 54.0, 24.9]","[0.0, -0.0, 0.0]",42.973,37.219,1.0,41.361,33.07,64.0,20.5,SASDD56_fit3_model3.pdb,
SASDD56,ok,434.0,1059.0,75.55,"[23.9, 65.2, 29.7]","[0.0, -0.0, 0.0]",45.949,42.106,1.0,44.481,32.751,62.5,34.5,SASDD56_fit3_model4.pdb,
SASDD56,ok,434.0,1059.0,65.97,"[7.2, 56.4, 33.4]","[0.0, -0.0, 0.0]",40.787,37.658,1.0,39.469,27.506,62.0,41.5,SASDD56_fit3_model5.pdb,
SASDD63,ok,784.0,526.0,2.6,"[-2.3, -1.2, 0.1]","[0.0, 0.0, 0.0]",11.664,10.959,0.541,10.683,5.135,74.5,56.5,SASDD63_fit1_model1.pdb,
SASDD65,ok,825.0,2336.0,2.61,"[1.8, -1.3, 1.4]","[-0.0, 0.0, 0.0]",5.281,5.338,0.208,8.836,4.262,4.5,5.0,SASDD65_fit1_model1.pdb,
SASDD65,ok,629.0,2336.0,25.45,"[-18.6, 10.8, -13.6]","[-0.0, 0.0, 0.0]",12.577,13.727,0.653,12.41,9.102,56.0,84.0,SASDD65_fit2_model1.pdb,
SASDD66,ok,852.0,1654.0,2.04,"[0.8, -1.1, -1.5]","[-0.0, 0.0, 0.0]",8.38,9.246,0.471,7.121,4.326,73.0,84.0,SASDD66_fit1_model1.pdb,
SASDD66,ok,705.0,1654.0,2.21,"[1.0, -1.3, -1.5]","[-0.0, 0.0, 0.0]",8.486,9.167,0.506,7.348,4.492,71.0,80.5,SASDD66_fit1_model2.pdb,
SASDD66,ok,280.0,1654.0,0.19,"[0.2, 0.0, 0.1]","[-0.0, 0.0, 0.0]",8.685,7.57,0.471,8.072,5.372,63.5,37.5,SASDD66_fit2_model1.pdb,
SASDD73,ok,346.0,1470.0,49.92,"[-0.2, -49.4, -7.5]","[-0.0, -0.0, -0.0]",30.223,30.161,1.0,30.331,27.323,46.0,44.5,SASDD73_fit1_model1.pdb,
SASDD73,ok,3089.0,1470.0,0.5,"[0.0, 0.0, -0.5]","[-0.0, -0.0, -0.0]",3.793,3.839,0.271,3.624,2.028,61.0,64.5,SASDD73_fit2_model1.pdb,
SASDD75,ok,943.0,1632.0,10.5,"[-1.5, -8.7, -5.7]","[-0.0, -0.0, 0.0]",8.546,8.917,0.574,8.791,4.978,45.0,55.0,SASDD75_fit1_model1.pdb,
SASDD75,ok,202.0,1632.0,49.7,"[22.1, 44.4, 2.9]","[-0.0, -0.0, 0.0]",29.618,29.483,0.995,27.291,20.819,81.5,80.0,SASDD75_fit2_model1.pdb,
SASDD75,ok,202.0,1632.0,48.03,"[19.9, 43.0, 8.2]","[-0.0, -0.0, 0.0]",27.024,28.382,0.97,25.952,21.051,72.5,91.0,SASDD75_fit3_model1.pdb,
SASDD75,ok,202.0,1632.0,46.62,"[12.5, 44.9, 1.8]","[-0.0, -0.0, 0.0]",29.2,28.746,1.0,25.364,19.16,89.5,87.5,SASDD75_fit3_model2.pdb,
SASDD75,ok,202.0,1632.0,53.81,"[19.1, 49.9, 6.1]","[-0.0, -0.0, 0.0]",32.648,30.998,1.0,30.832,23.398,69.0,52.0,SASDD75_fit3_model3.pdb,
SASDD76,ok,932.0,1877.0,2.8,"[0.0, 1.4, -2.4]","[0.0, 0.0, 0.0]",7.522,7.37,0.45,6.664,3.614,63.0,62.0,SASDD76_fit1_model1.pdb,
SASDD76,ok,779.0,1877.0,2.09,"[-0.2, 0.9, -1.9]","[0.0, 0.0, 0.0]",7.539,7.164,0.463,6.898,3.969,62.5,56.0,SASDD76_fit1_model2.pdb,
SASDD76,ok,283.0,1877.0,0.16,"[-0.0, 0.1, -0.1]","[0.0, 0.0, 0.0]",7.255,6.776,0.403,7.387,4.522,47.5,36.0,SASDD76_fit2_model1.pdb,
SASDD83,ok,664.0,1054.0,0.01,"[-0.0, -0.0, -0.0]","[-0.0, -0.0, 0.0]",6.41,6.555,0.16,7.347,5.516,14.5,16.5,SASDD83_fit1_model1.pdb,
SASDD83,ok,664.0,1054.0,0.01,"[-0.0, -0.0, -0.0]","[-0.0, -0.0, 0.0]",6.415,5.946,0.113,6.749,5.38,32.5,12.5,SASDD83_fit2_model1.pdb,
SASDD85,ok,477.0,320.0,10.35,"[8.8, -5.4, 0.3]","[-0.0, -0.0, 0.0]",9.585,8.699,0.344,16.322,8.343,3.0,1.0,SASDD85_fit1_model1.pdb,
SASDD85,ok,1098.0,320.0,4.75,"[-2.8, -3.2, 2.2]","[-0.0, -0.0, 0.0]",18.176,17.775,0.642,15.769,7.851,72.0,68.5,SASDD85_fit2_model1.pdb,
SASDD85,ok,538.0,320.0,0.51,"[0.1, 0.4, -0.2]","[-0.0, -0.0, 0.0]",18.708,16.033,0.66,16.742,8.006,72.5,43.5,SASDD85_fit3_model1.pdb,
SASDD86,ok,521.0,4591.0,0.98,"[-0.5, -0.6, 0.7]","[0.0, 0.0, 0.0]",6.866,8.149,0.25,10.336,4.022,12.5,22.0,SASDD86_fit1_model1.pdb,
SASDD88,ok,1522.0,1528.0,0.01,"[0.0, -0.0, -0.0]","[-0.0, 0.0, 0.0]",1.33,2.114,0.206,2.021,1.567,0.0,73.0,SASDD88_fit1_model1.pdb,
SASDD88,ok,91.0,1528.0,8.73,"[8.0, -3.4, -0.4]","[-0.0, 0.0, 0.0]",4.207,4.052,0.308,4.33,3.83,32.5,14.5,SASDD88_fit2_model1.pdb,
SASDD88,ok,91.0,1528.0,8.57,"[7.9, -3.3, -0.3]","[-0.0, 0.0, 0.0]",4.134,3.99,0.286,4.22,3.69,38.5,12.0,SASDD88_fit3_model1.pdb,
SASDD89,ok,490.0,1278.0,2.86,"[1.7, 0.9, 2.1]","[-0.0, 0.0, -0.0]",3.597,3.566,0.233,4.44,3.199,11.5,10.0,SASDD89_fit1_model1.pdb,
SASDD89,ok,573.0,1278.0,1.05,"[0.4, 0.5, -0.8]","[-0.0, 0.0, -0.0]",3.926,3.941,0.274,3.772,2.563,73.0,73.5,SASDD89_fit1_model2.pdb,
SASDD89,ok,222.0,1278.0,21.59,"[1.4, -18.7, -10.7]","[-0.0, 0.0, -0.0]",10.915,9.576,0.414,10.066,8.287,86.0,33.5,SASDD89_fit2_model1.pdb,
SASDD93,ok,6210.0,1174.0,354.81,"[210.3, 206.4, 197.7]","[0.0, -0.0, -0.0]",254.394,249.849,1.0,256.749,233.122,36.5,21.5,SASDD93_fit1_model1.pdb,
SASDD93,ok,5684.0,1174.0,0.0,"[-0.0, -0.0, 0.0]","[0.0, -0.0, -0.0]",14.683,15.853,0.39,13.623,9.247,68.5,85.0,SASDD93_fit2_model1.pdb,
SASDD95,ok,412.0,1249.0,3.06,"[0.7, -2.2, 2.0]","[-0.0, -0.0, -0.0]",7.25,6.973,0.262,9.143,5.995,12.0,10.0,SASDD95_fit1_model1.pdb,
SASDD99,ok,176.0,1166.0,1.14,"[-0.5, 0.9, -0.4]","[0.0, 0.0, 0.0]",7.058,7.346,0.369,6.915,4.457,56.0,72.0,SASDD99_fit1_model1.pdb,
SASDD99,ok,502.0,1166.0,3.94,"[1.5, 3.6, 0.9]","[0.0, 0.0, 0.0]",5.761,6.189,0.259,5.752,3.971,50.5,68.0,SASDD99_fit1_model2.pdb,
SASDDA5,ok,419.0,2856.0,8.2,"[6.5, 2.0, 4.6]","[0.0, -0.0, 0.0]",8.396,10.073,0.494,12.473,4.293,24.5,32.5,SASDDA5_fit1_model1.pdb,
SASDDA6,ok,564.0,567.0,0.67,"[0.0, 0.5, -0.4]","[-0.0, 0.0, 0.0]",7.158,6.752,0.465,7.252,3.141,44.0,29.0,SASDDA6_fit1_model1.pdb,
SASDDA9,ok,117.0,783.0,4.31,"[3.7, 1.0, -1.9]","[-0.0, 0.0, 0.0]",6.393,6.639,0.444,8.61,5.134,3.5,4.0,SASDDA9_fit1_model1.pdb,
SASDDA9,ok,952.0,783.0,3.35,"[0.4, 3.3, 0.2]","[-0.0, 0.0, 0.0]",4.885,4.861,0.306,7.131,3.24,6.5,6.5,SASDDA9_fit1_model2.pdb,
SASDDB3,ok,874.0,1188.0,383.83,"[49.2, 77.4, 372.7]","[0.0, 0.0, -0.0]",347.73,347.093,1.0,344.059,336.444,90.5,88.0,SASDDB3_fit1_model1.pdb,
SASDDB3,ok,975.0,1188.0,85.99,"[-79.4, -31.3, 10.6]","[0.0, 0.0, -0.0]",45.392,44.175,0.996,44.993,39.414,58.0,33.0,SASDDB3_fit2_model1.pdb,
SASDDB5,ok,1144.0,587.0,0.15,"[-0.1, -0.0, 0.0]","[0.0, 0.0, 0.0]",11.424,11.599,0.508,11.204,6.659,56.0,59.5,SASDDB5_fit1_model1.pdb,
SASDDB8,ok,262.0,670.0,25.29,"[24.6, -1.6, -5.9]","[0.0, -0.0, -0.0]",13.214,12.248,0.733,13.42,9.568,45.5,24.5,SASDDB8_fit1_model1.pdb,
SASDDB8,ok,262.0,670.0,31.87,"[29.5, 2.1, -12.0]","[0.0, -0.0, -0.0]",12.733,12.147,0.729,14.058,10.998,23.5,8.0,SASDDB8_fit1_model2.pdb,
SASDDB8,ok,262.0,670.0,28.21,"[25.1, -3.7, -12.4]","[0.0, -0.0, -0.0]",11.687,11.297,0.691,12.306,9.206,28.0,11.5,SASDDB8_fit1_model3.pdb,
SASDDB8,ok,262.0,670.0,28.77,"[25.1, 6.7, -12.4]","[0.0, -0.0, -0.0]",11.836,11.56,0.729,12.496,10.574,30.0,19.5,SASDDB8_fit1_model4.pdb,
SASDDB8,ok,262.0,670.0,31.32,"[27.0, -7.1, -14.3]","[0.0, -0.0, -0.0]",12.924,12.985,0.733,14.076,11.413,17.0,18.5,SASDDB8_fit1_model5.pdb,
SASDDB8,ok,262.0,670.0,28.24,"[25.1, -4.0, -12.4]","[0.0, -0.0, -0.0]",11.07,11.816,0.626,12.229,9.847,20.5,39.5,SASDDB8_fit1_model6.pdb,
SASDDB9,ok,159.0,899.0,3.03,"[-3.0, 0.0, 0.2]","[-0.0, 0.0, -0.0]",8.852,7.799,0.509,8.066,5.456,75.0,43.0,SASDDB9_fit1_model1.pdb,
SASDDB9,ok,522.0,899.0,2.53,"[-1.7, 1.9, 0.0]","[-0.0, 0.0, -0.0]",4.69,3.768,0.253,6.614,3.664,4.5,0.5,SASDDB9_fit1_model2.pdb,
SASDDC3,ok,1357.0,932.0,95.13,"[41.3, 45.2, 72.7]","[-0.0, 0.0, -0.0]",57.253,64.247,0.998,65.247,56.086,3.0,42.5,SASDDC3_fit1_model1.pdb,
SASDDC3,ok,1227.0,932.0,81.56,"[-73.0, -35.7, 7.2]","[-0.0, 0.0, -0.0]",45.092,44.754,0.99,43.284,37.553,86.0,81.0,SASDDC3_fit2_model1.pdb,
SASDDC9,ok,387.0,2525.0,6.18,"[5.3, -1.7, -2.6]","[-0.0, 0.0, -0.0]",9.546,10.582,0.54,10.862,4.433,37.5,47.0,SASDDC9_fit1_model1.pdb,
SASDDC9,ok,1404.0,2525.0,2.15,"[-0.4, 0.1, 2.1]","[-0.0, 0.0, -0.0]",2.605,4.125,0.118,9.732,2.778,0.0,2.5,SASDDC9_fit1_model2.pdb,
SASDDD3,ok,1595.0,967.0,11.79,"[-8.7, 7.0, 4.0]","[0.0, 0.0, 0.0]",9.753,9.244,0.345,8.803,6.508,81.0,65.5,SASDDD3_fit1_model1.pdb,
SASDDD6,ok,740.0,3683.0,0.31,"[0.1, 0.0, -0.3]","[0.0, -0.0, 0.0]",5.92,5.684,0.239,13.904,3.815,3.5,2.5,SASDDD6_fit1_model1.pdb,
SASDDD6,ok,7514.0,3683.0,0.0,"[-0.0, 0.0, 0.0]","[0.0, -0.0, 0.0]",4.149,3.223,0.23,13.24,2.733,2.5,1.0,SASDDD6_fit1_model2.pdb,
SASDDD8,ok,1489.0,1090.0,0.47,"[-0.4, -0.1, 0.0]","[0.0, 0.0, 0.0]",4.351,4.099,0.295,4.434,2.761,45.5,26.0,SASDDD8_fit1_model1.pdb,
SASDDD9,ok,137.0,790.0,8.4,"[7.2, 3.7, 2.3]","[0.0, 0.0, -0.0]",6.13,6.137,0.343,7.4,5.113,16.0,16.0,SASDDD9_fit1_model1.pdb,
SASDDD9,ok,137.0,790.0,10.97,"[5.0, 9.6, 1.8]","[0.0, 0.0, -0.0]",8.364,8.222,0.504,9.922,4.938,26.0,23.0,SASDDD9_fit1_model2.pdb,
SASDDE3,ok,1105.0,5000.0,0.38,"[-0.2, 0.4, 0.1]","[-0.0, 0.0, -0.0]",5.872,5.907,0.42,5.349,1.569,85.0,85.5,SASDDE3_fit1_model1.pdb,
SASDDE6,ok,324.0,1015.0,33.47,"[-5.1, 28.3, 17.2]","[-0.0, 0.0, 0.0]",18.633,19.98,0.861,18.026,15.171,68.0,95.5,SASDDE6_fit1_model1.pdb,
SASDDE6,ok,324.0,1015.0,33.85,"[-6.4, 28.1, 17.8]","[-0.0, 0.0, 0.0]",18.665,20.011,0.861,17.759,15.435,80.5,97.5,SASDDE6_fit2_model1.pdb,
SASDDE6,ok,324.0,1015.0,34.11,"[-5.5, 28.6, 17.8]","[-0.0, 0.0, 0.0]",18.891,20.508,0.861,18.556,14.849,60.0,93.5,SASDDE6_fit2_model2.pdb,
SASDDE6,ok,1137.0,1015.0,4.5,"[-0.1, 0.6, -4.4]","[-0.0, 0.0, 0.0]",6.208,6.055,0.288,5.877,3.817,61.0,55.5,SASDDE6_fit3_model1.pdb,
SASDDE7,ok,4001.0,426.0,0.07,"[0.0, -0.0, 0.0]","[-0.0, -0.1, 0.0]",6.53,8.318,0.489,7.452,3.018,30.0,89.0,SASDDE7_fit1_model1.pdb,
SASDDE8,ok,8668.0,1780.0,0.01,"[-0.0, -0.0, -0.0]","[-0.0, -0.0, -0.0]",8.539,8.578,0.697,6.004,3.439,99.0,99.0,SASDDE8_fit1_model1.pdb,
SASDDE9,ok,248.0,1080.0,0.67,"[-0.6, -0.3, -0.0]","[-0.0, 0.0, -0.0]",11.217,11.673,0.355,11.093,7.028,51.0,55.0,SASDDE9_fit1_model1.pdb,
SASDDF3,ok,1371.0,1109.0,29.8,"[10.0, 8.6, -26.7]","[0.0, -0.0, 0.0]",13.782,14.079,0.647,13.834,11.198,47.0,58.5,SASDDF3_fit1_model1.pdb,
SASDDF6,ok,169.0,234.0,59.51,"[56.4, 13.2, 13.9]","[0.0, 0.2, 0.0]",24.26,27.496,0.917,38.119,23.503,1.0,4.0,SASDDF6_fit1_model1.pdb,
SASDDF6,ok,169.0,234.0,76.1,"[-21.7, 23.1, -69.2]","[0.0, 0.2, 0.0]",47.493,57.036,0.964,59.896,43.339,5.5,30.5,SASDDF6_fit1_model2.pdb,
SASDDF6,ok,169.0,234.0,65.29,"[-13.9, -60.3, 20.5]","[0.0, 0.2, 0.0]",33.261,37.009,0.888,43.029,32.424,1.0,13.5,SASDDF6_fit1_model3.pdb,
SASDDF6,ok,169.0,234.0,36.3,"[9.8, 35.0, -2.7]","[0.0, 0.2, 0.0]",26.351,26.121,0.817,25.579,13.132,59.5,57.0,SASDDF6_fit1_model4.pdb,
SASDDF6,ok,169.0,234.0,58.73,"[-18.3, 49.1, 26.9]","[0.0, 0.2, 0.0]",32.3,46.35,0.751,42.174,29.728,3.5,76.5,SASDDF6_fit1_model5.pdb,
SASDDF6,ok,169.0,234.0,42.7,"[14.6, 5.7, 39.8]","[0.0, 0.2, 0.0]",25.468,29.966,0.775,30.471,25.047,1.0,42.0,SASDDF6_fit1_model6.pdb,
SASDDF7,ok,880.0,1825.0,13.4,"[5.7, 7.8, -9.3]","[0.0, 0.0, -0.0]",8.01,8.628,0.611,8.354,5.678,41.5,58.5,SASDDF7_fit1_model1.pdb,
SASDDF8,ok,2512.0,2023.0,0.02,"[-0.0, -0.0, 0.0]","[0.0, -0.0, -0.0]",4.993,4.877,0.386,6.353,3.152,20.5,17.5,SASDDF8_fit1_model1.pdb,
SASDDF9,ok,308.0,1208.0,1.12,"[-0.8, -0.8, 0.4]","[-0.0, -0.0, -0.0]",5.572,5.666,0.354,4.785,3.272,90.5,95.0,SASDDF9_fit1_model1.pdb,
SASDDG2,ok,444.0,1022.0,21.19,"[16.5, 11.8, 6.1]","[-0.0, -0.0, 0.0]",9.477,9.402,0.525,10.408,8.64,9.0,7.5,SASDDG2_fit1_model1.pdb,
SASDDG3,ok,735.0,396.0,0.13,"[-0.0, -0.0, -0.0]","[-0.1, -0.1, 0.1]",16.383,13.748,0.664,13.449,5.239,81.5,54.0,SASDDG3_fit1_model1.pdb,
SASDDG3,ok,734.0,396.0,0.14,"[-0.0, 0.0, 0.0]","[-0.1, -0.1, 0.1]",14.212,13.493,0.616,13.715,4.782,54.5,47.5,SASDDG3_fit2_model1.pdb,
SASDDG5,ok,104.0,110.0,8.82,"[-2.5, -0.1, 1.0]","[-9.5, -5.4, 0.5]",26.17,45.765,0.394,35.668,19.287,8.5,96.0,SASDDG5_fit1_model1.pdb,
SASDDG6,ok,1191.0,951.0,0.88,"[-0.4, -0.2, 0.8]","[0.0, 0.0, 0.0]",6.021,5.812,0.277,5.51,3.188,68.0,61.0,SASDDG6_fit1_model1.pdb,
SASDDG6,ok,324.0,951.0,27.87,"[-0.1, -8.5, 26.5]","[0.0, 0.0, 0.0]",10.406,14.493,0.719,12.488,9.189,7.0,93.0,SASDDG6_fit2_model1.pdb,
SASDDG6,ok,324.0,951.0,28.31,"[0.0, -8.9, 26.9]","[0.0, 0.0, 0.0]",11.531,14.572,0.747,12.358,9.33,34.0,94.0,SASDDG6_fit2_model2.pdb,
SASDDG6,ok,324.0,951.0,27.74,"[-0.1, -8.4, 26.4]","[0.0, 0.0, 0.0]",12.543,13.477,0.753,12.231,9.663,58.5,86.5,SASDDG6_fit2_model3.pdb,
SASDDG6,ok,324.0,951.0,27.83,"[-0.1, -8.5, 26.5]","[0.0, 0.0, 0.0]",11.293,14.554,0.735,12.529,9.219,20.0,93.0,SASDDG6_fit2_model4.pdb,
SASDDG6,ok,324.0,951.0,27.52,"[-0.2, -8.2, 26.3]","[0.0, 0.0, 0.0]",10.689,13.906,0.713,12.345,8.773,10.5,88.0,SASDDG6_fit2_model5.pdb,
SASDDG6,ok,324.0,951.0,28.4,"[0.1, -9.0, 26.9]","[0.0, 0.0, 0.0]",12.885,13.829,0.756,12.369,9.609,68.0,88.0,SASDDG6_fit2_model6.pdb,
SASDDG6,ok,326.0,951.0,24.49,"[22.1, -2.7, 10.3]","[0.0, 0.0, 0.0]",10.726,12.386,0.696,12.148,10.354,2.5,64.0,SASDDG6_fit3_model1.pdb,
SASDDG7,ok,997.0,5000.0,10.22,"[4.8, 6.2, -6.6]","[0.0, 0.0, -0.0]",7.673,9.453,0.547,7.772,3.433,48.0,89.5,SASDDG7_fit1_model1.pdb,
SASDDG8,ok,2608.0,2134.0,0.01,"[-0.0, -0.0, 0.0]","[-0.0, 0.0, 0.0]",5.487,6.554,0.457,6.499,2.569,29.0,51.5,SASDDG8_fit1_model1.pdb,
SASDDG9,ok,560.0,940.0,9.12,"[-7.3, -4.3, -3.4]","[0.0, 0.0, -0.0]",8.939,6.445,0.502,8.12,4.706,67.5,8.5,SASDDG9_fit1_model1.pdb,
SASDDG9,ok,560.0,940.0,9.12,"[-7.3, -4.3, -3.4]","[0.0, 0.0, -0.0]",8.939,6.445,0.502,8.12,4.706,67.5,8.5,SASDDG9_fit2_model1.pdb,
SASDDG9,ok,556.0,940.0,14.49,"[-7.4, -9.0, 8.7]","[0.0, 0.0, -0.0]",9.497,10.061,0.572,9.327,6.422,56.5,82.0,SASDDG9_fit3_model1.pdb,
SASDDH2,ok,456.0,850.0,20.29,"[16.2, 11.1, 5.2]","[0.0, 0.0, 0.0]",10.972,10.465,0.511,9.913,7.172,76.5,64.5,SASDDH2_fit1_model1.pdb,
SASDDH3,ok,1555.0,2051.0,0.02,"[-0.0, 0.0, 0.0]","[-0.0, 0.0, -0.0]",6.246,6.346,0.484,7.747,4.239,26.5,27.0,SASDDH3_fit1_model1.pdb,
SASDDH3,ok,219.0,2051.0,53.93,"[34.3, 38.7, 15.3]","[-0.0, 0.0, -0.0]",33.951,35.961,1.0,33.254,24.212,61.0,89.0,SASDDH3_fit2_model1.pdb,
SASDDH5,ok,201.0,73.0,34.01,"[4.4, -27.3, 26.4]","[0.8, -2.8, 3.1]",42.495,50.855,1.0,49.038,40.981,7.0,60.5,SASDDH5_fit1_model1.pdb,
SASDDH6,ok,1362.0,1591.0,0.41,"[-0.1, 0.2, 0.3]","[0.0, -0.0, -0.0]",5.465,5.448,0.367,7.336,4.155,9.5,9.0,SASDDH6_fit1_model1.pdb,
SASDDH6,ok,992.0,1591.0,0.28,"[-0.2, -0.2, 0.1]","[0.0, -0.0, -0.0]",5.712,5.793,0.369,7.231,4.069,15.0,17.0,SASDDH6_fit1_model2.pdb,
SASDDH7,ok,1102.0,998.0,0.45,"[0.2, 0.2, 0.3]","[-0.0, 0.0, -0.0]",4.806,6.611,0.248,7.615,3.716,3.0,25.0,SASDDH7_fit1_model1.pdb,
SASDDH7,ok,2152.0,998.0,0.02,"[0.0, 0.0, 0.0]","[-0.0, 0.0, -0.0]",5.041,6.938,0.296,7.626,3.488,5.0,33.0,SASDDH7_fit1_model2.pdb,
SASDDH7,ok,710.0,998.0,155.76,"[106.3, 103.1, 48.2]","[-0.0, 0.0, -0.0]",129.083,127.054,1.0,123.054,111.327,100.0,95.0,SASDDH7_fit2_model1.pdb,
SASDDH9,ok,676.0,5000.0,75.33,"[58.1, 24.7, 41.2]","[-0.0, -0.0, 0.0]",35.179,43.293,0.899,44.638,33.676,3.5,43.5,SASDDH9_fit1_model1.pdb,
SASDDJ2,ok,79.0,1272.0,20.85,"[20.2, -5.2, -0.9]","[0.0, 0.0, 0.0]",9.944,9.983,0.911,10.763,9.639,4.5,7.5,SASDDJ2_fit1_model1.pdb,
SASDDJ5,ok,188.0,65.0,42.7,"[34.2, -15.0, 4.8]","[-5.4, 0.9, 4.5]",44.487,44.02,0.995,55.675,41.624,8.0,6.5,SASDDJ5_fit1_model1.pdb,
SASDDJ6,ok,462.0,1309.0,73.42,"[67.6, -0.6, 28.7]","[-0.0, -0.0, -0.0]",49.227,48.999,1.0,48.507,42.092,68.5,62.5,SASDDJ6_fit1_model1.pdb,
SASDDJ6,ok,3091.0,1309.0,0.01,"[-0.0, 0.0, 0.0]","[-0.0, -0.0, -0.0]",4.135,4.315,0.351,4.049,2.467,53.0,59.0,SASDDJ6_fit2_model1.pdb,
SASDDJ7,ok,2514.0,955.0,0.01,"[0.0, 0.0, 0.0]","[0.0, -0.0, 0.0]",6.984,6.656,0.438,7.617,3.685,35.5,29.5,SASDDJ7_fit1_model1.pdb,
SASDDJ7,ok,890.0,955.0,1.2,"[0.2, 0.2, 1.2]","[0.0, -0.0, 0.0]",7.24,6.748,0.407,7.738,3.855,41.5,27.5,SASDDJ7_fit1_model2.pdb,
SASDDJ9,ok,333.0,1060.0,29.7,"[-6.4, 10.5, 27.1]","[-0.0, 0.1, 0.0]",29.207,27.312,0.826,24.542,10.737,90.0,71.0,SASDDJ9_fit1_model1.pdb,
SASDDK2,ok,2018.0,739.0,205.18,"[40.8, 77.2, 185.7]","[-0.0, 0.0, 0.0]",155.188,154.699,1.0,158.405,153.003,22.0,14.5,SASDDK2_fit1_model1.pdb,
SASDDK5,ok,144.0,70.0,28.13,"[-3.0, -10.6, -24.6]","[-2.8, -3.3, 2.6]",43.869,49.369,1.0,49.854,39.614,22.5,49.0,SASDDK5_fit1_model1.pdb,
SASDDK7,ok,168.0,1983.0,13.19,"[-12.0, -4.7, -2.8]","[0.0, -0.0, 0.0]",9.764,9.968,0.476,9.482,6.736,56.5,62.0,SASDDK7_fit1_model1.pdb,
SASDDK7,ok,324.0,1983.0,13.22,"[-12.7, -3.0, -2.2]","[0.0, -0.0, 0.0]",7.582,7.753,0.312,7.29,5.245,60.5,65.0,SASDDK7_fit1_model2.pdb,
SASDDK7,ok,1278.0,1983.0,0.01,"[-0.0, -0.0, -0.0]","[0.0, -0.0, 0.0]",6.353,5.899,0.506,7.516,3.336,30.5,24.5,SASDDK7_fit2_model1.pdb,
SASDDK7,ok,653.0,1983.0,1.66,"[-0.8, 1.4, -0.4]","[0.0, -0.0, 0.0]",6.17,5.741,0.479,7.252,3.407,30.5,23.0,SASDDK7_fit2_model2.pdb,
SASDDK8,ok,2942.0,4476.0,0.01,"[0.0, -0.0, 0.0]","[0.0, -0.0, -0.0]",6.731,6.833,0.439,6.548,2.966,54.0,56.5,SASDDK8_fit1_model1.pdb,
SASDDK9,ok,4915.0,923.0,0.02,"[-0.0, 0.0, -0.0]","[0.0, 0.0, -0.0]",6.595,5.375,0.369,21.268,3.215,4.5,3.0,SASDDK9_fit1_model1.pdb,
SASDDL2,ok,1210.0,1173.0,117.08,"[-25.6, 66.1, 93.1]","[0.0, 0.0, -0.0]",70.516,77.431,1.0,74.181,66.193,26.5,90.5,SASDDL2_fit1_model1.pdb,
SASDDL3,ok,124.0,1153.0,38.88,"[26.3, -8.8, -27.2]","[-0.0, 0.0, -0.0]",20.983,19.731,1.0,21.804,18.68,33.0,6.0,SASDDL3_fit1_model1.pdb,
SASDDL5,ok,212.0,118.0,13.29,"[-10.2, 8.5, 1.2]","[0.1, 0.1, 0.5]",26.022,32.799,0.665,35.79,13.063,13.5,35.0,SASDDL5_fit1_model1.pdb,
SASDDL6,ok,260.0,776.0,30.76,"[-20.5, 8.9, -21.1]","[-0.0, -0.0, 0.0]",18.011,17.044,0.981,16.507,13.86,84.0,64.0,SASDDL6_fit1_model1.pdb,
SASDDL6,ok,261.0,776.0,0.29,"[0.0, 0.2, 0.2]","[-0.0, -0.0, 0.0]",4.64,4.983,0.222,5.001,3.614,30.0,47.5,SASDDL6_fit2_model1.pdb,
SASDDL7,ok,120.0,728.0,19.94,"[10.7, -9.8, 13.7]","[-0.0, 0.0, 0.0]",8.588,11.264,0.533,11.16,5.916,16.0,54.0,SASDDL7_fit1_model1.pdb,
SASDDL7,ok,673.0,728.0,20.08,"[11.0, -9.3, 14.0]","[-0.0, 0.0, 0.0]",7.886,9.601,0.565,9.401,5.199,20.0,56.0,SASDDL7_fit1_model2.pdb,
SASDDL7,ok,738.0,728.0,0.06,"[0.0, -0.0, 0.0]","[-0.0, 0.0, 0.0]",4.508,5.235,0.44,5.043,2.122,31.5,65.0,SASDDL7_fit2_model1.pdb,
SASDDL7,ok,809.0,728.0,1.05,"[0.9, 0.5, 0.2]","[-0.0, 0.0, 0.0]",4.778,4.897,0.449,4.519,2.076,76.5,94.0,SASDDL7_fit2_model2.pdb,
SASDDL8,ok,2509.0,2051.0,0.01,"[-0.0, -0.0, 0.0]","[0.0, -0.0, 0.0]",7.69,8.23,0.555,6.162,2.43,90.5,100.0,SASDDL8_fit1_model1.pdb,
SASDDL9,ok,333.0,434.0,284.8,"[67.0, 206.8, 194.6]","[-0.9, -0.0, 11.0]",245.562,248.3,1.0,240.21,201.744,67.0,80.0,SASDDL9_fit1_model1.pdb,
SASDDM2,ok,1210.0,1217.0,117.08,"[-25.6, 66.1, 93.1]","[0.0, -0.0, -0.0]",76.535,83.032,1.0,79.814,72.324,27.5,92.5,SASDDM2_fit1_model1.pdb,
SASDDM2,ok,2420.0,1217.0,104.43,"[-9.8, 48.8, 91.8]","[0.0, -0.0, -0.0]",63.232,61.158,1.0,60.747,56.295,76.5,55.5,SASDDM2_fit1_model2.pdb,
SASDDM5,ok,163.0,61.0,15.99,"[9.0, -4.6, 0.3]","[-0.9, 7.8, -1.1]",37.542,37.518,1.0,39.892,35.797,12.0,12.0,SASDDM5_fit1_model1.pdb,
SASDDM6,ok,625.0,1199.0,0.01,"[-0.0, -0.0, -0.0]","[-0.0, -0.0, 0.0]",4.552,4.764,0.4,4.167,2.47,73.0,82.0,SASDDM6_fit1_model1.pdb,
SASDDM7,ok,1741.0,1970.0,0.01,"[0.0, 0.0, 0.0]","[0.0, -0.0, -0.0]",10.819,11.33,0.603,8.255,4.313,90.5,94.0,SASDDM7_fit1_model1.pdb,
SASDDM7,ok,893.0,1970.0,1.71,"[-0.3, 0.3, 1.7]","[0.0, -0.0, -0.0]",11.115,11.359,0.58,8.252,4.267,91.5,94.0,SASDDM7_fit1_model2.pdb,
SASDDM8,ok,2541.0,2071.0,0.01,"[0.0, -0.0, 0.0]","[0.0, -0.0, -0.0]",6.184,5.55,0.528,6.015,2.503,53.0,37.5,SASDDM8_fit1_model1.pdb,
SASDDM9,ok,6741.0,3682.0,0.01,"[-0.0, -0.0, 0.0]","[0.0, -0.0, 0.0]",23.946,24.091,0.626,15.172,6.788,100.0,100.0,SASDDM9_fit1_model1.pdb,
SASDDM9,ok,330.0,3682.0,1.71,"[0.0, 0.0, -1.7]","[0.0, -0.0, 0.0]",22.372,22.25,0.585,15.286,6.473,100.0,100.0,SASDDM9_fit1_model2.pdb,
SASDDN2,ok,1210.0,1178.0,117.06,"[-25.6, 66.1, 93.1]","[0.0, -0.0, 0.0]",71.892,78.31,1.0,74.993,67.317,29.0,93.5,SASDDN2_fit1_model1.pdb,
SASDDN2,ok,2420.0,1178.0,104.41,"[-9.8, 48.8, 91.8]","[0.0, -0.0, 0.0]",60.165,57.777,1.0,57.481,52.699,80.0,54.0,SASDDN2_fit1_model2.pdb,
SASDDN5,ok,110.0,63.0,37.88,"[-18.4, -20.8, 26.7]","[3.1, 1.2, 4.6]",53.202,65.249,1.0,50.62,38.978,59.0,99.0,SASDDN5_fit1_model1.pdb,
SASDDN6,ok,1344.0,1047.0,110.63,"[14.7, 102.8, -38.2]","[0.0, -0.0, -0.0]",77.489,72.573,1.0,73.104,61.684,77.5,47.5,SASDDN6_fit1_model1.pdb,
SASDDN8,ok,2484.0,2049.0,0.01,"[0.0, 0.0, -0.0]","[-0.0, -0.0, -0.0]",5.797,6.747,0.501,5.749,2.329,51.5,85.0,SASDDN8_fit1_model1.pdb,
SASDDN9,ok,351.0,556.0,10.92,"[-3.6, 4.7, -9.2]","[-0.1, 0.0, -0.0]",16.878,17.327,0.464,18.38,13.13,32.5,37.0,SASDDN9_fit1_model1.pdb,
SASDDP2,ok,1210.0,1353.0,117.07,"[-25.6, 66.1, 93.1]","[0.0, -0.0, 0.0]",78.966,85.275,1.0,82.339,75.145,23.0,88.5,SASDDP2_fit1_model1.pdb,
SASDDP2,ok,2420.0,1353.0,104.41,"[-9.8, 48.8, 91.8]","[0.0, -0.0, 0.0]",65.33,63.696,1.0,63.124,58.985,74.5,58.5,SASDDP2_fit1_model2.pdb,
SASDDP3,ok,1959.0,646.0,49.65,"[3.1, 18.0, -46.2]","[0.0, 0.0, -0.0]",25.023,27.936,0.736,25.711,20.483,39.0,86.5,SASDDP3_fit1_model1.pdb,
SASDDP3,ok,1959.0,646.0,49.65,"[3.1, 18.0, -46.2]","[0.0, 0.0, -0.0]",25.023,27.936,0.736,25.711,20.483,39.0,86.5,SASDDP3_fit2_model1.pdb,
SASDDP3,ok,3918.0,646.0,57.22,"[28.4, 18.0, -46.3]","[0.0, 0.0, -0.0]",22.142,25.794,0.817,23.327,19.988,21.0,92.0,SASDDP3_fit2_model2.pdb,
SASDDP5,ok,190.0,72.0,34.58,"[5.8, 25.2, -25.7]","[4.3, -1.4, -3.7]",45.208,47.917,1.0,49.551,40.858,23.0,40.0,SASDDP5_fit1_model1.pdb,
SASDDP8,ok,2507.0,1721.0,0.01,"[-0.0, -0.0, -0.0]","[0.0, 0.0, 0.0]",5.521,6.602,0.443,6.407,2.243,26.5,57.5,SASDDP8_fit1_model1.pdb,
SASDDP9,ok,351.0,287.0,2.77,"[-0.5, 0.2, -2.7]","[0.0, 0.0, 0.0]",23.682,23.355,0.781,19.982,7.331,81.5,78.0,SASDDP9_fit1_model1.pdb,
SASDDP9,ok,389.0,287.0,2.59,"[-1.9, -1.7, -0.3]","[0.0, 0.0, 0.0]",24.871,25.736,0.784,20.284,4.722,81.5,90.5,SASDDP9_fit1_model2.pdb,
SASDDQ3,ok,3918.0,823.0,57.22,"[28.4, 18.0, -46.3]","[-0.0, 0.0, -0.0]",22.498,23.848,0.739,21.867,19.149,70.5,96.0,SASDDQ3_fit1_model1.pdb,
SASDDQ4,ok,600.0,1454.0,1.65,"[1.6, 0.1, -0.5]","[0.0, 0.0, -0.0]",5.665,6.119,0.442,7.036,4.598,17.0,27.5,SASDDQ4_fit1_model1.pdb,
SASDDQ4,ok,591.0,1454.0,2.75,"[1.5, 1.6, -1.7]","[0.0, 0.0, -0.0]",5.733,6.531,0.413,7.124,4.241,15.0,33.5,SASDDQ4_fit1_model2.pdb,
SASDDQ8,ok,554.0,4077.0,8.1,"[1.8, 4.9, 6.2]","[0.0, -0.0, -0.0]",11.684,10.971,0.462,12.222,4.005,39.0,33.0,SASDDQ8_fit1_model1.pdb,
SASDDQ9,ok,1036.0,1722.0,0.81,"[-0.3, 0.2, -0.7]","[-0.0, -0.0, 0.0]",10.48,11.033,0.575,9.108,4.61,62.0,67.0,SASDDQ9_fit1_model1.pdb,
SASDDQ9,ok,975.0,1722.0,1.81,"[0.2, -1.8, -0.1]","[-0.0, -0.0, 0.0]",8.1,8.449,0.517,9.019,5.08,39.0,41.5,SASDDQ9_fit1_model2.pdb,
SASDDR3,ok,651.0,1152.0,5.05,"[2.5, 0.7, 4.3]","[-0.0, -0.0, -0.0]",8.248,7.049,0.363,7.972,4.888,55.5,26.0,SASDDR3_fit1_model1.pdb,
SASDDR3,ok,1288.0,1152.0,98.99,"[11.1, 85.4, 48.8]","[-0.0, -0.0, -0.0]",47.924,54.012,0.993,50.928,41.629,24.5,78.0,SASDDR3_fit2_model1.pdb,
SASDDR4,ok,458.0,1214.0,4.52,"[3.4, -0.2, 3.0]","[0.0, -0.0, -0.0]",9.354,8.29,0.683,8.163,5.354,72.5,53.0,SASDDR4_fit1_model1.pdb,
SASDDR4,ok,606.0,1214.0,0.29,"[0.1, -0.1, 0.2]","[0.0, -0.0, -0.0]",8.733,7.427,0.606,7.762,4.399,64.5,45.0,SASDDR4_fit1_model2.pdb,
SASDDR9,ok,1062.0,1211.0,91.45,"[83.4, -33.9, 16.0]","[-0.0, 0.0, -0.0]",52.01,50.393,0.998,55.293,43.129,26.5,12.5,SASDDR9_fit1_model1.pdb,
SASDDS4,ok,757.0,1180.0,1.18,"[0.8, -0.9, 0.0]","[0.0, 0.0, 0.0]",6.247,4.754,0.357,5.936,3.577,58.5,12.5,SASDDS4_fit1_model1.pdb,
SASDDS9,ok,1062.0,3628.0,91.43,"[83.4, -33.9, 16.0]","[-0.0, -0.0, 0.0]",59.965,59.182,1.0,62.867,52.047,27.0,17.0,SASDDS9_fit1_model1.pdb,
SASDDT4,ok,1784.0,852.0,47.26,"[0.8, 1.1, 47.3]","[-0.0, -0.0, 0.0]",18.022,15.288,0.743,21.863,15.989,7.0,0.0,SASDDT4_fit1_model1.pdb,
SASDDT9,ok,1236.0,1284.0,85.87,"[-68.4, -51.4, 6.8]","[0.0, 0.0, -0.0]",53.425,53.474,0.996,53.208,42.933,53.5,54.0,SASDDT9_fit1_model1.pdb,
SASDDT9,ok,1232.0,1284.0,110.7,"[3.2, 40.0, 103.2]","[0.0, 0.0, -0.0]",69.084,73.447,1.0,72.543,62.463,27.5,58.5,SASDDT9_fit2_model1.pdb,
SASDDT9,ok,1403.0,1284.0,89.06,"[-55.0, -33.6, 61.5]","[0.0, 0.0, -0.0]",58.001,54.934,1.0,55.748,48.968,83.0,37.5,SASDDT9_fit3_model1.pdb,
SASDDU4,ok,1784.0,845.0,47.52,"[0.9, 1.4, 47.5]","[-0.0, 0.0, -0.0]",20.767,18.905,0.826,24.424,17.381,7.0,1.5,SASDDU4_fit1_model1.pdb,
SASDDU8,ok,772.0,1878.0,92.25,"[54.8, 50.4, 54.5]","[0.0, -0.0, 0.0]",57.121,59.961,1.0,58.983,43.824,37.0,59.0,SASDDU8_fit1_model1.pdb,
SASDDU8,ok,772.0,1878.0,92.22,"[55.2, 50.0, 54.4]","[0.0, -0.0, 0.0]",57.681,58.781,1.0,58.846,44.217,42.5,49.0,SASDDU8_fit2_model1.pdb,
SASDDU8,ok,772.0,1878.0,91.22,"[54.6, 49.3, 54.0]","[0.0, -0.0, 0.0]",56.933,56.031,1.0,57.561,43.519,45.0,37.0,SASDDU8_fit3_model1.pdb,
SASDDU9,ok,581.0,4669.0,29.93,"[4.0, -1.6, 29.6]","[-0.0, -0.0, 0.0]",11.9,13.095,0.394,12.784,6.862,40.5,54.5,SASDDU9_fit1_model1.pdb,
SASDDV4,ok,1784.0,881.0,47.31,"[1.1, 1.2, 47.3]","[-0.0, -0.0, -0.0]",19.993,16.997,0.814,23.57,17.963,5.0,0.0,SASDDV4_fit1_model1.pdb,
SASDDV9,ok,466.0,1030.0,1.43,"[-1.2, 0.3, 0.7]","[0.0, 0.0, 0.0]",10.988,13.619,0.429,14.411,8.327,11.5,42.0,SASDDV9_fit1_model1.pdb,
SASDDW4,ok,1800.0,1346.0,1.88,"[-0.0, 0.0, -1.9]","[-0.0, -0.0, 0.0]",8.915,9.085,0.239,15.364,8.508,0.5,0.5,SASDDW4_fit1_model1.pdb,
SASDDX9,ok,679.0,1298.0,107.51,"[53.4, 41.1, 83.8]","[-0.0, 0.0, 0.0]",73.562,83.404,1.0,78.767,67.42,20.0,88.0,SASDDX9_fit1_model1.pdb,
SASDDX9,ok,614.0,1298.0,21.75,"[18.0, -1.6, 12.0]","[-0.0, 0.0, 0.0]",14.87,13.685,0.705,14.299,12.313,75.5,25.5,SASDDX9_fit2_model1.pdb,
SASDDX9,ok,700.0,1298.0,22.78,"[18.0, 2.2, 13.8]","[-0.0, 0.0, 0.0]",15.189,15.568,0.743,15.387,13.174,41.0,56.5,SASDDX9_fit2_model2.pdb,
SASDDY2,ok,824.0,753.0,4.42,"[0.1, 3.5, -2.7]","[0.0, 0.0, 0.0]",6.028,11.388,0.334,9.105,4.758,1.5,94.5,SASDDY2_fit1_model1.pdb,
SASDDY2,ok,730.0,753.0,10.85,"[0.0, 0.0, 10.9]","[0.0, 0.0, 0.0]",10.12,12.789,0.327,11.599,7.494,21.5,79.0,SASDDY2_fit2_model1.pdb,
SASDDY2,ok,730.0,753.0,9.63,"[-0.2, -2.3, 9.4]","[0.0, 0.0, 0.0]",10.01,11.21,0.337,11.066,7.352,22.5,53.0,SASDDY2_fit2_model2.pdb,
SASDDY2,ok,730.0,753.0,10.95,"[0.0, 0.0, 11.0]","[0.0, 0.0, 0.0]",10.02,11.051,0.36,10.592,7.762,37.0,60.5,SASDDY2_fit2_model3.pdb,
SASDDY2,ok,730.0,753.0,9.5,"[0.0, 0.0, 9.5]","[0.0, 0.0, 0.0]",9.581,11.434,0.312,10.601,7.087,23.0,67.5,SASDDY2_fit2_model4.pdb,
SASDDY2,ok,730.0,753.0,10.48,"[0.0, 0.0, 10.5]","[0.0, 0.0, 0.0]",9.109,9.449,0.305,9.654,7.421,32.5,44.0,SASDDY2_fit2_model5.pdb,
SASDDY2,ok,730.0,753.0,10.54,"[0.0, -0.0, 10.6]","[0.0, 0.0, 0.0]",10.053,11.444,0.362,10.859,7.771,33.0,62.0,SASDDY2_fit2_model6.pdb,
SASDDY4,ok,178.0,1772.0,35.19,"[14.2, 27.7, 16.5]","[-0.0, -0.0, -0.0]",20.634,24.156,0.787,21.514,13.644,45.5,80.0,SASDDY4_fit1_model1.pdb,
SASDDY4,ok,178.0,1772.0,32.67,"[-20.6, -5.5, 24.8]","[-0.0, -0.0, -0.0]",19.36,15.376,0.972,17.95,13.781,85.0,13.5,SASDDY4_fit1_model2.pdb,
SASDDY4,ok,178.0,1772.0,34.32,"[-3.2, -14.2, 31.1]","[-0.0, -0.0, -0.0]",22.247,23.459,1.0,21.305,17.138,72.5,94.0,SASDDY4_fit1_model3.pdb,
SASDDY4,ok,178.0,1772.0,37.69,"[-32.7, -17.3, -7.1]","[-0.0, -0.0, -0.0]",21.073,19.438,1.0,20.474,17.142,65.0,23.5,SASDDY4_fit1_model4.pdb,
SASDDY4,ok,178.0,1772.0,33.67,"[33.4, 3.0, 2.4]","[-0.0, -0.0, -0.0]",16.477,17.301,0.584,20.085,14.821,12.0,18.5,SASDDY4_fit1_model5.pdb,
SASDDZ2,ok,743.0,2101.0,4.3,"[2.0, -3.8, -0.5]","[0.0, -0.0, -0.0]",13.537,14.873,0.569,12.127,6.201,67.0,80.0,SASDDZ2_fit1_model1.pdb,
SASDDZ2,ok,1016.0,2101.0,20.48,"[7.6, -5.6, -18.2]","[0.0, -0.0, -0.0]",15.806,21.259,0.357,16.915,13.101,33.5,92.5,SASDDZ2_fit2_model1.pdb,
SASDDZ2,ok,1016.0,2101.0,10.17,"[0.0, -0.0, -10.2]","[0.0, -0.0, -0.0]",11.076,11.806,0.337,11.108,8.499,49.5,65.0,SASDDZ2_fit2_model2.pdb,
SASDDZ2,ok,1016.0,2101.0,12.32,"[-0.0, -0.0, -12.3]","[0.0, -0.0, -0.0]",13.703,19.807,0.355,17.005,11.567,11.5,77.0,SASDDZ2_fit2_model3.pdb,
SASDDZ2,ok,1016.0,2101.0,20.14,"[0.0, 0.0, 20.1]","[0.0, -0.0, -0.0]",17.416,23.382,0.363,20.061,14.521,19.0,86.5,SASDDZ2_fit2_model4.pdb,
SASDDZ4,ok,178.0,2251.0,26.76,"[19.8, -17.5, -4.1]","[0.0, -0.0, 0.0]",13.52,13.743,0.607,13.168,11.043,55.0,57.5,SASDDZ4_fit1_model1.pdb,
SASDDZ4,ok,178.0,2251.0,19.63,"[2.0, -19.3, 3.2]","[0.0, -0.0, 0.0]",12.042,12.276,0.64,16.849,11.217,5.0,7.5,SASDDZ4_fit1_model2.pdb,
SASDDZ4,ok,178.0,2251.0,22.8,"[12.2, -5.0, 18.6]","[0.0, -0.0, 0.0]",12.54,16.424,0.742,15.106,11.695,7.0,76.5,SASDDZ4_fit1_model3.pdb,
SASDDZ4,ok,178.0,2251.0,33.69,"[-25.0, 6.9, 21.6]","[0.0, -0.0, 0.0]",15.613,21.382,0.82,18.429,15.376,2.0,99.5,SASDDZ4_fit1_model4.pdb,
SASDDZ4,ok,178.0,2251.0,42.31,"[-24.9, 15.1, 30.7]","[0.0, -0.0, 0.0]",21.793,29.504,0.933,25.738,21.601,1.0,97.5,SASDDZ4_fit1_model5.pdb,
SASDDZ4,ok,178.0,2251.0,10.67,"[-3.6, 7.5, -6.6]","[0.0, -0.0, 0.0]",9.337,9.707,0.534,10.221,6.987,38.5,42.5,SASDDZ4_fit1_model6.pdb,
SASDDZ8,ok,1282.0,674.0,2.47,"[1.3, -2.1, 0.1]","[-0.0, -0.0, 0.0]",42.214,42.168,0.999,42.342,41.889,28.5,20.0,SASDDZ8_fit1_model1.pdb,
SASDDZ8,ok,1166.0,674.0,1.49,"[0.1, -1.3, 0.8]","[-0.0, -0.0, 0.0]",41.29,41.212,0.999,41.213,41.067,81.5,49.5,SASDDZ8_fit1_model2.pdb,
SASDE24,ok,320.0,1123.0,0.08,"[0.0, 0.0, 0.1]","[0.0, -0.0, 0.0]",6.028,6.071,0.556,5.309,4.089,87.0,89.5,SASDE24_fit1_model1.pdb,
SASDE24,ok,288.0,1123.0,2.92,"[-0.0, 0.0, 2.9]","[0.0, -0.0, 0.0]",6.313,6.003,0.462,5.845,4.514,73.5,57.5,SASDE24_fit2_model1.pdb,
SASDE24,ok,320.0,1123.0,26.99,"[-4.6, -2.1, 26.5]","[0.0, -0.0, 0.0]",11.106,11.218,0.637,12.494,8.897,24.5,26.0,SASDE24_fit3_model1.pdb,
SASDE24,ok,160.0,1123.0,19.15,"[4.9, -10.3, 15.4]","[0.0, -0.0, 0.0]",9.38,9.7,0.319,9.606,8.969,17.0,63.0,SASDE24_fit3_model2.pdb,
SASDE26,ok,1182.0,963.0,0.27,"[0.3, -0.0, -0.1]","[0.0, -0.0, -0.0]",7.84,6.079,0.344,8.866,4.889,24.5,4.5,SASDE26_fit1_model1.pdb,
SASDE26,ok,1921.0,963.0,1.11,"[1.1, -0.3, 0.1]","[0.0, -0.0, -0.0]",7.988,5.742,0.386,8.452,4.447,37.0,6.5,SASDE26_fit2_model1.pdb,
SASDE27,ok,178.0,1049.0,45.23,"[-35.0, -19.7, -20.8]","[-0.0, 0.0, -0.0]",26.379,31.422,1.0,28.021,24.798,21.0,98.0,SASDE27_fit1_model1.pdb,
SASDE28,ok,142.0,4084.0,19.04,"[-15.7, -7.0, -8.3]","[-0.0, -0.0, -0.0]",10.795,10.95,0.556,11.51,8.563,32.0,37.0,SASDE28_fit1_model1.pdb,
SASDE29,ok,351.0,2266.0,48.54,"[4.6, -46.2, 14.2]","[0.0, -0.0, 0.0]",23.914,24.514,0.735,21.712,17.322,86.5,90.5,SASDE29_fit1_model1.pdb,
SASDE29,ok,351.0,2266.0,56.28,"[12.0, -54.8, 4.2]","[0.0, -0.0, 0.0]",31.67,28.939,1.0,27.435,17.835,89.5,67.0,SASDE29_fit1_model2.pdb,
SASDE33,ok,114.0,1626.0,100.77,"[-88.5, -39.3, 28.0]","[0.0, 0.0, 0.0]",74.866,67.548,1.0,79.78,62.393,21.5,5.0,SASDE33_fit1_model1.pdb,
SASDE33,ok,114.0,1626.0,84.81,"[26.9, 49.9, -63.1]","[0.0, 0.0, 0.0]",62.383,57.696,1.0,55.687,49.272,100.0,69.0,SASDE33_fit1_model2.pdb,
SASDE33,ok,114.0,1626.0,108.66,"[-57.1, 92.4, 0.9]","[0.0, 0.0, 0.0]",86.196,86.225,1.0,88.22,77.336,39.5,39.5,SASDE33_fit1_model3.pdb,
SASDE33,ok,114.0,1626.0,71.97,"[-26.7, 48.9, -45.6]","[0.0, 0.0, 0.0]",43.493,48.558,0.833,52.271,34.249,11.5,32.5,SASDE33_fit1_model4.pdb,
SASDE34,ok,160.0,1377.0,19.15,"[4.9, -10.3, 15.4]","[0.0, 0.0, -0.0]",8.076,8.49,0.7,8.287,7.815,23.0,80.5,SASDE34_fit1_model1.pdb,
SASDE34,ok,320.0,1377.0,26.99,"[-4.6, -2.1, 26.5]","[0.0, 0.0, -0.0]",12.265,13.693,0.85,14.044,10.258,23.0,46.0,SASDE34_fit1_model2.pdb,
SASDE36,ok,4074.0,958.0,96.73,"[17.3, 91.4, 26.7]","[-0.0, 0.0, 0.0]",46.303,50.564,0.915,46.036,39.459,53.5,85.0,SASDE36_fit1_model1.pdb,
SASDE36,ok,4074.0,958.0,94.08,"[18.5, 89.1, 24.0]","[-0.0, 0.0, 0.0]",44.004,48.872,0.905,44.52,36.033,45.0,75.5,SASDE36_fit1_model2.pdb,
SASDE37,ok,623.0,1044.0,4.39,"[0.5, -0.1, -4.4]","[-0.0, 0.0, -0.0]",12.155,14.119,0.366,42.259,8.896,1.0,3.5,SASDE37_fit1_model1.pdb,
SASDE37,ok,4802.0,1044.0,2.17,"[1.8, 0.8, 0.9]","[-0.0, 0.0, -0.0]",11.707,14.246,0.419,41.91,8.688,1.5,3.0,SASDE37_fit1_model2.pdb,
SASDE38,ok,142.0,4439.0,22.39,"[-6.4, -15.8, -14.5]","[-0.0, -0.0, -0.0]",14.271,16.348,0.683,14.628,10.034,43.5,78.0,SASDE38_fit1_model1.pdb,
SASDE39,ok,361.0,1562.0,270.49,"[249.3, -24.0, 102.3]","[-0.0, 0.0, 0.0]",232.232,233.21,1.0,230.942,222.684,58.0,66.0,SASDE39_fit1_model1.pdb,
SASDE39,ok,361.0,1562.0,279.36,"[244.0, -12.7, 135.4]","[-0.0, 0.0, 0.0]",238.724,248.814,1.0,240.489,188.029,48.0,80.0,SASDE39_fit1_model2.pdb,
SASDE44,ok,320.0,998.0,26.99,"[-4.6, -2.1, 26.5]","[-0.0, 0.0, -0.0]",12.98,14.399,0.887,14.702,11.001,22.0,46.0,SASDE44_fit1_model1.pdb,
SASDE44,ok,160.0,998.0,19.16,"[4.9, -10.3, 15.4]","[-0.0, 0.0, -0.0]",8.912,9.177,0.775,8.856,8.217,59.0,88.5,SASDE44_fit1_model2.pdb,
SASDE47,ok,1498.0,935.0,39.93,"[-3.3, 39.8, 0.0]","[-0.0, 0.0, -0.0]",16.019,15.421,0.696,14.771,12.685,84.5,69.5,SASDE47_fit1_model1.pdb,
SASDE49,ok,351.0,1962.0,44.46,"[3.3, -42.3, 13.4]","[-0.0, 0.0, -0.0]",20.401,23.598,0.746,20.828,14.88,40.0,86.5,SASDE49_fit1_model1.pdb,
SASDE49,ok,351.0,1962.0,51.59,"[12.7, -50.0, 1.5]","[-0.0, 0.0, -0.0]",32.549,31.576,1.0,25.699,18.437,95.5,91.0,SASDE49_fit1_model2.pdb,
SASDE52,ok,905.0,806.0,0.15,"[0.1, 0.1, 0.1]","[0.0, 0.0, 0.0]",8.654,9.007,0.302,9.625,7.398,12.5,25.5,SASDE52_fit1_model1.pdb,
SASDE54,ok,320.0,1060.0,26.99,"[-4.6, -2.1, 26.5]","[0.0, -0.0, -0.0]",11.909,13.133,0.856,13.647,10.233,21.0,42.0,SASDE54_fit1_model1.pdb,
SASDE54,ok,160.0,1060.0,19.15,"[4.9, -10.3, 15.4]","[0.0, -0.0, -0.0]",7.416,8.0,0.713,7.642,6.928,20.0,87.0,SASDE54_fit1_model2.pdb,
SASDE56,ok,4128.0,1128.0,0.02,"[0.0, -0.0, 0.0]","[-0.0, -0.0, -0.0]",13.988,12.461,0.455,11.238,7.684,95.5,76.0,SASDE56_fit1_model1.pdb,
SASDE56,ok,4108.0,1128.0,95.2,"[17.8, 89.4, 27.4]","[-0.0, -0.0, -0.0]",40.034,39.496,0.844,41.381,36.448,34.5,24.5,SASDE56_fit2_model1.pdb,
SASDE57,ok,1498.0,1079.0,39.92,"[-3.3, 39.8, 0.0]","[-0.0, 0.0, 0.0]",15.543,16.44,0.684,15.476,13.221,50.5,79.5,SASDE57_fit1_model1.pdb,
SASDE59,ok,319.0,1556.0,105.24,"[78.2, 46.5, 52.9]","[0.0, -0.0, 0.0]",73.355,68.749,1.0,69.934,61.388,80.5,25.5,SASDE59_fit1_model1.pdb,
SASDE59,ok,319.0,1556.0,112.7,"[90.0, 41.4, 53.8]","[0.0, -0.0, 0.0]",78.223,80.07,1.0,78.349,62.373,49.0,59.5,SASDE59_fit1_model2.pdb,
SASDE64,ok,320.0,949.0,26.99,"[-4.6, -2.1, 26.5]","[0.0, 0.0, 0.0]",12.796,13.774,0.875,14.347,10.774,24.5,36.0,SASDE64_fit1_model1.pdb,
SASDE64,ok,160.0,949.0,19.16,"[4.9, -10.3, 15.4]","[0.0, 0.0, 0.0]",8.004,8.516,0.75,8.317,7.542,19.5,74.5,SASDE64_fit1_model2.pdb,
SASDE67,ok,1498.0,1129.0,39.93,"[-3.3, 39.8, 0.0]","[0.0, 0.0, 0.0]",16.346,15.862,0.695,15.245,13.482,81.0,72.5,SASDE67_fit1_model1.pdb,
SASDE69,ok,336.0,1039.0,60.36,"[-29.4, 5.1, -52.4]","[0.0, -0.0, 0.0]",38.798,34.932,1.0,36.015,32.144,81.5,30.0,SASDE69_fit1_model1.pdb,
SASDE69,ok,336.0,1039.0,52.8,"[-29.1, -4.0, -43.9]","[0.0, -0.0, 0.0]",36.905,28.404,1.0,32.556,23.952,92.0,17.0,SASDE69_fit1_model2.pdb,
SASDE74,ok,320.0,854.0,27.0,"[-4.6, -2.1, 26.5]","[0.0, 0.0, -0.0]",13.547,14.727,0.875,15.09,11.311,27.0,44.0,SASDE74_fit1_model1.pdb,
SASDE74,ok,160.0,854.0,19.17,"[4.9, -10.3, 15.4]","[0.0, 0.0, -0.0]",9.207,9.618,0.75,9.293,8.714,41.5,83.5,SASDE74_fit1_model2.pdb,
SASDE77,ok,1498.0,1140.0,39.93,"[-3.3, 39.8, 0.0]","[0.0, -0.0, -0.0]",13.391,14.843,0.661,14.944,12.536,8.5,47.0,SASDE77_fit1_model1.pdb,
SASDE78,ok,876.0,990.0,2.46,"[2.2, 0.9, 0.7]","[0.0, -0.0, 0.0]",10.963,10.536,0.495,8.356,4.724,100.0,98.0,SASDE78_fit1_model1.pdb,
SASDE79,ok,315.0,1663.0,266.39,"[239.4, -21.5, 115.0]","[0.0, 0.0, -0.0]",235.62,233.003,1.0,230.987,220.192,96.5,81.5,SASDE79_fit1_model1.pdb,
SASDE79,ok,315.0,1663.0,264.3,"[241.0, -15.7, 107.3]","[0.0, 0.0, -0.0]",233.186,228.503,1.0,225.921,215.394,94.5,66.0,SASDE79_fit1_model2.pdb,
SASDE84,ok,320.0,650.0,26.99,"[-4.6, -2.1, 26.5]","[0.0, 0.0, -0.0]",12.052,13.285,0.778,13.743,9.397,26.0,43.5,SASDE84_fit1_model1.pdb,
SASDE84,ok,160.0,650.0,19.15,"[4.9, -10.3, 15.4]","[0.0, 0.0, -0.0]",8.745,9.088,0.556,8.586,8.02,71.0,96.5,SASDE84_fit1_model2.pdb,
SASDE87,ok,1556.0,850.0,555.6,"[-473.9, -22.7, 289.1]","[0.0, -0.0, -0.0]",514.699,512.536,1.0,512.98,507.432,76.5,45.5,SASDE87_fit1_model1.pdb,
SASDE88,ok,879.0,5000.0,2.61,"[0.7, 1.0, 2.3]","[0.0, 0.0, 0.0]",4.87,4.29,0.188,10.258,3.05,9.5,4.0,SASDE88_fit1_model1.pdb,
SASDE89,ok,350.0,1502.0,52.94,"[6.2, -51.9, 8.5]","[0.0, -0.0, 0.0]",31.004,27.678,1.0,26.563,19.596,95.0,68.5,SASDE89_fit1_model1.pdb,
SASDE89,ok,350.0,1502.0,53.46,"[11.8, -52.1, 2.0]","[0.0, -0.0, 0.0]",34.08,32.194,1.0,27.249,20.348,93.5,86.5,SASDE89_fit1_model2.pdb,
SASDE94,ok,320.0,876.0,27.01,"[-4.6, -2.1, 26.5]","[0.0, -0.0, -0.0]",15.386,16.194,0.925,16.835,13.312,22.0,34.0,SASDE94_fit1_model1.pdb,
SASDE94,ok,160.0,876.0,19.16,"[4.9, -10.3, 15.4]","[0.0, -0.0, -0.0]",10.136,10.555,0.85,10.29,9.517,35.0,74.0,SASDE94_fit1_model2.pdb,
SASDE96,ok,2188.0,1022.0,118.3,"[52.6, 37.7, 99.0]","[0.0, 0.0, -0.0]",74.2,69.904,1.0,75.534,65.193,37.0,12.0,SASDE96_fit1_model1.pdb,
SASDE96,ok,1094.0,1022.0,106.3,"[35.7, 40.3, 91.7]","[0.0, 0.0, -0.0]",72.443,62.625,1.0,67.818,57.492,89.0,9.0,SASDE96_fit2_model1.pdb,
SASDE97,ok,1556.0,816.0,555.6,"[-473.9, -22.7, 289.1]","[0.0, 0.0, -0.0]",513.371,511.199,1.0,511.622,506.075,76.5,46.0,SASDE97_fit1_model1.pdb,
SASDE98,ok,773.0,870.0,2.75,"[0.1, -1.5, 2.3]","[0.0, 0.0, 0.0]",6.339,6.592,0.424,6.876,3.402,35.0,40.0,SASDE98_fit1_model1.pdb,
SASDEA4,ok,320.0,821.0,26.99,"[-4.6, -2.1, 26.5]","[-0.0, -0.0, -0.0]",12.924,14.283,0.903,14.707,10.42,25.0,43.0,SASDEA4_fit1_model1.pdb,
SASDEA4,ok,160.0,821.0,19.16,"[4.9, -10.3, 15.4]","[-0.0, -0.0, -0.0]",9.165,9.45,0.806,9.264,8.578,35.5,73.0,SASDEA4_fit1_model2.pdb,
SASDEA6,ok,784.0,900.0,119.71,"[25.8, -0.0, 116.9]","[0.0, -0.0, 0.0]",94.201,91.974,1.0,90.33,83.666,89.5,64.0,SASDEA6_fit1_model1.pdb,
SASDEA7,ok,1556.0,1033.0,555.59,"[-473.9, -22.7, 289.1]","[-0.0, -0.0, -0.0]",512.284,510.175,1.0,510.628,505.058,76.0,45.5,SASDEA7_fit1_model1.pdb,
SASDEA8,ok,601.0,1571.0,0.53,"[-0.1, 0.4, -0.4]","[0.0, -0.0, 0.0]",9.983,10.027,0.448,11.088,6.5,27.5,29.5,SASDEA8_fit1_model1.pdb,
SASDEA8,ok,234.0,1571.0,0.34,"[-0.1, -0.3, 0.2]","[0.0, -0.0, 0.0]",11.834,11.244,0.509,12.247,6.783,46.0,39.0,SASDEA8_fit2_model1.pdb,
SASDEB4,ok,320.0,1119.0,27.0,"[-4.6, -2.1, 26.5]","[-0.0, 0.0, -0.0]",11.5,12.388,0.544,12.843,9.61,27.0,42.0,SASDEB4_fit1_model1.pdb,
SASDEB4,ok,160.0,1119.0,19.17,"[4.9, -10.3, 15.4]","[-0.0, 0.0, -0.0]",9.798,10.361,0.15,9.795,9.018,50.5,98.0,SASDEB4_fit1_model2.pdb,
SASDEB6,ok,532.0,976.0,63.34,"[-10.9, 0.8, 62.4]","[0.0, -0.0, -0.0]",46.226,45.527,1.0,43.396,37.503,96.5,84.5,SASDEB6_fit1_model1.pdb,
SASDEB9,ok,299.0,1754.0,0.17,"[-0.1, 0.1, 0.1]","[-0.0, 0.0, 0.0]",6.617,7.172,0.408,7.353,3.643,26.5,45.0,SASDEB9_fit1_model1.pdb,
SASDEB9,ok,231.0,1754.0,3.16,"[-1.4, -2.6, 1.1]","[-0.0, 0.0, 0.0]",7.247,8.117,0.394,7.838,5.364,35.0,57.0,SASDEB9_fit2_model1.pdb,
SASDEC6,ok,1552.0,1564.0,0.0,"[-0.0, 0.0, -0.0]","[-0.0, 0.0, -0.0]",1.436,2.886,0.18,2.795,2.067,0.0,63.5,SASDEC6_fit1_model1.pdb,
SASDEC6,ok,334.0,1564.0,2.64,"[-2.2, 1.4, -0.1]","[-0.0, 0.0, -0.0]",4.068,3.969,0.159,3.937,3.464,58.0,50.5,SASDEC6_fit2_model1.pdb,
SASDEC7,ok,799.0,1134.0,0.36,"[0.1, 0.1, -0.3]","[-0.0, -0.0, -0.0]",6.726,6.961,0.295,7.251,5.443,35.5,43.0,SASDEC7_fit1_model1.pdb,
SASDEC7,ok,5717.0,1134.0,0.02,"[0.0, 0.0, 0.0]","[-0.0, -0.0, -0.0]",5.586,4.929,0.35,5.558,3.741,51.0,27.0,SASDEC7_fit2_model1.pdb,
SASDEC9,ok,532.0,1007.0,0.02,"[-0.0, 0.0, 0.0]","[0.0, 0.0, -0.0]",5.338,4.263,0.447,5.162,2.934,56.5,22.0,SASDEC9_fit1_model1.pdb,
SASDEC9,ok,234.0,1007.0,30.48,"[-16.9, -10.9, 22.9]","[0.0, 0.0, -0.0]",14.115,12.641,0.795,13.8,11.109,61.0,25.0,SASDEC9_fit2_model1.pdb,
SASDED2,ok,723.0,341.0,0.06,"[-0.1, 0.0, 0.0]","[0.0, -0.0, 0.0]",11.138,12.622,0.613,14.9,4.752,26.0,36.5,SASDED2_fit2_model1.pdb,
SASDED6,ok,1002.0,798.0,880.8,"[463.9, 545.4, 512.9]","[0.0, -0.0, -0.0]",846.34,833.989,1.0,835.803,822.17,100.0,41.5,SASDED6_fit1_model1.pdb,
SASDED7,ok,799.0,1108.0,0.43,"[0.2, 0.0, -0.4]","[0.0, -0.0, 0.0]",8.327,8.551,0.352,7.724,4.738,69.0,75.0,SASDED7_fit1_model1.pdb,
SASDED7,ok,5622.0,1108.0,0.02,"[0.0, 0.0, -0.0]","[0.0, -0.0, 0.0]",7.505,6.952,0.437,6.72,3.308,77.0,58.5,SASDED7_fit2_model1.pdb,
SASDED8,ok,43.0,1400.0,30.32,"[-0.0, -0.0, 30.3]","[-0.0, 0.0, -0.0]",8.376,8.466,0.605,18.185,8.408,0.0,0.5,SASDED8_fit1_model1.pdb,
SASDED9,ok,407.0,837.0,66.88,"[-15.9, 1.6, 65.0]","[-0.0, 0.0, 0.0]",38.871,43.067,1.0,45.087,37.964,3.5,29.5,SASDED9_fit1_model1.pdb,
SASDED9,ok,407.0,837.0,67.1,"[-15.4, 2.6, 65.3]","[-0.0, 0.0, 0.0]",37.377,42.034,0.998,45.704,37.177,0.5,22.0,SASDED9_fit2_model1.pdb,
SASDEE2,ok,184.0,138.0,55.68,"[-33.6, -33.1, -33.4]","[-0.9, -0.9, -1.9]",42.845,44.582,1.0,43.072,32.554,46.5,61.5,SASDEE2_fit1_model1.pdb,
SASDEE2,ok,184.0,138.0,52.33,"[30.2, -31.3, -30.9]","[-0.9, -0.9, -1.9]",37.363,26.945,1.0,37.368,28.306,50.0,0.0,SASDEE2_fit2_model1.pdb,
SASDEE2,ok,184.0,138.0,35.88,"[-28.9, 21.0, -6.9]","[-0.9, -0.9, -1.9]",22.625,27.584,0.891,26.878,20.705,6.5,58.5,SASDEE2_fit3_model1.pdb,
SASDEE6,ok,1068.0,1578.0,841.81,"[459.1, 474.3, 522.5]","[0.0, -0.0, 0.0]",786.769,776.532,1.0,789.498,770.142,40.5,14.0,SASDEE6_fit1_model1.pdb,
SASDEE7,ok,799.0,1098.0,0.59,"[0.2, 0.2, -0.5]","[0.0, 0.0, 0.0]",6.335,6.352,0.254,7.617,5.784,12.0,12.5,SASDEE7_fit1_model1.pdb,
SASDEE7,ok,5600.0,1098.0,0.01,"[-0.0, 0.0, -0.0]","[0.0, 0.0, 0.0]",5.759,6.465,0.325,6.563,4.094,23.5,46.0,SASDEE7_fit2_model1.pdb,
SASDEE8,ok,540.0,3547.0,62.09,"[-3.0, 29.0, 54.8]","[0.0, 0.0, 0.0]",28.666,22.141,0.9,33.319,20.548,22.5,1.0,SASDEE8_fit2_model1.pdb,
SASDEE8,ok,570.0,3547.0,22.87,"[3.7, 6.3, 21.7]","[0.0, 0.0, 0.0]",15.928,17.534,0.582,15.496,6.477,54.5,78.5,SASDEE8_fit3_model1.pdb,
SASDEE9,ok,186.0,1014.0,19.86,"[0.5, 14.7, -13.3]","[-0.0, -0.0, 0.0]",11.45,10.727,0.624,11.26,8.553,52.5,35.0,SASDEE9_fit1_model1.pdb,
SASDEE9,ok,186.0,1014.0,21.05,"[3.7, 16.8, -12.2]","[-0.0, -0.0, 0.0]",11.893,11.831,0.559,12.781,9.312,28.5,27.5,SASDEE9_fit2_model1.pdb,
SASDEF2,ok,552.0,964.0,38.24,"[28.7, -17.5, 18.2]","[0.0, -0.0, 0.0]",15.117,14.257,0.705,14.388,11.024,78.0,44.0,SASDEF2_fit1_model1.pdb,
SASDEF2,ok,1623.0,964.0,0.15,"[0.0, 0.0, -0.1]","[0.0, -0.0, 0.0]",4.574,5.531,0.26,5.266,4.059,4.0,78.0,SASDEF2_fit2_model1.pdb,
SASDEF2,ok,540.0,964.0,91.42,"[52.9, 52.8, 52.7]","[0.0, -0.0, 0.0]",63.703,64.718,1.0,64.75,56.469,22.0,48.5,SASDEF2_fit3_model1.pdb,
SASDEF4,ok,320.0,934.0,27.0,"[-4.6, -2.1, 26.5]","[-0.0, -0.0, -0.0]",12.531,13.914,0.897,14.022,10.217,25.5,48.5,SASDEF4_fit1_model1.pdb,
SASDEF4,ok,160.0,934.0,19.16,"[4.9, -10.3, 15.4]","[-0.0, -0.0, -0.0]",9.44,9.85,0.794,9.383,8.966,58.5,94.0,SASDEF4_fit1_model2.pdb,
SASDEF5,ok,1643.0,1688.0,53.07,"[38.3, 11.9, 34.7]","[-0.0, -0.0, 0.0]",19.666,20.475,0.816,20.757,18.229,24.0,42.5,SASDEF5_fit1_model1.pdb,
SASDEF5,ok,1644.0,1688.0,7.76,"[2.7, -2.3, 6.9]","[-0.0, -0.0, 0.0]",4.642,5.004,0.282,4.704,3.938,45.0,72.0,SASDEF5_fit2_model1.pdb,
SASDEF6,ok,311.0,209.0,1.86,"[-0.5, 1.2, 1.1]","[0.2, -0.4, 0.5]",6.548,11.735,0.579,13.416,4.469,3.0,29.5,SASDEF6_fit1_model1.pdb,
SASDEF6,ok,454.0,209.0,0.9,"[-0.3, -0.2, 1.2]","[0.2, -0.4, 0.5]",5.447,10.546,0.515,12.623,3.72,1.5,26.5,SASDEF6_fit1_model2.pdb,
SASDEF7,ok,799.0,1123.0,0.71,"[0.2, 0.1, -0.7]","[0.0, -0.0, -0.0]",5.87,5.996,0.25,8.045,4.575,15.0,16.0,SASDEF7_fit1_model1.pdb,
SASDEF7,ok,5702.0,1123.0,0.01,"[-0.0, -0.0, -0.0]","[0.0, -0.0, -0.0]",6.317,3.084,0.365,6.652,3.344,42.5,0.0,SASDEF7_fit2_model1.pdb,
SASDEF8,ok,540.0,3486.0,62.1,"[-3.0, 29.0, 54.8]","[0.0, -0.0, -0.0]",27.415,16.979,0.878,32.742,14.998,24.5,1.0,SASDEF8_fit1_model1.pdb,
SASDEF8,ok,540.0,3486.0,31.25,"[8.8, 13.3, 26.9]","[0.0, -0.0, -0.0]",13.901,18.077,0.396,20.554,8.666,16.0,37.0,SASDEF8_fit3_model1.pdb,
SASDEG2,ok,1238.0,1537.0,0.02,"[-0.0, -0.0, 0.0]","[0.0, 0.0, 0.0]",15.907,16.267,0.576,12.566,7.079,84.0,89.0,SASDEG2_fit1_model1.pdb,
SASDEG2,ok,1393.0,1537.0,11.31,"[4.7, -3.6, -9.6]","[0.0, 0.0, 0.0]",9.388,10.392,0.326,13.25,7.444,13.5,19.5,SASDEG2_fit2_model1.pdb,
SASDEG2,ok,1388.0,1537.0,6.05,"[3.4, -1.9, -4.6]","[0.0, 0.0, 0.0]",12.933,12.361,0.387,12.179,6.919,66.0,54.0,SASDEG2_fit3_model1.pdb,
SASDEG2,ok,1388.0,1537.0,8.52,"[-4.1, 1.3, 7.4]","[0.0, 0.0, 0.0]",12.361,12.227,0.367,13.004,7.95,41.5,39.0,SASDEG2_fit3_model2.pdb,
SASDEG2,ok,1388.0,1537.0,2.19,"[-0.1, -0.3, 2.2]","[0.0, 0.0, 0.0]",15.249,15.496,0.532,13.606,7.832,73.5,75.0,SASDEG2_fit3_model3.pdb,
SASDEG2,ok,1388.0,1537.0,5.86,"[-1.1, 5.8, 0.0]","[0.0, 0.0, 0.0]",14.631,13.379,0.587,13.034,7.173,69.5,54.0,SASDEG2_fit3_model4.pdb,
SASDEG2,ok,1388.0,1537.0,2.86,"[2.0, -1.7, -1.1]","[0.0, 0.0, 0.0]",13.676,13.962,0.414,12.418,6.935,70.5,72.5,SASDEG2_fit3_model5.pdb,
SASDEG2,ok,1388.0,1537.0,3.22,"[1.8, 1.9, -1.9]","[0.0, 0.0, 0.0]",12.407,10.868,0.496,11.74,6.72,62.5,39.5,SASDEG2_fit3_model6.pdb,
SASDEG2,ok,1388.0,1537.0,1.97,"[1.5, -0.6, -1.2]","[0.0, 0.0, 0.0]",13.357,11.81,0.589,11.81,6.376,79.0,50.0,SASDEG2_fit3_model7.pdb,
SASDEG2,ok,1388.0,1537.0,2.87,"[-0.6, -2.3, 1.6]","[0.0, 0.0, 0.0]",14.907,14.159,0.597,12.105,6.724,85.5,77.0,SASDEG2_fit3_model8.pdb,
SASDEG4,ok,320.0,741.0,26.98,"[-4.6, -2.1, 26.5]","[-0.0, 0.0, -0.0]",12.644,13.78,0.912,14.247,10.651,23.0,43.0,SASDEG4_fit1_model1.pdb,
SASDEG4,ok,160.0,741.0,19.16,"[4.9, -10.3, 15.4]","[-0.0, 0.0, -0.0]",8.954,9.46,0.825,9.153,8.401,26.5,86.5,SASDEG4_fit1_model2.pdb,
SASDEG6,ok,292.0,207.0,4.89,"[-2.0, -4.2, -1.5]","[0.0, -0.0, -0.0]",11.279,14.661,0.613,14.255,6.06,24.0,54.0,SASDEG6_fit1_model1.pdb,
SASDEG6,ok,292.0,207.0,3.09,"[-1.7, -2.6, 0.4]","[0.0, -0.0, -0.0]",10.275,14.609,0.548,13.496,5.356,25.0,65.0,SASDEG6_fit1_model2.pdb,
SASDEG7,ok,1598.0,1636.0,1.89,"[0.0, -0.0, -1.9]","[0.0, -0.0, -0.0]",5.055,5.074,0.217,4.845,4.097,87.0,91.5,SASDEG7_fit1_model1.pdb,
SASDEG7,ok,8724.0,1636.0,0.01,"[0.0, -0.0, 0.0]","[0.0, -0.0, -0.0]",3.238,3.23,0.194,3.879,2.959,10.5,10.0,SASDEG7_fit2_model1.pdb,
SASDEG8,ok,1108.0,458.0,43.47,"[20.8, -0.8, 38.2]","[0.0, 0.0, -0.0]",26.684,26.785,0.508,28.64,19.256,27.5,28.5,SASDEG8_fit1_model1.pdb,
SASDEG8,ok,1080.0,458.0,65.51,"[51.5, -8.2, 39.6]","[0.0, 0.0, -0.0]",37.065,41.181,0.784,37.82,25.744,42.5,79.0,SASDEG8_fit3_model1.pdb,
SASDEH2,ok,38.0,258.0,131.99,"[-54.5, -74.0, -94.3]","[0.5, 0.7, -0.5]",122.58,118.505,1.0,122.113,118.254,58.5,1.0,SASDEH2_fit1_model1.pdb,
SASDEH2,ok,38.0,258.0,78.59,"[-72.9, -23.4, 13.8]","[0.5, 0.7, -0.5]",59.366,63.088,1.0,62.556,51.394,26.0,55.0,SASDEH2_fit1_model2.pdb,
SASDEH2,ok,38.0,258.0,130.16,"[90.9, -44.6, 81.6]","[0.5, 0.7, -0.5]",116.047,121.752,1.0,120.293,116.005,0.5,80.0,SASDEH2_fit1_model3.pdb,
SASDEH2,ok,38.0,258.0,131.75,"[59.9, -65.3, 96.9]","[0.5, 0.7, -0.5]",121.223,119.101,1.0,120.409,115.271,58.0,37.0,SASDEH2_fit1_model4.pdb,
SASDEH2,ok,38.0,258.0,114.98,"[-113.5, 12.2, 9.6]","[0.5, 0.7, -0.5]",96.484,97.723,1.0,96.092,91.461,56.5,67.5,SASDEH2_fit1_model5.pdb,
SASDEH2,ok,38.0,258.0,130.99,"[5.5, 1.8, -131.3]","[0.5, 0.7, -0.5]",115.87,118.439,1.0,117.842,115.494,5.0,63.5,SASDEH2_fit1_model6.pdb,
SASDEH2,ok,38.0,258.0,122.42,"[-80.7, 80.2, 45.0]","[0.5, 0.7, -0.5]",106.407,104.496,1.0,105.274,98.38,74.5,37.0,SASDEH2_fit1_model7.pdb,
SASDEH2,ok,38.0,258.0,114.42,"[24.0, -3.4, -112.4]","[0.5, 0.7, -0.5]",101.598,99.572,1.0,98.481,91.846,91.5,63.0,SASDEH2_fit1_model8.pdb,
SASDEH2,ok,38.0,258.0,127.5,"[-118.2, -5.8, -46.6]","[0.5, 0.7, -0.5]",113.895,112.235,1.0,113.649,109.922,56.0,26.0,SASDEH2_fit1_model9.pdb,
SASDEH3,ok,1160.0,1941.0,152.63,"[127.8, 63.6, 54.1]","[0.0, -0.0, 0.0]",95.242,93.987,1.0,114.137,90.383,7.5,5.5,SASDEH3_fit1_model1.pdb,
SASDEH3,ok,928.0,1941.0,171.9,"[148.7, 67.3, 54.0]","[0.0, -0.0, 0.0]",120.752,126.231,1.0,134.095,113.659,11.5,21.0,SASDEH3_fit1_model2.pdb,
SASDEH3,ok,635.0,1941.0,1.18,"[-0.3, 0.2, -1.1]","[0.0, -0.0, 0.0]",8.148,7.078,0.143,26.336,6.893,1.5,1.0,SASDEH3_fit2_model1.pdb,
SASDEH4,ok,320.0,1230.0,26.99,"[-4.6, -2.1, 26.5]","[0.0, -0.0, -0.0]",11.357,12.833,0.822,13.085,9.814,20.5,47.5,SASDEH4_fit1_model1.pdb,
SASDEH4,ok,160.0,1230.0,19.15,"[4.9, -10.3, 15.4]","[0.0, -0.0, -0.0]",8.045,8.429,0.644,8.137,7.747,32.5,89.0,SASDEH4_fit1_model2.pdb,
SASDEH6,ok,414.0,792.0,2.65,"[0.1, 1.1, 2.4]","[0.0, -0.0, -0.0]",4.862,4.724,0.316,30.031,4.713,0.5,0.5,SASDEH6_fit1_model1.pdb,
SASDEH6,ok,449.0,792.0,2.68,"[-0.2, 0.8, 2.6]","[0.0, -0.0, -0.0]",4.341,4.607,0.236,30.211,4.582,0.0,0.5,SASDEH6_fit1_model2.pdb,
SASDEH7,ok,1598.0,1520.0,5.07,"[0.0, 0.0, 5.1]","[-0.0, 0.0, 0.0]",5.4,5.251,0.212,5.181,4.179,85.0,64.5,SASDEH7_fit1_model1.pdb,
SASDEH7,ok,8043.0,1520.0,0.03,"[0.0, -0.0, -0.0]","[-0.0, 0.0, 0.0]",3.95,3.968,0.195,4.129,3.276,34.5,36.5,SASDEH7_fit2_model1.pdb,
SASDEH8,ok,570.0,325.0,55.41,"[55.3, -0.9, 2.4]","[-0.1, -0.0, -0.1]",39.737,40.443,1.0,38.491,29.646,59.5,67.5,SASDEH8_fit1_model1.pdb,
SASDEH8,ok,570.0,325.0,79.3,"[63.9, -14.3, -44.7]","[-0.1, -0.0, -0.1]",58.863,44.349,1.0,56.351,41.348,67.0,5.5,SASDEH8_fit3_model1.pdb,
SASDEJ3,ok,352.0,935.0,0.1,"[-0.0, 0.1, -0.0]","[-0.0, 0.0, 0.0]",5.113,5.602,0.219,6.857,4.159,9.0,19.5,SASDEJ3_fit1_model1.pdb,
SASDEJ6,ok,689.0,2387.0,7.31,"[-2.9, 2.0, -6.4]","[0.0, 0.0, -0.0]",6.181,6.387,0.302,20.206,5.718,0.5,0.5,SASDEJ6_fit1_model1.pdb,
SASDEJ6,ok,1005.0,2387.0,0.51,"[-0.4, 0.3, -0.1]","[0.0, 0.0, -0.0]",4.225,3.145,0.183,19.517,3.899,0.5,0.0,SASDEJ6_fit1_model2.pdb,
SASDEJ8,ok,1108.0,1263.0,43.45,"[20.8, -0.8, 38.2]","[0.0, 0.0, -0.0]",31.232,30.189,0.811,30.373,23.766,59.0,48.5,SASDEJ8_fit1_model1.pdb,
SASDEJ8,ok,1080.0,1263.0,35.24,"[-9.8, -29.7, 16.3]","[0.0, 0.0, -0.0]",24.763,20.121,0.809,21.268,14.479,80.5,35.5,SASDEJ8_fit3_model1.pdb,
SASDEK2,ok,38.0,199.0,111.81,"[-19.3, 55.4, -96.2]","[0.5, 0.3, -0.9]",95.185,101.688,1.0,99.539,93.852,9.0,98.0,SASDEK2_fit1_model1.pdb,
SASDEK2,ok,38.0,199.0,116.13,"[54.3, 82.8, 60.8]","[0.5, 0.3, -0.9]",104.618,100.531,1.0,104.269,100.311,55.0,1.5,SASDEK2_fit1_model2.pdb,
SASDEK2,ok,38.0,199.0,132.18,"[34.4, 120.7, 41.9]","[0.5, 0.3, -0.9]",118.705,119.8,1.0,120.877,114.579,20.0,31.0,SASDEK2_fit1_model3.pdb,
SASDEK2,ok,38.0,199.0,119.3,"[100.5, -32.6, 55.2]","[0.5, 0.3, -0.9]",91.108,95.162,1.0,94.233,88.171,11.5,64.0,SASDEK2_fit1_model4.pdb,
SASDEK2,ok,38.0,199.0,105.46,"[-47.3, -92.8, -13.3]","[0.5, 0.3, -0.9]",95.208,97.193,1.0,93.531,80.318,61.0,84.5,SASDEK2_fit1_model5.pdb,
SASDEK2,ok,38.0,199.0,124.62,"[98.3, 74.1, 22.1]","[0.5, 0.3, -0.9]",110.574,108.766,1.0,106.415,100.373,97.0,84.0,SASDEK2_fit1_model6.pdb,
SASDEK2,ok,38.0,199.0,130.77,"[110.7, -55.6, -43.7]","[0.5, 0.3, -0.9]",106.145,105.78,1.0,106.878,101.65,32.5,27.0,SASDEK2_fit1_model7.pdb,
SASDEK3,ok,407.0,4285.0,0.04,"[0.0, -0.0, -0.0]","[0.0, -0.0, 0.0]",12.5,12.362,0.482,10.171,4.433,95.5,94.5,SASDEK3_fit1_model1.pdb,
SASDEK4,ok,1684.0,1401.0,1.09,"[0.3, -0.7, 0.7]","[-0.0, 0.0, 0.0]",2.441,2.173,0.242,2.201,1.588,94.5,46.0,SASDEK4_fit1_model1.pdb,
SASDEK4,ok,178.0,1401.0,27.53,"[25.2, -10.9, -2.1]","[-0.0, 0.0, 0.0]",13.675,13.841,0.865,13.453,11.778,60.5,72.0,SASDEK4_fit2_model1.pdb,
SASDEK6,ok,456.0,384.0,3.46,"[-2.5, 0.1, -2.4]","[0.0, 0.0, 0.0]",11.458,25.604,0.401,19.724,5.559,13.0,91.5,SASDEK6_fit1_model1.pdb,
SASDEK6,ok,454.0,384.0,0.66,"[0.5, -0.4, 0.1]","[0.0, 0.0, 0.0]",10.02,23.822,0.377,19.272,4.623,7.5,82.5,SASDEK6_fit1_model2.pdb,
SASDEK8,ok,570.0,3719.0,55.35,"[55.3, -0.9, 2.4]","[-0.0, 0.0, -0.0]",38.042,36.136,1.0,37.477,29.369,56.0,36.5,SASDEK8_fit1_model1.pdb,
SASDEL3,ok,547.0,308.0,7.18,"[6.4, -2.6, 2.9]","[0.4, -0.1, -0.0]",19.173,13.275,0.601,18.893,8.431,53.5,12.5,SASDEL3_fit1_model1.pdb,
SASDEL4,ok,70.0,327.0,11.91,"[2.4, -1.3, 11.6]","[-0.0, -0.0, 0.0]",22.141,24.5,0.714,21.146,9.621,57.5,93.5,SASDEL4_fit1_model1.pdb,
SASDEL6,ok,430.0,1145.0,105.47,"[53.2, 30.8, 85.7]","[0.0, 0.0, 0.0]",74.224,77.127,1.0,77.188,68.167,21.0,49.0,SASDEL6_fit1_model1.pdb,
SASDEL6,ok,408.0,1145.0,115.34,"[42.9, -18.6, 105.4]","[0.0, 0.0, 0.0]",87.93,91.429,1.0,89.816,81.262,20.5,80.0,SASDEL6_fit1_model2.pdb,
SASDEL8,ok,570.0,301.0,53.54,"[55.3, -0.9, 2.4]","[2.1, 5.4, 3.6]",44.265,43.774,1.0,40.476,33.392,78.0,74.5,SASDEL8_fit1_model1.pdb,
SASDEL8,ok,1108.0,301.0,39.77,"[20.8, -0.8, 38.2]","[2.1, 5.4, 3.6]",28.001,31.244,0.764,30.428,19.001,29.0,57.5,SASDEL8_fit2_model1.pdb,
SASDEL9,ok,412.0,1153.0,8.39,"[4.7, -5.8, -3.8]","[-0.0, 0.0, 0.0]",10.251,9.204,0.352,9.365,6.847,88.0,40.5,SASDEL9_fit1_model1.pdb,
SASDEL9,ok,2196.0,1153.0,117.46,"[-0.1, 31.2, 113.3]","[-0.0, 0.0, 0.0]",72.048,64.589,1.0,70.293,64.276,71.5,2.0,SASDEL9_fit2_model1.pdb,
SASDEM2,ok,46.0,222.0,108.25,"[31.3, 6.4, -103.4]","[0.1, 0.2, 0.0]",91.105,88.381,1.0,88.125,77.925,79.0,51.5,SASDEM2_fit1_model1.pdb,
SASDEM2,ok,46.0,222.0,115.81,"[-45.7, 105.8, -12.7]","[0.1, 0.2, 0.0]",93.869,92.205,1.0,94.428,84.599,47.0,35.5,SASDEM2_fit1_model2.pdb,
SASDEM2,ok,46.0,222.0,94.75,"[-25.1, 61.6, 67.6]","[0.1, 0.2, 0.0]",85.389,80.183,1.0,80.315,72.376,92.0,48.0,SASDEM2_fit1_model3.pdb,
SASDEM2,ok,46.0,222.0,101.93,"[-34.9, -93.8, 18.0]","[0.1, 0.2, 0.0]",75.493,73.853,1.0,74.399,67.105,66.0,36.5,SASDEM2_fit1_model4.pdb,
SASDEM2,ok,46.0,222.0,51.45,"[48.2, 3.4, -18.1]","[0.1, 0.2, 0.0]",36.342,32.34,1.0,39.505,27.997,29.5,8.0,SASDEM2_fit1_model5.pdb,
SASDEM2,ok,46.0,222.0,30.68,"[-30.5, -0.6, 1.7]","[0.1, 0.2, 0.0]",27.88,28.528,1.0,26.66,18.465,63.5,69.0,SASDEM2_fit1_model6.pdb,
SASDEM3,ok,497.0,1271.0,164.83,"[1.2, 28.0, 162.4]","[0.0, -0.0, -0.0]",140.372,139.956,1.0,140.889,138.369,39.0,28.0,SASDEM3_fit1_model1.pdb,
SASDEM4,ok,671.0,1125.0,71.08,"[14.6, -3.7, 69.5]","[0.0, -0.0, -0.0]",47.124,55.855,0.99,51.015,41.583,21.5,94.5,SASDEM4_fit1_model1.pdb,
SASDEM6,ok,430.0,1213.0,105.48,"[53.2, 30.8, 85.7]","[0.0, 0.0, -0.0]",77.667,80.544,1.0,80.95,71.956,18.5,46.5,SASDEM6_fit1_model1.pdb,
SASDEM8,ok,570.0,280.0,56.12,"[55.3, -0.9, 2.4]","[-0.8, 0.3, 0.1]",42.341,43.037,0.972,36.702,25.481,87.5,90.5,SASDEM8_fit1_model1.pdb,
SASDEM8,ok,1108.0,280.0,43.73,"[20.8, -0.8, 38.2]","[-0.8, 0.3, 0.1]",33.067,35.739,0.705,33.536,21.878,44.0,69.0,SASDEM8_fit2_model1.pdb,
SASDEM9,ok,1379.0,960.0,2.35,"[0.4, -1.4, 1.8]","[-0.0, 0.0, -0.0]",13.607,12.931,0.306,13.242,8.544,58.5,44.5,SASDEM9_fit1_model1.pdb,
SASDEM9,ok,4496.0,960.0,11.92,"[-6.5, -1.4, 9.9]","[-0.0, 0.0, -0.0]",12.004,11.93,0.354,11.619,8.895,59.0,57.0,SASDEM9_fit2_model1.pdb,
SASDEN3,ok,627.0,937.0,1.13,"[0.0, 0.0, 1.1]","[-0.0, -0.0, 0.0]",12.351,12.097,0.501,10.623,5.723,84.0,79.0,SASDEN3_fit1_model1.pdb,
SASDEN4,ok,532.0,1227.0,29.38,"[3.4, 29.0, 3.1]","[-0.0, 0.0, 0.0]",12.382,13.121,0.667,13.824,12.045,4.0,23.5,SASDEN4_fit1_model1.pdb,
SASDEN6,ok,430.0,1128.0,105.47,"[53.2, 30.8, 85.7]","[0.0, -0.0, 0.0]",77.946,80.713,1.0,81.152,72.377,17.0,46.0,SASDEN6_fit1_model1.pdb,
SASDEN6,ok,408.0,1128.0,115.33,"[42.9, -18.6, 105.4]","[0.0, -0.0, 0.0]",85.061,88.393,1.0,86.697,78.044,24.5,80.0,SASDEN6_fit1_model2.pdb,
SASDEN9,ok,464.0,2283.0,59.28,"[56.7, -14.1, -10.0]","[0.0, 0.0, -0.0]",35.181,32.799,1.0,31.951,27.362,91.0,63.5,SASDEN9_fit1_model1.pdb,
SASDEN9,ok,464.0,2283.0,57.46,"[54.2, -16.4, -9.8]","[0.0, 0.0, -0.0]",31.976,29.006,1.0,32.476,23.865,48.0,21.5,SASDEN9_fit1_model2.pdb,
SASDEN9,ok,464.0,2283.0,58.22,"[55.3, -15.4, -9.7]","[0.0, 0.0, -0.0]",33.487,31.431,1.0,31.003,27.888,89.5,58.5,SASDEN9_fit1_model3.pdb,
SASDEP2,ok,46.0,180.0,125.92,"[-25.7, -116.7, -38.5]","[0.7, 0.2, 0.3]",107.234,95.844,1.0,100.485,86.765,94.0,26.5,SASDEP2_fit1_model1.pdb,
SASDEP2,ok,46.0,180.0,121.71,"[107.9, -42.4, 39.3]","[0.7, 0.2, 0.3]",106.311,107.593,1.0,109.397,103.306,10.5,24.5,SASDEP2_fit1_model2.pdb,
SASDEP2,ok,46.0,180.0,118.55,"[114.3, -25.9, 22.0]","[0.7, 0.2, 0.3]",102.959,105.094,1.0,105.98,99.358,21.0,38.5,SASDEP2_fit1_model3.pdb,
SASDEP2,ok,46.0,180.0,81.12,"[-8.5, -19.8, 78.4]","[0.7, 0.2, 0.3]",71.514,74.845,1.0,70.703,64.637,64.0,98.0,SASDEP2_fit1_model4.pdb,
SASDEP3,ok,3220.0,1321.0,0.01,"[-0.0, 0.0, 0.0]","[0.0, 0.0, -0.0]",28.465,28.502,0.759,18.038,10.529,99.5,99.5,SASDEP3_fit1_model1.pdb,
SASDEP3,ok,664.0,1321.0,0.01,"[0.0, -0.0, 0.0]","[0.0, 0.0, -0.0]",13.385,14.337,0.282,19.691,11.748,1.0,3.0,SASDEP3_fit2_model1.pdb,
SASDEP4,ok,532.0,907.0,42.37,"[24.7, -26.5, 22.1]","[-0.0, -0.0, 0.0]",19.626,23.123,0.793,19.468,14.84,53.5,100.0,SASDEP4_fit1_model1.pdb,
SASDEP6,ok,430.0,1383.0,105.47,"[53.2, 30.8, 85.7]","[0.0, 0.0, 0.0]",80.865,83.671,1.0,83.86,75.244,18.0,46.5,SASDEP6_fit1_model1.pdb,
SASDEP6,ok,408.0,1383.0,115.34,"[42.9, -18.6, 105.4]","[0.0, 0.0, 0.0]",89.317,92.514,1.0,90.951,82.412,24.5,78.5,SASDEP6_fit1_model2.pdb,
SASDEP7,ok,288.0,1154.0,139.61,"[131.6, 46.3, -4.3]","[0.0, -0.0, -0.0]",115.077,114.728,1.0,112.165,105.755,87.5,85.0,SASDEP7_fit1_model1.pdb,
SASDEP9,ok,544.0,5000.0,128.84,"[77.9, 72.3, 72.8]","[0.0, -0.1, 0.0]",95.326,99.528,1.0,98.599,85.679,31.5,55.0,SASDEP9_fit1_model1.pdb,
SASDEP9,ok,544.0,5000.0,124.29,"[75.7, 73.2, 66.0]","[0.0, -0.1, 0.0]",94.054,94.578,1.0,95.601,80.477,40.5,44.5,SASDEP9_fit1_model2.pdb,
SASDEP9,ok,544.0,5000.0,130.18,"[75.8, 78.6, 70.8]","[0.0, -0.1, 0.0]",96.497,99.569,1.0,100.364,85.641,28.5,47.0,SASDEP9_fit1_model3.pdb,
SASDEP9,ok,544.0,5000.0,131.26,"[71.5, 77.6, 78.1]","[0.0, -0.1, 0.0]",95.749,103.244,1.0,100.153,92.003,14.0,80.0,SASDEP9_fit1_model4.pdb,
SASDEP9,ok,544.0,5000.0,130.54,"[68.5, 79.2, 77.9]","[0.0, -0.1, 0.0]",95.538,102.806,1.0,99.517,87.01,18.0,85.5,SASDEP9_fit1_model5.pdb,
SASDEP9,ok,544.0,5000.0,117.84,"[73.3, 65.2, 65.2]","[0.0, -0.1, 0.0]",90.579,90.723,1.0,89.644,79.322,60.0,62.5,SASDEP9_fit1_model6.pdb,
SASDEQ3,ok,3220.0,1387.0,0.02,"[-0.0, 0.0, 0.0]","[-0.0, 0.0, 0.0]",26.665,26.592,0.775,17.106,10.633,98.5,98.0,SASDEQ3_fit1_model1.pdb,
SASDEQ3,ok,1610.0,1387.0,47.7,"[-0.0, 0.0, -47.7]","[-0.0, 0.0, 0.0]",31.317,31.89,0.782,31.511,28.063,43.0,59.0,SASDEQ3_fit1_model2.pdb,
SASDEQ3,ok,805.0,1387.0,49.46,"[7.3, 10.8, -47.7]","[-0.0, 0.0, 0.0]",34.09,37.628,0.788,35.699,31.472,17.0,86.5,SASDEQ3_fit1_model3.pdb,
SASDEQ4,ok,636.0,2367.0,14.82,"[-1.5, -1.5, -14.7]","[-0.0, -0.0, -0.0]",9.607,7.671,0.695,7.858,6.483,100.0,36.5,SASDEQ4_fit1_model1.pdb,
SASDEQ6,ok,430.0,1192.0,105.47,"[53.2, 30.8, 85.7]","[0.0, 0.0, -0.0]",75.535,78.281,1.0,78.732,70.113,16.5,45.0,SASDEQ6_fit1_model1.pdb,
SASDEQ7,ok,292.0,1152.0,48.78,"[35.3, 30.5, 14.2]","[-0.0, 0.0, 0.0]",31.785,31.49,1.0,32.39,28.231,41.5,37.5,SASDEQ7_fit1_model1.pdb,
SASDEQ9,ok,1088.0,4346.0,154.19,"[8.0, 69.9, 137.2]","[0.0, -0.0, 0.0]",105.384,108.563,1.0,106.744,93.314,47.5,60.5,SASDEQ9_fit1_model1.pdb,
SASDEQ9,ok,1088.0,4346.0,150.48,"[-6.0, 85.3, 123.9]","[0.0, -0.0, 0.0]",76.955,100.362,0.994,98.993,66.147,9.5,55.5,SASDEQ9_fit1_model2.pdb,
SASDEQ9,ok,1088.0,4346.0,179.1,"[12.6, 88.9, 155.0]","[0.0, -0.0, 0.0]",124.244,96.812,1.0,124.897,87.336,48.0,7.0,SASDEQ9_fit1_model3.pdb,
SASDEQ9,ok,1088.0,4346.0,156.66,"[6.4, 81.3, 133.7]","[0.0, -0.0, 0.0]",111.732,109.153,1.0,108.184,92.998,61.5,54.5,SASDEQ9_fit1_model4.pdb,
SASDER2,ok,99.0,227.0,50.09,"[-6.9, -35.3, 35.1]","[0.2, -0.2, 0.1]",30.438,33.977,1.0,32.197,26.961,17.5,80.5,SASDER2_fit1_model1.pdb,
SASDER2,ok,99.0,227.0,63.49,"[28.1, -42.7, -37.9]","[0.2, -0.2, 0.1]",42.55,48.025,1.0,43.788,34.055,40.0,87.5,SASDER2_fit1_model2.pdb,
SASDER2,ok,99.0,227.0,43.02,"[-16.6, 7.5, 39.0]","[0.2, -0.2, 0.1]",33.512,36.382,0.97,31.712,24.895,69.5,87.5,SASDER2_fit1_model3.pdb,
SASDER2,ok,99.0,227.0,96.62,"[60.9, -52.3, 54.4]","[0.2, -0.2, 0.1]",81.355,84.961,1.0,79.791,74.113,69.0,97.0,SASDER2_fit1_model4.pdb,
SASDER3,ok,3220.0,315.0,0.13,"[-0.0, 0.0, 0.0]","[0.1, -0.1, 0.1]",28.779,28.773,0.787,22.189,9.516,92.5,92.5,SASDER3_fit1_model1.pdb,
SASDER3,ok,805.0,315.0,49.54,"[7.3, 10.8, -47.7]","[0.1, -0.1, 0.1]",32.426,34.174,0.83,31.606,25.41,57.5,72.0,SASDER3_fit1_model2.pdb,
SASDER4,ok,660.0,648.0,5.33,"[0.0, 0.0, -5.3]","[0.0, -0.0, 0.0]",14.714,13.741,0.629,10.538,6.321,99.5,95.0,SASDER4_fit1_model1.pdb,
SASDER6,ok,430.0,1276.0,105.46,"[53.2, 30.8, 85.7]","[-0.0, -0.0, 0.0]",75.297,78.194,1.0,78.583,69.63,16.0,45.0,SASDER6_fit1_model1.pdb,
SASDER6,ok,408.0,1276.0,115.32,"[42.9, -18.6, 105.4]","[-0.0, -0.0, 0.0]",83.379,86.722,1.0,85.247,76.384,20.0,78.5,SASDER6_fit1_model2.pdb,
SASDES5,ok,107.0,1492.0,53.06,"[36.8, 34.1, 17.3]","[0.0, 0.0, 0.0]",39.998,38.824,1.0,39.394,36.577,82.0,28.5,SASDES5_fit1_model1.pdb,
SASDES6,ok,1960.0,1424.0,2.17,"[0.0, 0.0, 2.2]","[0.0, -0.0, 0.0]",5.92,5.88,0.215,6.014,5.463,36.5,29.0,SASDES6_fit1_model1.pdb,
SASDES6,ok,1960.0,1424.0,4.95,"[0.3, 1.0, 4.8]","[0.0, -0.0, 0.0]",6.144,6.282,0.207,6.189,5.49,46.0,59.5,SASDES6_fit2_model1.pdb,
SASDES6,ok,1960.0,1424.0,1.52,"[-0.0, 0.0, 1.5]","[0.0, -0.0, 0.0]",5.997,5.825,0.212,6.045,5.179,45.5,30.5,SASDES6_fit3_model1.pdb,
SASDES7,ok,562.0,5000.0,60.76,"[-53.1, -29.6, -1.5]","[-0.0, -0.0, 0.1]",36.061,36.205,1.0,35.187,30.119,67.0,69.5,SASDES7_fit1_model1.pdb,
SASDET2,ok,99.0,1375.0,48.43,"[21.8, -27.0, 33.8]","[0.0, 0.0, -0.0]",30.887,33.66,1.0,34.033,28.334,9.5,44.0,SASDET2_fit1_model1.pdb,
SASDET2,ok,99.0,1375.0,80.37,"[-63.9, -21.0, 43.9]","[0.0, 0.0, -0.0]",60.388,62.656,1.0,61.092,51.526,36.5,76.0,SASDET2_fit1_model2.pdb,
SASDET2,ok,99.0,1375.0,120.56,"[26.2, -104.0, -55.1]","[0.0, 0.0, -0.0]",104.789,82.027,1.0,96.617,73.244,89.0,6.5,SASDET2_fit1_model3.pdb,
SASDET2,ok,99.0,1375.0,58.67,"[50.9, -5.0, 28.8]","[0.0, 0.0, -0.0]",45.594,40.564,1.0,45.173,36.81,53.5,14.0,SASDET2_fit1_model4.pdb,
SASDET2,ok,99.0,1375.0,112.85,"[33.7, -77.8, 74.5]","[0.0, 0.0, -0.0]",91.735,86.951,1.0,90.043,76.607,74.0,19.5,SASDET2_fit1_model5.pdb,
SASDET2,ok,99.0,1375.0,108.16,"[11.2, 106.7, -13.8]","[0.0, 0.0, -0.0]",98.575,98.056,1.0,95.003,89.976,96.0,94.5,SASDET2_fit1_model6.pdb,
SASDET3,ok,1664.0,1867.0,0.01,"[-0.0, 0.0, -0.0]","[0.0, 0.0, -0.0]",17.327,17.531,0.695,11.478,6.266,100.0,100.0,SASDET3_fit1_model1.pdb,
SASDET4,ok,1075.0,1509.0,38.05,"[-15.0, 2.5, 34.9]","[-0.0, 0.0, 0.0]",23.175,25.696,0.62,23.498,20.04,39.5,90.5,SASDET4_fit1_model1.pdb,
SASDET5,ok,1101.0,777.0,5.04,"[1.6, 4.4, -1.8]","[0.0, 0.0, -0.0]",5.931,8.033,0.445,6.708,4.332,28.5,92.0,SASDET5_fit1_model1.pdb,
SASDET6,ok,620.0,492.0,2.32,"[0.5, -0.4, 2.4]","[-0.1, -0.1, 0.2]",12.292,12.34,0.59,12.148,7.761,52.5,53.0,SASDET6_fit1_model1.pdb,
SASDET7,ok,562.0,745.0,60.24,"[-52.4, -29.7, -1.3]","[0.0, -0.0, 0.0]",35.836,33.52,1.0,35.077,30.648,65.5,25.0,SASDET7_fit1_model1.pdb,
SASDET9,ok,320.0,5000.0,5.68,"[-0.0, -0.0, -5.8]","[0.1, 0.1, -0.1]",11.092,11.38,0.509,9.424,3.375,97.0,99.0,SASDET9_fit1_model1.pdb,
SASDEU3,ok,4144.0,1214.0,0.08,"[-0.0, 0.0, -0.0]","[0.0, -0.1, 0.0]",39.153,38.773,0.832,25.072,13.165,99.5,98.5,SASDEU3_fit1_model1.pdb,
SASDEU3,ok,765.0,1214.0,0.36,"[0.3, 0.2, 0.1]","[0.0, -0.1, 0.0]",35.524,35.325,0.733,25.127,12.201,98.5,98.0,SASDEU3_fit2_model1.pdb,
SASDEU5,ok,1003.0,1114.0,0.51,"[0.2, 0.4, -0.2]","[-0.0, 0.0, 0.0]",5.45,4.621,0.339,5.507,3.121,47.0,20.5,SASDEU5_fit1_model1.pdb,
SASDEU5,ok,481.0,1114.0,0.02,"[0.0, 0.0, -0.0]","[-0.0, 0.0, 0.0]",6.836,5.803,0.405,6.097,3.686,79.5,39.5,SASDEU5_fit1_model2.pdb,
SASDEU5,ok,328.0,1114.0,59.12,"[17.5, 39.0, 40.8]","[-0.0, 0.0, 0.0]",32.848,31.784,1.0,33.192,25.81,43.0,27.0,SASDEU5_fit2_model1.pdb,
SASDEU6,ok,854.0,530.0,2.35,"[-0.9, 1.1, 1.8]","[0.1, -0.1, 0.0]",9.078,8.346,0.374,11.774,6.868,11.5,7.0,SASDEU6_fit1_model1.pdb,
SASDEU9,ok,950.0,1457.0,5.35,"[-4.0, 3.5, -0.1]","[-0.0, 0.0, -0.0]",13.825,15.422,0.644,13.888,6.252,48.5,68.5,SASDEU9_fit1_model1.pdb,
SASDEV2,ok,82.0,225.0,98.63,"[-58.8, -53.7, -58.1]","[0.0, -0.2, 0.2]",76.283,77.691,1.0,75.454,68.113,62.5,82.5,SASDEV2_fit1_model1.pdb,
SASDEV2,ok,82.0,225.0,111.61,"[21.1, -87.1, 67.0]","[0.0, -0.2, 0.2]",93.891,95.706,1.0,94.028,81.875,48.5,68.5,SASDEV2_fit1_model2.pdb,
SASDEV2,ok,82.0,225.0,120.9,"[-113.0, 22.0, -36.6]","[0.0, -0.2, 0.2]",104.649,104.474,1.0,104.513,98.751,50.5,49.5,SASDEV2_fit1_model3.pdb,
SASDEV2,ok,82.0,225.0,89.93,"[35.3, 13.8, 81.7]","[0.0, -0.2, 0.2]",67.486,70.197,1.0,70.917,63.107,10.5,40.0,SASDEV2_fit1_model4.pdb,
SASDEV2,ok,82.0,225.0,48.12,"[-13.6, -45.8, 6.9]","[0.0, -0.2, 0.2]",43.437,43.6,1.0,34.878,26.563,98.5,98.5,SASDEV2_fit1_model5.pdb,
SASDEV2,ok,82.0,225.0,125.55,"[-96.9, -40.3, 69.1]","[0.0, -0.2, 0.2]",108.106,103.927,1.0,104.828,98.742,89.5,40.0,SASDEV2_fit1_model6.pdb,
SASDEV3,ok,3220.0,1754.0,0.02,"[-0.0, 0.0, 0.0]","[-0.0, -0.0, 0.0]",23.027,23.624,0.808,15.746,9.569,97.5,99.5,SASDEV3_fit1_model1.pdb,
SASDEV3,ok,1610.0,1754.0,47.71,"[-0.0, 0.0, -47.7]","[-0.0, -0.0, 0.0]",26.938,27.179,0.807,28.163,25.504,11.5,18.0,SASDEV3_fit1_model2.pdb,
SASDEV3,ok,805.0,1754.0,49.46,"[7.3, 10.8, -47.7]","[-0.0, -0.0, 0.0]",30.303,32.117,0.812,31.96,28.228,19.0,52.5,SASDEV3_fit1_model3.pdb,
SASDEV5,ok,900.0,1012.0,0.16,"[0.1, 0.1, 0.0]","[-0.0, -0.0, -0.0]",6.835,8.279,0.423,7.764,4.496,31.5,60.0,SASDEV5_fit1_model1.pdb,
SASDEV5,ok,1403.0,1012.0,0.03,"[0.0, -0.0, 0.0]","[-0.0, -0.0, -0.0]",6.651,5.451,0.404,7.155,4.328,39.0,17.0,SASDEV5_fit2_model1.pdb,
SASDEV6,ok,1720.0,102.0,42.34,"[-0.2, 2.1, 42.2]","[1.7, -5.1, 0.5]",62.464,45.042,1.0,51.205,41.053,95.5,13.5,SASDEV6_fit1_model1.pdb,
SASDEV6,ok,1720.0,102.0,47.58,"[-15.0, -35.2, -32.3]","[1.7, -5.1, 0.5]",45.497,57.072,0.995,48.718,40.466,24.5,89.0,SASDEV6_fit2_model1.pdb,
SASDEV7,ok,562.0,501.0,61.75,"[-54.2, -29.7, -1.5]","[-0.0, -0.0, -0.0]",31.428,30.697,1.0,32.612,28.101,28.5,20.0,SASDEV7_fit1_model1.pdb,
SASDEV9,ok,896.0,2046.0,1.85,"[0.7, -1.7, 0.3]","[0.0, 0.0, -0.0]",7.023,6.646,0.425,6.842,3.992,53.0,43.5,SASDEV9_fit1_model1.pdb,
SASDEW3,ok,192.0,3438.0,0.16,"[-0.0, -0.1, -0.1]","[0.0, 0.0, 0.0]",21.652,21.948,0.37,20.873,9.721,66.5,73.5,SASDEW3_fit1_model1.pdb,
SASDEW3,ok,401.0,3438.0,62.79,"[14.6, -57.1, -21.6]","[0.0, 0.0, 0.0]",29.553,34.835,0.613,33.753,27.552,17.0,57.0,SASDEW3_fit1_model2.pdb,
SASDEW5,ok,882.0,954.0,36.03,"[26.8, -15.5, -18.4]","[0.0, 0.0, 0.0]",16.465,16.375,0.718,17.483,14.307,26.5,25.5,SASDEW5_fit1_model1.pdb,
SASDEW5,ok,1717.0,954.0,0.1,"[-0.0, -0.1, 0.1]","[0.0, 0.0, 0.0]",9.953,7.198,0.535,8.29,3.699,88.0,33.0,SASDEW5_fit2_model1.pdb,
SASDEW7,ok,142.0,3936.0,10.81,"[-0.2, 8.7, 6.4]","[-0.0, 0.0, -0.0]",10.047,10.315,0.549,9.641,5.726,60.5,65.0,SASDEW7_fit1_model1.pdb,
SASDEW9,ok,806.0,825.0,3.06,"[-0.0, 0.0, 3.1]","[-0.1, 0.0, -0.0]",11.875,11.452,0.336,18.801,11.922,0.0,0.0,SASDEW9_fit1_model1.pdb,
SASDEX2,ok,82.0,219.0,101.51,"[-55.7, -45.5, -71.8]","[0.0, -0.0, -0.2]",81.6,80.066,1.0,75.965,66.668,73.0,64.5,SASDEX2_fit1_model1.pdb,
SASDEX2,ok,82.0,219.0,107.64,"[-55.6, -64.1, 66.0]","[0.0, -0.0, -0.2]",95.037,90.038,1.0,91.533,80.522,86.0,35.5,SASDEX2_fit1_model2.pdb,
SASDEX2,ok,82.0,219.0,55.3,"[-22.1, 48.0, 16.1]","[0.0, -0.0, -0.2]",29.195,36.469,0.976,34.525,23.494,15.5,66.0,SASDEX2_fit1_model3.pdb,
SASDEX3,ok,548.0,314.0,4.27,"[3.9, -0.1, -2.2]","[0.3, 0.0, 0.1]",19.797,20.601,0.58,19.182,6.804,57.0,70.0,SASDEX3_fit1_model1.pdb,
SASDEX3,ok,129.0,314.0,0.97,"[-0.6, 0.3, 0.1]","[0.3, 0.0, 0.1]",21.211,18.895,0.682,21.165,8.109,50.0,29.0,SASDEX3_fit1_model2.pdb,
SASDEX5,ok,882.0,936.0,11.73,"[7.1, 2.5, -9.0]","[0.0, -0.0, -0.0]",7.624,8.985,0.256,8.984,7.112,13.0,50.0,SASDEX5_fit1_model1.pdb,
SASDEX5,ok,1717.0,936.0,15.01,"[8.4, 1.0, -12.4]","[0.0, -0.0, -0.0]",6.98,8.739,0.314,8.887,6.69,4.0,45.5,SASDEX5_fit2_model1.pdb,
SASDEX6,ok,1208.0,913.0,1.34,"[-0.3, -1.3, 0.1]","[0.0, 0.0, -0.0]",7.291,6.755,0.367,7.289,3.569,50.5,42.5,SASDEX6_fit1_model1.pdb,
SASDEX7,ok,142.0,3947.0,13.95,"[-12.3, -6.3, 2.1]","[-0.0, -0.0, -0.0]",10.953,10.746,0.585,10.543,6.795,60.5,55.5,SASDEX7_fit1_model1.pdb,
SASDEX9,ok,1542.0,1735.0,1.74,"[1.7, -0.0, -0.0]","[-0.0, -0.0, -0.0]",3.735,3.626,0.165,3.845,3.551,21.0,3.5,SASDEX9_fit1_model1.pdb,
SASDEX9,ok,1512.0,1735.0,0.0,"[-0.0, -0.0, -0.0]","[-0.0, -0.0, -0.0]",3.766,3.852,0.173,3.843,3.442,32.0,51.0,SASDEX9_fit2_model1.pdb,
SASDEY3,ok,160.0,681.0,19.16,"[4.9, -10.3, 15.4]","[0.0, -0.0, -0.0]",9.387,9.569,0.812,9.409,8.864,46.5,73.0,SASDEY3_fit1_model1.pdb,
SASDEY3,ok,320.0,681.0,27.0,"[-4.6, -2.1, 26.5]","[0.0, -0.0, -0.0]",13.336,14.317,0.906,14.531,11.052,32.0,46.5,SASDEY3_fit2_model1.pdb,
SASDEY3,ok,160.0,681.0,19.16,"[4.9, -10.3, 15.4]","[0.0, -0.0, -0.0]",9.387,9.569,0.812,9.409,8.864,46.5,73.0,SASDEY3_fit2_model2.pdb,
SASDEY5,ok,1764.0,3757.0,22.1,"[-2.2, -3.9, -21.6]","[-0.0, -0.0, -0.0]",26.664,26.041,0.614,21.062,6.073,95.0,91.5,SASDEY5_fit1_model1.pdb,
SASDEY5,ok,3579.0,3757.0,22.81,"[-4.3, -4.0, -22.0]","[-0.0, -0.0, -0.0]",26.582,25.628,0.626,20.166,5.486,94.5,88.0,SASDEY5_fit2_model1.pdb,
SASDEY6,ok,1642.0,1606.0,1.45,"[1.3, 0.1, -0.6]","[0.0, -0.0, -0.0]",12.738,12.662,0.473,12.073,6.928,57.5,57.0,SASDEY6_fit1_model1.pdb,
SASDEY6,ok,958.0,1606.0,0.76,"[-0.0, -0.0, -0.8]","[0.0, -0.0, -0.0]",13.594,13.113,0.53,12.246,6.049,63.5,60.5,SASDEY6_fit2_model1.pdb,
SASDEY7,ok,142.0,4278.0,32.35,"[-27.9, -15.7, -4.5]","[-0.0, -0.0, -0.0]",18.436,18.541,0.676,23.155,16.141,7.5,8.0,SASDEY7_fit1_model1.pdb,
SASDEY9,ok,889.0,4707.0,3.01,"[0.9, 2.6, 1.2]","[-0.0, 0.0, -0.0]",7.777,7.976,0.555,8.564,2.236,38.0,38.0,SASDEY9_fit1_model1.pdb,
SASDEY9,ok,859.0,4707.0,3.86,"[2.6, 2.8, -0.4]","[-0.0, 0.0, -0.0]",8.254,8.566,0.555,8.83,2.259,42.0,46.5,SASDEY9_fit1_model2.pdb,
SASDEY9,ok,403.0,4707.0,13.61,"[-2.1, 12.3, 5.6]","[-0.0, 0.0, -0.0]",13.197,13.239,0.72,11.021,5.151,87.0,87.0,SASDEY9_fit2_model1.pdb,
SASDEY9,ok,403.0,4707.0,0.89,"[-0.6, -0.6, -0.3]","[-0.0, 0.0, -0.0]",10.12,9.844,0.605,9.201,2.854,62.5,60.5,SASDEY9_fit3_model1.pdb,
SASDEZ2,ok,114.0,310.0,111.01,"[46.2, 71.0, -71.8]","[0.1, -0.0, -0.0]",93.187,87.549,1.0,89.005,75.828,85.5,39.5,SASDEZ2_fit1_model1.pdb,
SASDEZ2,ok,114.0,310.0,55.15,"[37.4, -33.2, -23.4]","[0.1, -0.0, -0.0]",37.626,38.545,1.0,37.669,28.863,49.5,60.0,SASDEZ2_fit1_model2.pdb,
SASDEZ2,ok,114.0,310.0,76.04,"[61.4, 23.7, -38.2]","[0.1, -0.0, -0.0]",60.66,61.875,1.0,58.248,49.638,88.5,96.0,SASDEZ2_fit1_model3.pdb,
SASDEZ2,ok,114.0,310.0,104.01,"[1.2, 101.0, 24.9]","[0.1, -0.0, -0.0]",84.302,82.168,1.0,81.624,74.0,79.0,56.5,SASDEZ2_fit1_model4.pdb,
SASDEZ3,ok,146.0,825.0,6.84,"[-5.8, 3.4, -1.5]","[0.0, 0.0, 0.0]",4.145,4.158,0.37,4.009,3.505,82.0,83.5,SASDEZ3_fit1_model1.pdb,
SASDEZ3,ok,147.0,825.0,16.57,"[-13.0, 3.9, -9.5]","[0.0, 0.0, 0.0]",6.775,7.095,0.66,7.046,5.763,17.5,58.0,SASDEZ3_fit2_model1.pdb,
SASDEZ3,ok,160.0,825.0,19.16,"[4.9, -10.3, 15.4]","[0.0, 0.0, 0.0]",8.751,9.195,0.75,8.96,8.274,24.5,75.5,SASDEZ3_fit3_model1.pdb,
SASDEZ3,ok,320.0,825.0,26.98,"[-4.6, -2.1, 26.5]","[0.0, 0.0, 0.0]",13.589,14.494,0.875,15.044,11.326,27.0,40.0,SASDEZ3_fit3_model2.pdb,
SASDEZ5,ok,1764.0,3756.0,0.59,"[-0.0, 0.0, 0.6]","[-0.0, 0.0, -0.0]",23.568,23.502,0.626,20.331,5.141,85.5,84.5,SASDEZ5_fit1_model1.pdb,
SASDEZ5,ok,925.0,3756.0,1.17,"[0.0, 0.0, 1.2]","[-0.0, 0.0, -0.0]",19.36,19.27,0.592,18.443,5.191,57.5,56.0,SASDEZ5_fit2_model1.pdb,
SASDEZ6,ok,963.0,839.0,1.53,"[-0.7, 0.2, -1.3]","[0.0, -0.0, 0.0]",6.289,6.415,0.449,5.673,3.096,66.0,70.5,SASDEZ6_fit1_model1.pdb,
SASDEZ6,ok,348.0,839.0,16.86,"[9.6, 8.9, -10.7]","[0.0, -0.0, 0.0]",9.194,9.946,0.477,10.077,7.506,26.0,47.0,SASDEZ6_fit2_model1.pdb,
SASDEZ7,ok,142.0,4215.0,14.79,"[-11.5, -9.3, -1.1]","[-0.0, 0.0, -0.0]",11.619,11.982,0.669,10.155,7.641,92.5,99.5,SASDEZ7_fit1_model1.pdb,
SASDEZ8,ok,361.0,1531.0,254.74,"[233.6, -25.5, 98.4]","[0.0, 0.0, 0.0]",214.203,215.674,1.0,214.454,207.209,47.0,68.0,SASDEZ8_fit1_model1.pdb,
SASDEZ8,ok,361.0,1531.0,267.14,"[237.1, -17.0, 121.9]","[0.0, 0.0, 0.0]",227.502,232.105,1.0,223.214,210.428,74.5,99.0,SASDEZ8_fit1_model2.pdb,
SASDEZ9,ok,850.0,1238.0,0.06,"[0.0, -0.0, 0.1]","[0.0, 0.0, 0.0]",16.125,13.669,0.552,12.908,7.728,84.5,61.5,SASDEZ9_fit1_model1.pdb,
SASDEZ9,ok,850.0,1238.0,5.02,"[-4.8, -0.7, -1.2]","[0.0, 0.0, 0.0]",11.121,11.81,0.405,12.953,8.539,24.0,37.5,SASDEZ9_fit2_model1.pdb,
SASDEZ9,ok,850.0,1238.0,2.29,"[-1.7, 1.3, -0.9]","[0.0, 0.0, 0.0]",10.364,10.511,0.367,13.111,8.296,12.0,14.0,SASDEZ9_fit3_model1.pdb,
SASDF24,ok,950.0,1636.0,0.26,"[-0.2, 0.0, -0.1]","[0.0, -0.0, -0.0]",5.922,6.651,0.225,11.034,6.156,0.0,2.0,SASDF24_fit1_model1.pdb,
SASDF26,ok,804.0,1669.0,310.16,"[33.6, -38.3, 305.9]","[-0.0, -0.0, -0.0]",230.442,229.838,1.0,237.549,226.858,11.5,8.5,SASDF26_fit1_model1.pdb,
SASDF27,ok,231.0,182.0,11.41,"[7.7, -5.6, -0.9]","[-0.9, 1.8, -1.7]",11.728,16.167,0.641,14.552,8.3,18.0,81.5,SASDF27_fit1_model1.pdb,
SASDF29,ok,1480.0,1071.0,24.43,"[-18.6, -15.7, -1.9]","[-0.0, 0.0, 0.0]",11.601,11.748,0.841,13.776,10.67,4.0,6.0,SASDF29_fit1_model1.pdb,
SASDF33,ok,712.0,994.0,3.59,"[0.2, -2.1, 2.9]","[0.0, 0.0, 0.0]",11.085,10.364,0.556,14.565,7.005,19.0,12.0,SASDF33_fit1_model1.pdb,
SASDF33,ok,917.0,994.0,82.72,"[-70.2, -14.7, 41.1]","[0.0, 0.0, 0.0]",52.889,54.285,0.96,54.905,45.006,38.0,45.0,SASDF33_fit2_model1.pdb,
SASDF37,ok,549.0,2043.0,2.16,"[-2.0, -0.5, -0.8]","[-0.0, -0.0, -0.0]",3.136,2.949,0.175,5.098,2.684,1.5,1.0,SASDF37_fit1_model1.pdb,
SASDF39,ok,3540.0,1295.0,25.27,"[14.9, 18.5, -8.6]","[-0.0, -0.0, 0.0]",12.096,10.165,0.91,8.695,6.661,100.0,87.0,SASDF39_fit1_model1.pdb,
SASDF42,ok,954.0,2080.0,0.23,"[-0.0, 0.1, 0.2]","[0.0, 0.0, -0.0]",14.223,14.925,0.584,10.16,5.777,95.0,99.0,SASDF42_fit1_model1.pdb,
SASDF45,ok,1067.0,924.0,30.09,"[2.0, 21.8, 20.6]","[0.0, -0.0, 0.0]",22.127,25.222,0.673,22.609,16.182,44.5,79.0,SASDF45_fit1_model1.pdb,
SASDF47,ok,792.0,3563.0,1.53,"[0.1, -0.4, 1.5]","[0.0, 0.0, -0.0]",2.546,3.462,0.173,9.714,2.58,0.0,2.0,SASDF47_fit1_model1.pdb,
SASDF52,ok,259.0,857.0,53.52,"[-20.6, -29.2, -39.9]","[0.0, -0.0, -0.0]",27.801,36.676,0.842,36.303,27.377,0.5,54.0,SASDF52_fit1_model1.pdb,
SASDF52,ok,259.0,857.0,31.07,"[24.1, -15.5, -12.1]","[0.0, -0.0, -0.0]",17.52,21.229,0.923,20.252,15.4,5.5,68.0,SASDF52_fit1_model2.pdb,
SASDF52,ok,259.0,857.0,63.89,"[-20.2, -31.1, -52.0]","[0.0, -0.0, -0.0]",36.186,46.288,0.923,45.263,29.56,14.0,58.0,SASDF52_fit1_model3.pdb,
SASDF52,ok,259.0,857.0,41.09,"[15.0, -29.8, -24.0]","[0.0, -0.0, -0.0]",28.722,33.602,0.969,28.926,19.496,49.0,86.5,SASDF52_fit1_model4.pdb,
SASDF53,ok,1828.0,1534.0,2.42,"[-1.8, 1.6, -0.5]","[-0.0, 0.0, -0.0]",2.525,3.419,0.274,3.325,1.888,17.5,56.0,SASDF53_fit1_model1.pdb,
SASDF53,ok,258.0,1534.0,44.33,"[30.1, 29.3, 14.1]","[-0.0, 0.0, -0.0]",27.34,26.68,1.0,26.484,23.65,75.0,56.5,SASDF53_fit2_model1.pdb,
SASDF55,ok,904.0,3129.0,29.46,"[13.0, 19.6, 17.7]","[0.0, -0.0, -0.0]",23.959,18.979,0.81,24.051,11.728,49.0,26.5,SASDF55_fit1_model1.pdb,
SASDF57,ok,698.0,368.0,1.07,"[-0.1, -1.1, -0.0]","[-0.0, -0.0, 0.1]",11.82,12.171,0.57,13.166,4.511,37.0,39.5,SASDF57_fit1_model1.pdb,
SASDF59,ok,270.0,1380.0,35.95,"[34.2, -0.0, 11.1]","[-0.0, 0.0, -0.0]",18.833,17.911,0.904,18.39,16.845,72.5,35.0,SASDF59_fit1_model1.pdb,
SASDF59,ok,270.0,1380.0,50.92,"[32.6, 22.8, 31.7]","[-0.0, 0.0, -0.0]",27.406,32.241,0.967,30.895,24.759,15.5,68.5,SASDF59_fit2_model1.pdb,
SASDF63,ok,884.0,5000.0,0.6,"[-0.3, 0.3, 0.4]","[-0.0, -0.0, 0.0]",8.944,8.978,0.518,7.62,2.986,84.5,85.0,SASDF63_fit1_model1.pdb,
SASDF65,ok,492.0,4102.0,6.32,"[-5.1, 1.6, 3.3]","[-0.0, 0.0, 0.0]",12.279,13.117,0.5,10.846,5.085,80.5,96.5,SASDF65_fit1_model1.pdb,
SASDF65,ok,492.0,4102.0,5.97,"[-5.3, 0.9, 2.6]","[-0.0, 0.0, 0.0]",12.648,13.231,0.5,10.876,5.007,85.0,96.5,SASDF65_fit2_model1.pdb,
SASDF65,ok,492.0,4102.0,8.38,"[-7.0, 2.8, 3.6]","[-0.0, 0.0, 0.0]",13.41,14.245,0.5,11.867,5.251,79.0,96.5,SASDF65_fit2_model2.pdb,
SASDF65,ok,492.0,4102.0,2.12,"[-2.0, 0.7, 0.5]","[-0.0, 0.0, 0.0]",11.292,11.588,0.496,9.048,4.767,98.5,99.5,SASDF65_fit2_model3.pdb,
SASDF67,ok,296.0,256.0,7.13,"[-1.8, -1.9, -6.0]","[-0.6, -0.2, 0.8]",21.531,9.66,0.716,19.254,6.832,90.0,7.5,SASDF67_fit1_model1.pdb,
SASDF69,ok,270.0,1613.0,35.95,"[34.2, -0.0, 11.1]","[-0.0, 0.0, -0.0]",16.469,16.99,0.793,16.759,15.114,40.0,62.0,SASDF69_fit1_model1.pdb,
SASDF69,ok,270.0,1613.0,50.92,"[32.6, 22.8, 31.7]","[-0.0, 0.0, -0.0]",29.245,36.234,0.985,32.713,26.838,15.5,95.0,SASDF69_fit2_model1.pdb,
SASDF72,ok,1004.0,3430.0,0.96,"[0.3, -0.2, -0.9]","[0.0, -0.0, -0.0]",3.138,1.849,0.179,6.323,1.884,4.0,0.0,SASDF72_fit1_model1.pdb,
SASDF73,ok,1590.0,1230.0,2.76,"[0.7, 2.3, -1.4]","[0.0, -0.0, 0.0]",3.535,5.657,0.23,5.041,3.202,1.5,74.0,SASDF73_fit1_model1.pdb,
SASDF73,ok,413.0,1230.0,130.92,"[50.9, 27.8, 117.4]","[0.0, -0.0, 0.0]",100.242,101.968,1.0,99.673,93.52,60.5,82.5,SASDF73_fit3_model1.pdb,
SASDF75,ok,452.0,1964.0,7.96,"[-0.4, -4.6, 6.5]","[0.0, 0.0, -0.0]",7.509,7.952,0.285,8.655,5.635,24.0,32.5,SASDF75_fit1_model1.pdb,
SASDF76,ok,752.0,2029.0,0.43,"[0.0, 0.0, 0.4]","[0.0, -0.0, -0.0]",6.909,7.534,0.273,8.826,5.703,5.5,17.0,SASDF76_fit1_model1.pdb,
SASDF77,ok,697.0,2282.0,1.85,"[0.8, 0.6, -1.6]","[-0.0, -0.0, 0.0]",4.98,4.921,0.479,4.036,2.023,94.5,92.5,SASDF77_fit1_model1.pdb,
SASDF79,ok,270.0,1539.0,35.95,"[34.2, -0.0, 11.1]","[-0.0, 0.0, 0.0]",17.878,17.805,0.893,18.014,16.589,47.0,42.5,SASDF79_fit1_model1.pdb,
SASDF79,ok,270.0,1539.0,50.92,"[32.6, 22.8, 31.7]","[-0.0, 0.0, 0.0]",28.142,35.639,0.985,31.301,25.63,19.0,97.5,SASDF79_fit2_model1.pdb,
SASDF82,ok,1149.0,1254.0,3.0,"[-0.1, -2.9, -0.8]","[0.0, -0.0, -0.0]",3.766,4.561,0.288,4.694,2.947,13.0,44.5,SASDF82_fit1_model1.pdb,
SASDF83,ok,396.0,2919.0,6.54,"[-3.2, -4.7, 3.2]","[-0.0, -0.0, 0.0]",17.705,19.074,0.649,17.031,5.019,59.0,77.0,SASDF83_fit2_model1.pdb,
SASDF83,ok,661.0,2919.0,28.25,"[-14.8, -10.7, -21.5]","[-0.0, -0.0, 0.0]",23.875,23.141,0.75,21.244,10.769,81.0,71.0,SASDF83_fit3_model1.pdb,
SASDF85,ok,973.0,5000.0,2.42,"[-0.2, -0.9, 2.2]","[0.0, -0.0, -0.0]",2.527,2.654,0.193,5.18,1.849,4.5,5.0,SASDF85_fit1_model1.pdb,
SASDF85,ok,185.0,5000.0,138.22,"[42.0, -24.6, 129.4]","[0.0, -0.0, -0.0]",110.412,113.411,1.0,112.468,108.236,25.0,62.0,SASDF85_fit2_model1.pdb,
SASDF86,ok,280.0,741.0,90.24,"[-27.6, 11.8, 85.1]","[0.0, 0.0, -0.0]",68.013,68.175,1.0,70.075,63.27,27.0,29.0,SASDF86_fit1_model1.pdb,
SASDF87,ok,1543.0,2214.0,81.87,"[-19.0, 23.5, 76.1]","[-0.0, -0.0, 0.0]",52.373,53.906,1.0,57.644,50.097,8.0,19.5,SASDF87_fit1_model1.pdb,
SASDF87,ok,1062.0,2214.0,80.55,"[-17.6, 23.0, 75.2]","[-0.0, -0.0, 0.0]",48.606,50.816,1.0,55.612,47.552,3.0,14.0,SASDF87_fit2_model1.pdb,
SASDF89,ok,270.0,1599.0,35.94,"[34.2, -0.0, 11.1]","[0.0, -0.0, 0.0]",17.066,18.046,0.893,17.557,15.944,31.5,68.5,SASDF89_fit1_model1.pdb,
SASDF89,ok,270.0,1599.0,50.92,"[32.6, 22.8, 31.7]","[0.0, -0.0, 0.0]",25.844,32.447,0.963,29.019,23.008,20.5,92.0,SASDF89_fit2_model1.pdb,
SASDF92,ok,713.0,2485.0,3.55,"[-2.9, -1.8, 0.8]","[0.0, 0.0, -0.0]",5.793,5.771,0.309,6.152,2.926,36.5,36.5,SASDF92_fit1_model1.pdb,
SASDF93,ok,1226.0,1631.0,61.21,"[17.7, 32.3, 48.9]","[-0.0, -0.0, -0.0]",30.604,27.484,0.974,29.44,27.072,76.5,10.0,SASDF93_fit1_model1.pdb,
SASDF94,ok,49.0,1187.0,41.81,"[21.1, 27.2, 23.6]","[-0.0, -0.0, 0.0]",28.26,28.117,1.0,27.725,25.454,71.5,65.5,SASDF94_fit1_model1.pdb,
SASDF94,ok,103.0,1187.0,16.74,"[-9.0, -9.1, -10.8]","[-0.0, -0.0, 0.0]",9.344,9.694,0.456,9.596,8.737,27.0,59.0,SASDF94_fit1_model2.pdb,
SASDF94,ok,309.0,1187.0,10.78,"[0.0, 0.0, -10.8]","[-0.0, -0.0, 0.0]",5.765,5.76,0.324,5.29,4.655,93.0,93.0,SASDF94_fit1_model3.pdb,
SASDF94,ok,612.0,1187.0,17.18,"[-0.0, 0.0, 17.2]","[-0.0, -0.0, 0.0]",5.579,5.642,0.503,6.726,5.317,6.0,8.5,SASDF94_fit1_model4.pdb,
SASDF95,ok,635.0,865.0,3.08,"[-2.8, -0.9, -0.8]","[-0.0, -0.0, 0.0]",6.104,8.175,0.389,7.36,4.097,20.5,69.0,SASDF95_fit1_model1.pdb,
SASDF95,ok,369.0,865.0,299.44,"[29.5, 282.4, 95.1]","[-0.0, -0.0, 0.0]",272.766,267.231,1.0,273.325,266.933,39.0,1.0,SASDF95_fit2_model1.pdb,
SASDF96,ok,482.0,267.0,0.16,"[-0.0, 0.0, 0.0]","[0.1, -0.1, -0.1]",21.798,23.784,0.651,24.006,11.517,37.5,49.0,SASDF96_fit1_model1.pdb,
SASDF97,ok,761.0,984.0,59.8,"[-12.9, 24.2, 53.2]","[0.0, 0.0, 0.0]",34.218,38.764,1.0,35.232,29.366,35.0,90.5,SASDF97_fit1_model1.pdb,
SASDF97,ok,531.0,984.0,57.84,"[-11.9, 22.8, 51.8]","[0.0, 0.0, 0.0]",32.253,34.458,1.0,32.231,25.899,50.5,96.5,SASDF97_fit2_model1.pdb,
SASDF99,ok,583.0,803.0,113.34,"[60.3, 27.1, 92.1]","[-0.0, -0.0, 0.0]",85.603,83.692,1.0,86.796,79.212,32.0,14.0,SASDF99_fit1_model1.pdb,
SASDF99,ok,585.0,803.0,112.92,"[61.3, 26.5, 91.1]","[-0.0, -0.0, 0.0]",82.063,81.044,1.0,85.443,79.842,10.0,5.5,SASDF99_fit2_model1.pdb,
SASDF99,ok,583.0,803.0,112.94,"[61.3, 26.5, 91.1]","[-0.0, -0.0, 0.0]",81.713,82.077,1.0,85.211,79.327,9.5,11.0,SASDF99_fit3_model1.pdb,
SASDFA2,ok,891.0,1297.0,2.25,"[0.3, -1.4, 1.7]","[-0.0, 0.0, 0.0]",6.742,4.639,0.48,5.147,3.223,98.0,34.5,SASDFA2_fit1_model1.pdb,
SASDFA4,ok,101.0,1224.0,12.22,"[-8.9, 8.4, 0.0]","[-0.0, -0.0, 0.0]",6.507,6.461,0.079,5.897,5.198,98.0,97.5,SASDFA4_fit1_model1.pdb,
SASDFA4,ok,294.0,1224.0,0.13,"[0.0, 0.0, 0.1]","[-0.0, -0.0, 0.0]",3.113,3.138,0.224,3.177,2.953,32.0,37.5,SASDFA4_fit1_model2.pdb,
SASDFA6,ok,376.0,1800.0,4.97,"[2.8, 4.1, -0.1]","[-0.0, -0.0, 0.0]",27.568,29.718,0.761,26.504,6.089,54.5,65.0,SASDFA6_fit1_model1.pdb,
SASDFA7,ok,367.0,238.0,4.4,"[2.2, -1.2, -3.4]","[0.4, -0.6, 0.6]",11.926,16.285,0.689,15.069,4.729,27.5,59.5,SASDFA7_fit1_model1.pdb,
SASDFA7,ok,430.0,238.0,51.9,"[30.8, 35.8, 21.7]","[0.4, -0.6, 0.6]",40.158,42.937,1.0,38.508,32.707,66.5,85.0,SASDFA7_fit2_model1.pdb,
SASDFA9,ok,657.0,233.0,44.28,"[30.9, -17.3, 26.9]","[0.1, 0.0, 0.1]",21.587,27.408,0.89,28.003,21.167,1.5,45.5,SASDFA9_fit1_model1.pdb,
SASDFA9,ok,657.0,233.0,31.21,"[-4.6, -28.8, -11.0]","[0.1, 0.0, 0.1]",20.392,22.111,0.819,22.85,18.589,5.5,35.0,SASDFA9_fit1_model10.pdb,
SASDFA9,ok,657.0,233.0,38.68,"[17.7, 7.2, 33.8]","[0.1, 0.0, 0.1]",17.376,24.587,0.842,25.057,15.43,3.5,42.5,SASDFA9_fit1_model11.pdb,
SASDFA9,ok,657.0,233.0,28.09,"[-11.4, -22.7, 12.0]","[0.1, 0.0, 0.1]",18.249,21.148,0.717,19.793,14.017,21.5,71.0,SASDFA9_fit1_model12.pdb,
SASDFA9,ok,657.0,233.0,36.23,"[32.4, 10.5, 12.7]","[0.1, 0.0, 0.1]",22.619,25.11,0.898,25.697,18.823,16.5,41.0,SASDFA9_fit1_model13.pdb,
SASDFA9,ok,657.0,233.0,27.42,"[12.7, 21.8, -10.8]","[0.1, 0.0, 0.1]",16.517,22.57,0.86,19.862,13.891,10.0,82.0,SASDFA9_fit1_model14.pdb,
SASDFA9,ok,657.0,233.0,45.09,"[40.4, 19.2, -6.4]","[0.1, 0.0, 0.1]",26.821,27.256,0.826,34.136,25.567,2.0,4.5,SASDFA9_fit1_model15.pdb,
SASDFA9,ok,657.0,233.0,40.02,"[27.7, -0.1, -28.8]","[0.1, 0.0, 0.1]",22.937,26.606,0.808,26.229,18.902,16.0,56.0,SASDFA9_fit1_model16.pdb,
SASDFA9,ok,657.0,233.0,25.95,"[19.5, -5.6, 16.4]","[0.1, 0.0, 0.1]",14.395,16.854,0.826,16.654,12.844,20.0,51.5,SASDFA9_fit1_model17.pdb,
SASDFA9,ok,657.0,233.0,52.36,"[-4.9, -45.0, -26.1]","[0.1, 0.0, 0.1]",30.601,38.382,0.93,41.436,29.064,1.5,31.0,SASDFA9_fit1_model18.pdb,
SASDFA9,ok,657.0,233.0,41.49,"[40.1, 11.2, -0.8]","[0.1, 0.0, 0.1]",23.483,23.94,0.74,31.611,23.729,0.0,1.0,SASDFA9_fit1_model19.pdb,
SASDFA9,ok,657.0,233.0,43.3,"[40.9, 14.1, -3.5]","[0.1, 0.0, 0.1]",25.565,25.282,0.826,32.867,24.605,5.0,2.5,SASDFA9_fit1_model2.pdb,
SASDFA9,ok,657.0,233.0,49.34,"[15.5, 20.7, -41.9]","[0.1, 0.0, 0.1]",19.264,31.108,0.849,27.087,18.194,1.5,82.5,SASDFA9_fit1_model20.pdb,
SASDFA9,ok,657.0,233.0,51.07,"[30.5, 11.9, -39.1]","[0.1, 0.0, 0.1]",21.271,32.7,0.872,31.932,22.621,0.0,56.5,SASDFA9_fit1_model3.pdb,
SASDFA9,ok,657.0,233.0,41.15,"[27.6, -21.1, 22.4]","[0.1, 0.0, 0.1]",20.451,27.551,0.814,26.298,19.851,1.0,67.5,SASDFA9_fit1_model4.pdb,
SASDFA9,ok,657.0,233.0,43.74,"[27.8, 21.8, -25.9]","[0.1, 0.0, 0.1]",22.749,31.034,0.837,30.251,19.85,6.0,59.5,SASDFA9_fit1_model5.pdb,
SASDFA9,ok,657.0,233.0,56.43,"[30.1, 6.5, -47.2]","[0.1, 0.0, 0.1]",23.151,36.923,0.904,36.102,24.12,0.0,60.5,SASDFA9_fit1_model6.pdb,
SASDFA9,ok,657.0,233.0,39.68,"[16.9, 18.8, -30.5]","[0.1, 0.0, 0.1]",15.106,23.138,0.846,23.898,14.106,1.5,43.5,SASDFA9_fit1_model7.pdb,
SASDFA9,ok,657.0,233.0,39.34,"[15.1, 35.1, -9.5]","[0.1, 0.0, 0.1]",22.54,26.86,0.84,29.025,21.915,1.5,24.0,SASDFA9_fit1_model8.pdb,
SASDFA9,ok,657.0,233.0,50.51,"[35.2, 32.4, -16.3]","[0.1, 0.0, 0.1]",27.96,31.587,0.857,36.403,27.056,4.0,18.0,SASDFA9_fit1_model9.pdb,
SASDFB2,ok,769.0,1253.0,2.18,"[-1.1, 1.8, 0.6]","[0.0, 0.0, 0.0]",4.094,4.213,0.224,7.002,4.228,0.0,0.0,SASDFB2_fit1_model1.pdb,
SASDFB6,ok,959.0,2013.0,2.12,"[0.5, -2.0, -0.5]","[0.0, -0.0, -0.0]",14.226,14.172,0.595,10.249,5.171,99.5,99.0,SASDFB6_fit1_model1.pdb,
SASDFB6,ok,959.0,2013.0,2.12,"[0.5, -2.0, -0.5]","[0.0, -0.0, -0.0]",14.226,14.172,0.595,10.249,5.171,99.5,99.0,SASDFB6_fit1_model2.pdb,
SASDFB6,ok,905.0,2013.0,44.27,"[-41.1, -10.6, -12.5]","[0.0, -0.0, -0.0]",23.733,25.883,0.619,21.375,13.38,75.0,88.5,SASDFB6_fit2_model1.pdb,
SASDFB7,ok,1952.0,1017.0,0.02,"[0.0, 0.0, -0.0]","[0.0, 0.0, 0.0]",9.336,9.019,0.263,9.025,7.145,72.5,49.5,SASDFB7_fit1_model1.pdb,
SASDFB7,ok,1158.0,1017.0,0.02,"[0.0, -0.0, 0.0]","[0.0, 0.0, 0.0]",7.729,7.896,0.278,9.224,6.282,15.5,19.0,SASDFB7_fit2_model1.pdb,
SASDFB7,ok,1499.0,1017.0,0.59,"[0.3, -0.5, 0.2]","[0.0, 0.0, 0.0]",7.454,7.356,0.343,9.006,6.052,16.5,13.0,SASDFB7_fit2_model2.pdb,
SASDFB9,ok,657.0,266.0,44.29,"[20.4, -7.9, -38.5]","[-0.3, 0.0, -0.1]",16.122,25.172,0.715,27.613,15.318,2.0,35.5,SASDFB9_fit1_model1.pdb,
SASDFB9,ok,657.0,266.0,32.73,"[29.0, 14.3, 3.5]","[-0.3, 0.0, -0.1]",20.009,19.815,0.831,23.617,18.764,6.0,4.5,SASDFB9_fit1_model10.pdb,
SASDFB9,ok,657.0,266.0,32.73,"[29.0, 14.3, 3.5]","[-0.3, 0.0, -0.1]",20.009,19.815,0.831,23.617,18.764,6.0,4.5,SASDFB9_fit1_model11.pdb,
SASDFB9,ok,657.0,266.0,31.06,"[25.3, 1.1, 17.5]","[-0.3, 0.0, -0.1]",19.639,21.026,0.865,21.656,16.861,20.0,39.0,SASDFB9_fit1_model12.pdb,
SASDFB9,ok,657.0,266.0,31.06,"[25.3, 1.1, 17.5]","[-0.3, 0.0, -0.1]",19.639,21.026,0.865,21.656,16.861,20.0,39.0,SASDFB9_fit1_model13.pdb,
SASDFB9,ok,657.0,266.0,33.4,"[12.1, -30.5, 5.1]","[-0.3, 0.0, -0.1]",18.767,18.523,0.75,22.962,18.078,2.0,1.0,SASDFB9_fit1_model14.pdb,
SASDFB9,ok,657.0,266.0,37.7,"[-12.7, 34.3, -9.7]","[-0.3, 0.0, -0.1]",19.59,23.556,0.738,28.956,20.291,0.0,9.0,SASDFB9_fit1_model15.pdb,
SASDFB9,ok,657.0,266.0,46.33,"[16.7, 22.1, -37.1]","[-0.3, 0.0, -0.1]",22.161,34.412,0.866,31.651,22.768,0.0,88.0,SASDFB9_fit1_model16.pdb,
SASDFB9,ok,657.0,266.0,23.86,"[-6.7, 14.4, -18.0]","[-0.3, 0.0, -0.1]",17.044,17.085,0.726,17.315,13.673,44.0,45.5,SASDFB9_fit1_model17.pdb,
SASDFB9,ok,657.0,266.0,29.52,"[-6.8, 26.8, -10.8]","[-0.3, 0.0, -0.1]",17.442,19.125,0.788,21.995,17.133,1.0,9.5,SASDFB9_fit1_model18.pdb,
SASDFB9,ok,657.0,266.0,41.77,"[10.2, -31.3, 25.5]","[-0.3, 0.0, -0.1]",24.535,34.684,0.855,31.861,22.4,3.0,77.0,SASDFB9_fit1_model19.pdb,
SASDFB9,ok,657.0,266.0,38.36,"[-34.4, 6.0, -16.6]","[-0.3, 0.0, -0.1]",22.72,25.321,0.854,28.985,23.18,0.0,12.0,SASDFB9_fit1_model2.pdb,
SASDFB9,ok,657.0,266.0,23.05,"[13.1, -13.5, -13.2]","[-0.3, 0.0, -0.1]",15.031,16.862,0.851,13.111,8.638,77.5,97.0,SASDFB9_fit1_model20.pdb,
SASDFB9,ok,657.0,266.0,26.47,"[-5.7, -25.8, 1.5]","[-0.3, 0.0, -0.1]",18.683,16.313,0.825,19.354,16.409,34.0,0.0,SASDFB9_fit1_model3.pdb,
SASDFB9,ok,657.0,266.0,35.67,"[-19.1, 16.0, -25.8]","[-0.3, 0.0, -0.1]",21.858,24.481,0.816,26.549,21.12,1.5,19.5,SASDFB9_fit1_model4.pdb,
SASDFB9,ok,657.0,266.0,32.84,"[-2.0, -13.2, -30.1]","[-0.3, 0.0, -0.1]",14.427,21.006,0.676,21.008,13.157,3.0,50.0,SASDFB9_fit1_model5.pdb,
SASDFB9,ok,657.0,266.0,34.78,"[-31.9, 9.9, -10.7]","[-0.3, 0.0, -0.1]",19.224,21.171,0.779,25.704,19.127,1.0,4.0,SASDFB9_fit1_model6.pdb,
SASDFB9,ok,657.0,266.0,33.79,"[28.0, -14.5, 11.4]","[-0.3, 0.0, -0.1]",20.42,24.585,0.865,23.561,16.795,14.5,63.5,SASDFB9_fit1_model7.pdb,
SASDFB9,ok,657.0,266.0,44.49,"[-7.0, 42.8, 10.3]","[-0.3, 0.0, -0.1]",22.647,27.995,0.766,33.057,23.282,0.0,22.5,SASDFB9_fit1_model8.pdb,
SASDFB9,ok,657.0,266.0,44.58,"[-39.0, -1.7, -22.0]","[-0.3, 0.0, -0.1]",26.621,32.332,0.875,35.099,27.125,0.0,23.0,SASDFB9_fit1_model9.pdb,
SASDFC2,ok,590.0,1098.0,2.61,"[-0.7, 0.4, 2.5]","[-0.0, -0.0, -0.0]",5.44,5.391,0.349,5.805,3.438,39.5,36.5,SASDFC2_fit1_model1.pdb,
SASDFC3,ok,4480.0,1158.0,94.87,"[18.1, 88.7, 28.3]","[-0.0, 0.0, -0.0]",43.966,42.131,0.91,42.65,39.079,69.5,39.0,SASDFC3_fit1_model1.pdb,
SASDFC4,ok,6120.0,1189.0,0.01,"[-0.0, -0.0, -0.0]","[-0.0, 0.0, 0.0]",8.349,8.164,0.272,13.56,7.171,2.0,2.0,SASDFC4_fit1_model1.pdb,
SASDFC4,ok,824.0,1189.0,83.02,"[-52.9, 45.7, -44.8]","[-0.0, 0.0, 0.0]",48.166,47.495,0.988,48.847,39.911,42.5,37.0,SASDFC4_fit2_model1.pdb,
SASDFC5,ok,1163.0,845.0,2.4,"[-2.0, 0.6, 1.2]","[-0.0, -0.0, -0.0]",5.917,7.255,0.354,7.339,5.054,13.0,46.0,SASDFC5_fit1_model1.pdb,
SASDFC6,ok,568.0,2402.0,55.42,"[28.7, 30.2, 36.5]","[-0.0, 0.0, -0.0]",32.77,27.413,0.981,30.476,25.324,74.5,9.5,SASDFC6_fit1_model1.pdb,
SASDFC7,ok,1904.0,1372.0,0.01,"[0.0, -0.0, 0.0]","[-0.0, -0.0, -0.0]",5.759,6.074,0.225,5.829,4.555,40.0,68.5,SASDFC7_fit1_model1.pdb,
SASDFC7,ok,1425.0,1372.0,0.48,"[0.2, 0.2, -0.3]","[-0.0, -0.0, -0.0]",5.845,5.095,0.222,5.519,4.72,86.5,13.5,SASDFC7_fit1_model2.pdb,
SASDFC7,ok,1952.0,1372.0,0.01,"[-0.0, -0.0, -0.0]","[-0.0, -0.0, -0.0]",6.241,6.424,0.22,6.441,5.139,40.0,49.0,SASDFC7_fit2_model1.pdb,
SASDFC9,ok,657.0,230.0,38.6,"[31.1, -20.4, -11.3]","[0.2, -0.0, -0.2]",22.835,26.015,0.895,27.72,22.486,0.5,32.5,SASDFC9_fit1_model1.pdb,
SASDFC9,ok,657.0,230.0,20.21,"[-6.0, 8.5, -17.5]","[0.2, -0.0, -0.2]",17.839,19.193,0.878,17.012,8.144,63.0,80.0,SASDFC9_fit1_model10.pdb,
SASDFC9,ok,657.0,230.0,29.76,"[-2.2, 8.7, -28.6]","[0.2, -0.0, -0.2]",13.245,11.911,0.654,18.249,9.745,14.0,7.5,SASDFC9_fit1_model11.pdb,
SASDFC9,ok,657.0,230.0,40.1,"[22.2, -33.5, -1.0]","[0.2, -0.0, -0.2]",22.204,23.141,0.906,28.971,20.842,1.0,5.5,SASDFC9_fit1_model12.pdb,
SASDFC9,ok,657.0,230.0,50.59,"[-14.8, -44.2, 19.4]","[0.2, -0.0, -0.2]",22.765,32.284,0.852,34.246,20.269,2.5,40.5,SASDFC9_fit1_model13.pdb,
SASDFC9,ok,657.0,230.0,50.59,"[-14.8, -44.2, 19.4]","[0.2, -0.0, -0.2]",22.765,32.284,0.852,34.246,20.269,2.5,40.5,SASDFC9_fit1_model14.pdb,
SASDFC9,ok,657.0,230.0,35.97,"[-16.1, -25.1, -20.2]","[0.2, -0.0, -0.2]",23.047,28.69,0.91,25.673,21.056,12.0,96.5,SASDFC9_fit1_model15.pdb,
SASDFC9,ok,657.0,230.0,44.92,"[7.4, -43.6, -8.3]","[0.2, -0.0, -0.2]",23.537,23.955,0.877,31.525,22.969,2.5,4.0,SASDFC9_fit1_model16.pdb,
SASDFC9,ok,657.0,230.0,38.22,"[34.7, 3.4, 15.7]","[0.2, -0.0, -0.2]",25.373,26.866,0.89,29.817,23.965,4.5,17.5,SASDFC9_fit1_model17.pdb,
SASDFC9,ok,657.0,230.0,22.19,"[13.9, 17.4, -0.0]","[0.2, -0.0, -0.2]",13.101,12.03,0.755,15.455,11.848,8.5,1.0,SASDFC9_fit1_model18.pdb,
SASDFC9,ok,657.0,230.0,37.55,"[-9.4, 12.0, -34.5]","[0.2, -0.0, -0.2]",15.929,22.352,0.702,22.163,14.361,1.0,52.5,SASDFC9_fit1_model19.pdb,
SASDFC9,ok,657.0,230.0,16.47,"[16.2, -1.6, 3.3]","[0.2, -0.0, -0.2]",17.144,12.259,0.906,14.671,10.373,88.5,14.0,SASDFC9_fit1_model2.pdb,
SASDFC9,ok,657.0,230.0,55.33,"[27.2, 21.0, 43.3]","[0.2, -0.0, -0.2]",30.87,44.645,0.886,44.256,30.531,1.0,51.0,SASDFC9_fit1_model20.pdb,
SASDFC9,ok,657.0,230.0,32.71,"[13.1, 25.0, 16.4]","[0.2, -0.0, -0.2]",21.275,20.413,0.693,24.574,18.818,6.0,1.0,SASDFC9_fit1_model3.pdb,
SASDFC9,ok,657.0,230.0,34.97,"[-29.7, 18.0, 1.9]","[0.2, -0.0, -0.2]",23.836,21.812,0.822,28.033,21.376,9.0,1.0,SASDFC9_fit1_model4.pdb,
SASDFC9,ok,657.0,230.0,34.97,"[-29.7, 18.0, 1.9]","[0.2, -0.0, -0.2]",23.836,21.812,0.822,28.033,21.376,9.0,1.0,SASDFC9_fit1_model5.pdb,
SASDFC9,ok,657.0,230.0,34.97,"[-29.7, 18.0, 1.9]","[0.2, -0.0, -0.2]",23.836,21.812,0.822,28.033,21.376,9.0,1.0,SASDFC9_fit1_model6.pdb,
SASDFC9,ok,657.0,230.0,45.94,"[29.1, -32.9, 13.5]","[0.2, -0.0, -0.2]",25.037,27.897,0.793,36.875,25.162,0.0,5.0,SASDFC9_fit1_model7.pdb,
SASDFC9,ok,657.0,230.0,29.64,"[13.6, -22.8, -13.6]","[0.2, -0.0, -0.2]",18.219,18.473,0.836,20.577,15.594,14.5,19.5,SASDFC9_fit1_model8.pdb,
SASDFC9,ok,657.0,230.0,30.09,"[3.7, 25.4, -16.0]","[0.2, -0.0, -0.2]",13.554,16.115,0.802,16.182,12.331,6.0,48.0,SASDFC9_fit1_model9.pdb,
SASDFD3,ok,1238.0,4487.0,0.19,"[0.1, -0.0, -0.2]","[-0.0, 0.0, -0.0]",2.241,2.563,0.083,8.72,2.096,0.5,1.0,SASDFD3_fit1_model1.pdb,
SASDFD3,ok,298.0,4487.0,0.69,"[-0.3, 0.1, -0.6]","[-0.0, 0.0, -0.0]",5.465,6.942,0.342,9.871,3.211,20.0,28.5,SASDFD3_fit2_model1.pdb,
SASDFD4,ok,10973.0,2420.0,0.02,"[0.0, 0.0, -0.0]","[0.0, -0.0, -0.0]",4.308,4.224,0.178,9.699,3.121,1.5,1.5,SASDFD4_fit1_model1.pdb,
SASDFD4,ok,920.0,2420.0,84.0,"[-54.0, 45.6, -45.4]","[0.0, -0.0, -0.0]",45.944,46.156,0.948,47.606,38.282,35.5,36.0,SASDFD4_fit2_model1.pdb,
SASDFD5,ok,386.0,1324.0,58.85,"[34.9, 34.9, 32.1]","[-0.0, 0.0, -0.0]",30.308,33.256,0.972,32.757,28.499,8.0,60.0,SASDFD5_fit1_model1.pdb,
SASDFD6,ok,926.0,2355.0,47.9,"[38.0, 28.1, 7.5]","[0.0, 0.0, 0.0]",20.545,20.763,0.693,19.52,13.916,65.0,69.0,SASDFD6_fit1_model1.pdb,
SASDFD6,ok,926.0,2355.0,54.17,"[44.3, 29.4, 10.3]","[0.0, 0.0, 0.0]",23.539,23.087,0.799,22.776,17.535,62.5,54.5,SASDFD6_fit2_model1.pdb,
SASDFD6,ok,926.0,2355.0,55.59,"[43.3, 33.1, 11.0]","[0.0, 0.0, 0.0]",24.957,24.706,0.822,23.771,17.17,65.5,60.0,SASDFD6_fit3_model1.pdb,
SASDFD7,ok,929.0,1170.0,1.1,"[-0.4, -1.0, 0.1]","[-0.0, 0.0, -0.0]",5.802,5.637,0.257,5.809,5.063,49.5,25.5,SASDFD7_fit1_model1.pdb,
SASDFE5,ok,428.0,1271.0,55.28,"[32.8, 32.8, 30.0]","[0.0, 0.0, 0.0]",27.261,28.671,0.956,28.285,25.293,21.0,57.0,SASDFE5_fit1_model1.pdb,
SASDFE6,ok,844.0,1303.0,8.24,"[0.0, 0.0, -8.2]","[0.0, 0.0, 0.0]",7.575,7.119,0.273,8.133,4.747,39.0,26.0,SASDFE6_fit1_model1.pdb,
SASDFE7,ok,561.0,910.0,2.42,"[-0.7, 2.3, -0.2]","[0.0, 0.0, 0.0]",8.513,7.074,0.31,9.714,6.713,15.0,1.5,SASDFE7_fit1_model1.pdb,
SASDFF4,ok,3296.0,4168.0,116.34,"[-0.0, -0.0, -116.3]","[-0.0, -0.0, 0.0]",63.435,73.804,0.927,57.254,33.82,88.5,100.0,SASDFF4_fit1_model1.pdb,
SASDFF4,ok,1648.0,4168.0,114.32,"[0.0, 0.0, 114.3]","[-0.0, -0.0, 0.0]",50.784,55.711,0.535,49.597,29.233,57.0,85.0,SASDFF4_fit1_model2.pdb,
SASDFF5,ok,3890.0,814.0,0.01,"[0.0, -0.0, -0.0]","[0.0, -0.0, 0.0]",4.436,3.954,0.366,5.134,2.156,27.5,11.5,SASDFF5_fit1_model1.pdb,
SASDFF5,ok,206.0,814.0,21.34,"[17.5, 10.7, 6.0]","[0.0, -0.0, 0.0]",11.895,11.595,0.718,11.895,9.791,50.0,37.5,SASDFF5_fit2_model1.pdb,
SASDFF5,ok,206.0,814.0,21.34,"[17.5, 10.7, 6.0]","[0.0, -0.0, 0.0]",11.451,12.102,0.704,12.168,10.048,26.5,47.0,SASDFF5_fit3_model1.pdb,
SASDFF5,ok,206.0,814.0,10.19,"[9.3, 0.8, -4.0]","[0.0, -0.0, 0.0]",7.776,6.089,0.51,7.629,5.324,55.5,13.5,SASDFF5_fit4_model1.pdb,
SASDFF6,ok,1796.0,286.0,1.66,"[1.5, 0.6, 0.1]","[0.0, -0.1, 0.0]",11.817,9.422,0.744,11.081,6.947,62.5,22.5,SASDFF6_fit1_model1.pdb,
SASDFF7,ok,1430.0,1394.0,2.7,"[1.2, 2.1, -1.2]","[0.0, -0.0, 0.0]",4.362,4.521,0.185,4.58,4.056,8.0,34.5,SASDFF7_fit1_model1.pdb,
SASDFF9,ok,657.0,217.0,39.47,"[15.7, 36.1, -2.4]","[-0.0, 0.0, -0.1]",26.691,26.548,0.896,31.521,25.605,3.5,3.5,SASDFF9_fit1_model1.pdb,
SASDFF9,ok,657.0,217.0,17.2,"[-5.0, 16.4, 1.8]","[-0.0, 0.0, -0.1]",19.052,14.637,0.848,17.818,10.998,66.5,19.5,SASDFF9_fit1_model10.pdb,
SASDFF9,ok,657.0,217.0,34.42,"[13.9, 18.0, 25.8]","[-0.0, 0.0, -0.1]",13.659,24.432,0.858,21.488,12.449,3.0,87.0,SASDFF9_fit1_model11.pdb,
SASDFF9,ok,657.0,217.0,42.27,"[19.0, -7.6, 36.9]","[-0.0, 0.0, -0.1]",13.523,19.356,0.839,25.895,11.784,3.0,22.0,SASDFF9_fit1_model12.pdb,
SASDFF9,ok,657.0,217.0,15.79,"[-0.6, -15.8, 0.6]","[-0.0, 0.0, -0.1]",17.098,12.858,0.93,14.031,9.32,99.5,29.0,SASDFF9_fit1_model13.pdb,
SASDFF9,ok,657.0,217.0,46.64,"[-9.8, -45.5, 2.6]","[-0.0, 0.0, -0.1]",25.286,26.559,0.904,35.01,23.747,2.5,4.5,SASDFF9_fit1_model14.pdb,
SASDFF9,ok,657.0,217.0,24.09,"[-0.9, 14.9, -19.0]","[-0.0, 0.0, -0.1]",12.475,15.115,0.766,14.436,11.106,7.0,85.0,SASDFF9_fit1_model15.pdb,
SASDFF9,ok,657.0,217.0,43.04,"[15.0, 13.4, -38.1]","[-0.0, 0.0, -0.1]",22.066,30.059,0.918,28.949,20.502,3.5,68.0,SASDFF9_fit1_model16.pdb,
SASDFF9,ok,657.0,217.0,42.27,"[22.3, -17.0, -31.6]","[-0.0, 0.0, -0.1]",22.685,32.705,0.889,30.674,21.914,1.5,77.0,SASDFF9_fit1_model17.pdb,
SASDFF9,ok,657.0,217.0,36.76,"[25.9, -24.2, 9.4]","[-0.0, 0.0, -0.1]",20.061,25.37,0.91,25.562,18.762,1.5,48.0,SASDFF9_fit1_model18.pdb,
SASDFF9,ok,657.0,217.0,50.45,"[27.1, 22.9, -35.9]","[-0.0, 0.0, -0.1]",27.905,42.242,0.918,38.388,26.791,3.0,92.0,SASDFF9_fit1_model19.pdb,
SASDFF9,ok,657.0,217.0,32.02,"[-8.8, -29.8, 7.7]","[-0.0, 0.0, -0.1]",19.91,23.642,0.775,23.614,17.915,9.0,50.0,SASDFF9_fit1_model2.pdb,
SASDFF9,ok,657.0,217.0,31.21,"[2.6, 14.2, -27.7]","[-0.0, 0.0, -0.1]",16.779,17.027,0.875,19.057,13.084,19.5,23.5,SASDFF9_fit1_model20.pdb,
SASDFF9,ok,657.0,217.0,40.55,"[7.8, -39.3, -6.1]","[-0.0, 0.0, -0.1]",23.599,24.096,0.927,28.299,22.528,3.5,4.5,SASDFF9_fit1_model3.pdb,
SASDFF9,ok,657.0,217.0,30.0,"[23.2, 10.1, 16.1]","[-0.0, 0.0, -0.1]",13.826,22.29,0.906,19.54,12.23,4.0,85.5,SASDFF9_fit1_model4.pdb,
SASDFF9,ok,657.0,217.0,44.93,"[-12.7, 5.9, -42.8]","[-0.0, 0.0, -0.1]",17.19,22.797,0.659,27.556,17.553,0.0,26.5,SASDFF9_fit1_model5.pdb,
SASDFF9,ok,657.0,217.0,49.98,"[5.4, -15.6, -47.2]","[-0.0, 0.0, -0.1]",23.505,29.792,0.889,34.806,22.911,0.5,21.0,SASDFF9_fit1_model6.pdb,
SASDFF9,ok,657.0,217.0,47.14,"[45.8, -7.0, -8.7]","[-0.0, 0.0, -0.1]",28.964,28.539,0.91,37.99,28.776,1.0,0.0,SASDFF9_fit1_model7.pdb,
SASDFF9,ok,657.0,217.0,53.17,"[-8.5, 9.9, 51.5]","[-0.0, 0.0, -0.1]",21.916,28.429,0.807,36.805,22.445,0.0,9.0,SASDFF9_fit1_model8.pdb,
SASDFF9,ok,657.0,217.0,46.42,"[31.8, -33.2, 6.2]","[-0.0, 0.0, -0.1]",26.852,28.497,0.901,35.856,25.774,2.5,8.0,SASDFF9_fit1_model9.pdb,
SASDFG4,ok,1648.0,1530.0,114.32,"[0.0, 0.0, 114.3]","[0.0, -0.0, 0.0]",78.106,84.212,1.0,77.932,62.237,52.0,88.0,SASDFG4_fit1_model1.pdb,
SASDFG5,ok,6332.0,1335.0,0.01,"[0.0, -0.0, 0.0]","[-0.0, 0.0, 0.0]",8.015,7.673,0.239,7.52,6.228,85.5,61.0,SASDFG5_fit1_model1.pdb,
SASDFG5,ok,5628.0,1335.0,0.01,"[-0.0, 0.0, 0.0]","[-0.0, 0.0, 0.0]",7.19,7.162,0.178,7.756,6.64,8.5,8.0,SASDFG5_fit2_model1.pdb,
SASDFG6,ok,1397.0,4603.0,15.9,"[-5.9, 6.5, 13.2]","[0.0, 0.0, 0.0]",14.353,14.953,0.54,18.495,9.203,16.0,17.5,SASDFG6_fit1_model1.pdb,
SASDFG7,ok,1231.0,1513.0,1.69,"[-1.0, -1.3, -0.4]","[0.0, 0.0, -0.0]",5.493,5.102,0.189,5.286,4.553,76.5,30.0,SASDFG7_fit1_model1.pdb,
SASDFG9,ok,657.0,601.0,46.86,"[17.6, 19.2, -39.0]","[0.0, 0.0, -0.0]",24.881,29.915,0.892,34.071,24.342,1.0,20.0,SASDFG9_fit1_model1.pdb,
SASDFG9,ok,657.0,601.0,44.7,"[26.4, -11.6, -34.1]","[0.0, 0.0, -0.0]",24.162,34.989,0.886,32.394,23.503,1.5,82.0,SASDFG9_fit1_model10.pdb,
SASDFG9,ok,657.0,601.0,34.18,"[5.4, 33.5, -4.4]","[0.0, 0.0, -0.0]",17.589,16.313,0.842,20.613,15.452,13.0,2.0,SASDFG9_fit1_model11.pdb,
SASDFG9,ok,657.0,601.0,34.38,"[3.0, 34.3, 0.5]","[0.0, 0.0, -0.0]",17.074,17.052,0.721,21.682,15.829,5.0,4.5,SASDFG9_fit1_model12.pdb,
SASDFG9,ok,657.0,601.0,42.13,"[-17.5, -22.1, -31.3]","[0.0, 0.0, -0.0]",23.303,32.874,0.924,30.945,22.443,1.5,79.0,SASDFG9_fit1_model13.pdb,
SASDFG9,ok,657.0,601.0,10.32,"[1.0, 1.4, 10.2]","[0.0, 0.0, -0.0]",10.052,7.663,0.671,10.451,7.351,36.0,1.5,SASDFG9_fit1_model14.pdb,
SASDFG9,ok,657.0,601.0,18.21,"[11.7, 13.2, 4.8]","[0.0, 0.0, -0.0]",12.438,13.264,0.755,11.501,8.162,74.0,89.0,SASDFG9_fit1_model15.pdb,
SASDFG9,ok,657.0,601.0,41.08,"[21.0, -12.6, -33.0]","[0.0, 0.0, -0.0]",24.07,33.444,0.89,29.712,22.275,2.0,84.0,SASDFG9_fit1_model16.pdb,
SASDFG9,ok,657.0,601.0,51.52,"[10.5, -46.8, -18.8]","[0.0, 0.0, -0.0]",20.455,28.446,0.81,32.46,20.724,0.0,32.0,SASDFG9_fit1_model17.pdb,
SASDFG9,ok,657.0,601.0,37.3,"[16.5, 33.2, -4.1]","[0.0, 0.0, -0.0]",17.5,18.849,0.738,22.093,16.349,3.5,17.0,SASDFG9_fit1_model18.pdb,
SASDFG9,ok,657.0,601.0,32.65,"[-20.3, 23.5, -10.1]","[0.0, 0.0, -0.0]",17.066,22.578,0.694,22.682,16.902,0.5,47.0,SASDFG9_fit1_model19.pdb,
SASDFG9,ok,657.0,601.0,42.87,"[31.6, 3.7, 28.7]","[0.0, 0.0, -0.0]",24.072,32.075,0.863,29.808,20.844,9.5,85.5,SASDFG9_fit1_model2.pdb,
SASDFG9,ok,657.0,601.0,47.85,"[35.8, 31.8, -0.5]","[0.0, 0.0, -0.0]",21.299,20.704,0.88,30.915,18.86,4.0,2.5,SASDFG9_fit1_model20.pdb,
SASDFG9,ok,657.0,601.0,11.92,"[-10.2, 1.0, 6.2]","[0.0, 0.0, -0.0]",8.476,9.667,0.562,9.147,5.929,31.5,62.0,SASDFG9_fit1_model3.pdb,
SASDFG9,ok,657.0,601.0,25.51,"[-14.3, -9.9, 18.7]","[0.0, 0.0, -0.0]",15.421,19.758,0.685,19.969,13.583,5.5,45.0,SASDFG9_fit1_model4.pdb,
SASDFG9,ok,657.0,601.0,44.83,"[32.0, 9.9, -29.8]","[0.0, 0.0, -0.0]",20.457,32.689,0.886,29.047,20.203,1.0,90.5,SASDFG9_fit1_model5.pdb,
SASDFG9,ok,657.0,601.0,33.23,"[32.5, -5.3, 4.0]","[0.0, 0.0, -0.0]",17.013,17.674,0.735,20.25,14.02,13.5,20.0,SASDFG9_fit1_model6.pdb,
SASDFG9,ok,657.0,601.0,36.48,"[-5.2, 35.6, -6.5]","[0.0, 0.0, -0.0]",21.891,19.069,0.915,25.066,17.61,21.0,4.0,SASDFG9_fit1_model7.pdb,
SASDFG9,ok,657.0,601.0,29.72,"[17.7, -8.4, 22.4]","[0.0, 0.0, -0.0]",20.574,25.569,0.752,23.109,17.411,17.0,84.0,SASDFG9_fit1_model8.pdb,
SASDFG9,ok,657.0,601.0,44.7,"[26.4, -11.6, -34.1]","[0.0, 0.0, -0.0]",24.162,34.989,0.886,32.394,23.503,1.5,82.0,SASDFG9_fit1_model9.pdb,
SASDFH4,ok,1648.0,2011.0,114.32,"[0.0, 0.0, 114.3]","[-0.0, -0.0, 0.0]",78.408,85.035,1.0,79.517,64.751,43.5,86.0,SASDFH4_fit1_model1.pdb,
SASDFH4,ok,824.0,2011.0,83.02,"[-52.9, 45.7, -44.8]","[-0.0, -0.0, 0.0]",48.987,48.161,0.863,49.369,40.391,47.0,39.5,SASDFH4_fit1_model2.pdb,
SASDFH5,ok,6940.0,1456.0,0.02,"[-0.0, -0.0, 0.0]","[0.0, -0.0, -0.0]",7.458,6.792,0.217,7.167,5.257,65.5,34.5,SASDFH5_fit1_model1.pdb,
SASDFH5,ok,3432.0,1456.0,11.17,"[0.0, 0.0, 11.2]","[0.0, -0.0, -0.0]",8.921,8.841,0.247,8.253,6.752,77.0,73.5,SASDFH5_fit2_model1.pdb,
SASDFH6,ok,1859.0,1231.0,2.22,"[1.0, -1.2, 1.6]","[-0.0, -0.0, 0.0]",12.225,12.16,0.531,16.232,10.753,9.5,8.0,SASDFH6_fit1_model1.pdb,
SASDFH7,ok,1342.0,1351.0,2.8,"[0.0, 2.7, -0.8]","[-0.0, 0.0, 0.0]",4.79,4.617,0.229,4.717,4.17,64.0,27.0,SASDFH7_fit1_model1.pdb,
SASDFJ3,ok,733.0,3304.0,13.45,"[1.0, 9.0, 10.0]","[-0.0, -0.0, 0.0]",14.675,13.759,0.521,16.662,5.35,36.0,33.0,SASDFJ3_fit1_model1.pdb,
SASDFJ4,ok,1648.0,1253.0,114.33,"[0.0, 0.0, 114.3]","[-0.0, -0.0, -0.0]",80.191,86.809,1.0,81.232,65.792,41.5,86.5,SASDFJ4_fit1_model1.pdb,
SASDFJ4,ok,824.0,1253.0,83.01,"[-52.9, 45.7, -44.8]","[-0.0, -0.0, -0.0]",47.889,46.37,0.956,47.538,38.313,54.0,42.5,SASDFJ4_fit1_model2.pdb,
SASDFJ7,ok,530.0,1245.0,9.98,"[6.6, -7.0, -2.7]","[-0.0, 0.0, -0.0]",9.445,11.631,0.245,11.489,8.131,6.5,54.0,SASDFJ7_fit1_model1.pdb,
SASDFJ9,ok,597.0,228.0,49.06,"[-10.8, -47.4, -7.4]","[0.0, -0.1, -0.0]",28.433,29.785,0.834,37.057,27.344,3.5,10.0,SASDFJ9_fit1_model1.pdb,
SASDFJ9,ok,597.0,228.0,40.07,"[3.1, 10.8, -38.4]","[0.0, -0.1, -0.0]",18.239,20.678,0.901,21.605,16.106,9.0,40.5,SASDFJ9_fit1_model10.pdb,
SASDFJ9,ok,597.0,228.0,57.33,"[8.8, -27.5, -49.6]","[0.0, -0.1, -0.0]",21.657,36.148,0.893,36.144,20.703,0.5,50.0,SASDFJ9_fit1_model11.pdb,
SASDFJ9,ok,597.0,228.0,31.67,"[-22.8, 20.3, 8.1]","[0.0, -0.1, -0.0]",24.101,24.545,0.786,24.964,20.016,36.0,41.5,SASDFJ9_fit1_model12.pdb,
SASDFJ9,ok,597.0,228.0,27.33,"[0.6, 27.0, -3.2]","[0.0, -0.1, -0.0]",24.566,25.233,0.903,21.646,16.429,85.5,87.5,SASDFJ9_fit1_model13.pdb,
SASDFJ9,ok,597.0,228.0,49.97,"[42.8, -22.7, 12.6]","[0.0, -0.1, -0.0]",31.148,35.605,0.923,38.189,30.448,1.0,22.0,SASDFJ9_fit1_model14.pdb,
SASDFJ9,ok,597.0,228.0,40.53,"[32.5, -15.9, -18.4]","[0.0, -0.1, -0.0]",28.185,29.995,0.915,29.889,21.965,32.5,51.0,SASDFJ9_fit1_model15.pdb,
SASDFJ9,ok,597.0,228.0,63.72,"[-4.0, -44.1, 46.0]","[0.0, -0.1, -0.0]",34.112,49.544,0.915,48.406,32.401,2.0,58.0,SASDFJ9_fit1_model16.pdb,
SASDFJ9,ok,597.0,228.0,49.67,"[-10.9, -47.5, -10.4]","[0.0, -0.1, -0.0]",30.151,30.178,0.889,37.74,28.384,9.0,10.0,SASDFJ9_fit1_model17.pdb,
SASDFJ9,ok,597.0,228.0,42.38,"[27.7, 6.2, -31.5]","[0.0, -0.1, -0.0]",25.019,30.033,0.899,28.408,21.483,13.5,71.5,SASDFJ9_fit1_model18.pdb,
SASDFJ9,ok,597.0,228.0,48.99,"[10.5, 9.4, 46.9]","[0.0, -0.1, -0.0]",15.792,26.422,0.714,26.166,16.256,0.0,52.0,SASDFJ9_fit1_model19.pdb,
SASDFJ9,ok,597.0,228.0,50.91,"[39.0, 26.7, -18.6]","[0.0, -0.1, -0.0]",28.818,30.17,0.797,38.541,28.877,0.0,3.5,SASDFJ9_fit1_model2.pdb,
SASDFJ9,ok,597.0,228.0,45.14,"[-12.8, 7.6, 42.6]","[0.0, -0.1, -0.0]",17.911,27.185,0.677,30.265,17.604,0.5,30.0,SASDFJ9_fit1_model20.pdb,
SASDFJ9,ok,597.0,228.0,37.75,"[26.1, 17.4, -21.0]","[0.0, -0.1, -0.0]",23.93,25.288,0.906,27.197,18.946,15.5,30.0,SASDFJ9_fit1_model3.pdb,
SASDFJ9,ok,597.0,228.0,29.14,"[2.0, -17.7, -23.2]","[0.0, -0.1, -0.0]",17.342,19.358,0.891,19.316,11.561,32.5,50.5,SASDFJ9_fit1_model4.pdb,
SASDFJ9,ok,597.0,228.0,49.06,"[22.5, -5.8, 43.2]","[0.0, -0.1, -0.0]",21.165,28.613,0.861,33.149,17.123,4.5,28.0,SASDFJ9_fit1_model5.pdb,
SASDFJ9,ok,597.0,228.0,42.13,"[-15.8, 36.0, 14.8]","[0.0, -0.1, -0.0]",27.595,30.017,0.784,31.247,22.785,21.5,42.5,SASDFJ9_fit1_model6.pdb,
SASDFJ9,ok,597.0,228.0,44.79,"[-18.5, -22.4, -34.2]","[0.0, -0.1, -0.0]",19.943,25.962,0.874,25.515,19.413,1.5,53.5,SASDFJ9_fit1_model7.pdb,
SASDFJ9,ok,597.0,228.0,53.29,"[-29.6, -43.7, -7.8]","[0.0, -0.1, -0.0]",32.292,32.398,0.923,40.269,29.934,7.0,7.0,SASDFJ9_fit1_model8.pdb,
SASDFJ9,ok,597.0,228.0,12.19,"[-11.6, -2.4, 3.1]","[0.0, -0.1, -0.0]",15.49,15.46,0.849,13.952,8.734,72.0,71.5,SASDFJ9_fit1_model9.pdb,
SASDFK3,ok,532.0,1397.0,25.22,"[-16.5, -2.6, 18.9]","[-0.0, 0.0, -0.0]",9.812,11.122,0.602,10.436,9.087,22.0,81.0,SASDFK3_fit1_model1.pdb,
SASDFK3,ok,546.0,1397.0,41.86,"[-32.5, -18.8, -18.6]","[-0.0, 0.0, -0.0]",20.548,19.334,0.837,20.009,17.047,64.0,31.0,SASDFK3_fit2_model1.pdb,
SASDFK4,ok,1648.0,1322.0,114.31,"[0.0, 0.0, 114.3]","[-0.0, -0.0, 0.0]",81.16,88.052,1.0,81.139,65.243,50.5,89.0,SASDFK4_fit1_model1.pdb,
SASDFK4,ok,824.0,1322.0,83.03,"[-52.9, 45.7, -44.8]","[-0.0, -0.0, 0.0]",46.256,46.198,0.966,47.907,39.585,35.5,35.5,SASDFK4_fit1_model2.pdb,
SASDFK7,ok,1192.0,463.0,0.35,"[0.2, 0.2, 0.0]","[-0.0, -0.0, 0.0]",11.865,11.034,0.941,10.353,9.022,99.0,81.5,SASDFK7_fit1_model1.pdb,
SASDFK9,ok,597.0,262.0,39.85,"[20.5, -29.1, -17.4]","[-0.2, 0.1, 0.1]",16.176,20.121,0.64,22.824,13.391,6.0,29.0,SASDFK9_fit1_model1.pdb,
SASDFK9,ok,597.0,262.0,25.96,"[1.7, 23.3, 11.7]","[-0.2, 0.1, 0.1]",16.358,16.61,0.67,18.706,14.456,17.0,20.0,SASDFK9_fit1_model10.pdb,
SASDFK9,ok,597.0,262.0,36.48,"[19.8, 30.0, 6.3]","[-0.2, 0.1, 0.1]",21.289,22.74,0.831,23.769,20.505,5.5,29.5,SASDFK9_fit1_model11.pdb,
SASDFK9,ok,597.0,262.0,36.5,"[23.6, -19.6, 19.5]","[-0.2, 0.1, 0.1]",20.385,22.538,0.884,22.471,16.763,15.0,53.0,SASDFK9_fit1_model12.pdb,
SASDFK9,ok,597.0,262.0,36.4,"[-25.2, -19.5, -17.7]","[-0.2, 0.1, 0.1]",23.194,28.922,0.705,30.179,22.691,1.0,38.5,SASDFK9_fit1_model13.pdb,
SASDFK9,ok,597.0,262.0,58.45,"[41.0, 33.5, -24.5]","[-0.2, 0.1, 0.1]",34.096,40.606,0.899,45.276,33.05,2.0,28.0,SASDFK9_fit1_model14.pdb,
SASDFK9,ok,597.0,262.0,39.91,"[8.5, -36.7, 12.9]","[-0.2, 0.1, 0.1]",20.798,23.528,0.856,25.189,18.575,7.0,24.0,SASDFK9_fit1_model15.pdb,
SASDFK9,ok,597.0,262.0,35.07,"[13.0, -27.0, -17.8]","[-0.2, 0.1, 0.1]",14.201,19.026,0.698,17.898,13.585,3.0,81.5,SASDFK9_fit1_model16.pdb,
SASDFK9,ok,597.0,262.0,46.96,"[8.0, -42.5, 17.9]","[-0.2, 0.1, 0.1]",23.862,29.761,0.811,30.945,22.561,1.0,35.0,SASDFK9_fit1_model17.pdb,
SASDFK9,ok,597.0,262.0,46.26,"[23.9, -38.5, -8.4]","[-0.2, 0.1, 0.1]",17.674,18.614,0.69,25.477,16.785,2.0,3.5,SASDFK9_fit1_model18.pdb,
SASDFK9,ok,597.0,262.0,35.72,"[12.7, 31.6, 10.9]","[-0.2, 0.1, 0.1]",20.1,25.759,0.858,24.51,18.71,2.5,65.0,SASDFK9_fit1_model19.pdb,
SASDFK9,ok,597.0,262.0,34.37,"[-21.8, 7.3, -25.7]","[-0.2, 0.1, 0.1]",20.907,22.183,0.906,24.627,20.028,1.0,6.5,SASDFK9_fit1_model2.pdb,
SASDFK9,ok,597.0,262.0,41.94,"[31.3, 25.7, 10.5]","[-0.2, 0.1, 0.1]",23.965,27.087,0.843,29.406,22.643,4.0,26.0,SASDFK9_fit1_model20.pdb,
SASDFK9,ok,597.0,262.0,64.38,"[48.9, -0.3, -41.6]","[-0.2, 0.1, 0.1]",28.867,52.193,0.848,46.07,30.46,0.0,99.5,SASDFK9_fit1_model3.pdb,
SASDFK9,ok,597.0,262.0,26.1,"[19.1, 2.2, -17.4]","[-0.2, 0.1, 0.1]",17.359,22.852,0.668,19.606,13.809,26.5,87.5,SASDFK9_fit1_model4.pdb,
SASDFK9,ok,597.0,262.0,27.03,"[19.6, 14.7, 11.4]","[-0.2, 0.1, 0.1]",18.356,22.684,0.732,20.2,14.471,18.5,78.0,SASDFK9_fit1_model5.pdb,
SASDFK9,ok,597.0,262.0,45.91,"[-23.7, 15.4, -36.3]","[-0.2, 0.1, 0.1]",26.526,34.705,0.844,35.647,23.886,2.0,44.5,SASDFK9_fit1_model6.pdb,
SASDFK9,ok,597.0,262.0,37.92,"[5.4, 10.8, 36.0]","[-0.2, 0.1, 0.1]",22.939,25.392,0.844,27.413,22.064,4.5,24.5,SASDFK9_fit1_model7.pdb,
SASDFK9,ok,597.0,262.0,29.17,"[20.5, 6.8, -19.4]","[-0.2, 0.1, 0.1]",19.763,23.896,0.754,21.141,16.087,34.0,85.5,SASDFK9_fit1_model8.pdb,
SASDFK9,ok,597.0,262.0,65.94,"[55.7, -34.0, 8.2]","[-0.2, 0.1, 0.1]",25.735,31.217,0.794,43.67,25.566,0.5,4.0,SASDFK9_fit1_model9.pdb,
SASDFL3,ok,1192.0,848.0,0.36,"[0.2, 0.2, 0.0]","[-0.0, -0.0, -0.0]",6.762,6.559,0.29,6.875,5.756,39.0,26.0,SASDFL3_fit1_model1.pdb,
SASDFL4,ok,316.0,935.0,6.74,"[-2.4, -6.3, 0.2]","[0.0, 0.0, -0.0]",5.69,4.97,0.228,6.813,4.502,18.5,3.0,SASDFL4_fit1_model1.pdb,
SASDFL4,ok,316.0,935.0,17.59,"[-10.1, -7.7, -12.2]","[0.0, 0.0, -0.0]",8.678,8.2,0.453,8.187,6.082,65.0,51.0,SASDFL4_fit1_model2.pdb,
SASDFL4,ok,316.0,935.0,6.74,"[-2.4, -6.3, 0.2]","[0.0, 0.0, -0.0]",5.69,4.97,0.228,6.813,4.502,18.5,3.0,SASDFL4_fit1_model3.pdb,
SASDFL5,ok,721.0,628.0,0.78,"[0.0, -0.1, 0.8]","[-0.1, 0.1, -0.0]",17.448,16.513,0.46,21.605,13.895,13.5,10.5,SASDFL5_fit1_model1.pdb,
SASDFL5,ok,717.0,628.0,0.09,"[0.0, 0.0, 0.0]","[-0.1, 0.1, -0.0]",18.743,17.895,0.547,22.444,14.415,19.0,12.0,SASDFL5_fit1_model2.pdb,
SASDFL6,ok,1098.0,1043.0,405.0,"[210.6, 119.6, 324.6]","[-0.0, 0.0, 0.0]",359.383,357.447,1.0,358.183,349.661,55.0,46.0,SASDFL6_fit1_model1.pdb,
SASDFL6,ok,1098.0,1043.0,390.47,"[191.1, 98.8, 325.8]","[-0.0, 0.0, 0.0]",352.029,341.664,1.0,345.057,334.843,97.0,33.5,SASDFL6_fit2_model1.pdb,
SASDFL7,ok,871.0,987.0,149.61,"[100.5, 100.3, 47.2]","[0.0, -0.0, -0.0]",110.719,111.109,1.0,110.832,103.51,47.5,54.5,SASDFL7_fit1_model1.pdb,
SASDFL7,ok,889.0,987.0,66.72,"[-23.1, 60.8, 14.6]","[0.0, -0.0, -0.0]",32.632,31.55,0.926,31.126,25.763,79.5,57.5,SASDFL7_fit2_model1.pdb,
SASDFL8,ok,581.0,855.0,0.0,"[0.0, -0.0, -0.0]","[0.0, 0.0, 0.0]",8.634,9.167,0.442,7.865,5.243,71.5,86.5,SASDFL8_fit1_model1.pdb,
SASDFL9,ok,597.0,228.0,22.36,"[17.7, -9.0, 10.5]","[-0.0, 0.1, 0.3]",14.889,17.877,0.801,16.588,13.065,11.5,68.0,SASDFL9_fit1_model1.pdb,
SASDFL9,ok,597.0,228.0,51.47,"[6.7, -10.1, -49.8]","[-0.0, 0.1, 0.3]",26.694,31.704,0.879,38.613,26.663,0.5,11.5,SASDFL9_fit1_model10.pdb,
SASDFL9,ok,597.0,228.0,52.22,"[-6.4, -3.7, -51.4]","[-0.0, 0.1, 0.3]",28.26,32.537,0.779,40.297,27.407,1.5,11.0,SASDFL9_fit1_model11.pdb,
SASDFL9,ok,597.0,228.0,15.43,"[10.1, 7.3, 9.3]","[-0.0, 0.1, 0.3]",14.263,15.523,0.801,12.187,8.349,77.5,93.0,SASDFL9_fit1_model12.pdb,
SASDFL9,ok,597.0,228.0,21.89,"[9.6, 12.1, -15.3]","[-0.0, 0.1, 0.3]",15.595,16.029,0.779,15.213,10.188,56.0,62.5,SASDFL9_fit1_model13.pdb,
SASDFL9,ok,597.0,228.0,38.89,"[-23.0, -26.4, 17.0]","[-0.0, 0.1, 0.3]",14.532,20.316,0.809,23.004,11.303,6.0,30.0,SASDFL9_fit1_model14.pdb,
SASDFL9,ok,597.0,228.0,17.59,"[-4.7, 15.2, -7.4]","[-0.0, 0.1, 0.3]",14.132,13.753,0.839,15.42,9.403,29.5,23.0,SASDFL9_fit1_model15.pdb,
SASDFL9,ok,597.0,228.0,27.85,"[11.8, 4.5, 25.1]","[-0.0, 0.1, 0.3]",16.652,17.675,0.764,20.093,16.438,2.5,10.5,SASDFL9_fit1_model16.pdb,
SASDFL9,ok,597.0,228.0,41.25,"[30.2, 20.4, 19.7]","[-0.0, 0.1, 0.3]",19.001,24.902,0.863,28.797,17.047,2.0,23.0,SASDFL9_fit1_model17.pdb,
SASDFL9,ok,597.0,228.0,27.4,"[-20.4, -11.6, -13.9]","[-0.0, 0.1, 0.3]",19.49,22.083,0.916,19.631,13.607,48.5,77.0,SASDFL9_fit1_model18.pdb,
SASDFL9,ok,597.0,228.0,38.35,"[26.8, 20.8, -17.7]","[-0.0, 0.1, 0.3]",16.628,19.082,0.911,22.902,16.748,0.0,6.0,SASDFL9_fit1_model19.pdb,
SASDFL9,ok,597.0,228.0,44.64,"[-5.8, -41.8, 14.6]","[-0.0, 0.1, 0.3]",16.733,21.201,0.838,26.453,16.56,0.5,15.5,SASDFL9_fit1_model2.pdb,
SASDFL9,ok,597.0,228.0,40.18,"[17.4, -35.6, -5.6]","[-0.0, 0.1, 0.3]",21.321,21.171,0.816,27.011,20.569,0.5,0.5,SASDFL9_fit1_model20.pdb,
SASDFL9,ok,597.0,228.0,38.36,"[-18.0, -5.9, 33.6]","[-0.0, 0.1, 0.3]",23.51,30.789,0.799,28.982,21.235,8.5,66.0,SASDFL9_fit1_model3.pdb,
SASDFL9,ok,597.0,228.0,34.32,"[-31.7, -8.8, 10.1]","[-0.0, 0.1, 0.3]",19.922,18.303,0.876,22.48,16.492,24.0,7.5,SASDFL9_fit1_model4.pdb,
SASDFL9,ok,597.0,228.0,31.93,"[24.5, 14.1, -14.8]","[-0.0, 0.1, 0.3]",15.27,18.928,0.878,20.358,13.963,1.5,30.5,SASDFL9_fit1_model5.pdb,
SASDFL9,ok,597.0,228.0,46.89,"[-10.2, -41.7, 18.8]","[-0.0, 0.1, 0.3]",16.871,26.135,0.839,27.509,16.952,0.0,41.0,SASDFL9_fit1_model6.pdb,
SASDFL9,ok,597.0,228.0,30.22,"[13.4, -17.5, 20.8]","[-0.0, 0.1, 0.3]",18.435,21.269,0.864,20.387,16.444,6.0,69.5,SASDFL9_fit1_model7.pdb,
SASDFL9,ok,597.0,228.0,38.06,"[-3.1, 34.0, -16.9]","[-0.0, 0.1, 0.3]",20.888,23.583,0.853,26.557,16.897,11.0,23.0,SASDFL9_fit1_model8.pdb,
SASDFL9,ok,597.0,228.0,34.54,"[8.9, -20.8, 26.2]","[-0.0, 0.1, 0.3]",19.306,25.487,0.851,22.834,18.416,1.5,94.5,SASDFL9_fit1_model9.pdb,
SASDFM5,ok,1416.0,1092.0,1.22,"[0.0, -0.0, -1.2]","[-0.0, -0.0, 0.0]",14.263,13.456,0.263,17.048,9.89,26.5,20.0,SASDFM5_fit1_model1.pdb,
SASDFM6,ok,2192.0,5000.0,144.28,"[77.5, 84.6, 87.2]","[-0.0, -0.0, -0.2]",98.622,88.869,1.0,95.569,86.692,87.0,9.5,SASDFM6_fit1_model1.pdb,
SASDFM7,ok,889.0,943.0,66.71,"[-23.1, 60.8, 14.6]","[-0.0, 0.0, -0.0]",34.253,33.042,0.973,33.29,26.517,71.5,46.5,SASDFM7_fit1_model1.pdb,
SASDFM7,ok,871.0,943.0,149.62,"[100.5, 100.3, 47.2]","[-0.0, 0.0, -0.0]",123.241,123.62,1.0,123.423,116.117,46.5,52.5,SASDFM7_fit2_model1.pdb,
SASDFN3,ok,1192.0,1487.0,0.33,"[0.2, 0.2, 0.0]","[0.0, -0.0, 0.0]",6.037,6.357,0.538,8.78,6.182,0.0,1.0,SASDFN3_fit1_model1.pdb,
SASDFN5,ok,1416.0,3801.0,0.07,"[-0.0, 0.0, 0.1]","[0.0, -0.0, -0.0]",20.115,20.013,0.659,15.85,4.434,97.0,96.5,SASDFN5_fit1_model1.pdb,
SASDFN6,ok,183.0,1641.0,134.98,"[13.5, -16.2, 133.3]","[-0.0, -0.0, -0.0]",115.14,111.895,1.0,116.548,108.974,28.5,14.5,SASDFN6_fit1_model1.pdb,
SASDFN6,ok,545.0,1641.0,98.14,"[-4.9, -13.3, 97.1]","[-0.0, -0.0, -0.0]",63.549,62.593,1.0,74.886,57.488,14.0,9.5,SASDFN6_fit1_model2.pdb,
SASDFN8,ok,5814.0,911.0,0.84,"[0.6, -0.5, 0.3]","[-0.0, -0.0, 0.0]",4.378,4.39,0.235,4.362,4.176,55.5,60.5,SASDFN8_fit1_model1.pdb,
SASDFN8,ok,1790.0,911.0,0.68,"[-0.1, 0.2, -0.6]","[-0.0, -0.0, 0.0]",4.844,4.661,0.164,4.747,4.572,92.0,11.0,SASDFN8_fit1_model2.pdb,
SASDFN8,ok,4176.0,911.0,0.15,"[0.1, -0.1, 0.0]","[-0.0, -0.0, 0.0]",4.528,4.572,0.181,4.517,4.325,55.5,81.5,SASDFN8_fit2_model1.pdb,
SASDFN8,ok,4176.0,911.0,0.0,"[-0.0, -0.0, 0.0]","[-0.0, -0.0, 0.0]",4.443,4.486,0.206,4.493,4.394,12.5,43.5,SASDFN8_fit3_model1.pdb,
SASDFP3,ok,1192.0,1468.0,0.34,"[0.2, 0.2, 0.0]","[-0.0, 0.0, -0.0]",6.201,6.093,0.553,6.037,4.988,65.5,55.5,SASDFP3_fit1_model1.pdb,
SASDFP5,ok,1290.0,101.0,277.78,"[42.0, -35.7, 280.3]","[-12.4, -4.2, 9.7]",221.232,215.174,1.0,232.084,211.977,22.0,3.5,SASDFP5_fit1_model1.pdb,
SASDFP6,ok,3200.0,478.0,66.82,"[0.4, -1.1, 66.8]","[-0.0, -0.0, -0.0]",19.77,19.636,0.38,53.628,19.791,0.0,0.0,SASDFP6_fit1_model1.pdb,
SASDFP8,ok,2371.0,986.0,0.74,"[-0.7, 0.3, 0.0]","[-0.0, -0.0, -0.0]",2.172,2.385,0.228,2.265,2.018,20.0,86.0,SASDFP8_fit1_model1.pdb,
SASDFP8,ok,2325.0,986.0,0.37,"[0.3, 0.1, 0.1]","[-0.0, -0.0, -0.0]",2.24,2.203,0.209,2.193,1.96,68.0,52.5,SASDFP8_fit1_model2.pdb,
SASDFP8,ok,266.0,986.0,0.17,"[-0.0, -0.2, 0.0]","[-0.0, -0.0, -0.0]",3.175,3.463,0.173,3.228,2.794,39.5,96.5,SASDFP8_fit2_model1.pdb,
SASDFP9,ok,597.0,194.0,36.73,"[-11.4, -33.3, -8.3]","[0.3, 0.5, -0.2]",24.132,23.969,0.853,27.636,23.308,2.5,2.5,SASDFP9_fit1_model1.pdb,
SASDFP9,ok,597.0,194.0,42.19,"[22.9, -0.3, 35.5]","[0.3, 0.5, -0.2]",23.52,29.889,0.878,29.456,22.164,6.0,57.0,SASDFP9_fit1_model10.pdb,
SASDFP9,ok,597.0,194.0,18.34,"[2.1, 17.0, 7.7]","[0.3, 0.5, -0.2]",15.674,13.973,0.752,14.793,11.666,76.5,30.0,SASDFP9_fit1_model11.pdb,
SASDFP9,ok,597.0,194.0,41.36,"[2.2, 41.0, -8.6]","[0.3, 0.5, -0.2]",26.032,26.862,0.861,30.439,24.836,1.0,6.5,SASDFP9_fit1_model12.pdb,
SASDFP9,ok,597.0,194.0,47.14,"[45.3, -11.6, -7.0]","[0.3, 0.5, -0.2]",25.172,28.96,0.889,32.105,23.509,3.0,25.0,SASDFP9_fit1_model13.pdb,
SASDFP9,ok,597.0,194.0,39.19,"[-0.3, -18.7, -34.3]","[0.3, 0.5, -0.2]",21.019,28.716,0.839,26.432,19.263,1.5,82.0,SASDFP9_fit1_model14.pdb,
SASDFP9,ok,597.0,194.0,49.46,"[-6.6, 24.1, -43.1]","[0.3, 0.5, -0.2]",21.583,33.466,0.786,31.808,22.048,0.0,64.0,SASDFP9_fit1_model15.pdb,
SASDFP9,ok,597.0,194.0,22.11,"[-3.9, -11.0, 18.2]","[0.3, 0.5, -0.2]",13.081,13.713,0.707,13.657,10.407,37.0,51.5,SASDFP9_fit1_model16.pdb,
SASDFP9,ok,597.0,194.0,40.84,"[-37.2, 9.3, 13.5]","[0.3, 0.5, -0.2]",19.307,25.708,0.759,28.916,17.619,1.5,33.5,SASDFP9_fit1_model17.pdb,
SASDFP9,ok,597.0,194.0,39.14,"[28.0, 26.2, -10.3]","[0.3, 0.5, -0.2]",23.778,26.55,0.817,26.242,20.536,16.0,54.5,SASDFP9_fit1_model18.pdb,
SASDFP9,ok,597.0,194.0,33.4,"[14.5, -12.2, -27.6]","[0.3, 0.5, -0.2]",16.91,20.799,0.74,19.906,14.774,21.5,61.0,SASDFP9_fit1_model19.pdb,
SASDFP9,ok,597.0,194.0,37.43,"[6.9, 23.0, -29.4]","[0.3, 0.5, -0.2]",17.123,26.035,0.849,23.657,12.929,11.0,80.0,SASDFP9_fit1_model2.pdb,
SASDFP9,ok,597.0,194.0,41.53,"[-10.1, -3.0, -40.2]","[0.3, 0.5, -0.2]",21.201,25.459,0.878,25.441,19.887,6.5,50.5,SASDFP9_fit1_model20.pdb,
SASDFP9,ok,597.0,194.0,54.84,"[-15.1, -38.4, -35.7]","[0.3, 0.5, -0.2]",31.861,48.088,0.854,45.576,29.374,1.5,73.0,SASDFP9_fit1_model3.pdb,
SASDFP9,ok,597.0,194.0,59.25,"[42.0, -23.2, -34.9]","[0.3, 0.5, -0.2]",24.889,40.816,0.737,40.501,25.237,0.0,52.0,SASDFP9_fit1_model4.pdb,
SASDFP9,ok,597.0,194.0,59.25,"[42.0, -23.2, -34.9]","[0.3, 0.5, -0.2]",24.889,40.816,0.737,40.501,25.237,0.0,52.0,SASDFP9_fit1_model5.pdb,
SASDFP9,ok,597.0,194.0,24.48,"[-18.8, -8.4, -12.6]","[0.3, 0.5, -0.2]",19.344,18.435,0.742,19.058,15.97,56.5,35.5,SASDFP9_fit1_model6.pdb,
SASDFP9,ok,597.0,194.0,39.37,"[-27.7, -12.7, -24.5]","[0.3, 0.5, -0.2]",24.176,29.256,0.76,30.37,23.632,2.5,40.0,SASDFP9_fit1_model7.pdb,
SASDFP9,ok,597.0,194.0,27.29,"[20.7, -13.5, 11.2]","[0.3, 0.5, -0.2]",16.995,18.457,0.889,18.284,14.094,30.0,53.5,SASDFP9_fit1_model8.pdb,
SASDFP9,ok,597.0,194.0,56.04,"[-25.2, -20.4, -45.5]","[0.3, 0.5, -0.2]",28.887,45.653,0.854,43.834,29.52,0.0,67.0,SASDFP9_fit1_model9.pdb,
SASDFQ3,ok,1192.0,954.0,0.34,"[0.2, 0.2, 0.0]","[-0.0, -0.0, 0.0]",8.35,8.353,0.44,9.246,7.332,16.5,16.5,SASDFQ3_fit1_model1.pdb,
SASDFQ5,ok,1290.0,643.0,290.1,"[42.0, -35.7, 280.3]","[-4.3, 14.6, -1.6]",240.598,238.223,1.0,252.247,233.04,13.0,6.5,SASDFQ5_fit1_model1.pdb,
SASDFQ6,ok,179.0,2947.0,65.8,"[22.7, 21.6, 57.9]","[-0.0, 0.0, 0.0]",47.701,46.732,1.0,49.996,40.26,31.0,24.5,SASDFQ6_fit1_model1.pdb,
SASDFQ8,ok,583.0,852.0,112.8,"[60.9, 26.4, 91.2]","[0.0, 0.0, -0.0]",81.875,80.163,1.0,82.686,77.331,31.5,12.0,SASDFQ8_fit1_model1.pdb,
SASDFQ8,ok,585.0,852.0,112.9,"[61.3, 26.5, 91.1]","[0.0, 0.0, -0.0]",79.322,78.08,1.0,82.827,77.028,11.0,5.5,SASDFQ8_fit2_model1.pdb,
SASDFQ9,ok,597.0,241.0,27.73,"[16.6, 18.4, 12.2]","[-0.1, 0.1, -0.2]",16.32,18.192,0.714,17.804,13.541,19.5,62.0,SASDFQ9_fit1_model1.pdb,
SASDFQ9,ok,597.0,241.0,45.59,"[-26.2, 32.9, -18.0]","[-0.1, 0.1, -0.2]",28.261,32.308,0.861,35.885,27.424,1.0,24.0,SASDFQ9_fit1_model10.pdb,
SASDFQ9,ok,597.0,241.0,45.59,"[-26.2, 32.9, -18.0]","[-0.1, 0.1, -0.2]",28.261,32.308,0.861,35.885,27.424,1.0,24.0,SASDFQ9_fit1_model11.pdb,
SASDFQ9,ok,597.0,241.0,59.7,"[40.2, -37.8, -22.8]","[-0.1, 0.1, -0.2]",27.773,41.008,0.925,41.522,24.891,3.0,47.0,SASDFQ9_fit1_model12.pdb,
SASDFQ9,ok,597.0,241.0,59.7,"[40.2, -37.8, -22.8]","[-0.1, 0.1, -0.2]",27.773,41.008,0.925,41.522,24.891,3.0,47.0,SASDFQ9_fit1_model13.pdb,
SASDFQ9,ok,597.0,241.0,35.48,"[26.4, 23.1, 4.8]","[-0.1, 0.1, -0.2]",21.193,21.455,0.769,24.243,19.769,8.5,12.5,SASDFQ9_fit1_model14.pdb,
SASDFQ9,ok,597.0,241.0,59.43,"[13.1, -22.7, -53.5]","[-0.1, 0.1, -0.2]",20.992,31.703,0.874,38.657,20.158,0.5,22.5,SASDFQ9_fit1_model15.pdb,
SASDFQ9,ok,597.0,241.0,45.13,"[25.0, 29.1, -23.9]","[-0.1, 0.1, -0.2]",24.574,32.284,0.869,32.267,23.773,0.5,50.0,SASDFQ9_fit1_model16.pdb,
SASDFQ9,ok,597.0,241.0,45.13,"[25.0, 29.1, -23.9]","[-0.1, 0.1, -0.2]",24.574,32.284,0.869,32.267,23.773,0.5,50.0,SASDFQ9_fit1_model17.pdb,
SASDFQ9,ok,597.0,241.0,18.84,"[7.7, 17.0, -2.9]","[-0.1, 0.1, -0.2]",12.928,13.917,0.762,12.87,9.751,52.0,78.5,SASDFQ9_fit1_model18.pdb,
SASDFQ9,ok,597.0,241.0,27.8,"[0.4, -15.3, -23.3]","[-0.1, 0.1, -0.2]",10.147,16.551,0.7,15.663,9.754,1.0,63.5,SASDFQ9_fit1_model19.pdb,
SASDFQ9,ok,597.0,241.0,42.15,"[7.0, -1.8, -41.7]","[-0.1, 0.1, -0.2]",21.593,22.667,0.844,26.308,19.149,9.0,17.0,SASDFQ9_fit1_model2.pdb,
SASDFQ9,ok,597.0,241.0,35.95,"[34.0, 11.6, -0.9]","[-0.1, 0.1, -0.2]",23.01,21.527,0.923,26.956,19.802,14.5,4.5,SASDFQ9_fit1_model20.pdb,
SASDFQ9,ok,597.0,241.0,49.45,"[-17.9, -29.1, 35.5]","[-0.1, 0.1, -0.2]",29.662,39.357,0.901,37.784,26.963,8.0,64.5,SASDFQ9_fit1_model3.pdb,
SASDFQ9,ok,597.0,241.0,32.18,"[-7.8, 20.6, 23.4]","[-0.1, 0.1, -0.2]",10.167,21.763,0.593,16.808,9.871,1.0,98.0,SASDFQ9_fit1_model4.pdb,
SASDFQ9,ok,597.0,241.0,36.34,"[-19.4, -5.0, 30.1]","[-0.1, 0.1, -0.2]",18.983,23.167,0.863,23.154,17.343,1.5,50.5,SASDFQ9_fit1_model5.pdb,
SASDFQ9,ok,597.0,241.0,26.92,"[22.3, -14.9, 1.0]","[-0.1, 0.1, -0.2]",20.167,16.144,0.874,18.77,15.508,75.0,3.0,SASDFQ9_fit1_model6.pdb,
SASDFQ9,ok,597.0,241.0,39.97,"[22.0, 27.9, -18.5]","[-0.1, 0.1, -0.2]",22.317,24.531,0.854,26.934,21.679,1.5,19.5,SASDFQ9_fit1_model7.pdb,
SASDFQ9,ok,597.0,241.0,18.73,"[-14.2, -5.0, 11.0]","[-0.1, 0.1, -0.2]",14.248,21.976,0.727,17.93,10.661,13.0,96.0,SASDFQ9_fit1_model8.pdb,
SASDFQ9,ok,597.0,241.0,45.65,"[19.0, 21.0, 35.7]","[-0.1, 0.1, -0.2]",20.708,28.724,0.869,29.281,17.054,3.5,44.5,SASDFQ9_fit1_model9.pdb,
SASDFR3,ok,1192.0,2275.0,0.34,"[0.2, 0.2, 0.0]","[-0.0, -0.0, -0.0]",6.201,6.226,0.501,7.553,5.782,3.5,4.0,SASDFR3_fit1_model1.pdb,
SASDFR4,ok,1304.0,1464.0,0.03,"[-0.0, 0.0, -0.0]","[0.0, 0.0, -0.0]",17.792,18.022,0.616,14.162,8.604,86.5,87.5,SASDFR4_fit1_model1.pdb,
SASDFR5,ok,1126.0,614.0,289.42,"[38.3, -37.6, 287.5]","[7.3, -8.4, 1.3]",238.611,244.567,1.0,256.185,231.722,4.0,11.5,SASDFR5_fit1_model1.pdb,
SASDFR6,ok,1407.0,303.0,29.42,"[23.0, -7.1, 16.7]","[-0.2, 0.1, 0.0]",20.049,18.228,0.655,21.309,14.359,34.0,14.5,SASDFR6_fit1_model1.pdb,
SASDFR6,ok,710.0,303.0,47.33,"[28.2, 29.3, 24.1]","[-0.2, 0.1, 0.0]",40.38,47.404,0.765,41.145,28.265,47.0,87.5,SASDFR6_fit1_model2.pdb,
SASDFR7,ok,1456.0,1247.0,38.26,"[-15.0, -20.7, 28.5]","[-0.0, 0.0, -0.0]",13.983,15.891,0.642,15.362,12.819,9.5,72.5,SASDFR7_fit1_model1.pdb,
SASDFR7,ok,896.0,1247.0,2.07,"[0.1, -1.1, -1.8]","[-0.0, 0.0, -0.0]",6.917,8.047,0.325,6.47,4.767,71.0,100.0,SASDFR7_fit2_model1.pdb,
SASDFR8,ok,1166.0,879.0,109.73,"[35.7, 24.3, 100.9]","[-0.0, 0.0, 0.0]",68.894,66.96,1.0,67.223,56.108,65.0,47.5,SASDFR8_fit1_model1.pdb,
SASDFR8,ok,1171.0,879.0,107.53,"[34.9, 24.0, 98.9]","[-0.0, 0.0, 0.0]",67.961,65.602,1.0,66.111,52.589,65.0,46.5,SASDFR8_fit2_model1.pdb,
SASDFS3,ok,728.0,813.0,8.64,"[-0.0, -0.0, -8.6]","[-0.0, -0.0, 0.0]",52.164,51.857,0.817,39.248,11.776,97.0,97.0,SASDFS3_fit1_model1.pdb,
SASDFS4,ok,1604.0,826.0,0.13,"[-0.0, 0.1, 0.1]","[0.0, 0.0, -0.0]",27.038,28.308,0.57,21.543,13.197,94.5,99.5,SASDFS4_fit1_model1.pdb,
SASDFS5,ok,804.0,1453.0,310.16,"[33.6, -38.3, 305.9]","[0.0, 0.0, -0.0]",214.922,214.327,1.0,222.242,211.391,11.0,9.0,SASDFS5_fit1_model1.pdb,
SASDFS6,ok,1768.0,271.0,35.15,"[28.1, 20.1, 7.2]","[0.0, 0.2, 0.0]",43.653,40.279,0.763,36.739,19.712,89.5,74.0,SASDFS6_fit1_model1.pdb,
SASDFS6,ok,710.0,271.0,47.18,"[28.2, 29.3, 24.1]","[0.0, 0.2, 0.0]",53.033,49.511,0.772,44.728,29.238,92.0,75.5,SASDFS6_fit1_model2.pdb,
SASDFS7,ok,413.0,1355.0,93.41,"[-28.4, 15.3, 87.7]","[-0.0, 0.0, 0.0]",72.175,77.079,1.0,72.085,54.643,50.5,93.5,SASDFS7_fit1_model1.pdb,
SASDFS7,ok,413.0,1355.0,73.46,"[-24.5, 29.3, 62.7]","[-0.0, 0.0, 0.0]",48.673,54.019,1.0,53.299,39.076,15.0,63.5,SASDFS7_fit1_model2.pdb,
SASDFS7,ok,413.0,1355.0,89.78,"[-40.0, 35.1, 72.3]","[-0.0, 0.0, 0.0]",68.656,66.484,1.0,65.915,51.061,82.5,62.0,SASDFS7_fit1_model3.pdb,
SASDFS8,ok,3430.0,1115.0,1.1,"[-1.0, -0.3, -0.3]","[0.0, 0.0, 0.0]",4.731,4.587,0.269,4.52,3.385,65.0,54.0,SASDFS8_fit1_model1.pdb,
SASDFS8,ok,1388.0,1115.0,0.03,"[0.0, -0.0, 0.0]","[0.0, 0.0, 0.0]",5.636,5.326,0.257,5.245,4.143,86.0,55.5,SASDFS8_fit2_model1.pdb,
SASDFT3,ok,1233.0,235.0,37.71,"[15.0, 16.1, -30.6]","[-0.1, 0.2, 0.2]",33.142,35.842,0.772,36.209,20.705,37.0,48.0,SASDFT3_fit1_model1.pdb,
SASDFT4,ok,515.0,497.0,9.49,"[1.2, -4.3, 8.3]","[0.0, 0.0, -0.0]",39.764,40.448,0.883,33.762,12.06,90.5,94.5,SASDFT4_fit1_model1.pdb,
SASDFT4,ok,2541.0,497.0,0.03,"[-0.0, 0.0, 0.0]","[0.0, 0.0, -0.0]",6.717,7.483,0.374,33.724,7.963,0.0,0.0,SASDFT4_fit2_model1.pdb,
SASDFT6,ok,1768.0,275.0,35.29,"[28.1, 20.1, 7.2]","[-0.1, -0.0, 0.1]",30.984,37.665,0.529,40.504,18.821,20.5,38.0,SASDFT6_fit1_model1.pdb,
SASDFT6,ok,710.0,275.0,47.3,"[28.2, 29.3, 24.1]","[-0.1, -0.0, 0.1]",39.642,46.51,0.666,49.514,24.877,24.0,38.5,SASDFT6_fit1_model2.pdb,
SASDFT7,ok,443.0,1421.0,75.16,"[-37.7, 12.8, 63.8]","[-0.0, 0.0, 0.0]",52.586,49.669,1.0,50.33,39.447,68.0,43.5,SASDFT7_fit1_model1.pdb,
SASDFT7,ok,443.0,1421.0,76.62,"[-19.0, 17.8, 72.1]","[-0.0, 0.0, 0.0]",52.163,58.833,1.0,55.095,41.417,24.5,82.5,SASDFT7_fit1_model2.pdb,
SASDFT7,ok,443.0,1421.0,71.77,"[-26.7, 10.3, 65.8]","[-0.0, 0.0, 0.0]",48.141,45.629,1.0,49.602,37.791,40.5,29.0,SASDFT7_fit1_model3.pdb,
SASDFT7,ok,443.0,1421.0,87.91,"[-23.6, 10.6, 84.0]","[-0.0, 0.0, 0.0]",62.718,58.996,1.0,64.798,52.158,26.0,9.0,SASDFT7_fit1_model4.pdb,
SASDFT8,ok,685.0,1138.0,36.29,"[9.5, 32.6, 12.8]","[0.0, -0.0, -0.0]",14.081,17.218,0.628,16.649,13.225,3.5,59.0,SASDFT8_fit1_model1.pdb,
SASDFU4,ok,2469.0,528.0,0.05,"[-0.0, -0.0, -0.0]","[0.0, -0.0, -0.0]",9.617,7.361,0.354,33.918,8.625,0.5,0.0,SASDFU4_fit1_model1.pdb,
SASDFU5,ok,1126.0,1008.0,292.5,"[38.3, -37.6, 287.5]","[-0.0, -0.0, 0.0]",195.34,198.539,1.0,212.696,185.883,5.5,8.5,SASDFU5_fit1_model1.pdb,
SASDFU6,ok,1949.0,208.0,42.24,"[32.4, 21.2, 17.3]","[0.1, 0.2, -0.1]",44.297,29.237,0.62,45.689,24.434,45.0,4.5,SASDFU6_fit1_model1.pdb,
SASDFU6,ok,1072.0,208.0,56.64,"[36.8, 25.1, 35.2]","[0.1, 0.2, -0.1]",49.382,38.323,0.642,52.842,35.558,36.0,1.5,SASDFU6_fit1_model2.pdb,
SASDFU7,ok,409.0,1907.0,79.87,"[-22.7, 24.8, 72.4]","[-0.0, -0.0, -0.0]",53.855,61.792,1.0,57.519,46.052,24.0,96.5,SASDFU7_fit1_model1.pdb,
SASDFU7,ok,409.0,1907.0,93.57,"[-28.0, 14.7, 88.1]","[-0.0, -0.0, -0.0]",75.766,72.196,1.0,71.889,58.006,91.0,53.5,SASDFU7_fit1_model2.pdb,
SASDFU7,ok,409.0,1907.0,91.51,"[-43.6, 19.1, 78.1]","[-0.0, -0.0, -0.0]",71.532,71.42,1.0,67.911,54.534,89.0,88.5,SASDFU7_fit1_model3.pdb,
SASDFU8,ok,685.0,1512.0,82.57,"[79.4, -18.2, -13.4]","[-0.0, -0.0, -0.0]",49.658,48.374,1.0,46.682,31.804,70.5,58.0,SASDFU8_fit1_model1.pdb,
SASDFV4,ok,1907.0,366.0,2.99,"[-0.0, 0.0, 0.0]","[0.7, 0.5, -2.9]",11.86,9.113,0.276,42.898,11.394,0.5,0.0,SASDFV4_fit1_model1.pdb,
SASDFV5,ok,1126.0,476.0,294.87,"[38.3, -37.6, 287.5]","[-20.4, -18.1, -0.8]",248.97,249.838,1.0,262.589,239.787,8.0,9.5,SASDFV5_fit1_model1.pdb,
SASDFV6,ok,183.0,4555.0,99.14,"[-7.3, -19.8, 96.9]","[0.0, 0.0, 0.0]",62.229,60.489,1.0,64.62,55.768,25.0,15.0,SASDFV6_fit1_model1.pdb,
SASDFV6,ok,641.0,4555.0,149.29,"[6.9, -4.7, 149.1]","[0.0, 0.0, 0.0]",87.809,84.458,1.0,106.534,78.276,7.5,4.5,SASDFV6_fit1_model2.pdb,
SASDFW4,ok,829.0,319.0,1.18,"[0.2, -1.4, -0.0]","[-0.2, -0.3, 0.1]",71.638,72.1,0.855,60.888,14.895,86.5,89.0,SASDFW4_fit1_model1.pdb,
SASDFW5,ok,804.0,596.0,310.13,"[33.6, -38.3, 305.9]","[-0.0, 0.0, 0.0]",234.739,234.164,1.0,241.887,231.242,10.5,8.5,SASDFW5_fit1_model1.pdb,
SASDFW6,ok,366.0,317.0,152.78,"[-145.4, 6.5, -44.1]","[0.4, 0.4, 1.2]",137.549,133.207,1.0,142.019,132.991,12.5,1.0,SASDFW6_fit1_model1.pdb,
SASDFW6,ok,3600.0,317.0,72.58,"[-49.6, 15.7, -49.2]","[0.4, 0.4, 1.2]",81.211,74.433,1.0,71.609,47.386,75.0,58.0,SASDFW6_fit1_model2.pdb,
SASDFW7,ok,1130.0,1380.0,0.19,"[0.0, 0.2, 0.0]","[0.0, 0.0, 0.0]",2.501,2.645,0.135,2.855,2.359,2.5,14.0,SASDFW7_fit1_model1.pdb,
SASDFW7,ok,461.0,1380.0,50.46,"[20.8, 39.0, 24.3]","[0.0, 0.0, 0.0]",28.061,28.977,1.0,29.272,26.604,17.5,42.5,SASDFW7_fit2_model1.pdb,
SASDFX4,ok,967.0,522.0,0.15,"[-0.0, 0.1, -0.1]","[0.1, 0.0, -0.0]",52.955,51.854,0.771,46.283,15.181,91.0,84.0,SASDFX4_fit1_model1.pdb,
SASDFX6,ok,366.0,606.0,152.09,"[-145.4, 6.5, -44.1]","[0.0, 0.0, -0.0]",125.71,122.338,1.0,131.021,120.632,12.0,4.5,SASDFX6_fit1_model1.pdb,
SASDFX7,ok,1837.0,1580.0,0.24,"[-0.1, 0.2, 0.1]","[0.0, 0.0, -0.0]",2.392,2.252,0.162,2.438,1.987,41.0,25.0,SASDFX7_fit1_model1.pdb,
SASDFX7,ok,475.0,1580.0,50.5,"[21.7, 38.6, 24.2]","[0.0, 0.0, -0.0]",27.033,28.057,0.996,27.897,24.764,27.0,57.0,SASDFX7_fit2_model1.pdb,
SASDFY6,ok,732.0,736.0,100.36,"[-24.2, 26.7, 93.6]","[-0.0, -0.0, -0.1]",61.156,57.548,0.997,57.028,38.774,72.0,51.5,SASDFY6_fit1_model1.pdb,
SASDFY7,ok,1334.0,1643.0,0.26,"[-0.1, 0.0, 0.2]","[0.0, 0.0, 0.0]",2.204,2.669,0.106,2.657,2.106,7.5,51.5,SASDFY7_fit1_model1.pdb,
SASDFY7,ok,485.0,1643.0,50.62,"[22.3, 38.5, 24.2]","[0.0, 0.0, 0.0]",25.107,26.145,0.953,26.158,22.552,21.5,49.0,SASDFY7_fit2_model1.pdb,
SASDFY9,ok,671.0,140.0,1.63,"[-0.0, 0.0, -0.0]","[-1.3, 0.9, -0.5]",29.984,33.237,0.532,35.629,18.642,22.0,32.5,SASDFY9_fit1_model1.pdb,
SASDFZ3,ok,728.0,1057.0,8.49,"[-8.5, 0.1, -0.1]","[-0.0, -0.0, -0.0]",8.035,6.984,0.422,7.591,4.832,65.5,39.5,SASDFZ3_fit1_model1.pdb,
SASDFZ6,ok,1647.0,266.0,62.85,"[-16.7, -14.2, -59.4]","[0.6, -0.2, -0.6]",41.4,37.755,0.738,38.83,28.737,70.5,40.0,SASDFZ6_fit1_model1.pdb,
SASDFZ7,ok,1153.0,231.0,0.08,"[0.0, 0.0, -0.0]","[0.0, 0.0, -0.1]",28.74,24.903,0.712,23.635,11.654,97.5,61.5,SASDFZ7_fit1_model1.pdb,
SASDFZ7,ok,631.0,231.0,77.18,"[12.5, 55.9, 51.7]","[0.0, 0.0, -0.1]",47.294,46.511,0.994,48.637,40.427,39.5,33.5,SASDFZ7_fit2_model1.pdb,
SASDFZ7,ok,631.0,231.0,189.3,"[20.8, 188.1, 4.9]","[0.0, 0.0, -0.1]",129.827,131.782,1.0,150.094,123.897,3.0,5.0,SASDFZ7_fit2_model2.pdb,
SASDFZ7,ok,631.0,231.0,166.36,"[78.2, 143.3, -32.5]","[0.0, 0.0, -0.1]",117.496,130.006,1.0,132.742,111.485,5.0,38.5,SASDFZ7_fit2_model3.pdb,
SASDFZ7,ok,631.0,231.0,112.45,"[60.7, 89.3, -31.5]","[0.0, 0.0, -0.1]",91.897,83.862,1.0,83.974,63.847,81.5,49.5,SASDFZ7_fit2_model4.pdb,
SASDFZ7,ok,631.0,231.0,134.57,"[67.7, 107.2, -45.2]","[0.0, 0.0, -0.1]",97.796,105.925,1.0,102.026,88.504,30.0,74.5,SASDFZ7_fit2_model5.pdb,
SASDFZ7,ok,631.0,231.0,111.47,"[78.1, 52.9, 59.4]","[0.0, 0.0, -0.1]",77.36,70.691,1.0,71.716,57.121,88.5,42.5,SASDFZ7_fit2_model6.pdb,
SASDFZ9,ok,5075.0,1007.0,0.03,"[-0.0, 0.0, 0.0]","[-0.0, -0.0, 0.0]",10.275,11.466,0.132,12.699,7.849,5.0,21.0,SASDFZ9_fit1_model1.pdb,
SASDG22,ok,5971.0,1240.0,0.01,"[0.0, 0.0, -0.0]","[0.0, 0.0, 0.0]",8.522,8.418,0.232,8.292,5.786,67.0,58.0,SASDG22_fit1_model1.pdb,
SASDG24,ok,162.0,115.0,29.34,"[9.5, -3.2, -10.3]","[-13.7, 10.4, -22.1]",25.885,41.905,0.537,38.796,20.29,1.0,69.0,SASDG24_fit1_model1.pdb,
SASDG24,ok,12366.0,115.0,146.05,"[54.2, -106.2, -78.0]","[-13.7, 10.4, -22.1]",116.31,106.874,1.0,107.903,86.887,74.5,46.5,SASDG24_fit2_model1.pdb,
SASDG24,ok,12366.0,115.0,208.3,"[129.6, -122.2, -94.9]","[-13.7, 10.4, -22.1]",168.231,165.118,1.0,159.124,140.119,93.5,82.5,SASDG24_fit2_model2.pdb,
SASDG24,ok,12366.0,115.0,267.75,"[23.2, -22.6, -285.2]","[-13.7, 10.4, -22.1]",207.545,216.241,1.0,211.269,166.913,41.0,70.5,SASDG24_fit2_model3.pdb,
SASDG26,ok,1057.0,1368.0,0.71,"[-0.7, 0.0, 0.3]","[0.0, -0.0, -0.0]",5.103,4.588,0.127,4.787,3.617,82.5,31.5,SASDG26_fit1_model1.pdb,
SASDG26,ok,6231.0,1368.0,0.0,"[0.0, -0.0, -0.0]","[0.0, -0.0, -0.0]",4.942,4.429,0.211,4.453,3.192,88.0,46.5,SASDG26_fit1_model2.pdb,
SASDG32,ok,905.0,191.0,0.36,"[0.0, 0.0, -0.0]","[-0.3, -0.1, -0.1]",38.85,27.235,0.677,30.335,13.401,97.5,34.5,SASDG32_fit1_model1.pdb,
SASDG34,ok,278.0,121.0,25.85,"[16.2, -2.9, 5.8]","[2.6, 3.1, -15.3]",38.45,35.918,0.669,37.637,24.127,54.0,39.5,SASDG34_fit1_model1.pdb,
SASDG34,ok,16940.0,121.0,160.23,"[86.7, -119.8, 43.9]","[2.6, 3.1, -15.3]",115.189,111.103,1.0,109.157,87.924,72.5,59.0,SASDG34_fit2_model1.pdb,
SASDG34,ok,16940.0,121.0,111.04,"[55.8, 100.2, -6.4]","[2.6, 3.1, -15.3]",84.07,72.461,1.0,82.611,64.883,55.0,15.5,SASDG34_fit2_model2.pdb,
SASDG34,ok,16940.0,121.0,192.87,"[-113.2, -151.1, -17.7]","[2.6, 3.1, -15.3]",129.432,126.638,1.0,139.957,108.734,31.5,27.0,SASDG34_fit2_model3.pdb,
SASDG36,ok,653.0,941.0,1.2,"[0.2, -0.1, 1.2]","[0.0, -0.0, -0.0]",7.296,8.008,0.357,6.402,3.701,72.5,91.0,SASDG36_fit1_model1.pdb,
SASDG36,ok,4569.0,941.0,0.76,"[-0.3, -0.2, 0.7]","[0.0, -0.0, -0.0]",7.293,7.534,0.453,6.221,3.422,77.0,82.0,SASDG36_fit1_model2.pdb,
SASDG37,ok,1632.0,1144.0,11.52,"[1.6, 11.4, 0.1]","[-0.0, -0.0, 0.0]",6.477,7.492,0.389,6.727,4.762,44.0,77.5,SASDG37_fit1_model1.pdb,
SASDG37,ok,576.0,1144.0,13.68,"[0.3, 13.6, 1.3]","[-0.0, -0.0, 0.0]",7.526,8.995,0.378,7.832,5.772,39.5,84.0,SASDG37_fit2_model1.pdb,
SASDG37,ok,577.0,1144.0,4.34,"[-3.2, -2.9, -0.1]","[-0.0, -0.0, 0.0]",7.424,6.536,0.296,6.575,4.893,99.5,47.0,SASDG37_fit3_model1.pdb,
SASDG42,ok,1254.0,255.0,0.18,"[-0.0, 0.0, -0.0]","[0.1, 0.0, -0.2]",27.013,23.98,0.754,21.821,8.701,85.0,65.0,SASDG42_fit1_model1.pdb,
SASDG44,ok,811.0,1269.0,62.19,"[30.7, 36.7, 39.8]","[0.0, -0.0, -0.0]",34.385,39.384,0.979,34.556,29.253,48.0,99.0,SASDG44_fit1_model1.pdb,
SASDG44,ok,1049.0,1269.0,67.06,"[35.5, 42.5, 37.8]","[0.0, -0.0, -0.0]",36.245,39.616,0.984,36.157,30.164,50.5,88.0,SASDG44_fit2_model1.pdb,
SASDG44,ok,811.0,1269.0,62.19,"[30.7, 36.7, 39.8]","[0.0, -0.0, -0.0]",34.385,39.384,0.979,34.556,29.253,48.0,99.0,SASDG44_fit3_model1.pdb,
SASDG44,ok,1049.0,1269.0,67.06,"[35.5, 42.5, 37.8]","[0.0, -0.0, -0.0]",36.245,39.616,0.984,36.157,30.164,50.5,88.0,SASDG44_fit3_model2.pdb,
SASDG46,ok,934.0,1200.0,0.83,"[-0.6, -0.1, -0.6]","[0.0, -0.0, -0.0]",5.926,5.292,0.316,5.367,4.007,80.5,46.0,SASDG46_fit1_model1.pdb,
SASDG46,ok,5470.0,1200.0,0.01,"[-0.0, 0.0, -0.0]","[0.0, -0.0, -0.0]",5.767,5.092,0.403,5.18,3.8,82.5,44.5,SASDG46_fit1_model2.pdb,
SASDG47,ok,1389.0,550.0,23.8,"[0.0, 0.0, -23.8]","[-0.0, -0.0, -0.0]",13.084,13.284,0.644,16.099,10.132,15.0,16.0,SASDG47_fit1_model1.pdb,
SASDG47,ok,1578.0,550.0,40.49,"[2.1, -0.0, -40.4]","[-0.0, -0.0, -0.0]",23.209,21.364,0.929,22.44,18.81,63.5,27.0,SASDG47_fit2_model1.pdb,
SASDG54,ok,1456.0,174.0,238.88,"[136.6, 136.7, 136.9]","[-3.3, 0.7, -1.0]",184.267,164.746,1.0,173.207,142.556,92.5,14.5,SASDG54_fit1_model1.pdb,
SASDG57,ok,789.0,2680.0,49.19,"[-16.9, 17.5, -42.7]","[0.0, -0.0, -0.0]",28.32,24.996,0.7,25.881,14.59,78.5,41.5,SASDG57_fit1_model1.pdb,
SASDG57,ok,1578.0,2680.0,40.48,"[2.1, -0.0, -40.4]","[0.0, -0.0, -0.0]",25.456,23.367,0.727,18.719,10.747,99.5,95.5,SASDG57_fit2_model1.pdb,
SASDG64,ok,979.0,165.0,0.21,"[-0.0, -0.0, 0.0]","[0.2, -0.1, 0.1]",21.012,30.059,0.588,25.362,9.759,27.0,93.0,SASDG64_fit1_model1.pdb,
SASDG64,ok,591.0,165.0,14.21,"[-2.9, -5.7, -12.6]","[0.2, -0.1, 0.1]",26.801,24.862,0.677,24.923,11.12,65.5,49.0,SASDG64_fit1_model2.pdb,
SASDG64,ok,802.0,165.0,14.14,"[-3.9, 7.7, 11.1]","[0.2, -0.1, 0.1]",13.396,34.752,0.549,26.563,10.552,3.0,99.5,SASDG64_fit2_model1.pdb,
SASDG64,ok,552.0,165.0,15.79,"[0.5, -13.1, -8.9]","[0.2, -0.1, 0.1]",27.234,25.228,0.658,26.396,10.856,56.5,46.0,SASDG64_fit2_model2.pdb,
SASDG65,ok,318.0,501.0,9.99,"[-7.5, 6.0, -2.4]","[-0.0, -0.1, 0.0]",8.734,8.389,0.491,9.488,5.39,39.5,34.5,SASDG65_fit1_model1.pdb,
SASDG74,ok,157.0,1143.0,0.79,"[0.1, -0.3, 0.7]","[-0.0, -0.0, 0.0]",23.182,21.536,0.611,22.403,7.797,67.0,42.0,SASDG74_fit1_model1.pdb,
SASDG74,ok,491.0,1143.0,11.84,"[1.9, 9.2, -7.2]","[-0.0, -0.0, 0.0]",20.165,21.417,0.491,20.25,7.879,48.5,70.5,SASDG74_fit1_model2.pdb,
SASDG74,ok,776.0,1143.0,22.46,"[6.3, 18.2, -11.4]","[-0.0, -0.0, 0.0]",13.011,16.938,0.443,24.758,12.348,1.0,7.5,SASDG74_fit2_model1.pdb,
SASDG74,ok,1032.0,1143.0,3.86,"[1.1, -2.8, 2.4]","[-0.0, -0.0, 0.0]",17.832,20.316,0.48,20.12,6.771,31.5,54.5,SASDG74_fit2_model2.pdb,
SASDG75,ok,3064.0,1292.0,0.01,"[0.0, 0.0, 0.0]","[-0.0, -0.0, 0.0]",5.918,9.346,0.28,7.986,4.037,16.0,94.0,SASDG75_fit1_model1.pdb,
SASDG75,ok,3064.0,1292.0,0.01,"[0.0, 0.0, -0.0]","[-0.0, -0.0, 0.0]",8.643,7.36,0.382,8.355,4.322,61.5,35.0,SASDG75_fit2_model1.pdb,
SASDG75,ok,3065.0,1292.0,1.8,"[-1.0, 1.4, 0.5]","[-0.0, -0.0, 0.0]",8.622,7.074,0.382,8.174,4.543,63.0,31.0,SASDG75_fit3_model1.pdb,
SASDG84,ok,833.0,176.0,0.58,"[0.0, -0.0, 0.0]","[0.2, 0.1, -0.5]",21.111,25.773,0.646,25.001,7.501,31.0,54.5,SASDG84_fit1_model1.pdb,
SASDG84,ok,537.0,176.0,3.09,"[0.4, -2.4, -2.3]","[0.2, 0.1, -0.5]",12.247,11.158,0.477,22.38,6.495,7.5,6.0,SASDG84_fit1_model2.pdb,
SASDG84,ok,826.0,176.0,35.58,"[-33.8, -10.5, -1.0]","[0.2, 0.1, -0.5]",39.184,34.634,0.909,32.589,21.112,92.5,65.5,SASDG84_fit2_model1.pdb,
SASDG84,ok,647.0,176.0,3.32,"[-2.5, -1.1, -2.1]","[0.2, 0.1, -0.5]",11.726,10.741,0.479,21.469,6.874,7.0,6.0,SASDG84_fit2_model2.pdb,
SASDG84,ok,816.0,176.0,1.4,"[-0.5, -1.0, -0.0]","[0.2, 0.1, -0.5]",13.375,12.212,0.587,24.017,7.566,8.0,6.0,SASDG84_fit3_model1.pdb,
SASDG94,ok,794.0,168.0,15.14,"[-3.3, -7.3, -12.8]","[0.0, 0.1, -0.0]",28.985,31.459,0.872,26.501,11.251,72.5,98.0,SASDG94_fit1_model1.pdb,
SASDG94,ok,794.0,168.0,41.67,"[-14.5, -36.7, 13.3]","[0.0, 0.1, -0.0]",29.814,31.941,0.806,38.783,20.978,19.0,23.0,SASDG94_fit2_model1.pdb,
SASDG94,ok,794.0,168.0,30.25,"[11.2, -26.6, -9.0]","[0.0, 0.1, -0.0]",22.539,25.891,0.809,44.622,21.595,0.5,6.5,SASDG94_fit2_model2.pdb,
SASDG94,ok,794.0,168.0,39.55,"[-5.1, -3.1, 39.1]","[0.0, 0.1, -0.0]",34.357,36.541,0.78,48.248,30.279,6.0,11.0,SASDG94_fit2_model3.pdb,
SASDG94,ok,794.0,168.0,92.12,"[-74.3, -54.0, 6.9]","[0.0, 0.1, -0.0]",39.229,39.609,0.844,43.304,35.333,6.5,7.5,SASDG94_fit2_model4.pdb,
SASDG94,ok,794.0,168.0,12.57,"[11.3, -5.4, -1.2]","[0.0, 0.1, -0.0]",12.777,13.034,0.615,43.626,11.723,1.5,2.0,SASDG94_fit2_model5.pdb,
SASDG94,ok,794.0,168.0,86.08,"[-53.5, -65.0, -17.7]","[0.0, 0.1, -0.0]",46.665,52.554,0.822,49.173,36.062,31.0,74.5,SASDG94_fit2_model6.pdb,
SASDG95,ok,823.0,1944.0,2.77,"[-2.2, -0.3, -1.7]","[0.0, 0.0, -0.0]",6.898,6.534,0.278,9.402,4.5,15.0,12.0,SASDG95_fit1_model1.pdb,
SASDG97,ok,2315.0,508.0,73.45,"[-1.0, 19.4, 70.8]","[-0.0, -0.0, -0.0]",56.45,54.432,0.946,52.052,15.92,59.0,53.5,SASDG97_fit1_model1.pdb,
SASDG97,ok,654.0,508.0,78.08,"[5.0, 18.6, 75.7]","[-0.0, -0.0, -0.0]",57.748,56.736,0.966,55.012,18.757,57.0,53.5,SASDG97_fit2_model1.pdb,
SASDGA4,ok,794.0,161.0,15.73,"[-8.1, -7.4, 12.0]","[-0.0, -0.0, 0.7]",26.953,22.022,0.71,26.195,9.463,53.5,29.5,SASDGA4_fit1_model1.pdb,
SASDGA4,ok,794.0,161.0,57.49,"[1.1, -36.5, -43.7]","[-0.0, -0.0, 0.7]",52.488,55.402,0.995,45.171,35.064,81.5,90.0,SASDGA4_fit2_model1.pdb,
SASDGA4,ok,794.0,161.0,20.5,"[0.4, -18.6, -7.9]","[-0.0, -0.0, 0.7]",40.37,27.006,0.996,34.664,13.717,85.0,27.0,SASDGA4_fit2_model2.pdb,
SASDGA4,ok,794.0,161.0,43.9,"[-33.6, -28.1, 4.0]","[-0.0, -0.0, 0.7]",35.746,32.139,0.801,31.988,17.548,70.0,51.5,SASDGA4_fit2_model3.pdb,
SASDGA4,ok,794.0,161.0,61.33,"[-40.2, -43.4, -15.6]","[-0.0, -0.0, 0.7]",38.255,37.531,0.933,36.599,27.619,65.0,56.5,SASDGA4_fit2_model4.pdb,
SASDGA4,ok,794.0,161.0,59.3,"[-23.9, -54.2, 3.9]","[-0.0, -0.0, 0.7]",42.833,41.341,0.995,40.999,25.116,60.0,52.0,SASDGA4_fit2_model5.pdb,
SASDGA4,ok,794.0,161.0,56.78,"[-27.7, -30.5, -38.4]","[-0.0, -0.0, 0.7]",43.801,38.977,0.997,39.11,31.474,89.5,48.5,SASDGA4_fit2_model6.pdb,
SASDGA5,ok,213.0,1003.0,1.16,"[0.2, 0.3, 1.0]","[0.0, 0.0, -0.1]",5.138,5.584,0.225,5.712,4.095,27.0,44.0,SASDGA5_fit1_model1.pdb,
SASDGA5,ok,243.0,1003.0,10.69,"[-0.6, -9.9, -4.0]","[0.0, 0.0, -0.1]",6.358,6.659,0.292,6.672,4.575,34.5,49.5,SASDGA5_fit2_model1.pdb,
SASDGA5,ok,1175.0,1003.0,0.58,"[-0.4, 0.1, -0.5]","[0.0, 0.0, -0.1]",3.289,4.577,0.186,4.452,2.57,7.5,57.0,SASDGA5_fit3_model1.pdb,
SASDGA7,ok,395.0,1355.0,119.72,"[38.9, -77.1, 82.9]","[0.0, -0.0, -0.0]",81.087,92.828,1.0,88.642,66.275,28.5,67.0,SASDGA7_fit1_model1.pdb,
SASDGB4,ok,794.0,1151.0,0.25,"[-0.2, -0.2, 0.1]","[0.0, -0.0, 0.0]",20.392,19.756,0.703,20.814,8.539,47.0,41.0,SASDGB4_fit1_model1.pdb,
SASDGB4,ok,776.0,1151.0,90.23,"[-52.2, -72.3, 13.8]","[0.0, -0.0, 0.0]",61.421,62.41,1.0,65.22,57.648,18.5,25.5,SASDGB4_fit2_model1.pdb,
SASDGB4,ok,776.0,1151.0,76.9,"[-75.3, -0.5, -15.5]","[0.0, -0.0, 0.0]",58.537,62.808,1.0,55.285,39.754,70.0,90.5,SASDGB4_fit2_model2.pdb,
SASDGB4,ok,776.0,1151.0,32.62,"[-16.7, 16.0, 23.0]","[0.0, -0.0, 0.0]",45.211,48.883,0.901,43.245,17.476,62.0,81.0,SASDGB4_fit2_model3.pdb,
SASDGB5,ok,201.0,332.0,29.62,"[12.4, 23.9, 12.2]","[-0.0, -0.1, -0.0]",19.93,14.478,0.856,18.328,14.018,82.5,0.5,SASDGB5_fit1_model1.pdb,
SASDGB5,ok,4824.0,332.0,66.73,"[55.5, 0.0, 37.0]","[-0.0, -0.1, -0.0]",45.19,38.897,0.987,42.963,36.174,62.0,12.5,SASDGB5_fit1_model10.pdb,
SASDGB5,ok,195.0,332.0,17.77,"[2.7, 9.2, 14.8]","[-0.0, -0.1, -0.0]",11.258,16.625,0.646,14.966,7.614,18.0,71.0,SASDGB5_fit1_model2.pdb,
SASDGB5,ok,195.0,332.0,9.23,"[2.0, -3.3, 8.4]","[-0.0, -0.1, -0.0]",12.97,11.075,0.779,12.235,7.227,64.5,35.5,SASDGB5_fit1_model3.pdb,
SASDGB5,ok,402.0,332.0,53.09,"[0.0, 37.0, 38.0]","[-0.0, -0.1, -0.0]",21.236,22.604,0.843,22.9,16.536,34.0,48.0,SASDGB5_fit1_model4.pdb,
SASDGB5,ok,804.0,332.0,48.61,"[20.1, 30.4, 32.0]","[-0.0, -0.1, -0.0]",27.583,23.592,0.922,24.26,17.453,83.5,38.0,SASDGB5_fit1_model5.pdb,
SASDGB5,ok,1608.0,332.0,42.15,"[20.1, 0.0, 37.0]","[-0.0, -0.1, -0.0]",30.039,28.173,0.961,25.756,17.79,95.0,81.5,SASDGB5_fit1_model6.pdb,
SASDGB5,ok,2412.0,332.0,31.78,"[27.4, 6.7, 14.5]","[-0.0, -0.1, -0.0]",27.902,21.109,0.974,24.069,18.807,90.5,17.0,SASDGB5_fit1_model7.pdb,
SASDGB5,ok,3216.0,332.0,48.33,"[31.1, -0.0, 37.0]","[-0.0, -0.1, -0.0]",34.115,29.06,0.98,32.066,26.402,66.0,19.5,SASDGB5_fit1_model8.pdb,
SASDGB5,ok,4020.0,332.0,67.14,"[45.7, -8.4, 48.4]","[-0.0, -0.1, -0.0]",42.161,42.305,0.984,42.431,34.824,47.5,48.0,SASDGB5_fit1_model9.pdb,
SASDGB6,ok,701.0,840.0,62.36,"[-8.9, 61.7, 2.5]","[0.0, -0.0, -0.0]",34.404,34.063,1.0,30.095,20.492,93.0,90.5,SASDGB6_fit1_model1.pdb,
SASDGB6,ok,701.0,840.0,62.61,"[-9.0, 61.9, 3.0]","[0.0, -0.0, -0.0]",34.381,33.999,1.0,30.133,20.553,92.5,89.5,SASDGB6_fit2_model1.pdb,
SASDGB7,ok,130.0,488.0,21.05,"[2.7, -19.8, -6.8]","[-0.0, -0.0, 0.0]",15.962,15.268,0.831,27.068,14.388,3.0,1.0,SASDGB7_fit1_model1.pdb,
SASDGB7,ok,416.0,488.0,19.87,"[3.1, -18.8, -5.6]","[-0.0, -0.0, 0.0]",14.517,13.359,0.774,28.321,13.199,2.0,0.5,SASDGB7_fit2_model1.pdb,
SASDGC4,ok,794.0,1132.0,0.33,"[-0.3, 0.0, -0.2]","[0.0, 0.0, -0.0]",8.184,9.259,0.272,20.156,8.195,0.0,1.5,SASDGC4_fit1_model1.pdb,
SASDGC4,ok,776.0,1132.0,75.27,"[-23.9, -52.9, -47.9]","[0.0, 0.0, -0.0]",46.784,46.124,1.0,44.234,39.52,82.5,78.5,SASDGC4_fit2_model1.pdb,
SASDGC4,ok,776.0,1132.0,28.26,"[-17.7, -19.6, 10.0]","[0.0, 0.0, -0.0]",28.866,27.121,0.758,31.974,16.898,29.0,22.0,SASDGC4_fit2_model2.pdb,
SASDGC4,ok,776.0,1132.0,48.5,"[-11.7, -37.4, -28.6]","[0.0, 0.0, -0.0]",30.251,34.242,0.838,31.017,23.99,44.0,91.5,SASDGC4_fit2_model3.pdb,
SASDGC4,ok,776.0,1132.0,16.16,"[-12.1, -9.5, -5.0]","[0.0, 0.0, -0.0]",28.854,30.997,0.86,28.031,13.149,56.0,70.5,SASDGC4_fit2_model4.pdb,
SASDGC5,ok,201.0,1100.0,29.51,"[12.4, 23.9, 12.2]","[0.0, 0.0, -0.0]",16.996,13.475,0.831,14.95,11.755,92.5,18.5,SASDGC5_fit1_model1.pdb,
SASDGC5,ok,4824.0,1100.0,66.7,"[55.5, 0.0, 37.0]","[0.0, 0.0, -0.0]",41.037,40.134,0.984,37.306,28.764,66.5,62.0,SASDGC5_fit1_model10.pdb,
SASDGC5,ok,195.0,1100.0,17.69,"[2.7, 9.2, 14.8]","[0.0, 0.0, -0.0]",14.191,14.507,0.544,13.903,10.502,57.0,65.0,SASDGC5_fit1_model2.pdb,
SASDGC5,ok,195.0,1100.0,9.24,"[2.0, -3.3, 8.4]","[0.0, 0.0, -0.0]",10.351,9.069,0.472,10.735,7.924,37.0,15.0,SASDGC5_fit1_model3.pdb,
SASDGC5,ok,402.0,1100.0,53.0,"[0.0, 37.0, 38.0]","[0.0, 0.0, -0.0]",31.67,32.215,1.0,31.749,26.49,48.5,58.0,SASDGC5_fit1_model4.pdb,
SASDGC5,ok,804.0,1100.0,48.52,"[20.1, 30.4, 32.0]","[0.0, 0.0, -0.0]",29.674,25.233,1.0,26.286,21.758,85.0,31.0,SASDGC5_fit1_model5.pdb,
SASDGC5,ok,1608.0,1100.0,42.12,"[20.1, 0.0, 37.0]","[0.0, 0.0, -0.0]",29.213,27.597,0.965,25.28,19.903,97.0,82.0,SASDGC5_fit1_model6.pdb,
SASDGC5,ok,2412.0,1100.0,31.74,"[27.4, 6.7, 14.5]","[0.0, 0.0, -0.0]",27.974,21.152,0.969,20.647,16.605,99.5,60.0,SASDGC5_fit1_model7.pdb,
SASDGC5,ok,3216.0,1100.0,48.3,"[31.1, -0.0, 37.0]","[0.0, 0.0, -0.0]",34.996,34.297,0.977,30.091,23.221,86.5,84.0,SASDGC5_fit1_model8.pdb,
SASDGC5,ok,4020.0,1100.0,67.12,"[45.7, -8.4, 48.4]","[0.0, 0.0, -0.0]",38.852,41.69,0.981,38.041,28.668,55.0,67.5,SASDGC5_fit1_model9.pdb,
SASDGC6,ok,1449.0,4840.0,1.59,"[0.6, 1.1, 0.9]","[0.0, 0.0, -0.0]",2.014,5.061,0.095,8.816,2.272,0.0,5.5,SASDGC6_fit1_model1.pdb,
SASDGC6,ok,481.0,4840.0,17.81,"[-7.9, 15.3, 4.7]","[0.0, 0.0, -0.0]",11.685,12.96,0.69,12.436,6.871,29.0,59.5,SASDGC6_fit2_model1.pdb,
SASDGC7,ok,175.0,1441.0,20.63,"[2.8, -20.1, -3.8]","[0.0, 0.0, 0.0]",11.23,12.653,0.697,22.453,11.877,0.0,2.0,SASDGC7_fit1_model1.pdb,
SASDGC7,ok,404.0,1441.0,19.92,"[3.1, -18.9, -5.6]","[0.0, 0.0, 0.0]",11.515,12.302,0.757,25.103,11.311,0.5,1.0,SASDGC7_fit2_model1.pdb,
SASDGD2,ok,309.0,1317.0,0.95,"[-0.6, -0.7, -0.3]","[-0.0, -0.0, -0.0]",3.631,4.738,0.23,4.605,3.047,7.5,59.0,SASDGD2_fit1_model1.pdb,
SASDGD5,ok,201.0,1390.0,29.52,"[12.4, 23.9, 12.2]","[0.0, -0.0, 0.0]",18.304,14.215,0.97,16.028,12.885,93.5,12.5,SASDGD5_fit1_model1.pdb,
SASDGD5,ok,4824.0,1390.0,66.7,"[55.5, 0.0, 37.0]","[0.0, -0.0, 0.0]",42.105,43.277,0.996,41.626,33.977,52.5,59.0,SASDGD5_fit1_model10.pdb,
SASDGD5,ok,195.0,1390.0,17.68,"[2.7, 9.2, 14.8]","[0.0, -0.0, 0.0]",12.299,13.107,0.574,12.729,10.393,38.5,65.0,SASDGD5_fit1_model2.pdb,
SASDGD5,ok,195.0,1390.0,9.23,"[2.0, -3.3, 8.4]","[0.0, -0.0, 0.0]",7.313,8.176,0.415,8.774,5.908,21.0,35.5,SASDGD5_fit1_model3.pdb,
SASDGD5,ok,402.0,1390.0,53.0,"[0.0, 37.0, 38.0]","[0.0, -0.0, 0.0]",33.545,33.687,1.0,33.796,28.666,46.5,48.0,SASDGD5_fit1_model4.pdb,
SASDGD5,ok,804.0,1390.0,48.52,"[20.1, 30.4, 32.0]","[0.0, -0.0, 0.0]",31.534,25.357,1.0,27.308,22.197,90.0,18.5,SASDGD5_fit1_model5.pdb,
SASDGD5,ok,1608.0,1390.0,42.11,"[20.1, 0.0, 37.0]","[0.0, -0.0, 0.0]",27.978,28.246,0.99,25.119,20.639,91.0,92.0,SASDGD5_fit1_model6.pdb,
SASDGD5,ok,2412.0,1390.0,31.74,"[27.4, 6.7, 14.5]","[0.0, -0.0, 0.0]",26.299,20.684,0.993,21.606,18.426,98.5,30.0,SASDGD5_fit1_model7.pdb,
SASDGD5,ok,3216.0,1390.0,48.3,"[31.1, -0.0, 37.0]","[0.0, -0.0, 0.0]",33.942,35.258,0.994,31.503,26.026,71.0,79.5,SASDGD5_fit1_model8.pdb,
SASDGD5,ok,4020.0,1390.0,67.12,"[45.7, -8.4, 48.4]","[0.0, -0.0, 0.0]",40.326,45.153,0.996,40.864,33.136,46.5,69.5,SASDGD5_fit1_model9.pdb,
SASDGD6,ok,382.0,1604.0,71.61,"[53.6, 44.5, 16.7]","[0.0, 0.0, 0.0]",44.911,44.801,1.0,47.121,43.612,7.0,7.0,SASDGD6_fit1_model1.pdb,
SASDGE2,ok,222.0,921.0,0.06,"[0.0, -0.0, -0.0]","[0.0, 0.0, 0.0]",3.921,3.921,0.257,5.702,3.164,15.0,15.0,SASDGE2_fit1_model1.pdb,
SASDGE2,ok,222.0,921.0,54.69,"[21.5, 46.1, 20.3]","[0.0, 0.0, 0.0]",30.522,33.43,1.0,30.965,24.791,42.5,87.0,SASDGE2_fit2_model1.pdb,
SASDGE2,ok,222.0,921.0,32.74,"[14.8, 26.3, 12.8]","[0.0, 0.0, 0.0]",13.984,15.212,0.82,14.171,11.149,45.5,71.5,SASDGE2_fit3_model1.pdb,
SASDGE2,ok,222.0,921.0,61.56,"[-24.0, -10.7, 55.7]","[0.0, 0.0, 0.0]",46.632,47.688,1.0,44.285,41.258,81.5,92.5,SASDGE2_fit4_model1.pdb,
SASDGE2,ok,395.0,921.0,7.39,"[0.0, 0.0, -7.4]","[0.0, 0.0, 0.0]",12.718,11.943,0.808,11.059,8.489,86.0,72.0,SASDGE2_fit5_model1.pdb,
SASDGE5,ok,189.0,1669.0,29.72,"[13.0, 23.7, 12.3]","[0.0, 0.0, -0.0]",17.182,14.432,0.878,16.595,12.703,67.5,18.0,SASDGE5_fit1_model1.pdb,
SASDGE5,ok,183.0,1669.0,17.39,"[2.8, 9.0, 14.7]","[0.0, 0.0, -0.0]",15.645,12.906,0.541,12.952,10.726,97.5,48.5,SASDGE5_fit1_model2.pdb,
SASDGE5,ok,183.0,1669.0,9.18,"[1.9, -3.4, 8.3]","[0.0, 0.0, -0.0]",11.556,10.038,0.464,9.003,6.071,98.0,76.0,SASDGE5_fit1_model3.pdb,
SASDGE5,ok,378.0,1669.0,53.17,"[0.0, 37.0, 38.2]","[0.0, 0.0, -0.0]",32.752,34.437,1.0,33.335,28.156,43.5,66.0,SASDGE5_fit1_model4.pdb,
SASDGE5,ok,756.0,1669.0,48.65,"[20.2, 30.5, 32.1]","[0.0, 0.0, -0.0]",30.044,26.475,0.997,26.486,21.919,82.5,50.0,SASDGE5_fit1_model5.pdb,
SASDGE6,ok,1198.0,1284.0,2.15,"[-1.3, 1.2, 1.3]","[0.0, -0.0, 0.0]",1.784,3.435,0.189,2.986,1.83,0.0,78.0,SASDGE6_fit1_model1.pdb,
SASDGF2,ok,838.0,406.0,0.21,"[-0.0, -0.0, 0.2]","[0.0, -0.1, -0.0]",17.534,17.314,0.653,14.904,6.042,91.5,88.5,SASDGF2_fit1_model1.pdb,
SASDGF2,ok,395.0,406.0,7.34,"[0.0, 0.0, -7.4]","[0.0, -0.1, -0.0]",16.894,16.773,0.638,14.839,7.046,79.5,75.0,SASDGF2_fit2_model1.pdb,
SASDGF3,ok,1613.0,1575.0,55.91,"[50.8, -8.5, -21.8]","[0.0, -0.0, -0.0]",35.815,39.115,0.993,36.659,28.407,42.0,82.5,SASDGF3_fit1_model1.pdb,
SASDGF3,ok,668.0,1575.0,2.29,"[-0.5, -2.0, 1.0]","[0.0, -0.0, -0.0]",7.333,5.833,0.527,6.591,4.429,60.0,26.5,SASDGF3_fit2_model1.pdb,
SASDGF5,ok,189.0,1538.0,29.72,"[13.0, 23.7, 12.3]","[0.0, -0.0, -0.0]",18.073,14.564,0.915,15.649,12.988,89.0,19.5,SASDGF5_fit1_model1.pdb,
SASDGF5,ok,183.0,1538.0,17.39,"[2.8, 9.0, 14.7]","[0.0, -0.0, -0.0]",13.597,11.846,0.568,12.9,10.097,69.0,27.5,SASDGF5_fit1_model2.pdb,
SASDGF5,ok,183.0,1538.0,9.18,"[1.9, -3.4, 8.3]","[0.0, -0.0, -0.0]",9.28,8.138,0.475,8.882,6.453,59.0,24.5,SASDGF5_fit1_model3.pdb,
SASDGF5,ok,378.0,1538.0,53.17,"[0.0, 37.0, 38.2]","[0.0, -0.0, -0.0]",33.829,34.235,1.0,33.636,28.564,52.5,57.0,SASDGF5_fit1_model4.pdb,
SASDGF5,ok,756.0,1538.0,48.65,"[20.2, 30.5, 32.1]","[0.0, -0.0, -0.0]",31.591,25.833,1.0,27.069,21.875,92.5,31.5,SASDGF5_fit1_model5.pdb,
SASDGF6,ok,698.0,2523.0,2.79,"[1.6, 2.0, 1.2]","[0.0, -0.0, 0.0]",4.941,5.125,0.49,5.189,1.69,43.5,49.0,SASDGF6_fit1_model1.pdb,
SASDGG2,ok,288.0,1064.0,116.43,"[-111.8, 6.0, -31.8]","[0.0, -0.0, 0.0]",85.644,78.601,1.0,86.337,69.851,43.0,16.0,SASDGG2_fit1_model1.pdb,
SASDGG3,ok,860.0,1996.0,0.32,"[-0.3, 0.1, -0.0]","[0.0, 0.0, 0.0]",4.66,4.612,0.307,5.785,3.274,16.5,16.0,SASDGG3_fit1_model1.pdb,
SASDGG5,ok,189.0,1912.0,29.72,"[13.0, 23.7, 12.3]","[0.0, -0.0, 0.0]",16.746,13.74,0.862,14.97,11.361,86.5,26.0,SASDGG5_fit1_model1.pdb,
SASDGG5,ok,183.0,1912.0,17.39,"[2.8, 9.0, 14.7]","[0.0, -0.0, 0.0]",13.943,12.869,0.59,12.332,10.333,92.0,69.0,SASDGG5_fit1_model2.pdb,
SASDGG5,ok,183.0,1912.0,9.17,"[1.9, -3.4, 8.3]","[0.0, -0.0, 0.0]",10.257,9.082,0.525,8.353,5.503,86.5,68.0,SASDGG5_fit1_model3.pdb,
SASDGG5,ok,378.0,1912.0,53.17,"[0.0, 37.0, 38.2]","[0.0, -0.0, 0.0]",32.269,33.779,1.0,32.346,27.175,47.0,67.5,SASDGG5_fit1_model4.pdb,
SASDGG5,ok,756.0,1912.0,48.65,"[20.2, 30.5, 32.1]","[0.0, -0.0, 0.0]",30.367,26.264,1.0,25.947,21.269,90.0,52.0,SASDGG5_fit1_model5.pdb,
SASDGG6,ok,309.0,604.0,19.81,"[-18.5, 6.9, -1.1]","[-0.0, 0.0, 0.0]",11.518,10.533,0.498,11.398,9.794,53.0,10.5,SASDGG6_fit1_model1.pdb,
SASDGG6,ok,309.0,604.0,18.24,"[18.0, 2.9, -1.2]","[-0.0, 0.0, 0.0]",10.508,10.173,0.56,10.731,9.005,37.0,20.0,SASDGG6_fit1_model2.pdb,
SASDGG6,ok,618.0,604.0,1.2,"[-0.0, -0.0, -1.2]","[-0.0, 0.0, 0.0]",8.986,8.892,0.534,7.294,4.879,100.0,100.0,SASDGG6_fit1_model3.pdb,
SASDGH2,ok,172.0,582.0,19.39,"[-3.7, 17.9, -6.4]","[0.0, -0.0, -0.0]",8.69,7.515,0.669,9.074,5.973,42.5,24.0,SASDGH2_fit1_model1.pdb,
SASDGH3,ok,528.0,296.0,5.81,"[2.4, 4.9, 1.9]","[-0.1, 0.0, -0.1]",16.757,15.676,0.684,16.714,5.635,50.5,42.5,SASDGH3_fit1_model1.pdb,
SASDGH5,ok,192.0,1510.0,29.82,"[13.3, 23.9, 12.0]","[-0.0, 0.0, -0.0]",17.918,14.31,0.906,15.062,12.11,95.5,33.5,SASDGH5_fit1_model1.pdb,
SASDGH5,ok,186.0,1510.0,17.14,"[3.0, 8.6, 14.5]","[-0.0, 0.0, -0.0]",12.314,12.693,0.532,11.921,10.215,65.5,77.5,SASDGH5_fit1_model2.pdb,
SASDGH5,ok,186.0,1510.0,9.27,"[2.2, -3.5, 8.3]","[-0.0, 0.0, -0.0]",10.356,9.148,0.495,8.562,5.577,92.5,67.0,SASDGH5_fit1_model3.pdb,
SASDGH5,ok,384.0,1510.0,53.19,"[-0.0, 37.0, 38.2]","[-0.0, 0.0, -0.0]",31.657,33.211,1.0,31.881,26.431,45.5,65.5,SASDGH5_fit1_model4.pdb,
SASDGH5,ok,768.0,1510.0,48.65,"[20.2, 30.4, 32.1]","[-0.0, 0.0, -0.0]",29.309,25.032,1.0,25.832,20.643,85.5,41.5,SASDGH5_fit1_model5.pdb,
SASDGH5,ok,1536.0,1510.0,42.17,"[20.2, -0.0, 37.0]","[-0.0, 0.0, -0.0]",29.018,28.422,0.996,24.73,20.041,98.0,94.5,SASDGH5_fit1_model6.pdb,
SASDGH5,ok,2304.0,1510.0,31.77,"[27.4, 6.7, 14.5]","[-0.0, 0.0, -0.0]",27.661,18.777,0.996,21.035,17.538,99.5,16.5,SASDGH5_fit1_model7.pdb,
SASDGH6,ok,309.0,969.0,19.82,"[-18.5, 6.9, -1.1]","[0.0, 0.0, -0.0]",9.802,10.759,0.401,10.354,8.33,29.5,61.5,SASDGH6_fit1_model1.pdb,
SASDGH6,ok,309.0,969.0,18.22,"[18.0, 2.9, -1.2]","[0.0, 0.0, -0.0]",8.392,8.272,0.294,8.455,6.1,47.5,40.5,SASDGH6_fit1_model2.pdb,
SASDGH6,ok,618.0,969.0,0.26,"[-0.0, -0.0, -0.3]","[0.0, 0.0, -0.0]",8.349,8.112,0.419,7.618,5.051,75.5,66.5,SASDGH6_fit1_model3.pdb,
SASDGJ2,ok,172.0,470.0,19.41,"[-3.7, 17.9, -6.4]","[-0.0, -0.0, -0.0]",9.565,8.31,0.779,9.533,7.277,52.0,15.5,SASDGJ2_fit1_model1.pdb,
SASDGJ3,ok,661.0,1516.0,2.9,"[-2.1, -0.5, -2.0]","[0.0, 0.0, 0.0]",7.122,8.798,0.463,7.228,4.505,47.0,75.0,SASDGJ3_fit1_model1.pdb,
SASDGJ5,ok,192.0,1978.0,29.82,"[13.3, 23.9, 12.0]","[0.0, 0.0, -0.0]",16.392,13.138,0.818,14.293,11.141,96.5,25.0,SASDGJ5_fit1_model1.pdb,
SASDGJ5,ok,186.0,1978.0,17.14,"[3.0, 8.6, 14.5]","[0.0, 0.0, -0.0]",13.859,12.697,0.532,12.724,8.451,85.5,48.5,SASDGJ5_fit1_model2.pdb,
SASDGJ5,ok,186.0,1978.0,9.26,"[2.2, -3.5, 8.3]","[0.0, 0.0, -0.0]",9.16,7.898,0.419,8.83,6.019,60.0,29.0,SASDGJ5_fit1_model3.pdb,
SASDGJ5,ok,384.0,1978.0,53.19,"[-0.0, 37.0, 38.2]","[0.0, 0.0, -0.0]",32.587,33.062,1.0,32.318,27.162,54.0,62.0,SASDGJ5_fit1_model4.pdb,
SASDGJ5,ok,768.0,1978.0,48.64,"[20.2, 30.4, 32.1]","[0.0, 0.0, -0.0]",29.219,24.464,1.0,25.164,20.493,89.0,38.5,SASDGJ5_fit1_model5.pdb,
SASDGJ5,ok,1536.0,1978.0,42.16,"[20.2, -0.0, 37.0]","[0.0, 0.0, -0.0]",27.622,26.501,0.988,23.891,19.344,96.0,85.0,SASDGJ5_fit1_model6.pdb,
SASDGJ5,ok,2304.0,1978.0,31.77,"[27.4, 6.7, 14.5]","[0.0, 0.0, -0.0]",26.184,18.046,0.984,20.47,17.118,99.5,11.0,SASDGJ5_fit1_model7.pdb,
SASDGJ6,ok,618.0,860.0,0.27,"[-0.0, -0.0, -0.3]","[0.0, 0.0, 0.0]",7.282,7.356,0.337,8.181,5.31,24.5,26.0,SASDGJ6_fit1_model1.pdb,
SASDGJ6,ok,618.0,860.0,0.01,"[-0.0, 0.0, 0.0]","[0.0, 0.0, 0.0]",5.002,5.584,0.157,7.88,4.693,0.5,3.5,SASDGJ6_fit1_model2.pdb,
SASDGK2,ok,454.0,2030.0,172.78,"[-26.8, 167.3, 34.0]","[-0.0, 0.0, -0.0]",138.292,139.797,1.0,133.849,120.824,75.0,84.5,SASDGK2_fit1_model1.pdb,
SASDGK2,ok,1056.0,2030.0,1.77,"[0.4, -1.1, -1.3]","[-0.0, 0.0, -0.0]",3.606,3.535,0.186,9.382,3.517,0.5,0.5,SASDGK2_fit2_model1.pdb,
SASDGK3,ok,633.0,1508.0,2.23,"[1.7, 0.8, -1.1]","[0.0, -0.0, -0.0]",6.45,6.385,0.392,7.113,3.625,31.0,29.5,SASDGK3_fit1_model1.pdb,
SASDGK5,ok,192.0,1491.0,29.82,"[13.3, 23.9, 12.0]","[-0.0, 0.0, -0.0]",15.295,12.524,0.745,14.441,10.191,62.5,20.0,SASDGK5_fit1_model1.pdb,
SASDGK5,ok,186.0,1491.0,17.14,"[3.0, 8.6, 14.5]","[-0.0, 0.0, -0.0]",14.278,14.916,0.565,12.963,8.493,76.5,91.0,SASDGK5_fit1_model2.pdb,
SASDGK5,ok,186.0,1491.0,9.26,"[2.2, -3.5, 8.3]","[-0.0, 0.0, -0.0]",8.096,7.873,0.452,8.696,5.824,30.5,27.5,SASDGK5_fit1_model3.pdb,
SASDGK5,ok,384.0,1491.0,53.19,"[-0.0, 37.0, 38.2]","[-0.0, 0.0, -0.0]",30.64,31.458,1.0,31.613,26.565,41.5,48.5,SASDGK5_fit1_model4.pdb,
SASDGK5,ok,768.0,1491.0,48.64,"[20.2, 30.4, 32.1]","[-0.0, 0.0, -0.0]",29.119,24.748,0.997,25.288,20.002,88.5,42.5,SASDGK5_fit1_model5.pdb,
SASDGK5,ok,1536.0,1491.0,42.17,"[20.2, -0.0, 37.0]","[-0.0, 0.0, -0.0]",28.391,27.855,0.993,25.014,20.462,93.5,89.5,SASDGK5_fit1_model6.pdb,
SASDGK5,ok,2304.0,1491.0,31.77,"[27.4, 6.7, 14.5]","[-0.0, 0.0, -0.0]",27.028,19.822,0.977,20.498,17.227,100.0,35.5,SASDGK5_fit1_model7.pdb,
SASDGK6,ok,618.0,906.0,1.18,"[-0.0, -0.0, -1.2]","[-0.0, -0.0, -0.0]",7.427,7.464,0.294,7.476,4.467,48.5,49.5,SASDGK6_fit1_model1.pdb,
SASDGK6,ok,618.0,906.0,0.27,"[-0.0, -0.0, -0.3]","[-0.0, -0.0, -0.0]",7.082,7.509,0.32,8.149,5.123,25.0,34.0,SASDGK6_fit1_model2.pdb,
SASDGK6,ok,618.0,906.0,0.02,"[-0.0, 0.0, 0.0]","[-0.0, -0.0, -0.0]",8.211,8.28,0.346,7.748,4.836,65.0,69.0,SASDGK6_fit1_model3.pdb,
SASDGL2,ok,4056.0,2996.0,384.21,"[213.2, 223.4, 228.6]","[0.0, 0.0, -0.0]",318.224,310.721,1.0,317.152,310.533,55.0,1.5,SASDGL2_fit1_model1.pdb,
SASDGL3,ok,235.0,505.0,6.18,"[-0.3, -0.0, 0.2]","[5.3, -2.5, -0.6]",22.238,19.45,0.804,17.484,8.322,84.5,63.5,SASDGL3_fit1_model1.pdb,
SASDGL6,ok,618.0,923.0,1.17,"[-0.0, -0.0, -1.2]","[0.0, -0.0, -0.0]",5.345,6.245,0.222,7.142,4.89,5.0,20.0,SASDGL6_fit1_model1.pdb,
SASDGM3,ok,406.0,371.0,5.69,"[2.6, -3.6, 3.6]","[0.1, 0.0, 0.0]",16.387,11.83,0.663,14.542,6.847,69.5,28.5,SASDGM3_fit1_model1.pdb,
SASDGM5,ok,725.0,301.0,0.29,"[0.1, 0.1, 0.1]","[0.0, -0.1, -0.1]",18.231,12.187,0.698,19.099,6.885,42.5,14.5,SASDGM5_fit1_model1.pdb,
SASDGM6,ok,618.0,1001.0,1.18,"[-0.0, -0.0, -1.2]","[0.0, -0.0, -0.0]",6.425,6.127,0.28,6.914,4.734,33.5,25.0,SASDGM6_fit1_model1.pdb,
SASDGM6,ok,618.0,1001.0,0.26,"[-0.0, -0.0, -0.3]","[0.0, -0.0, -0.0]",7.865,7.708,0.411,7.746,5.179,56.0,48.5,SASDGM6_fit1_model2.pdb,
SASDGM6,ok,309.0,1001.0,19.83,"[-18.5, 6.9, -1.1]","[0.0, -0.0, -0.0]",9.726,9.973,0.375,9.299,8.257,68.0,87.5,SASDGM6_fit1_model3.pdb,
SASDGN3,ok,1242.0,1994.0,1.43,"[-0.4, 1.2, -0.6]","[-0.0, 0.0, 0.0]",5.301,5.286,0.368,6.067,3.409,33.5,32.5,SASDGN3_fit1_model1.pdb,
SASDGN5,ok,4907.0,93.0,47.2,"[11.9, -44.4, 0.6]","[-1.5, 0.1, 8.5]",52.795,51.609,0.876,56.426,43.822,29.5,24.5,SASDGN5_fit1_model1.pdb,
SASDGP3,ok,264.0,694.0,4.79,"[3.7, 1.6, 2.7]","[0.0, -0.0, 0.0]",17.805,18.566,0.697,18.609,9.873,38.0,49.5,SASDGP3_fit1_model1.pdb,
SASDGQ3,ok,619.0,886.0,1.23,"[0.3, 0.1, 1.2]","[0.0, 0.0, -0.0]",11.693,10.429,0.79,10.091,6.364,64.5,52.0,SASDGQ3_fit1_model1.pdb,
SASDGR3,ok,804.0,1921.0,1.82,"[0.5, -1.5, -0.9]","[0.0, 0.0, -0.0]",7.25,7.625,0.55,5.944,3.048,77.0,84.0,SASDGR3_fit1_model1.pdb,
SASDGS3,ok,218.0,247.0,3.66,"[-3.9, 1.4, 0.9]","[-0.5, 0.2, 0.2]",22.556,24.856,0.624,22.74,8.63,49.0,65.5,SASDGS3_fit1_model1.pdb,
SASDGS5,coordenadas_vazias,,,,,,,,,,,,,SASDGS5_fit1_model1.png,
SASDGS5,ok,7440.0,270.0,133.8,"[89.8, 89.8, 42.1]","[-0.2, 0.1, -0.0]",88.47,88.048,1.0,90.996,72.061,39.5,38.5,SASDGS5_fit1_model2.pdb,
SASDGT3,ok,836.0,5000.0,2.2,"[0.2, 1.2, 1.8]","[-0.0, -0.0, -0.0]",6.19,7.021,0.428,6.68,1.89,42.0,57.0,SASDGT3_fit1_model1.pdb,
SASDGT5,coordenadas_vazias,,,,,,,,,,,,,SASDGT5_fit1_model1.png,
SASDGT5,ok,4960.0,195.0,133.44,"[89.6, 89.6, 42.1]","[-0.1, 0.2, 0.0]",98.205,98.026,1.0,103.202,86.12,30.5,29.5,SASDGT5_fit1_model2.pdb,
SASDGU3,ok,800.0,5000.0,2.05,"[1.8, 0.9, -0.5]","[-0.0, 0.0, 0.0]",6.973,6.763,0.451,6.658,2.149,58.0,53.5,SASDGU3_fit1_model1.pdb,
SASDGU5,ok,1157.0,925.0,0.29,"[-0.0, -0.2, -0.2]","[0.0, -0.0, 0.0]",4.242,4.134,0.273,5.7,3.16,11.0,9.0,SASDGU5_fit1_model1.pdb,
SASDGU5,ok,294.0,925.0,16.83,"[1.0, -3.8, -16.4]","[0.0, -0.0, 0.0]",7.073,7.484,0.337,7.974,6.273,16.0,27.0,SASDGU5_fit2_model1.pdb,
SASDGU9,ok,5170.0,1086.0,0.05,"[-0.0, -0.0, 0.0]","[-0.0, 0.0, -0.0]",8.356,10.131,0.24,27.245,9.383,0.0,1.5,SASDGU9_fit1_model1.pdb,
SASDGV3,ok,516.0,1418.0,6.84,"[-5.8, -2.5, -2.6]","[-0.0, 0.0, 0.0]",9.393,10.348,0.486,9.893,4.818,40.0,59.5,SASDGV3_fit1_model1.pdb,
SASDGV4,ok,338.0,183.0,280.05,"[77.9, 20.5, 265.9]","[-2.1, 1.1, -1.8]",217.664,191.515,1.0,211.439,178.714,66.5,15.0,SASDGV4_fit1_model1.pdb,
SASDGV6,ok,920.0,1504.0,0.63,"[-0.5, 0.4, 0.0]","[-0.0, 0.0, 0.0]",3.004,3.067,0.16,4.258,2.95,1.5,1.5,SASDGV6_fit1_model1.pdb,
SASDGV9,ok,5624.0,1106.0,0.01,"[-0.0, -0.0, 0.0]","[-0.0, 0.0, 0.0]",8.464,8.096,0.224,14.369,6.663,2.5,1.5,SASDGV9_fit1_model1.pdb,
SASDGW3,ok,659.0,2237.0,5.57,"[-4.4, -0.9, 3.3]","[0.0, 0.0, 0.0]",12.276,10.135,0.519,9.638,5.182,82.5,56.0,SASDGW3_fit1_model1.pdb,
SASDGW4,ok,240.0,265.0,174.37,"[76.0, 52.6, 148.2]","[-0.2, -0.3, 0.5]",103.339,128.306,1.0,130.24,96.815,4.5,48.5,SASDGW4_fit1_model1.pdb,
SASDGW5,ok,440.0,982.0,45.67,"[13.8, -20.0, 38.6]","[-0.0, 0.0, 0.0]",21.65,27.354,0.895,24.304,19.795,19.0,97.0,SASDGW5_fit1_model1.pdb,
SASDGW5,ok,440.0,982.0,47.03,"[12.3, -18.4, 41.5]","[-0.0, 0.0, 0.0]",22.303,28.636,0.895,25.07,20.277,15.0,97.5,SASDGW5_fit2_model1.pdb,
SASDGW6,ok,667.0,1173.0,43.41,"[24.7, 35.6, 1.9]","[0.0, 0.0, -0.0]",21.55,21.494,0.807,19.939,15.948,82.0,81.5,SASDGW6_fit1_model1.pdb,
SASDGW9,ok,3452.0,747.0,0.06,"[0.0, -0.0, -0.0]","[0.1, 0.0, -0.0]",7.401,7.695,0.208,15.268,7.792,0.0,0.0,SASDGW9_fit1_model1.pdb,
SASDGW9,ok,1092.0,747.0,26.32,"[-18.6, -18.5, -0.0]","[0.1, 0.0, -0.0]",20.978,21.206,0.732,17.149,11.242,91.0,92.0,SASDGW9_fit2_model1.pdb,
SASDGW9,ok,1044.0,747.0,25.66,"[-18.2, -18.0, 0.0]","[0.1, 0.0, -0.0]",20.315,20.435,0.719,16.737,11.323,91.0,91.5,SASDGW9_fit3_model1.pdb,
SASDGX3,ok,410.0,1400.0,2.37,"[1.8, -0.9, -1.2]","[-0.0, -0.0, -0.0]",18.364,16.397,0.685,19.697,4.446,40.0,30.0,SASDGX3_fit1_model1.pdb,
SASDGX6,ok,1724.0,992.0,1.24,"[-0.6, 0.8, 0.8]","[0.0, -0.0, 0.0]",15.255,14.604,0.469,20.444,11.956,9.5,7.0,SASDGX6_fit1_model1.pdb,
SASDGX9,ok,1923.0,390.0,0.07,"[-0.0, -0.0, -0.0]","[-0.0, 0.0, 0.0]",10.201,8.681,0.369,16.033,6.614,7.5,4.5,SASDGX9_fit1_model1.pdb,
SASDGX9,ok,886.0,390.0,190.52,"[117.8, 116.6, 93.9]","[-0.0, 0.0, 0.0]",155.666,152.223,1.0,149.14,132.591,89.5,67.5,SASDGX9_fit2_model1.pdb,
SASDGY3,ok,333.0,220.0,4.81,"[1.4, 0.2, 4.6]","[0.3, -0.0, -0.1]",20.968,18.644,0.796,19.957,4.478,60.5,40.0,SASDGY3_fit1_model1.pdb,
SASDGY4,ok,1892.0,982.0,130.85,"[75.5, 75.5, 75.5]","[-0.0, 0.0, -0.0]",80.068,82.9,1.0,85.062,79.578,3.0,30.0,SASDGY4_fit1_model1.pdb,
SASDGY4,ok,2036.0,982.0,0.03,"[0.0, 0.0, 0.0]","[-0.0, 0.0, -0.0]",7.766,7.695,0.238,7.31,6.032,85.5,80.5,SASDGY4_fit2_model1.pdb,
SASDGY4,ok,1098.0,982.0,0.16,"[0.1, 0.1, 0.1]","[-0.0, 0.0, -0.0]",6.977,6.892,0.213,7.584,5.911,20.5,14.5,SASDGY4_fit3_model1.pdb,
SASDGZ3,ok,146.0,107.0,22.74,"[-10.5, 7.7, -3.0]","[-1.6, 4.6, 17.7]",38.636,52.591,0.836,42.292,18.946,37.5,94.5,SASDGZ3_fit1_model1.pdb,
SASDGZ3,ok,13300.0,107.0,466.07,"[-316.8, -123.2, 336.5]","[-1.6, 4.6, 17.7]",391.258,405.034,1.0,388.23,354.37,59.0,94.0,SASDGZ3_fit2_model1.pdb,
SASDGZ3,ok,13300.0,107.0,469.42,"[-325.0, -64.0, 351.0]","[-1.6, 4.6, 17.7]",398.686,338.597,1.0,381.509,339.525,81.0,0.0,SASDGZ3_fit2_model2.pdb,
SASDGZ3,ok,13300.0,107.0,446.18,"[-343.0, -128.4, 272.4]","[-1.6, 4.6, 17.7]",390.775,386.188,1.0,373.971,313.449,80.5,72.5,SASDGZ3_fit2_model3.pdb,
SASDGZ5,ok,455.0,625.0,113.89,"[57.9, 42.8, 88.2]","[0.0, -0.0, 0.0]",70.869,70.312,1.0,75.005,58.14,24.0,21.5,SASDGZ5_fit1_model1.pdb,
SASDGZ9,ok,530.0,1140.0,0.03,"[-0.0, 0.0, 0.0]","[-0.0, -0.0, -0.0]",7.19,7.613,0.428,6.302,4.133,75.0,85.5,SASDGZ9_fit1_model1.pdb,
SASDGZ9,ok,530.0,1140.0,1.89,"[1.3, -1.3, 0.3]","[-0.0, -0.0, -0.0]",6.292,6.331,0.355,6.582,3.522,42.0,43.5,SASDGZ9_fit1_model2.pdb,
SASDGZ9,ok,525.0,1140.0,0.02,"[0.0, 0.0, 0.0]","[-0.0, -0.0, -0.0]",7.694,7.797,0.419,6.329,4.031,86.0,88.0,SASDGZ9_fit2_model1.pdb,
SASDGZ9,ok,525.0,1140.0,2.69,"[1.3, -2.2, 0.9]","[-0.0, -0.0, -0.0]",6.236,6.78,0.358,6.609,3.781,41.0,54.0,SASDGZ9_fit2_model2.pdb,
SASDGZ9,ok,1447.0,1140.0,0.41,"[-0.1, -0.2, 0.3]","[-0.0, -0.0, -0.0]",5.277,5.722,0.29,5.723,2.937,36.0,50.0,SASDGZ9_fit3_model1.pdb,
SASDH22,ok,660.0,1078.0,0.03,"[0.0, -0.0, 0.0]","[-0.0, -0.0, -0.0]",6.827,7.892,0.327,6.655,4.412,55.5,89.0,SASDH22_fit1_model1.pdb,
SASDH22,ok,660.0,1078.0,0.46,"[-0.4, 0.0, 0.1]","[-0.0, -0.0, -0.0]",5.711,6.181,0.255,6.769,4.703,19.0,32.0,SASDH22_fit1_model2.pdb,
SASDH22,ok,659.0,1078.0,0.04,"[0.0, 0.0, 0.0]","[-0.0, -0.0, -0.0]",6.717,6.421,0.305,6.522,4.449,56.0,45.0,SASDH22_fit2_model1.pdb,
SASDH22,ok,659.0,1078.0,5.04,"[-4.9, 1.0, 0.0]","[-0.0, -0.0, -0.0]",5.945,5.575,0.294,6.826,4.532,19.5,8.5,SASDH22_fit2_model2.pdb,
SASDH22,ok,1039.0,1078.0,0.5,"[-0.3, -0.2, 0.3]","[-0.0, -0.0, -0.0]",5.167,5.344,0.206,6.12,4.399,18.5,24.5,SASDH22_fit3_model1.pdb,
SASDH23,ok,1181.0,408.0,4.28,"[-3.4, -2.6, 0.2]","[-0.0, 0.0, 0.0]",14.666,15.67,0.661,13.913,4.246,57.0,72.5,SASDH23_fit1_model1.pdb,
SASDH23,ok,495.0,408.0,105.87,"[19.4, 94.4, 43.8]","[-0.0, 0.0, 0.0]",79.59,85.36,1.0,83.651,69.998,29.5,57.5,SASDH23_fit2_model1.pdb,
SASDH24,ok,1227.0,726.0,0.34,"[0.0, -0.2, 0.2]","[-0.0, 0.0, -0.0]",3.432,3.513,0.337,3.521,2.281,33.5,47.5,SASDH24_fit1_model1.pdb,
SASDH28,ok,562.0,1378.0,7.55,"[4.7, 5.6, 1.9]","[-0.0, 0.0, 0.0]",5.119,4.887,0.281,4.96,4.307,76.5,37.0,SASDH28_fit1_model1.pdb,
SASDH28,ok,562.0,1378.0,8.84,"[5.2, 5.9, 4.0]","[-0.0, 0.0, 0.0]",5.799,5.61,0.327,5.503,4.776,80.0,64.0,SASDH28_fit1_model10.pdb,
SASDH28,ok,562.0,1378.0,8.3,"[5.3, 5.8, 2.5]","[-0.0, 0.0, 0.0]",5.567,5.153,0.292,5.418,4.533,73.5,16.0,SASDH28_fit1_model2.pdb,
SASDH28,ok,562.0,1378.0,9.06,"[6.1, 5.7, 3.5]","[-0.0, 0.0, 0.0]",5.339,5.247,0.265,5.295,4.352,55.5,44.5,SASDH28_fit1_model3.pdb,
SASDH28,ok,562.0,1378.0,8.21,"[3.9, 6.1, 3.8]","[-0.0, 0.0, 0.0]",5.11,4.973,0.256,5.121,4.193,48.5,22.5,SASDH28_fit1_model4.pdb,
SASDH28,ok,562.0,1378.0,8.57,"[5.1, 6.0, 3.4]","[-0.0, 0.0, 0.0]",5.013,4.92,0.256,5.062,4.34,42.0,25.5,SASDH28_fit1_model5.pdb,
SASDH28,ok,562.0,1378.0,9.79,"[6.7, 5.6, 4.6]","[-0.0, 0.0, 0.0]",5.522,5.501,0.322,5.312,4.53,72.5,69.5,SASDH28_fit1_model6.pdb,
SASDH28,ok,562.0,1378.0,8.94,"[5.5, 5.8, 4.0]","[-0.0, 0.0, 0.0]",4.865,5.438,0.258,5.045,4.168,29.0,88.5,SASDH28_fit1_model7.pdb,
SASDH28,ok,562.0,1378.0,8.68,"[6.5, 5.3, 2.3]","[-0.0, 0.0, 0.0]",5.32,5.319,0.295,5.277,4.504,55.0,55.0,SASDH28_fit1_model8.pdb,
SASDH28,ok,562.0,1378.0,7.99,"[5.7, 4.9, 2.7]","[-0.0, 0.0, 0.0]",4.936,5.234,0.26,4.988,4.228,43.5,76.0,SASDH28_fit1_model9.pdb,
SASDH29,ok,1289.0,4524.0,23.76,"[-8.5, -10.6, 19.5]","[0.0, 0.0, 0.0]",22.982,22.86,0.729,20.092,7.25,70.5,69.5,SASDH29_fit1_model1.pdb,
SASDH29,ok,1289.0,4524.0,15.26,"[-11.9, -9.6, 0.4]","[0.0, 0.0, 0.0]",19.138,23.036,0.7,21.208,6.558,37.5,61.0,SASDH29_fit1_model2.pdb,
SASDH29,ok,1289.0,4524.0,29.93,"[16.6, 23.8, -7.5]","[0.0, 0.0, 0.0]",14.483,14.928,0.517,18.376,12.646,6.5,10.5,SASDH29_fit1_model3.pdb,
SASDH29,ok,1289.0,4524.0,22.41,"[2.1, -18.5, 12.5]","[0.0, 0.0, 0.0]",24.59,25.86,0.753,22.563,8.764,66.5,73.5,SASDH29_fit1_model4.pdb,
SASDH29,ok,1289.0,4524.0,22.38,"[-2.6, 2.7, 22.1]","[0.0, 0.0, 0.0]",16.139,15.644,0.483,15.438,6.762,58.0,52.0,SASDH29_fit1_model5.pdb,
SASDH32,ok,1036.0,1038.0,0.0,"[-0.0, -0.0, -0.0]","[-0.0, -0.0, -0.0]",6.64,6.723,0.429,6.023,3.783,66.0,67.0,SASDH32_fit1_model1.pdb,
SASDH32,ok,1036.0,1038.0,3.64,"[-0.9, 2.8, 2.1]","[-0.0, -0.0, -0.0]",4.603,8.039,0.325,6.282,3.942,6.0,91.5,SASDH32_fit1_model2.pdb,
SASDH32,ok,1046.0,1038.0,0.74,"[0.4, -0.7, -0.0]","[-0.0, -0.0, -0.0]",4.908,7.822,0.335,6.119,3.497,14.5,87.0,SASDH32_fit2_model1.pdb,
SASDH32,ok,1046.0,1038.0,0.03,"[0.0, -0.0, 0.0]","[-0.0, -0.0, -0.0]",3.727,4.737,0.33,6.631,3.799,0.0,8.5,SASDH32_fit2_model2.pdb,
SASDH32,ok,985.0,1038.0,0.94,"[0.6, -0.7, -0.2]","[-0.0, -0.0, -0.0]",4.632,7.253,0.296,5.892,3.247,13.5,84.0,SASDH32_fit3_model1.pdb,
SASDH33,ok,424.0,1792.0,0.09,"[-0.1, 0.0, 0.0]","[-0.0, 0.0, 0.0]",9.526,10.355,0.455,9.068,6.161,59.0,71.0,SASDH33_fit1_model1.pdb,
SASDH34,ok,851.0,1365.0,1.39,"[0.6, -0.6, 1.1]","[-0.0, -0.0, -0.0]",11.442,12.694,0.623,9.483,5.412,76.0,89.5,SASDH34_fit1_model1.pdb,
SASDH39,ok,837.0,1134.0,26.09,"[-11.2, -7.5, -22.3]","[0.0, 0.0, -0.0]",12.05,13.545,0.507,12.749,9.767,34.5,68.0,SASDH39_fit1_model1.pdb,
SASDH39,ok,784.0,1134.0,27.95,"[-0.0, 2.9, -27.8]","[0.0, 0.0, -0.0]",14.041,13.803,0.497,14.759,12.24,29.5,23.0,SASDH39_fit2_model1.pdb,
SASDH39,ok,1687.0,1134.0,1.63,"[-0.1, 0.8, 1.4]","[0.0, 0.0, -0.0]",6.263,6.642,0.307,6.222,3.641,51.0,64.0,SASDH39_fit3_model1.pdb,
SASDH43,ok,515.0,1125.0,18.76,"[-11.3, 9.3, 11.8]","[-0.0, 0.0, -0.0]",9.512,10.149,0.497,10.145,7.607,35.0,50.0,SASDH43_fit1_model1.pdb,
SASDH49,ok,389.0,841.0,56.7,"[0.1, 6.1, -56.4]","[0.0, 0.0, 0.0]",34.226,37.604,1.0,36.429,33.027,10.5,82.5,SASDH49_fit1_model1.pdb,
SASDH49,ok,441.0,841.0,14.79,"[4.2, 9.8, 10.3]","[0.0, 0.0, 0.0]",8.635,8.716,0.542,8.893,6.099,38.0,41.5,SASDH49_fit2_model1.pdb,
SASDH52,ok,960.0,961.0,0.02,"[0.0, 0.0, 0.0]","[-0.0, 0.0, 0.0]",4.498,3.811,0.401,4.3,2.157,60.5,29.0,SASDH52_fit1_model1.pdb,
SASDH52,ok,960.0,961.0,0.71,"[-0.4, 0.3, 0.6]","[-0.0, 0.0, 0.0]",4.503,5.114,0.382,4.319,2.102,57.0,95.0,SASDH52_fit1_model2.pdb,
SASDH52,ok,948.0,961.0,0.68,"[-0.7, -0.1, 0.2]","[-0.0, 0.0, 0.0]",4.517,5.403,0.35,4.318,2.16,57.5,99.0,SASDH52_fit2_model1.pdb,
SASDH52,ok,948.0,961.0,0.04,"[0.0, -0.0, -0.0]","[-0.0, 0.0, 0.0]",4.748,3.96,0.4,4.326,1.984,74.0,36.0,SASDH52_fit2_model2.pdb,
SASDH52,ok,732.0,961.0,1.0,"[0.4, 0.4, -0.8]","[-0.0, 0.0, 0.0]",4.134,5.046,0.362,4.08,1.964,52.0,99.5,SASDH52_fit3_model1.pdb,
SASDH53,ok,515.0,1031.0,201.05,"[-197.6, 36.9, 4.4]","[-0.0, 0.0, -0.0]",161.308,161.085,1.0,158.6,144.989,66.0,65.5,SASDH53_fit1_model1.pdb,
SASDH59,ok,563.0,788.0,303.39,"[168.1, 94.7, 234.2]","[0.0, 0.0, 0.0]",265.406,264.195,1.0,263.405,255.303,72.5,59.0,SASDH59_fit1_model1.pdb,
SASDH63,ok,515.0,1157.0,34.04,"[6.7, -31.4, 11.4]","[-0.0, 0.0, 0.0]",15.278,16.156,0.722,15.731,12.959,32.5,67.5,SASDH63_fit1_model1.pdb,
SASDH64,ok,71.0,481.0,70.1,"[35.4, 27.5, 54.0]","[0.1, -0.1, 0.1]",52.783,53.911,1.0,53.278,50.645,32.0,64.0,SASDH64_fit1_model1.pdb,
SASDH69,ok,285.0,2175.0,54.81,"[16.5, 39.9, 33.8]","[0.0, -0.0, -0.0]",30.169,34.083,1.0,33.983,25.812,20.0,50.5,SASDH69_fit1_model1.pdb,
SASDH73,ok,515.0,1188.0,184.81,"[-34.2, 147.5, 106.0]","[-0.0, -0.0, 0.0]",145.504,143.728,1.0,145.35,135.697,51.5,34.0,SASDH73_fit1_model1.pdb,
SASDH79,ok,563.0,812.0,304.63,"[169.0, 96.0, 234.6]","[0.0, -0.0, 0.0]",269.03,269.366,1.0,267.947,258.202,61.5,67.0,SASDH79_fit1_model1.pdb,
SASDH83,ok,932.0,595.0,14.02,"[-5.1, 12.5, 3.8]","[-0.0, -0.0, 0.0]",10.857,10.971,0.457,11.002,7.981,45.0,50.0,SASDH83_fit1_model1.pdb,
SASDH89,ok,798.0,1127.0,113.02,"[65.1, 65.0, 65.7]","[0.0, 0.0, 0.0]",80.364,81.549,1.0,78.477,68.018,68.0,85.0,SASDH89_fit1_model1.pdb,
SASDH89,ok,798.0,1127.0,106.8,"[62.1, 58.1, 64.6]","[0.0, 0.0, 0.0]",72.433,63.176,1.0,71.104,55.997,60.0,8.5,SASDH89_fit1_model10.pdb,
SASDH89,ok,798.0,1127.0,113.22,"[65.0, 65.7, 65.4]","[0.0, 0.0, 0.0]",74.142,81.352,1.0,78.743,67.13,18.5,76.0,SASDH89_fit1_model2.pdb,
SASDH89,ok,798.0,1127.0,113.67,"[65.8, 65.5, 65.7]","[0.0, 0.0, 0.0]",82.908,83.327,1.0,79.363,66.329,86.0,92.5,SASDH89_fit1_model3.pdb,
SASDH89,ok,798.0,1127.0,113.33,"[64.9, 65.0, 66.4]","[0.0, 0.0, 0.0]",81.008,67.934,1.0,78.625,64.101,79.5,3.5,SASDH89_fit1_model4.pdb,
SASDH89,ok,798.0,1127.0,113.02,"[64.9, 65.2, 65.7]","[0.0, 0.0, 0.0]",77.994,73.901,1.0,78.71,66.44,45.0,13.0,SASDH89_fit1_model5.pdb,
SASDH89,ok,798.0,1127.0,113.48,"[65.3, 65.9, 65.4]","[0.0, 0.0, 0.0]",77.858,82.862,1.0,78.112,69.808,46.5,87.5,SASDH89_fit1_model6.pdb,
SASDH89,ok,798.0,1127.0,113.52,"[65.0, 65.3, 66.4]","[0.0, 0.0, 0.0]",81.286,77.643,1.0,79.696,66.864,70.5,35.0,SASDH89_fit1_model7.pdb,
SASDH89,ok,798.0,1127.0,115.06,"[67.5, 65.6, 66.2]","[0.0, 0.0, 0.0]",83.886,81.796,1.0,79.459,65.65,86.0,68.5,SASDH89_fit1_model8.pdb,
SASDH89,ok,798.0,1127.0,114.97,"[66.5, 65.1, 67.6]","[0.0, 0.0, 0.0]",79.588,84.079,1.0,81.244,63.101,40.5,88.5,SASDH89_fit1_model9.pdb,
SASDH92,ok,788.0,1109.0,0.02,"[0.0, 0.0, 0.0]","[0.0, 0.0, 0.0]",8.461,8.618,0.477,7.375,4.303,68.5,72.5,SASDH92_fit1_model1.pdb,
SASDH92,ok,394.0,1109.0,0.48,"[-0.1, -0.1, -0.4]","[0.0, 0.0, 0.0]",6.66,6.708,0.135,7.939,5.451,19.5,21.5,SASDH92_fit1_model2.pdb,
SASDH93,ok,198.0,140.0,5.44,"[5.1, -1.7, -0.4]","[-0.1, -0.1, -0.0]",44.02,31.089,0.753,35.133,20.425,92.5,33.0,SASDH93_fit1_model1.pdb,
SASDH93,ok,204.0,140.0,4.16,"[0.1, 1.1, 4.0]","[-0.1, -0.1, -0.0]",31.03,34.652,0.755,35.616,18.632,32.5,47.0,SASDH93_fit2_model1.pdb,
SASDH93,ok,203.0,140.0,0.58,"[0.1, 0.5, -0.0]","[-0.1, -0.1, -0.0]",38.86,42.152,0.675,34.892,20.362,67.5,83.5,SASDH93_fit3_model1.pdb,
SASDH94,ok,156.0,1370.0,89.28,"[63.1, 48.9, 39.9]","[-0.0, 0.0, 0.0]",72.4,73.97,1.0,72.155,68.984,58.5,92.5,SASDH94_fit1_model1.pdb,
SASDH99,ok,333.0,179.0,0.41,"[0.2, 0.1, -0.4]","[-0.0, 0.0, -0.1]",17.341,21.744,0.631,25.641,7.572,21.0,34.0,SASDH99_fit1_model1.pdb,
SASDH99,ok,182.0,179.0,0.36,"[0.1, -0.1, 0.2]","[-0.0, 0.0, -0.1]",17.57,23.078,0.676,25.839,8.996,17.0,36.5,SASDH99_fit1_model2.pdb,
SASDHA2,ok,1305.0,1599.0,251.73,"[145.7, 146.5, 143.8]","[0.0, -0.0, 0.0]",211.524,206.905,1.0,206.293,194.053,79.5,51.5,SASDHA2_fit1_model1.pdb,
SASDHA3,ok,138.0,119.0,7.67,"[1.5, -1.1, -3.7]","[-0.5, -5.0, 2.6]",48.372,41.94,0.761,38.159,19.395,99.0,74.5,SASDHA3_fit1_model1.pdb,
SASDHA3,ok,138.0,119.0,13.68,"[-0.1, 8.6, 1.1]","[-0.5, -5.0, 2.6]",31.64,43.06,0.609,36.006,20.972,29.0,84.5,SASDHA3_fit2_model1.pdb,
SASDHA3,ok,137.0,119.0,11.39,"[3.9, 1.9, -5.3]","[-0.5, -5.0, 2.6]",40.005,38.661,0.679,38.416,21.632,63.5,52.0,SASDHA3_fit3_model1.pdb,
SASDHA4,ok,310.0,3255.0,47.27,"[-13.5, -43.9, -11.1]","[0.0, 0.0, 0.0]",31.404,31.217,1.0,29.743,25.09,74.0,72.5,SASDHA4_fit1_model1.pdb,
SASDHA9,ok,291.0,200.0,5.13,"[4.9, -0.4, -1.9]","[0.0, 0.2, -0.2]",26.872,25.816,0.79,21.664,9.893,82.0,75.0,SASDHA9_fit1_model1.pdb,
SASDHA9,ok,207.0,200.0,0.31,"[-0.2, 0.0, -0.1]","[0.0, 0.2, -0.2]",27.159,26.901,0.807,22.04,10.774,84.0,82.0,SASDHA9_fit1_model2.pdb,
SASDHB2,ok,1305.0,1437.0,245.2,"[143.6, 146.7, 134.0]","[-0.0, -0.0, 0.0]",194.885,201.837,1.0,192.068,138.212,58.5,80.0,SASDHB2_fit1_model1.pdb,
SASDHB3,ok,253.0,212.0,6.17,"[4.0, 4.6, 0.3]","[0.1, -0.1, -0.1]",31.139,23.93,0.715,27.872,12.973,75.0,29.0,SASDHB3_fit1_model1.pdb,
SASDHB3,ok,255.0,212.0,4.22,"[0.4, -2.3, 3.5]","[0.1, -0.1, -0.1]",24.993,18.675,0.62,27.076,13.244,38.5,12.5,SASDHB3_fit2_model1.pdb,
SASDHB3,ok,253.0,212.0,5.66,"[-4.6, -0.1, -3.3]","[0.1, -0.1, -0.1]",23.758,26.502,0.672,26.152,10.839,35.0,54.5,SASDHB3_fit3_model1.pdb,
SASDHB4,ok,320.0,1869.0,46.52,"[-13.8, -43.2, -10.3]","[-0.0, 0.0, -0.0]",25.935,26.227,0.963,24.978,19.618,61.5,66.0,SASDHB4_fit1_model1.pdb,
SASDHB5,ok,621.0,1450.0,3.42,"[0.2, -3.0, -1.6]","[-0.0, 0.0, 0.0]",13.697,14.032,0.618,12.353,7.208,64.0,68.0,SASDHB5_fit1_model1.pdb,
SASDHB9,ok,225.0,326.0,4.4,"[0.6, 3.3, -2.9]","[0.1, 0.0, -0.0]",20.154,28.687,0.476,22.594,8.889,35.0,88.5,SASDHB9_fit1_model1.pdb,
SASDHB9,ok,332.0,326.0,0.09,"[0.1, -0.1, -0.0]","[0.1, 0.0, -0.0]",21.707,29.411,0.627,23.309,9.744,40.0,90.0,SASDHB9_fit1_model2.pdb,
SASDHC2,ok,1326.0,1196.0,2.39,"[-1.1, 2.1, 0.3]","[0.0, 0.0, 0.0]",6.395,5.449,0.277,6.109,5.096,72.0,9.0,SASDHC2_fit1_model1.pdb,
SASDHC3,ok,163.0,117.0,63.52,"[2.7, -5.1, 4.9]","[3.3, 48.9, -28.6]",59.087,44.12,0.859,52.262,36.343,86.5,9.5,SASDHC3_fit1_model1.pdb,
SASDHC3,ok,165.0,117.0,56.3,"[10.0, 4.5, 5.4]","[3.3, 48.9, -28.6]",46.569,49.396,0.685,48.18,35.433,42.5,59.5,SASDHC3_fit2_model1.pdb,
SASDHC3,ok,163.0,117.0,68.25,"[-3.6, -7.3, 9.5]","[3.3, 48.9, -28.6]",50.757,58.312,0.761,50.919,38.872,48.5,90.0,SASDHC3_fit3_model1.pdb,
SASDHC4,ok,310.0,2089.0,47.26,"[-13.5, -43.9, -11.1]","[-0.0, -0.0, -0.0]",22.952,22.917,0.865,22.123,16.716,62.5,62.5,SASDHC4_fit1_model1.pdb,
SASDHC5,ok,851.0,1402.0,20.75,"[-6.2, -16.2, -11.4]","[0.0, -0.0, -0.0]",18.713,18.2,0.643,16.641,11.95,73.5,69.0,SASDHC5_fit1_model1.pdb,
SASDHC5,ok,851.0,1402.0,24.8,"[-4.5, -20.7, -13.0]","[0.0, -0.0, -0.0]",18.632,18.671,0.637,16.907,12.623,74.0,74.0,SASDHC5_fit2_model1.pdb,
SASDHC9,ok,198.0,152.0,1.54,"[0.5, -0.5, -1.7]","[-0.6, -0.0, -0.7]",5.556,17.081,0.303,15.903,3.897,4.5,63.0,SASDHC9_fit1_model1.pdb,
SASDHC9,ok,152.0,152.0,1.31,"[0.0, -0.0, 0.5]","[-0.6, -0.0, -0.7]",5.741,16.43,0.355,15.588,4.183,3.0,63.0,SASDHC9_fit1_model2.pdb,
SASDHD2,ok,1204.0,1527.0,0.0,"[-0.0, 0.0, 0.0]","[-0.0, 0.0, 0.0]",3.765,3.75,0.071,3.868,3.635,12.0,8.0,SASDHD2_fit1_model1.pdb,
SASDHD2,ok,2042.0,1527.0,0.0,"[0.0, 0.0, 0.0]","[-0.0, 0.0, 0.0]",3.515,3.54,0.14,3.39,3.19,90.5,93.5,SASDHD2_fit2_model1.pdb,
SASDHD3,ok,257.0,364.0,3.82,"[-3.2, -0.8, -1.2]","[0.3, 0.1, 0.1]",46.84,42.569,0.693,37.785,24.393,89.0,73.0,SASDHD3_fit1_model1.pdb,
SASDHD3,ok,251.0,364.0,6.14,"[5.7, 1.8, 2.4]","[0.3, 0.1, 0.1]",36.557,33.085,0.606,36.771,22.77,48.0,24.5,SASDHD3_fit2_model1.pdb,
SASDHD3,ok,260.0,364.0,4.77,"[-3.0, 2.6, 2.5]","[0.3, 0.1, 0.1]",35.006,34.972,0.512,38.183,24.509,36.5,36.0,SASDHD3_fit3_model1.pdb,
SASDHD4,ok,321.0,1853.0,77.45,"[57.1, 30.9, 42.2]","[0.0, 0.0, 0.0]",55.401,50.482,1.0,53.526,46.155,77.0,23.0,SASDHD4_fit1_model1.pdb,
SASDHD5,ok,220.0,5000.0,179.0,"[-55.6, 55.7, -160.7]","[0.1, -0.0, 0.1]",150.506,142.73,1.0,144.181,126.982,97.0,41.0,SASDHD5_fit1_model1.pdb,
SASDHD9,ok,484.0,872.0,5.32,"[0.0, 0.0, 5.3]","[-0.0, -0.0, 0.0]",14.119,13.835,0.459,18.678,12.788,6.5,5.5,SASDHD9_fit1_model1.pdb,
SASDHD9,ok,452.0,872.0,6.95,"[-0.2, -0.1, 7.0]","[-0.0, -0.0, 0.0]",14.982,14.78,0.387,19.261,12.059,7.5,6.5,SASDHD9_fit1_model2.pdb,
SASDHE2,ok,1770.0,699.0,2.9,"[-0.0, -0.0, -2.9]","[-0.0, -0.0, 0.0]",13.688,13.123,0.312,12.005,8.817,85.5,76.5,SASDHE2_fit1_model1.pdb,
SASDHE3,ok,456.0,357.0,14.63,"[-8.3, -2.8, 11.7]","[0.0, 0.1, -0.0]",29.193,26.421,0.614,33.788,19.524,28.0,15.0,SASDHE3_fit1_model1.pdb,
SASDHE3,ok,457.0,357.0,12.36,"[2.4, -6.4, -10.2]","[0.0, 0.1, -0.0]",39.458,35.051,0.757,32.642,19.188,83.0,64.0,SASDHE3_fit2_model1.pdb,
SASDHE3,ok,458.0,357.0,4.28,"[-1.3, -2.7, 3.0]","[0.0, 0.1, -0.0]",39.031,34.852,0.644,32.613,20.373,82.5,61.0,SASDHE3_fit3_model1.pdb,
SASDHE9,ok,482.0,1221.0,6.48,"[1.9, -5.3, -3.2]","[0.0, 0.0, 0.0]",13.547,12.121,0.579,12.819,7.391,60.0,39.0,SASDHE9_fit1_model1.pdb,
SASDHE9,ok,456.0,1221.0,4.89,"[1.3, -2.0, -4.2]","[0.0, 0.0, 0.0]",13.404,12.28,0.544,12.135,7.237,66.5,53.0,SASDHE9_fit1_model2.pdb,
SASDHE9,ok,586.0,1221.0,82.94,"[-0.8, 70.1, 44.4]","[0.0, 0.0, 0.0]",46.168,47.381,0.983,49.376,36.581,29.5,37.0,SASDHE9_fit2_model1.pdb,
SASDHE9,ok,586.0,1221.0,64.59,"[8.1, 50.7, 39.2]","[0.0, 0.0, 0.0]",39.053,34.67,0.983,36.69,31.95,76.5,15.5,SASDHE9_fit2_model2.pdb,
SASDHE9,ok,586.0,1221.0,49.38,"[4.6, 11.7, 47.8]","[0.0, 0.0, 0.0]",37.478,29.398,0.983,32.795,25.855,92.0,18.5,SASDHE9_fit2_model3.pdb,
SASDHE9,ok,586.0,1221.0,38.15,"[31.0, 6.8, 21.2]","[0.0, 0.0, 0.0]",23.469,19.61,0.892,23.071,12.213,55.0,29.0,SASDHE9_fit2_model4.pdb,
SASDHE9,ok,586.0,1221.0,49.75,"[27.8, 31.4, 26.9]","[0.0, 0.0, 0.0]",27.343,22.727,0.903,25.978,19.974,63.0,10.0,SASDHE9_fit2_model5.pdb,
SASDHF2,ok,1794.0,739.0,1.4,"[-0.0, 0.0, -1.4]","[-0.0, -0.0, -0.0]",12.221,11.983,0.331,13.133,9.438,29.5,25.0,SASDHF2_fit1_model1.pdb,
SASDHF3,ok,331.0,270.0,4.8,"[-2.8, -1.4, 3.7]","[0.0, -0.1, 0.0]",15.742,22.692,0.792,18.774,6.486,32.5,85.5,SASDHF3_fit1_model1.pdb,
SASDHF3,ok,327.0,270.0,2.4,"[1.1, -1.6, -1.4]","[0.0, -0.1, 0.0]",17.001,18.835,0.636,18.543,7.242,40.0,52.0,SASDHF3_fit2_model1.pdb,
SASDHF3,ok,330.0,270.0,5.7,"[-3.1, -3.0, 3.8]","[0.0, -0.1, 0.0]",22.898,15.678,0.803,18.543,7.696,86.5,28.5,SASDHF3_fit3_model1.pdb,
SASDHF4,ok,639.0,1204.0,0.44,"[-0.0, -0.2, 0.4]","[0.0, -0.0, 0.0]",9.383,9.113,0.222,16.566,8.399,1.5,1.0,SASDHF4_fit1_model1.pdb,
SASDHF4,ok,1008.0,1204.0,2.57,"[2.5, -0.4, -0.2]","[0.0, -0.0, 0.0]",9.097,9.166,0.165,15.538,9.299,0.0,0.0,SASDHF4_fit2_model1.pdb,
SASDHF9,ok,991.0,846.0,5.4,"[-3.6, -1.9, 3.5]","[0.0, -0.0, 0.0]",6.485,8.601,0.454,6.649,3.036,47.5,100.0,SASDHF9_fit1_model1.pdb,
SASDHF9,ok,937.0,846.0,2.78,"[-2.5, -0.8, 0.9]","[0.0, -0.0, 0.0]",6.16,7.621,0.411,6.292,2.937,46.5,91.5,SASDHF9_fit1_model2.pdb,
SASDHG3,ok,341.0,264.0,2.14,"[0.6, 0.3, 1.6]","[-0.1, -0.1, -0.3]",16.997,15.576,0.669,19.562,10.121,33.0,27.5,SASDHG3_fit1_model1.pdb,
SASDHG3,ok,341.0,264.0,8.23,"[-0.5, 0.9, -8.5]","[-0.1, -0.1, -0.3]",22.829,20.106,0.707,20.769,9.877,71.0,41.5,SASDHG3_fit2_model1.pdb,
SASDHG3,ok,343.0,264.0,4.02,"[-0.7, -3.9, -1.6]","[-0.1, -0.1, -0.3]",14.5,13.175,0.569,19.888,8.041,19.5,14.0,SASDHG3_fit3_model1.pdb,
SASDHG4,ok,284.0,5000.0,40.89,"[-25.3, 32.1, 2.3]","[-0.0, 0.0, 0.0]",27.072,27.017,0.996,26.726,21.425,58.5,57.0,SASDHG4_fit1_model1.pdb,
SASDHG9,ok,1282.0,1223.0,19.41,"[9.6, 7.7, 15.1]","[-0.0, 0.0, 0.0]",6.927,7.306,0.537,7.338,4.836,41.5,49.0,SASDHG9_fit1_model1.pdb,
SASDHG9,ok,1253.0,1223.0,19.75,"[10.2, 8.7, 14.5]","[-0.0, 0.0, 0.0]",6.616,6.939,0.49,7.212,5.132,31.0,42.0,SASDHG9_fit1_model2.pdb,
SASDHG9,ok,412.0,1223.0,20.0,"[9.7, 7.7, 15.7]","[-0.0, 0.0, 0.0]",7.837,7.836,0.519,8.486,6.239,31.0,31.0,SASDHG9_fit2_model1.pdb,
SASDHG9,ok,399.0,1223.0,21.18,"[11.1, 9.8, 15.1]","[-0.0, 0.0, 0.0]",7.422,7.932,0.481,9.012,6.297,16.0,25.5,SASDHG9_fit3_model1.pdb,
SASDHH3,ok,278.0,197.0,6.93,"[5.1, -4.5, 2.6]","[0.7, 0.2, 0.0]",26.796,14.972,0.669,28.752,12.163,40.5,4.0,SASDHH3_fit1_model1.pdb,
SASDHH3,ok,269.0,197.0,3.36,"[2.1, -2.7, -0.8]","[0.7, 0.2, 0.0]",28.015,31.646,0.606,27.945,10.188,50.5,67.5,SASDHH3_fit2_model1.pdb,
SASDHH3,ok,287.0,197.0,9.58,"[-6.7, -1.3, -5.9]","[0.7, 0.2, 0.0]",29.195,30.139,0.697,27.845,11.185,60.0,65.0,SASDHH3_fit3_model1.pdb,
SASDHH9,ok,1270.0,1375.0,20.02,"[9.9, 9.4, 14.6]","[0.0, -0.0, 0.0]",7.078,7.446,0.548,6.8,4.768,60.5,71.5,SASDHH9_fit1_model1.pdb,
SASDHH9,ok,1236.0,1375.0,20.42,"[10.3, 9.4, 14.9]","[0.0, -0.0, 0.0]",7.208,7.39,0.539,6.823,5.146,63.0,67.5,SASDHH9_fit1_model2.pdb,
SASDHH9,ok,412.0,1375.0,19.19,"[9.9, 7.7, 14.5]","[0.0, -0.0, 0.0]",7.762,7.745,0.515,7.357,5.418,64.0,63.5,SASDHH9_fit2_model1.pdb,
SASDHH9,ok,399.0,1375.0,19.8,"[9.4, 8.6, 15.2]","[0.0, -0.0, 0.0]",7.122,8.069,0.489,7.761,5.606,30.0,60.0,SASDHH9_fit3_model1.pdb,
SASDHJ3,ok,262.0,186.0,3.9,"[1.4, -3.0, 2.5]","[0.1, -0.3, 0.1]",22.952,37.523,0.626,27.775,13.264,22.5,96.0,SASDHJ3_fit1_model1.pdb,
SASDHJ3,ok,261.0,186.0,5.99,"[-0.0, -6.2, -0.7]","[0.1, -0.3, 0.1]",25.13,39.081,0.659,27.978,10.944,37.0,100.0,SASDHJ3_fit2_model1.pdb,
SASDHJ3,ok,259.0,186.0,5.4,"[-0.6, -4.9, 2.8]","[0.1, -0.3, 0.1]",25.123,24.26,0.629,28.074,11.37,32.5,30.5,SASDHJ3_fit3_model1.pdb,
SASDHJ4,ok,162.0,1600.0,0.56,"[-0.5, 0.1, 0.2]","[0.0, -0.0, -0.0]",3.584,3.569,0.173,3.337,2.887,78.5,77.0,SASDHJ4_fit1_model1.pdb,
SASDHJ9,ok,944.0,1222.0,20.01,"[10.5, 9.4, 14.2]","[0.0, -0.0, -0.0]",6.382,7.433,0.51,6.917,4.419,33.0,67.5,SASDHJ9_fit1_model1.pdb,
SASDHJ9,ok,922.0,1222.0,19.5,"[10.1, 7.8, 14.7]","[0.0, -0.0, -0.0]",6.522,7.233,0.495,6.873,4.258,36.0,61.0,SASDHJ9_fit1_model2.pdb,
SASDHJ9,ok,412.0,1222.0,18.9,"[9.3, 8.1, 14.3]","[0.0, -0.0, -0.0]",6.793,7.537,0.439,7.391,4.992,31.0,55.0,SASDHJ9_fit2_model1.pdb,
SASDHJ9,ok,399.0,1222.0,19.8,"[9.4, 8.6, 15.2]","[0.0, -0.0, -0.0]",7.1,8.098,0.479,7.711,5.241,34.0,61.0,SASDHJ9_fit3_model1.pdb,
SASDHK3,ok,314.0,161.0,4.31,"[-4.8, 5.1, 2.3]","[-3.3, 3.7, -1.5]",30.064,48.684,0.487,38.621,22.411,11.5,93.5,SASDHK3_fit1_model1.pdb,
SASDHK3,ok,316.0,161.0,9.47,"[-1.7, -1.6, 6.2]","[-3.3, 3.7, -1.5]",35.381,28.81,0.576,39.06,25.108,32.0,9.0,SASDHK3_fit2_model1.pdb,
SASDHK3,ok,316.0,161.0,9.47,"[-1.7, -1.6, 6.2]","[-3.3, 3.7, -1.5]",35.381,28.81,0.576,39.06,25.108,32.0,9.0,SASDHK3_fit3_model1.pdb,
SASDHK4,ok,162.0,1246.0,0.56,"[-0.5, 0.1, 0.2]","[-0.0, 0.0, -0.0]",3.98,3.68,0.074,4.098,3.451,44.0,17.0,SASDHK4_fit1_model1.pdb,
SASDHK4,ok,322.0,1246.0,39.45,"[18.7, 5.3, 34.3]","[-0.0, 0.0, -0.0]",17.277,16.53,0.826,20.602,15.993,14.0,2.0,SASDHK4_fit1_model2.pdb,
SASDHK9,ok,1246.0,1186.0,19.07,"[9.3, 7.7, 14.8]","[-0.0, 0.0, 0.0]",7.084,7.581,0.604,8.218,6.523,9.5,23.0,SASDHK9_fit1_model1.pdb,
SASDHK9,ok,1221.0,1186.0,19.86,"[9.4, 9.3, 14.8]","[-0.0, 0.0, 0.0]",7.35,7.856,0.607,8.496,7.035,5.0,26.0,SASDHK9_fit1_model2.pdb,
SASDHK9,ok,412.0,1186.0,19.8,"[9.8, 9.1, 14.6]","[-0.0, 0.0, 0.0]",8.308,8.701,0.609,9.574,7.719,6.5,19.0,SASDHK9_fit2_model1.pdb,
SASDHK9,ok,399.0,1186.0,20.65,"[10.6, 9.6, 14.9]","[-0.0, 0.0, 0.0]",8.458,8.769,0.612,9.718,8.261,3.0,11.5,SASDHK9_fit3_model1.pdb,
SASDHL3,ok,154.0,129.0,11.11,"[-2.3, -1.7, -10.6]","[0.2, 0.2, 0.1]",46.192,43.236,0.786,38.042,22.203,89.5,75.5,SASDHL3_fit1_model1.pdb,
SASDHL3,ok,150.0,129.0,11.99,"[-3.9, 8.9, -7.0]","[0.2, 0.2, 0.1]",41.292,42.06,0.667,39.835,19.496,59.0,62.0,SASDHL3_fit2_model1.pdb,
SASDHL3,ok,152.0,129.0,5.71,"[-1.8, 4.1, -3.5]","[0.2, 0.2, 0.1]",41.709,44.41,0.73,38.205,19.957,67.5,79.5,SASDHL3_fit3_model1.pdb,
SASDHL8,ok,485.0,1394.0,106.99,"[65.3, -5.8, 84.6]","[0.0, -0.0, 0.0]",77.85,77.618,1.0,78.502,74.519,35.5,31.0,SASDHL8_fit1_model1.pdb,
SASDHL8,ok,1134.0,1394.0,0.24,"[0.0, 0.1, -0.2]","[0.0, -0.0, 0.0]",3.035,2.531,0.222,2.936,2.376,69.0,5.5,SASDHL8_fit2_model1.pdb,
SASDHM3,ok,1209.0,4842.0,0.3,"[0.0, 0.1, -0.3]","[0.0, -0.0, 0.0]",2.168,2.033,0.111,5.876,2.107,0.5,0.0,SASDHM3_fit1_model1.pdb,
SASDHM8,ok,1022.0,1445.0,0.89,"[-0.1, 0.6, 0.6]","[-0.0, 0.0, 0.0]",2.626,2.865,0.075,2.876,2.398,11.0,46.5,SASDHM8_fit1_model1.pdb,
SASDHM8,ok,461.0,1445.0,106.19,"[65.7, -5.5, 83.3]","[-0.0, 0.0, 0.0]",81.413,80.493,1.0,81.947,78.067,41.0,20.0,SASDHM8_fit2_model1.pdb,
SASDHM9,ok,165.0,632.0,4.19,"[1.0, 2.0, 3.5]","[0.0, -0.0, -0.0]",26.751,25.88,0.527,21.706,12.003,98.0,93.0,SASDHM9_fit1_model1.pdb,
SASDHM9,ok,837.0,632.0,4.54,"[4.5, 0.7, -0.2]","[0.0, -0.0, -0.0]",25.603,24.427,0.68,20.92,10.907,96.5,89.5,SASDHM9_fit1_model2.pdb,
SASDHN3,ok,829.0,1352.0,0.34,"[0.2, -0.3, 0.0]","[-0.0, 0.0, -0.0]",4.066,3.983,0.198,8.137,3.287,1.0,1.0,SASDHN3_fit1_model1.pdb,
SASDHN7,ok,1006.0,693.0,3.04,"[1.5, 0.8, 2.6]","[0.0, -0.0, 0.0]",3.848,3.791,0.524,4.631,3.336,7.5,6.0,SASDHN7_fit1_model1.pdb,
SASDHN9,ok,258.0,489.0,4.67,"[1.0, 4.5, 0.6]","[0.0, -0.0, 0.0]",26.101,26.203,0.616,20.598,10.622,99.0,99.0,SASDHN9_fit1_model1.pdb,
SASDHN9,ok,517.0,489.0,3.82,"[0.0, 3.8, -0.4]","[0.0, -0.0, 0.0]",24.769,24.696,0.632,19.928,10.396,98.5,98.0,SASDHN9_fit1_model2.pdb,
SASDHP3,ok,1168.0,1111.0,0.26,"[-0.2, 0.2, 0.0]","[0.0, -0.0, 0.0]",3.333,2.836,0.235,3.18,2.037,64.0,20.5,SASDHP3_fit1_model1.pdb,
SASDHP5,ok,1512.0,1204.0,0.02,"[0.0, 0.0, 0.0]","[-0.0, -0.0, 0.0]",8.102,8.334,0.187,7.761,6.262,73.0,84.0,SASDHP5_fit1_model1.pdb,
SASDHP5,ok,2162.0,1204.0,0.02,"[0.0, 0.0, 0.0]","[-0.0, -0.0, 0.0]",7.827,8.096,0.266,6.937,5.957,94.0,99.5,SASDHP5_fit2_model1.pdb,
SASDHP5,ok,1512.0,1204.0,0.02,"[0.0, -0.0, 0.0]","[-0.0, -0.0, 0.0]",7.953,8.189,0.233,7.693,6.405,68.0,83.5,SASDHP5_fit3_model1.pdb,
SASDHP7,ok,298.0,1010.0,32.49,"[-13.0, 5.8, -29.2]","[0.0, -0.0, -0.0]",15.507,15.753,0.916,15.638,14.628,37.5,63.0,SASDHP7_fit1_model1.pdb,
SASDHP9,ok,184.0,482.0,6.27,"[5.9, 1.9, -1.4]","[0.1, 0.0, -0.1]",26.555,26.12,0.761,21.17,9.726,92.5,92.0,SASDHP9_fit1_model1.pdb,
SASDHP9,ok,541.0,482.0,5.03,"[0.5, 2.0, -4.6]","[0.1, 0.0, -0.1]",22.411,25.748,0.693,20.501,10.981,71.5,93.5,SASDHP9_fit1_model2.pdb,
SASDHQ3,ok,1255.0,1039.0,0.62,"[0.6, 0.1, 0.2]","[0.0, 0.0, 0.0]",3.252,3.649,0.296,3.698,1.954,24.0,48.0,SASDHQ3_fit1_model1.pdb,
SASDHQ7,ok,603.0,4863.0,14.17,"[-10.7, -1.7, 9.1]","[-0.0, -0.0, -0.0]",7.381,10.073,0.416,10.897,4.99,20.0,40.0,SASDHQ7_fit1_model1.pdb,
SASDHQ7,ok,592.0,4863.0,38.14,"[-10.5, 12.6, 34.4]","[-0.0, -0.0, -0.0]",18.562,18.036,0.833,17.129,11.718,73.0,61.5,SASDHQ7_fit2_model1.pdb,
SASDHQ7,ok,597.0,4863.0,19.56,"[-6.5, 3.9, 18.0]","[-0.0, -0.0, -0.0]",10.626,12.749,0.591,10.921,6.137,46.5,85.5,SASDHQ7_fit3_model1.pdb,
SASDHQ9,ok,801.0,1026.0,3.39,"[0.0, 0.0, 3.4]","[0.0, -0.0, 0.0]",9.205,9.801,0.414,8.913,4.906,60.5,74.0,SASDHQ9_fit1_model1.pdb,
SASDHR3,ok,808.0,1559.0,0.2,"[-0.1, -0.2, 0.0]","[-0.0, -0.0, 0.0]",4.69,4.724,0.298,6.158,2.775,18.5,20.0,SASDHR3_fit1_model1.pdb,
SASDHR4,ok,530.0,807.0,111.67,"[63.0, 46.6, 79.6]","[0.0, 0.0, -0.0]",87.606,93.022,1.0,87.987,80.843,46.5,92.0,SASDHR4_fit1_model1.pdb,
SASDHR5,ok,357.0,849.0,7.01,"[-4.7, -5.0, -1.2]","[-0.0, 0.0, 0.0]",13.715,14.372,0.507,17.082,10.24,16.0,22.5,SASDHR5_fit1_model1.pdb,
SASDHR5,ok,383.0,849.0,3.88,"[-3.3, 0.1, -2.0]","[-0.0, 0.0, 0.0]",13.449,13.745,0.423,16.711,9.852,17.0,18.0,SASDHR5_fit1_model2.pdb,
SASDHR8,ok,1062.0,1746.0,80.55,"[-17.6, 23.0, 75.2]","[-0.0, -0.0, 0.0]",45.134,47.413,1.0,52.575,44.074,4.0,13.5,SASDHR8_fit1_model1.pdb,
SASDHR8,ok,743.0,1746.0,80.63,"[-17.5, 23.3, 75.2]","[-0.0, -0.0, 0.0]",49.342,50.865,1.0,52.891,48.685,5.5,20.0,SASDHR8_fit1_model2.pdb,
SASDHR9,ok,492.0,1813.0,30.97,"[-1.5, 21.3, 22.4]","[0.0, 0.0, -0.0]",15.913,15.192,0.766,15.428,12.92,69.0,43.5,SASDHR9_fit1_model1.pdb,
SASDHS4,ok,279.0,932.0,0.41,"[-0.1, 0.1, 0.4]","[0.0, 0.0, 0.0]",4.277,4.37,0.305,4.646,3.105,31.0,35.0,SASDHS4_fit1_model1.pdb,
SASDHS4,ok,176.0,932.0,2.52,"[-1.4, -2.0, 0.5]","[0.0, 0.0, 0.0]",5.241,5.406,0.324,5.489,3.95,35.0,44.0,SASDHS4_fit2_model1.pdb,
SASDHS4,ok,947.0,932.0,0.03,"[0.0, 0.0, -0.0]","[0.0, 0.0, 0.0]",5.081,4.884,0.438,4.969,2.852,55.0,45.5,SASDHS4_fit3_model1.pdb,
SASDHS5,ok,884.0,4858.0,4.29,"[1.5, -1.1, 3.9]","[-0.0, -0.0, 0.0]",10.058,9.982,0.489,8.338,2.828,86.5,85.5,SASDHS5_fit1_model1.pdb,
SASDHS8,ok,430.0,295.0,44.8,"[30.8, 35.8, 21.7]","[16.7, 6.3, -8.9]",30.789,33.437,0.942,30.471,25.547,57.0,82.0,SASDHS8_fit1_model1.pdb,
SASDHS8,ok,768.0,295.0,35.34,"[22.9, 32.7, 13.7]","[16.7, 6.3, -8.9]",24.518,24.251,0.857,23.36,17.52,69.0,64.5,SASDHS8_fit1_model2.pdb,
SASDHS9,ok,493.0,2626.0,31.89,"[-1.4, 21.6, 23.4]","[0.0, 0.0, -0.0]",15.408,13.36,0.748,15.342,13.146,52.0,1.5,SASDHS9_fit1_model1.pdb,
SASDHT8,ok,952.0,1542.0,67.86,"[-8.9, 6.8, 66.9]","[0.0, 0.0, 0.0]",46.293,45.793,1.0,47.051,39.266,41.0,34.5,SASDHT8_fit1_model1.pdb,
SASDHT8,ok,680.0,1542.0,74.57,"[-4.7, -4.7, 74.3]","[0.0, 0.0, 0.0]",48.616,48.675,1.0,50.637,43.119,35.5,35.5,SASDHT8_fit1_model2.pdb,
SASDHT9,ok,436.0,991.0,139.96,"[78.3, 83.0, 81.0]","[0.0, 0.0, -0.0]",107.681,110.887,1.0,109.505,104.078,17.0,74.0,SASDHT9_fit1_model1.pdb,
SASDHU4,ok,396.0,775.0,6.89,"[0.0, 0.0, 6.9]","[-0.0, 0.0, -0.0]",16.033,15.631,0.669,11.814,7.927,99.0,98.5,SASDHU4_fit1_model1.pdb,
SASDHU5,ok,533.0,1128.0,0.05,"[0.0, 0.0, 0.1]","[0.0, 0.0, 0.0]",16.491,14.361,0.527,17.718,11.151,41.0,18.0,SASDHU5_fit1_model1.pdb,
SASDHU8,ok,952.0,758.0,67.83,"[-8.9, 6.8, 66.9]","[-0.0, 0.0, 0.0]",49.09,48.5,1.0,49.451,41.81,44.5,33.0,SASDHU8_fit1_model1.pdb,
SASDHU8,ok,338.0,758.0,3.01,"[0.5, 3.0, 0.4]","[-0.0, 0.0, 0.0]",13.952,13.003,0.47,14.998,9.201,36.5,24.5,SASDHU8_fit1_model2.pdb,
SASDHU9,ok,412.0,243.0,4.65,"[0.2, 1.7, 4.8]","[0.3, 0.2, 0.4]",21.239,24.449,0.624,20.946,6.02,53.0,84.5,SASDHU9_fit1_model1.pdb,
SASDHV4,ok,359.0,5000.0,4.19,"[-1.0, -3.6, 2.0]","[-0.0, -0.1, -0.0]",7.463,7.812,0.457,9.118,3.375,28.0,31.5,SASDHV4_fit1_model1.pdb,
SASDHV5,ok,1956.0,1323.0,26.23,"[-19.5, -11.9, 12.9]","[0.0, -0.0, -0.0]",8.549,9.653,0.514,9.099,7.992,16.5,80.5,SASDHV5_fit1_model1.pdb,
SASDHV8,ok,1289.0,1559.0,29.93,"[16.6, 23.8, -7.5]","[0.0, -0.0, 0.0]",17.558,16.533,0.366,15.844,12.686,94.5,71.5,SASDHV8_fit1_model1.pdb,
SASDHV8,ok,1289.0,1559.0,21.52,"[0.4, -1.9, 21.4]","[0.0, -0.0, 0.0]",14.877,15.124,0.439,15.842,10.506,35.0,38.0,SASDHV8_fit1_model2.pdb,
SASDHV8,ok,1289.0,1559.0,23.76,"[-8.5, -10.6, 19.5]","[0.0, -0.0, 0.0]",16.774,18.07,0.524,19.303,11.291,32.5,37.0,SASDHV8_fit1_model3.pdb,
SASDHV8,ok,1289.0,1559.0,18.82,"[3.0, -14.8, 11.3]","[0.0, -0.0, 0.0]",18.029,19.065,0.539,17.883,9.994,50.5,58.0,SASDHV8_fit1_model4.pdb,
SASDHV8,ok,1289.0,1559.0,28.66,"[3.3, -15.2, 24.1]","[0.0, -0.0, 0.0]",20.434,22.205,0.663,20.585,13.095,48.0,75.5,SASDHV8_fit1_model5.pdb,
SASDHV9,ok,208.0,3520.0,0.68,"[0.0, -0.1, -0.7]","[0.0, -0.0, -0.0]",5.198,5.413,0.312,10.526,4.937,1.5,2.5,SASDHV9_fit1_model1.pdb,
SASDHV9,coordenadas_vazias,,,,,,,,,,,,,SASDHV9_fit1_model2.png,
SASDHW2,ok,568.0,1255.0,2.19,"[0.0, 0.0, 2.2]","[-0.0, -0.0, -0.0]",6.217,5.409,0.266,5.949,4.637,65.5,20.0,SASDHW2_fit1_model1.pdb,
SASDHW3,ok,1363.0,4369.0,3.06,"[-0.2, -0.0, 3.1]","[0.0, 0.0, 0.0]",1.928,2.733,0.092,8.691,1.678,0.5,1.5,SASDHW3_fit1_model1.pdb,
SASDHW3,ok,189.0,4369.0,59.62,"[40.4, 38.5, 20.9]","[0.0, 0.0, 0.0]",46.133,39.944,1.0,45.283,35.873,61.0,15.0,SASDHW3_fit2_model1.pdb,
SASDHW4,ok,2416.0,1418.0,0.24,"[0.0, 0.0, 0.2]","[-0.0, -0.0, -0.0]",5.173,5.264,0.329,5.597,3.647,36.0,41.0,SASDHW4_fit1_model1.pdb,
SASDHW5,ok,1956.0,1142.0,26.22,"[-19.5, -11.9, 12.9]","[-0.0, -0.0, 0.0]",9.822,10.085,0.483,9.441,8.326,73.0,84.5,SASDHW5_fit1_model1.pdb,
SASDHW8,ok,1289.0,4619.0,34.07,"[-21.9, 20.1, -16.7]","[0.0, 0.0, -0.0]",22.359,22.54,0.788,24.541,13.518,39.5,40.5,SASDHW8_fit1_model1.pdb,
SASDHW8,ok,1289.0,4619.0,28.66,"[3.3, -15.2, 24.1]","[0.0, 0.0, -0.0]",23.36,25.212,0.766,20.743,8.582,72.5,89.0,SASDHW8_fit1_model2.pdb,
SASDHW8,ok,1289.0,4619.0,29.93,"[16.6, 23.8, -7.5]","[0.0, 0.0, -0.0]",15.209,15.396,0.557,18.247,13.527,9.5,11.5,SASDHW8_fit1_model3.pdb,
SASDHW8,ok,1289.0,4619.0,21.52,"[0.4, -1.9, 21.4]","[0.0, 0.0, -0.0]",18.313,18.694,0.515,14.894,6.192,85.5,88.5,SASDHW8_fit1_model4.pdb,
SASDHW9,ok,467.0,2337.0,47.58,"[-12.8, 42.4, 17.4]","[-0.0, 0.0, 0.0]",21.9,23.918,0.805,22.282,19.335,39.5,83.0,SASDHW9_fit1_model1.pdb,
SASDHW9,ok,467.0,2337.0,53.03,"[-17.1, 41.2, 28.7]","[-0.0, 0.0, 0.0]",21.956,34.344,0.707,30.39,22.129,0.0,85.0,SASDHW9_fit1_model10.pdb,
SASDHW9,ok,467.0,2337.0,47.58,"[-12.8, 42.4, 17.4]","[-0.0, 0.0, 0.0]",21.9,23.918,0.805,22.282,19.335,39.5,83.0,SASDHW9_fit1_model2.pdb,
SASDHW9,ok,467.0,2337.0,57.55,"[-6.3, 52.5, 22.7]","[-0.0, 0.0, 0.0]",31.388,31.308,0.951,30.074,24.59,74.0,73.0,SASDHW9_fit1_model3.pdb,
SASDHW9,ok,467.0,2337.0,57.55,"[-6.3, 52.5, 22.7]","[-0.0, 0.0, 0.0]",31.388,31.308,0.951,30.074,24.59,74.0,73.0,SASDHW9_fit1_model4.pdb,
SASDHW9,ok,467.0,2337.0,60.86,"[-6.8, 52.3, 30.4]","[-0.0, 0.0, 0.0]",33.724,33.219,1.0,33.175,28.418,55.5,51.5,SASDHW9_fit1_model5.pdb,
SASDHW9,ok,467.0,2337.0,60.86,"[-6.8, 52.3, 30.4]","[-0.0, 0.0, 0.0]",33.724,33.219,1.0,33.175,28.418,55.5,51.5,SASDHW9_fit1_model6.pdb,
SASDHW9,ok,467.0,2337.0,57.58,"[-25.7, 44.6, 25.8]","[-0.0, 0.0, 0.0]",34.186,31.747,0.987,31.891,23.349,74.0,48.5,SASDHW9_fit1_model7.pdb,
SASDHW9,ok,467.0,2337.0,57.58,"[-25.7, 44.6, 25.8]","[-0.0, 0.0, 0.0]",34.186,31.747,0.987,31.891,23.349,74.0,48.5,SASDHW9_fit1_model8.pdb,
SASDHW9,ok,467.0,2337.0,53.03,"[-17.1, 41.2, 28.7]","[-0.0, 0.0, 0.0]",21.956,34.344,0.707,30.39,22.129,0.0,85.0,SASDHW9_fit1_model9.pdb,
SASDHX3,ok,966.0,4509.0,1.84,"[-0.1, -0.6, -1.7]","[-0.0, 0.0, -0.0]",2.533,2.109,0.141,8.915,1.945,2.0,1.0,SASDHX3_fit1_model1.pdb,
SASDHX3,ok,201.0,4509.0,41.46,"[-9.7, 0.2, -40.3]","[-0.0, 0.0, -0.0]",23.208,23.591,0.886,20.675,12.44,99.5,100.0,SASDHX3_fit2_model1.pdb,
SASDHX4,ok,510.0,1100.0,0.93,"[0.0, 0.0, -0.9]","[0.0, 0.0, -0.0]",6.673,6.813,0.304,7.15,4.493,35.0,38.5,SASDHX4_fit1_model1.pdb,
SASDHX4,ok,5804.0,1100.0,0.0,"[0.0, 0.0, 0.0]","[0.0, 0.0, -0.0]",7.723,7.624,0.407,6.95,3.621,73.0,71.0,SASDHX4_fit1_model2.pdb,
SASDHX5,ok,1956.0,1380.0,26.22,"[-19.5, -11.9, 12.9]","[-0.0, -0.0, 0.0]",9.121,8.777,0.456,9.045,7.705,54.0,38.0,SASDHX5_fit1_model1.pdb,
SASDHX8,ok,1289.0,4428.0,39.35,"[-20.9, 29.7, -15.2]","[0.0, -0.0, -0.0]",23.71,25.354,0.787,25.547,15.298,42.5,49.5,SASDHX8_fit1_model1.pdb,
SASDHX8,ok,1289.0,4428.0,30.04,"[-25.5, 15.1, -4.9]","[0.0, -0.0, -0.0]",25.705,25.383,0.779,22.169,12.016,71.0,68.5,SASDHX8_fit1_model2.pdb,
SASDHX8,ok,1289.0,4428.0,29.94,"[16.6, 23.8, -7.5]","[0.0, -0.0, -0.0]",15.791,15.648,0.528,19.01,14.263,10.5,7.5,SASDHX8_fit1_model3.pdb,
SASDHX8,ok,1289.0,4428.0,23.47,"[-23.1, 2.7, 3.5]","[0.0, -0.0, -0.0]",26.797,26.417,0.787,21.445,9.213,87.0,85.0,SASDHX8_fit1_model4.pdb,
SASDHX8,ok,1289.0,4428.0,21.52,"[0.4, -1.9, 21.4]","[0.0, -0.0, -0.0]",19.075,17.632,0.563,15.398,6.031,95.5,78.0,SASDHX8_fit1_model5.pdb,
SASDHX9,ok,467.0,939.0,63.8,"[-19.1, 51.8, 32.0]","[0.0, 0.0, 0.0]",36.144,35.921,0.991,36.277,31.114,48.0,44.5,SASDHX9_fit1_model1.pdb,
SASDHX9,ok,467.0,939.0,63.8,"[-19.1, 51.8, 32.0]","[0.0, 0.0, 0.0]",36.144,35.921,0.991,36.277,31.114,48.0,44.5,SASDHX9_fit1_model2.pdb,
SASDHX9,ok,467.0,939.0,48.16,"[-14.6, 38.9, 24.3]","[0.0, 0.0, 0.0]",26.432,27.263,0.981,24.823,20.83,76.0,82.0,SASDHX9_fit1_model3.pdb,
SASDHX9,ok,467.0,939.0,48.16,"[-14.6, 38.9, 24.3]","[0.0, 0.0, 0.0]",26.432,27.263,0.981,24.823,20.83,76.0,82.0,SASDHX9_fit1_model4.pdb,
SASDHX9,ok,467.0,939.0,60.69,"[-6.2, 52.0, 30.6]","[0.0, 0.0, 0.0]",33.427,34.117,0.972,34.416,25.447,36.5,46.0,SASDHX9_fit1_model5.pdb,
SASDHX9,ok,467.0,939.0,60.69,"[-6.2, 52.0, 30.6]","[0.0, 0.0, 0.0]",33.427,34.117,0.972,34.416,25.447,36.5,46.0,SASDHX9_fit1_model6.pdb,
SASDHX9,ok,467.0,939.0,46.74,"[-14.0, 41.6, 16.0]","[0.0, 0.0, 0.0]",23.959,25.254,0.912,24.887,22.058,22.0,57.5,SASDHX9_fit1_model7.pdb,
SASDHX9,ok,467.0,939.0,46.74,"[-14.0, 41.6, 16.0]","[0.0, 0.0, 0.0]",23.959,25.254,0.912,24.887,22.058,22.0,57.5,SASDHX9_fit1_model8.pdb,
SASDHY2,ok,814.0,255.0,0.12,"[-0.0, -0.0, -0.1]","[0.1, 0.0, -0.0]",23.837,24.732,0.744,27.76,5.884,39.0,42.5,SASDHY2_fit1_model1.pdb,
SASDHY3,ok,576.0,1226.0,4.27,"[0.0, -0.0, 4.3]","[0.0, -0.0, 0.0]",5.194,5.072,0.253,6.311,4.649,9.0,5.5,SASDHY3_fit1_model1.pdb,
SASDHY4,ok,994.0,1438.0,0.45,"[0.0, 0.0, -0.5]","[-0.0, -0.0, -0.0]",5.89,5.543,0.355,4.987,3.309,97.0,82.5,SASDHY4_fit1_model1.pdb,
SASDHY4,ok,7312.0,1438.0,0.0,"[0.0, -0.0, 0.0]","[-0.0, -0.0, -0.0]",3.986,4.397,0.289,4.483,2.525,31.0,47.0,SASDHY4_fit1_model2.pdb,
SASDHY8,ok,1289.0,1343.0,29.93,"[16.6, 23.8, -7.5]","[0.0, 0.0, -0.0]",16.353,16.443,0.562,14.705,11.678,86.5,87.5,SASDHY8_fit1_model1.pdb,
SASDHY8,ok,1289.0,1343.0,22.17,"[-21.5, -5.0, 2.3]","[0.0, 0.0, -0.0]",11.771,14.61,0.292,21.235,8.617,9.0,17.0,SASDHY8_fit1_model2.pdb,
SASDHY8,ok,1289.0,1343.0,22.41,"[2.1, -18.5, 12.5]","[0.0, 0.0, -0.0]",16.883,18.846,0.436,20.415,13.879,13.5,36.0,SASDHY8_fit1_model3.pdb,
SASDHY8,ok,1289.0,1343.0,22.38,"[-2.6, 2.7, 22.1]","[0.0, 0.0, -0.0]",16.257,17.127,0.502,16.863,14.019,34.0,54.5,SASDHY8_fit1_model4.pdb,
SASDHY8,ok,1289.0,1343.0,21.52,"[0.4, -1.9, 21.4]","[0.0, 0.0, -0.0]",15.415,15.802,0.486,17.016,13.649,8.0,15.0,SASDHY8_fit1_model5.pdb,
SASDHY9,ok,374.0,2155.0,44.05,"[-1.9, 38.9, 20.6]","[0.0, -0.0, 0.0]",20.683,24.333,0.751,21.793,17.776,31.0,95.5,SASDHY9_fit1_model1.pdb,
SASDHY9,ok,374.0,2155.0,44.05,"[-1.9, 38.9, 20.6]","[0.0, -0.0, 0.0]",20.683,24.333,0.751,21.793,17.776,31.0,95.5,SASDHY9_fit1_model2.pdb,
SASDHY9,ok,374.0,2155.0,46.56,"[-26.0, 34.4, 17.6]","[0.0, -0.0, 0.0]",28.939,22.768,1.0,25.204,17.345,94.5,23.5,SASDHY9_fit1_model3.pdb,
SASDHY9,ok,374.0,2155.0,46.56,"[-26.0, 34.4, 17.6]","[0.0, -0.0, 0.0]",28.939,22.768,1.0,25.204,17.345,94.5,23.5,SASDHY9_fit1_model4.pdb,
SASDHY9,ok,374.0,2155.0,44.12,"[-4.0, 38.6, 20.9]","[0.0, -0.0, 0.0]",22.533,25.031,0.807,22.134,16.962,58.0,91.5,SASDHY9_fit1_model5.pdb,
SASDHY9,ok,374.0,2155.0,44.12,"[-4.0, 38.6, 20.9]","[0.0, -0.0, 0.0]",22.533,25.031,0.807,22.134,16.962,58.0,91.5,SASDHY9_fit1_model6.pdb,
SASDHZ2,ok,508.0,936.0,49.42,"[0.0, -0.0, -49.4]","[-0.0, -0.0, -0.0]",28.482,27.35,0.99,23.77,20.109,99.5,97.0,SASDHZ2_fit1_model1.pdb,
SASDHZ3,ok,484.0,1009.0,0.31,"[0.0, -0.0, -0.3]","[0.0, 0.0, -0.0]",5.516,5.341,0.244,7.809,4.133,10.5,7.0,SASDHZ3_fit1_model1.pdb,
SASDHZ4,ok,2400.0,983.0,6.73,"[0.0, -0.0, 6.7]","[0.0, 0.0, 0.0]",8.751,9.453,0.266,14.183,7.979,1.5,4.0,SASDHZ4_fit1_model1.pdb,
SASDHZ8,ok,1289.0,4001.0,34.07,"[-21.9, 20.1, -16.7]","[-0.0, 0.0, 0.0]",24.825,21.81,0.816,25.236,13.733,47.5,33.0,SASDHZ8_fit1_model1.pdb,
SASDHZ8,ok,1289.0,4001.0,44.81,"[-27.9, 33.4, -10.8]","[-0.0, 0.0, 0.0]",32.022,28.21,0.823,28.962,19.746,69.5,47.0,SASDHZ8_fit1_model2.pdb,
SASDHZ8,ok,1289.0,4001.0,26.17,"[-25.1, 7.3, 0.3]","[-0.0, 0.0, 0.0]",27.75,26.179,0.825,22.397,10.559,87.0,77.5,SASDHZ8_fit1_model3.pdb,
SASDHZ8,ok,1289.0,4001.0,22.16,"[-21.5, -5.0, 2.3]","[-0.0, 0.0, 0.0]",28.348,27.361,0.82,23.229,9.343,84.5,78.5,SASDHZ8_fit1_model4.pdb,
SASDHZ8,ok,1289.0,4001.0,28.88,"[19.8, 19.1, -8.8]","[-0.0, 0.0, 0.0]",15.69,15.665,0.503,19.104,12.07,13.5,13.5,SASDHZ8_fit1_model5.pdb,
SASDHZ8,ok,1289.0,4001.0,53.05,"[-5.8, 50.4, 15.5]","[-0.0, 0.0, 0.0]",30.131,29.119,0.82,29.032,24.689,67.5,50.5,SASDHZ8_fit1_model6.pdb,
SASDHZ9,ok,278.0,1533.0,14.73,"[-11.0, 2.9, 9.3]","[0.0, -0.0, -0.0]",21.858,21.38,0.612,17.515,10.228,79.0,76.0,SASDHZ9_fit1_model1.pdb,
SASDHZ9,ok,1222.0,1533.0,15.36,"[-5.6, -1.9, -14.2]","[0.0, -0.0, -0.0]",14.678,15.928,0.61,16.159,9.79,23.0,45.0,SASDHZ9_fit2_model1.pdb,
SASDJ22,ok,278.0,1685.0,14.7,"[-11.0, 2.9, 9.3]","[-0.0, -0.0, 0.0]",21.459,18.148,0.514,16.473,9.891,84.5,61.0,SASDJ22_fit1_model1.pdb,
SASDJ22,ok,1244.0,1685.0,14.95,"[-6.2, -1.3, -13.5]","[-0.0, -0.0, 0.0]",18.764,18.983,0.457,16.072,10.225,80.0,81.5,SASDJ22_fit2_model1.pdb,
SASDJ24,ok,907.0,3071.0,60.79,"[-44.0, -34.2, -24.3]","[0.0, -0.0, 0.0]",29.996,38.127,0.795,38.805,28.454,2.0,42.5,SASDJ24_fit1_model1.pdb,
SASDJ26,ok,334.0,833.0,7.46,"[0.8, 5.9, -4.5]","[0.0, 0.0, 0.0]",12.654,13.781,0.485,12.156,5.637,57.5,89.0,SASDJ26_fit1_model1.pdb,
SASDJ27,ok,491.0,1562.0,93.59,"[86.5, -8.6, 34.6]","[-0.0, -0.0, -0.0]",75.043,61.641,1.0,73.681,56.699,59.0,9.0,SASDJ27_fit1_model1.pdb,
SASDJ27,ok,37.0,1562.0,99.1,"[54.6, -73.9, 37.0]","[-0.0, -0.0, -0.0]",86.633,83.153,1.0,80.081,60.691,90.5,66.5,SASDJ27_fit1_model2.pdb,
SASDJ28,ok,837.0,841.0,3.04,"[-1.1, -2.7, 0.8]","[0.0, 0.0, -0.0]",4.242,4.586,0.258,4.154,3.059,59.0,90.5,SASDJ28_fit1_model1.pdb,
SASDJ29,ok,318.0,1158.0,8.76,"[-8.5, 1.1, -1.8]","[0.0, -0.0, -0.0]",6.955,5.464,0.443,7.021,4.947,47.0,7.5,SASDJ29_fit1_model1.pdb,
SASDJ32,ok,265.0,1911.0,19.92,"[-19.0, 1.2, 5.8]","[0.0, -0.0, 0.0]",18.653,18.102,0.634,16.688,10.429,68.0,66.5,SASDJ32_fit1_model1.pdb,
SASDJ32,ok,1355.0,1911.0,16.11,"[-8.4, -1.6, -13.7]","[0.0, -0.0, 0.0]",14.714,13.709,0.554,13.859,8.897,61.0,46.5,SASDJ32_fit2_model1.pdb,
SASDJ33,ok,567.0,2088.0,0.11,"[0.1, -0.0, -0.0]","[0.0, -0.0, -0.0]",9.798,10.801,0.511,7.916,5.309,87.5,98.0,SASDJ33_fit1_model1.pdb,
SASDJ34,ok,1389.0,1377.0,0.04,"[0.0, 0.0, 0.0]","[-0.0, -0.0, -0.0]",5.486,5.849,0.359,5.837,3.377,34.5,51.0,SASDJ34_fit1_model1.pdb,
SASDJ34,ok,1100.0,1377.0,4.05,"[1.0, -1.5, -3.6]","[-0.0, -0.0, -0.0]",4.694,4.917,0.158,5.87,4.424,3.5,12.5,SASDJ34_fit2_model1.pdb,
SASDJ34,ok,1056.0,1377.0,0.77,"[0.7, 0.1, -0.2]","[-0.0, -0.0, -0.0]",5.834,5.956,0.372,5.545,3.472,59.0,64.5,SASDJ34_fit3_model1.pdb,
SASDJ35,ok,976.0,891.0,71.37,"[30.4, 64.6, -0.0]","[0.0, 0.0, 0.0]",40.702,39.526,0.999,36.682,26.86,89.0,78.0,SASDJ35_fit1_model1.pdb,
SASDJ36,ok,975.0,788.0,2.83,"[-1.8, -2.2, -0.2]","[0.0, 0.0, -0.0]",12.413,11.384,0.305,11.048,7.365,90.5,59.5,SASDJ36_fit1_model1.pdb,
SASDJ37,ok,39.0,1182.0,91.58,"[-54.1, -25.0, -69.6]","[0.0, 0.0, -0.0]",65.547,51.906,1.0,65.51,41.124,50.5,9.0,SASDJ37_fit1_model1.pdb,
SASDJ37,ok,345.0,1182.0,98.92,"[-10.0, 6.7, -98.2]","[0.0, 0.0, -0.0]",62.106,58.227,1.0,59.284,31.509,75.5,44.5,SASDJ37_fit1_model2.pdb,
SASDJ39,ok,360.0,921.0,6.83,"[4.1, -5.4, -0.1]","[0.0, 0.0, -0.0]",7.99,9.157,0.508,8.096,5.38,45.0,85.0,SASDJ39_fit1_model1.pdb,
SASDJ42,ok,265.0,2021.0,19.92,"[-19.0, 1.2, 5.8]","[-0.0, 0.0, -0.0]",21.248,19.294,0.672,17.318,9.753,81.5,69.0,SASDJ42_fit1_model1.pdb,
SASDJ42,ok,1890.0,2021.0,5.36,"[-3.7, 2.7, 2.7]","[-0.0, 0.0, -0.0]",16.201,15.389,0.603,13.299,8.095,90.0,80.0,SASDJ42_fit2_model1.pdb,
SASDJ44,ok,1087.0,1035.0,0.46,"[0.1, -0.3, 0.4]","[-0.0, 0.0, 0.0]",7.282,7.706,0.146,9.961,6.919,0.5,3.5,SASDJ44_fit1_model1.pdb,
SASDJ44,ok,696.0,1035.0,0.04,"[0.0, 0.0, -0.0]","[-0.0, 0.0, 0.0]",13.497,13.13,0.395,11.031,7.557,91.0,86.0,SASDJ44_fit2_model1.pdb,
SASDJ45,ok,1030.0,890.0,1.11,"[0.0, -0.0, -1.1]","[-0.0, -0.0, -0.0]",6.862,7.659,0.261,9.218,5.335,7.5,18.5,SASDJ45_fit1_model1.pdb,
SASDJ47,ok,361.0,113.0,51.73,"[12.4, 41.0, 29.3]","[4.2, -3.3, 3.8]",39.271,41.976,1.0,36.395,28.883,74.5,90.0,SASDJ47_fit1_model1.pdb,
SASDJ47,ok,361.0,113.0,58.23,"[12.6, 51.9, 20.5]","[4.2, -3.3, 3.8]",43.052,44.54,1.0,42.152,32.105,54.5,63.0,SASDJ47_fit1_model2.pdb,
SASDJ47,ok,361.0,113.0,39.5,"[-1.6, 13.3, 39.2]","[4.2, -3.3, 3.8]",47.484,44.035,1.0,38.149,22.187,89.0,81.5,SASDJ47_fit1_model3.pdb,
SASDJ47,ok,361.0,113.0,45.8,"[37.6, 12.7, 30.8]","[4.2, -3.3, 3.8]",23.847,31.397,0.886,29.381,21.519,4.5,80.0,SASDJ47_fit1_model4.pdb,
SASDJ47,ok,361.0,113.0,54.19,"[3.5, 24.7, 50.3]","[4.2, -3.3, 3.8]",42.855,43.683,0.956,42.91,30.582,49.5,54.5,SASDJ47_fit1_model5.pdb,
SASDJ47,ok,361.0,113.0,45.98,"[-5.5, 38.6, 20.0]","[4.2, -3.3, 3.8]",39.793,41.587,1.0,39.79,29.811,50.0,61.0,SASDJ47_fit1_model6.pdb,
SASDJ47,ok,361.0,113.0,39.66,"[9.0, 14.3, 39.1]","[4.2, -3.3, 3.8]",42.166,33.574,1.0,30.914,21.334,99.5,68.0,SASDJ47_fit1_model7.pdb,
SASDJ54,ok,755.0,1178.0,0.11,"[0.0, 0.0, 0.1]","[0.1, 0.0, -0.0]",11.662,11.786,0.272,13.254,10.431,11.5,13.5,SASDJ54_fit1_model1.pdb,
SASDJ54,ok,893.0,1178.0,0.65,"[0.0, 0.0, 0.6]","[0.1, 0.0, -0.0]",11.077,10.27,0.204,11.532,9.696,34.5,8.0,SASDJ54_fit2_model1.pdb,
SASDJ57,ok,402.0,114.0,62.28,"[-15.9, 49.7, 36.5]","[-0.9, 2.6, -1.4]",46.494,52.573,1.0,48.255,30.75,42.0,68.5,SASDJ57_fit1_model1.pdb,
SASDJ57,ok,402.0,114.0,67.12,"[46.3, -1.7, 46.1]","[-0.9, 2.6, -1.4]",50.019,53.855,1.0,48.39,37.553,60.0,85.0,SASDJ57_fit1_model2.pdb,
SASDJ57,ok,402.0,114.0,57.63,"[32.5, 9.3, 45.1]","[-0.9, 2.6, -1.4]",45.301,37.565,1.0,41.222,33.011,93.0,19.0,SASDJ57_fit1_model3.pdb,
SASDJ57,ok,402.0,114.0,87.68,"[-4.3, 9.3, 85.9]","[-0.9, 2.6, -1.4]",57.769,71.768,1.0,70.493,44.559,13.5,54.5,SASDJ57_fit1_model4.pdb,
SASDJ57,ok,402.0,114.0,67.59,"[45.5, 26.7, 41.4]","[-0.9, 2.6, -1.4]",48.345,50.783,1.0,50.882,41.173,30.0,48.5,SASDJ57_fit1_model5.pdb,
SASDJ57,ok,402.0,114.0,59.63,"[-0.9, 36.7, 47.5]","[-0.9, 2.6, -1.4]",45.581,49.401,1.0,44.179,28.435,58.5,81.5,SASDJ57_fit1_model6.pdb,
SASDJ57,ok,402.0,114.0,38.07,"[9.5, 19.9, 30.8]","[-0.9, 2.6, -1.4]",29.907,28.079,0.903,28.773,22.785,67.0,42.0,SASDJ57_fit1_model7.pdb,
SASDJ57,ok,402.0,114.0,37.93,"[4.2, 29.7, 24.6]","[-0.9, 2.6, -1.4]",34.134,28.074,0.975,29.996,21.976,83.5,34.5,SASDJ57_fit1_model8.pdb,
SASDJ64,coordenadas_vazias,,,,,,,,,,,,,SASDJ64_fit1_model1.pdb,
SASDJ66,ok,895.0,376.0,311.78,"[124.2, 283.9, 33.1]","[-0.0, -0.1, 0.0]",291.831,291.76,1.0,289.431,278.979,71.0,71.0,SASDJ66_fit1_model1.pdb,
SASDJ74,coordenadas_vazias,,,,,,,,,,,,,SASDJ74_fit1_model1.pdb,
SASDJ74,ok,184.0,1099.0,153.37,"[27.9, 147.9, 29.5]","[-0.0, -0.0, -0.0]",134.699,133.266,1.0,133.983,127.042,59.5,39.5,SASDJ74_fit2_model1.pdb,
SASDJ75,ok,796.0,838.0,59.48,"[52.8, 12.7, 24.4]","[-0.0, 0.0, 0.0]",26.764,25.649,0.795,32.229,24.819,10.0,3.0,SASDJ75_fit1_model1.pdb,
SASDJ75,ok,837.0,838.0,45.11,"[42.7, 7.5, 12.3]","[-0.0, 0.0, 0.0]",21.23,18.671,0.795,21.364,18.025,46.5,3.0,SASDJ75_fit2_model1.pdb,
SASDJ76,ok,208.0,158.0,41.56,"[-6.6, -36.1, 19.6]","[0.9, 0.1, 0.6]",31.419,31.226,0.957,32.432,27.283,35.0,34.0,SASDJ76_fit1_model1.pdb,
SASDJ76,ok,208.0,158.0,63.36,"[61.4, 8.6, 17.2]","[0.9, 0.1, 0.6]",44.679,46.998,0.87,50.019,39.964,12.0,25.5,SASDJ76_fit1_model2.pdb,
SASDJ76,ok,208.0,158.0,38.56,"[1.1, -36.7, -11.0]","[0.9, 0.1, 0.6]",24.909,23.014,0.755,27.405,17.646,32.0,16.5,SASDJ76_fit1_model3.pdb,
SASDJ76,ok,208.0,158.0,40.69,"[-8.9, 39.1, -5.9]","[0.9, 0.1, 0.6]",28.958,25.843,0.918,27.715,21.591,67.5,24.0,SASDJ76_fit1_model4.pdb,
SASDJ76,ok,208.0,158.0,92.79,"[-9.0, 4.5, -91.6]","[0.9, 0.1, 0.6]",51.299,61.681,0.981,63.342,50.781,1.0,34.0,SASDJ76_fit1_model5.pdb,
SASDJ76,ok,208.0,158.0,68.02,"[8.9, 67.3, -6.9]","[0.9, 0.1, 0.6]",40.404,40.298,0.865,45.845,37.435,8.0,8.0,SASDJ76_fit1_model6.pdb,
SASDJ79,ok,1432.0,42.0,108.07,"[-0.6, 17.1, -105.2]","[0.9, -2.2, 1.1]",60.445,80.211,0.999,110.064,60.266,0.5,12.0,SASDJ79_fit1_model1.pdb,
SASDJ79,ok,184.0,42.0,40.6,"[27.5, -12.1, -27.9]","[0.9, -2.2, 1.1]",45.613,57.823,0.995,62.756,45.253,1.0,35.0,SASDJ79_fit2_model1.pdb,
SASDJ79,ok,430.0,42.0,56.17,"[51.8, 21.7, -0.1]","[0.9, -2.2, 1.1]",47.551,47.239,1.0,67.369,45.197,3.5,2.5,SASDJ79_fit2_model2.pdb,
SASDJ79,ok,1500.0,42.0,77.04,"[15.3, -73.6, -23.7]","[0.9, -2.2, 1.1]",78.384,68.373,1.0,78.815,44.381,47.5,23.0,SASDJ79_fit3_model1.pdb,
SASDJ84,ok,216.0,1297.0,45.74,"[-36.1, 27.9, -3.3]","[-0.0, -0.0, -0.0]",23.411,23.825,0.856,27.812,21.623,8.0,9.5,SASDJ84_fit1_model1.pdb,
SASDJ84,ok,216.0,1297.0,30.65,"[-18.2, 16.3, 18.5]","[-0.0, -0.0, -0.0]",19.264,20.309,0.856,19.127,13.743,52.0,64.0,SASDJ84_fit1_model2.pdb,
SASDJ84,ok,216.0,1297.0,22.95,"[-9.4, 18.8, 9.4]","[-0.0, -0.0, -0.0]",12.471,11.081,0.782,11.433,9.375,83.5,37.0,SASDJ84_fit1_model3.pdb,
SASDJ84,ok,216.0,1297.0,46.68,"[-38.0, 26.7, 4.6]","[-0.0, -0.0, -0.0]",23.657,25.082,0.856,28.472,21.127,10.0,18.0,SASDJ84_fit2_model1.pdb,
SASDJ84,ok,216.0,1297.0,30.22,"[-25.6, 15.4, 4.5]","[-0.0, -0.0, -0.0]",15.692,16.788,0.856,16.191,13.148,41.0,65.0,SASDJ84_fit2_model2.pdb,
SASDJ84,ok,424.0,1297.0,40.09,"[-25.1, 31.2, 0.5]","[-0.0, -0.0, -0.0]",20.123,20.885,0.927,21.766,16.178,33.0,42.5,SASDJ84_fit2_model3.pdb,
SASDJ84,ok,216.0,1297.0,46.68,"[-38.0, 26.7, 4.6]","[-0.0, -0.0, -0.0]",23.657,25.082,0.856,28.472,21.127,10.0,18.0,SASDJ84_fit3_model1.pdb,
SASDJ84,ok,216.0,1297.0,30.22,"[-25.6, 15.4, 4.5]","[-0.0, -0.0, -0.0]",15.692,16.788,0.856,16.191,13.148,41.0,65.0,SASDJ84_fit3_model2.pdb,
SASDJ84,ok,424.0,1297.0,40.09,"[-25.1, 31.2, 0.5]","[-0.0, -0.0, -0.0]",20.123,20.885,0.927,21.766,16.178,33.0,42.5,SASDJ84_fit3_model3.pdb,
SASDJ85,ok,1135.0,4681.0,0.21,"[-0.0, 0.0, 0.2]","[-0.0, -0.0, -0.0]",8.118,8.219,0.426,7.056,2.581,84.5,89.0,SASDJ85_fit1_model1.pdb,
SASDJ85,ok,332.0,4681.0,0.16,"[0.0, -0.0, -0.2]","[-0.0, -0.0, -0.0]",9.369,8.848,0.491,8.307,3.99,87.0,69.5,SASDJ85_fit2_model1.pdb,
SASDJ86,ok,208.0,207.0,29.58,"[17.6, 13.4, 19.3]","[-0.2, -0.1, -0.1]",20.7,24.049,0.798,20.637,14.114,51.5,91.5,SASDJ86_fit1_model1.pdb,
SASDJ86,ok,208.0,207.0,101.22,"[62.7, -77.7, -16.4]","[-0.2, -0.1, -0.1]",49.405,50.883,0.923,75.774,50.066,0.0,2.0,SASDJ86_fit2_model1.pdb,
SASDJ86,ok,208.0,207.0,65.28,"[37.6, 46.7, 25.2]","[-0.2, -0.1, -0.1]",36.99,40.859,0.962,43.846,31.804,13.0,26.0,SASDJ86_fit3_model1.pdb,
SASDJ89,ok,2488.0,290.0,65.81,"[0.0, 0.0, -40.6]","[-3.7, 4.1, 25.0]",29.262,38.039,0.941,62.786,28.994,0.5,8.5,SASDJ89_fit1_model1.pdb,
SASDJ93,ok,254.0,1226.0,64.52,"[-11.8, -61.2, 16.6]","[0.0, 0.0, -0.0]",42.834,41.906,1.0,43.442,37.275,35.0,21.0,SASDJ93_fit1_model1.pdb,
SASDJ94,ok,200.0,1295.0,31.1,"[-1.6, 16.7, -26.2]","[0.0, 0.0, -0.0]",13.507,14.592,0.77,15.041,12.808,5.5,36.5,SASDJ94_fit1_model1.pdb,
SASDJ94,ok,200.0,1295.0,34.1,"[-12.7, -1.1, -31.6]","[0.0, 0.0, -0.0]",24.121,20.812,1.0,20.646,13.821,93.0,53.5,SASDJ94_fit1_model2.pdb,
SASDJ95,ok,596.0,1648.0,32.26,"[22.4, 16.7, 16.2]","[0.0, 0.0, -0.0]",15.517,16.6,0.696,18.722,13.428,14.0,26.5,SASDJ95_fit1_model1.pdb,
SASDJ95,ok,596.0,1648.0,32.26,"[22.4, 16.7, 16.2]","[0.0, 0.0, -0.0]",15.994,16.549,0.73,18.828,13.424,19.5,27.0,SASDJ95_fit2_model1.pdb,
SASDJ95,ok,596.0,1648.0,32.26,"[22.4, 16.7, 16.2]","[0.0, 0.0, -0.0]",16.358,16.96,0.725,18.988,13.474,24.5,29.5,SASDJ95_fit3_model1.pdb,
SASDJ99,ok,2488.0,46.0,120.67,"[0.0, 0.0, -40.6]","[81.4, 2.4, 48.5]",75.388,69.377,0.969,76.311,43.483,49.0,27.0,SASDJ99_fit1_model1.pdb,
SASDJA3,ok,329.0,1204.0,92.02,"[39.2, -63.8, 53.5]","[-0.0, -0.0, -0.0]",73.735,69.381,1.0,71.565,67.05,84.0,24.5,SASDJA3_fit1_model1.pdb,
SASDJA4,ok,274.0,865.0,30.29,"[0.2, 13.4, 27.2]","[0.0, 0.0, 0.0]",14.485,14.604,0.788,16.525,13.023,12.0,12.5,SASDJA4_fit1_model1.pdb,
SASDJA4,ok,256.0,865.0,124.64,"[57.1, -13.7, -109.9]","[0.0, 0.0, 0.0]",98.29,104.784,1.0,102.454,98.193,0.5,82.5,SASDJA4_fit2_model1.pdb,
SASDJA5,ok,171.0,2075.0,14.64,"[-10.4, 0.2, -10.3]","[-0.0, 0.0, -0.0]",7.613,9.264,0.556,8.548,6.954,7.0,79.0,SASDJA5_fit1_model1.pdb,
SASDJA5,ok,171.0,2075.0,14.66,"[-10.4, 0.2, -10.3]","[-0.0, 0.0, -0.0]",7.945,9.45,0.532,8.657,6.937,18.5,84.5,SASDJA5_fit2_model1.pdb,
SASDJA5,ok,171.0,2075.0,14.63,"[-10.4, 0.2, -10.3]","[-0.0, 0.0, -0.0]",7.295,9.398,0.532,8.524,6.885,4.5,82.0,SASDJA5_fit3_model1.pdb,
SASDJA6,ok,1626.0,976.0,72.52,"[29.5, -13.1, -64.9]","[0.0, 0.0, 0.0]",36.057,35.457,0.878,41.353,32.953,12.0,9.0,SASDJA6_fit1_model1.pdb,
SASDJA6,ok,1626.0,976.0,72.52,"[29.5, -13.1, -64.9]","[0.0, 0.0, 0.0]",35.607,35.57,0.86,41.674,32.623,11.0,10.5,SASDJA6_fit2_model1.pdb,
SASDJA9,ok,4500.0,606.0,27.21,"[0.0, -0.0, 12.6]","[-0.7, 1.1, -14.6]",16.121,15.707,0.603,73.137,18.813,0.0,0.0,SASDJA9_fit1_model1.pdb,
SASDJA9,ok,2488.0,606.0,25.97,"[0.0, 0.0, -40.6]","[-0.7, 1.1, -14.6]",20.444,32.313,0.837,44.066,20.367,0.5,14.0,SASDJA9_fit2_model1.pdb,
SASDJB2,ok,1371.0,1340.0,0.81,"[0.1, 0.7, -0.4]","[-0.0, -0.0, 0.0]",3.461,3.436,0.346,3.513,2.182,47.0,45.0,SASDJB2_fit1_model1.pdb,
SASDJB2,ok,277.0,1340.0,16.53,"[4.6, -0.4, 15.9]","[-0.0, -0.0, 0.0]",7.246,7.638,0.513,7.284,6.06,46.5,70.5,SASDJB2_fit2_model1.pdb,
SASDJB3,ok,399.0,1207.0,92.4,"[35.8, -64.5, 55.6]","[0.0, 0.0, -0.0]",72.746,69.642,1.0,70.022,66.061,90.5,44.0,SASDJB3_fit1_model1.pdb,
SASDJB3,ok,399.0,1207.0,92.48,"[35.9, -64.5, 55.7]","[0.0, 0.0, -0.0]",73.402,68.964,1.0,69.377,62.734,97.0,43.5,SASDJB3_fit2_model1.pdb,
SASDJB6,ok,3750.0,904.0,4.54,"[0.0, 0.0, 4.5]","[-0.0, 0.0, -0.0]",8.38,8.285,0.219,8.129,6.321,63.0,60.5,SASDJB6_fit1_model1.pdb,
SASDJB6,ok,870.0,904.0,0.7,"[-0.3, 0.6, -0.1]","[-0.0, 0.0, -0.0]",8.834,8.764,0.308,8.411,6.671,65.0,63.5,SASDJB6_fit2_model1.pdb,
SASDJB6,ok,5067.0,904.0,0.09,"[0.0, -0.0, 0.1]","[-0.0, 0.0, -0.0]",8.322,8.332,0.345,7.611,5.702,75.0,75.0,SASDJB6_fit2_model2.pdb,
SASDJB9,ok,1226.0,1547.0,1.51,"[0.8, 1.0, -0.8]","[-0.0, -0.0, 0.0]",3.282,3.907,0.204,5.153,3.276,0.5,10.0,SASDJB9_fit1_model1.pdb,
SASDJB9,ok,686.0,1547.0,3.2,"[2.5, 1.5, -1.2]","[-0.0, -0.0, 0.0]",5.78,7.478,0.534,6.321,3.105,36.0,71.5,SASDJB9_fit2_model1.pdb,
SASDJC2,ok,565.0,1320.0,20.33,"[5.9, -9.0, 17.2]","[-0.0, -0.0, -0.0]",7.818,6.461,0.542,7.549,5.483,59.5,11.0,SASDJC2_fit1_model1.pdb,
SASDJC2,ok,1153.0,1320.0,1.06,"[0.5, -0.6, 0.7]","[-0.0, -0.0, -0.0]",4.714,4.476,0.324,4.287,2.961,80.0,63.0,SASDJC2_fit2_model1.pdb,
SASDJC3,ok,475.0,1277.0,132.34,"[14.6, -58.1, 118.0]","[-0.0, -0.0, -0.0]",102.104,108.3,1.0,105.644,99.75,11.5,95.5,SASDJC3_fit1_model1.pdb,
SASDJC3,ok,475.0,1277.0,132.34,"[14.6, -58.1, 118.0]","[-0.0, -0.0, -0.0]",100.486,108.394,1.0,105.738,98.793,5.0,93.5,SASDJC3_fit2_model1.pdb,
SASDJC4,ok,256.0,2028.0,98.79,"[-16.4, 60.2, 76.6]","[-0.0, -0.0, 0.0]",79.046,74.885,1.0,75.446,70.287,87.0,42.0,SASDJC4_fit1_model1.pdb,
SASDJC4,ok,256.0,2028.0,105.17,"[-15.9, 60.2, 84.7]","[-0.0, -0.0, 0.0]",82.615,85.162,1.0,82.669,73.955,49.0,85.5,SASDJC4_fit2_model1.pdb,
SASDJC5,ok,1324.0,1070.0,133.42,"[77.0, 71.0, 82.6]","[0.0, -0.0, 0.0]",94.567,100.492,1.0,96.879,89.397,29.5,80.5,SASDJC5_fit1_model1.pdb,
SASDJC5,ok,1414.0,1070.0,133.33,"[77.0, 71.2, 82.3]","[0.0, -0.0, 0.0]",88.658,100.456,1.0,96.206,80.078,18.0,83.5,SASDJC5_fit2_model1.pdb,
SASDJC5,ok,1112.0,1070.0,0.01,"[0.0, -0.0, -0.0]","[0.0, -0.0, 0.0]",7.989,8.236,0.405,8.343,4.993,40.0,46.5,SASDJC5_fit3_model1.pdb,
SASDJC5,ok,627.0,1070.0,0.56,"[0.1, 0.2, 0.5]","[0.0, -0.0, 0.0]",9.359,9.45,0.356,9.268,5.294,52.5,55.0,SASDJC5_fit3_model2.pdb,
SASDJC6,ok,325.0,3871.0,3.5,"[3.0, -1.7, 0.5]","[0.0, -0.0, -0.0]",12.817,12.492,0.446,10.551,5.287,96.0,91.5,SASDJC6_fit1_model1.pdb,
SASDJC6,ok,1624.0,3871.0,0.01,"[-0.0, 0.0, -0.0]","[0.0, -0.0, -0.0]",12.192,12.105,0.526,10.114,5.026,91.0,90.0,SASDJC6_fit1_model2.pdb,
SASDJC9,ok,472.0,246.0,13.94,"[4.9, 12.2, 4.1]","[0.2, -0.2, -0.0]",17.016,21.25,0.824,17.17,8.667,47.0,93.0,SASDJC9_fit1_model1.pdb,
SASDJC9,ok,273.0,246.0,2.0,"[1.9, -1.2, 0.3]","[0.2, -0.2, -0.0]",18.773,17.379,0.711,15.559,5.354,85.5,72.5,SASDJC9_fit2_model1.pdb,
SASDJD2,ok,180.0,828.0,54.89,"[13.7, 50.0, 18.2]","[0.0, 0.0, -0.0]",33.19,36.39,1.0,32.934,28.326,54.5,89.5,SASDJD2_fit1_model1.pdb,
SASDJD3,ok,551.0,1258.0,3.6,"[3.1, -0.9, 1.6]","[-0.0, 0.0, -0.0]",5.286,5.294,0.212,5.708,4.281,24.0,25.0,SASDJD3_fit1_model1.pdb,
SASDJD3,ok,551.0,1258.0,3.65,"[3.1, -0.9, 1.6]","[-0.0, 0.0, -0.0]",6.109,5.26,0.316,5.718,3.982,63.5,28.5,SASDJD3_fit2_model1.pdb,
SASDJD5,ok,1386.0,899.0,64.13,"[0.0, 46.3, 44.4]","[-0.0, -0.0, 0.0]",33.135,33.269,0.873,34.997,29.089,25.0,26.0,SASDJD5_fit1_model1.pdb,
SASDJD5,ok,1500.0,899.0,64.15,"[0.2, 46.1, 44.6]","[-0.0, -0.0, 0.0]",32.765,33.2,0.863,35.025,28.231,21.5,27.0,SASDJD5_fit2_model1.pdb,
SASDJD5,ok,1020.0,899.0,0.02,"[0.0, 0.0, -0.0]","[-0.0, -0.0, 0.0]",8.862,8.736,0.375,7.863,5.658,87.0,84.5,SASDJD5_fit3_model1.pdb,
SASDJD5,ok,720.0,899.0,0.22,"[0.2, 0.1, -0.1]","[-0.0, -0.0, 0.0]",9.541,9.354,0.312,8.553,5.604,85.5,81.5,SASDJD5_fit3_model2.pdb,
SASDJD6,ok,306.0,4354.0,2.52,"[1.6, 1.4, 1.3]","[0.0, 0.0, -0.0]",13.395,13.257,0.425,11.285,5.512,96.5,92.0,SASDJD6_fit1_model1.pdb,
SASDJD6,ok,1631.0,4354.0,0.0,"[0.0, -0.0, 0.0]","[0.0, 0.0, -0.0]",12.527,12.362,0.506,10.82,5.499,83.0,81.5,SASDJD6_fit1_model2.pdb,
SASDJD9,ok,403.0,241.0,14.26,"[-1.1, -3.3, 13.6]","[-0.0, 0.2, -0.2]",21.942,19.656,0.931,17.874,9.63,93.0,71.0,SASDJD9_fit1_model1.pdb,
SASDJD9,ok,221.0,241.0,2.0,"[1.9, 0.2, 0.4]","[-0.0, 0.2, -0.2]",15.457,17.072,0.697,16.453,5.214,42.0,55.5,SASDJD9_fit2_model1.pdb,
SASDJE2,ok,147.0,197.0,2.48,"[-0.7, 2.2, -0.8]","[0.0, -0.1, -0.2]",9.447,9.385,0.755,7.673,2.996,89.0,88.5,SASDJE2_fit1_model1.pdb,
SASDJE3,ok,623.0,1272.0,127.96,"[10.4, -59.1, 113.0]","[0.0, -0.0, -0.0]",94.389,96.378,1.0,93.79,87.892,55.5,79.0,SASDJE3_fit1_model1.pdb,
SASDJE3,ok,623.0,1272.0,127.96,"[10.4, -59.1, 113.0]","[0.0, -0.0, -0.0]",94.96,96.389,1.0,94.121,88.917,64.5,82.5,SASDJE3_fit2_model1.pdb,
SASDJE5,ok,1404.0,1188.0,0.06,"[0.0, 0.0, 0.0]","[0.0, 0.0, -0.0]",8.044,8.533,0.358,7.271,5.591,74.5,83.5,SASDJE5_fit1_model1.pdb,
SASDJE5,ok,1458.0,1188.0,65.11,"[40.2, 23.2, 45.6]","[0.0, 0.0, -0.0]",30.128,29.938,0.909,30.876,24.76,40.0,37.5,SASDJE5_fit2_model1.pdb,
SASDJE5,ok,1269.0,1188.0,0.01,"[-0.0, -0.0, 0.0]","[0.0, 0.0, -0.0]",6.204,6.138,0.253,6.709,5.552,27.0,25.0,SASDJE5_fit3_model1.pdb,
SASDJE5,ok,637.0,1188.0,0.18,"[-0.0, -0.2, -0.0]","[0.0, 0.0, -0.0]",6.674,6.677,0.166,7.484,5.959,19.0,19.0,SASDJE5_fit3_model2.pdb,
SASDJE6,ok,770.0,181.0,0.8,"[0.0, -0.0, -0.0]","[0.5, -0.4, 0.5]",9.078,8.467,0.778,9.027,2.748,51.5,37.0,SASDJE6_fit1_model1.pdb,
SASDJE6,ok,78.0,181.0,44.8,"[29.3, 0.3, -33.8]","[0.5, -0.4, 0.5]",17.051,26.773,0.962,26.351,16.283,1.5,56.5,SASDJE6_fit2_model1.pdb,
SASDJE6,ok,78.0,181.0,12.93,"[-0.4, 8.7, -8.6]","[0.5, -0.4, 0.5]",10.834,9.663,0.936,10.349,7.524,59.0,36.0,SASDJE6_fit2_model2.pdb,
SASDJE6,ok,78.0,181.0,51.79,"[-22.9, 16.5, -42.5]","[0.5, -0.4, 0.5]",30.837,43.042,1.0,40.898,28.824,7.5,62.5,SASDJE6_fit2_model3.pdb,
SASDJE9,ok,327.0,455.0,15.22,"[-9.2, -10.6, 5.6]","[0.0, 0.1, -0.0]",12.001,13.072,0.578,15.314,7.431,16.0,24.5,SASDJE9_fit1_model1.pdb,
SASDJE9,ok,414.0,455.0,5.93,"[-1.9, -3.7, 4.1]","[0.0, 0.1, -0.0]",11.063,10.426,0.575,13.613,5.45,24.5,20.5,SASDJE9_fit2_model1.pdb,
SASDJF2,ok,1057.0,2186.0,0.45,"[-0.1, -0.0, -0.4]","[-0.0, 0.0, 0.0]",4.278,4.316,0.309,4.531,2.428,42.5,43.5,SASDJF2_fit1_model1.pdb,
SASDJF2,ok,90.0,2186.0,2.85,"[-0.3, 2.8, -0.3]","[-0.0, 0.0, 0.0]",5.217,5.035,0.211,6.356,4.007,15.0,10.5,SASDJF2_fit2_model1.pdb,
SASDJF2,ok,90.0,2186.0,0.67,"[-0.1, -0.6, -0.1]","[-0.0, 0.0, 0.0]",6.815,6.6,0.422,6.039,3.917,77.0,70.5,SASDJF2_fit3_model1.pdb,
SASDJF4,ok,144.0,5000.0,0.43,"[-0.3, 0.1, -0.2]","[0.0, -0.0, 0.0]",7.476,6.163,0.41,6.971,3.153,72.0,32.0,SASDJF4_fit1_model1.pdb,
SASDJF5,ok,204.0,1021.0,85.51,"[25.7, 32.3, 74.9]","[-0.0, 0.0, -0.0]",66.511,60.129,1.0,64.388,55.365,85.5,15.5,SASDJF5_fit1_model1.pdb,
SASDJF5,ok,198.0,1021.0,85.49,"[25.7, 32.5, 74.8]","[-0.0, 0.0, -0.0]",67.591,54.644,1.0,65.196,52.303,87.0,3.5,SASDJF5_fit2_model1.pdb,
SASDJF5,ok,1019.0,1021.0,0.01,"[-0.0, 0.0, 0.0]","[-0.0, 0.0, -0.0]",2.912,3.911,0.282,4.836,2.506,1.5,22.0,SASDJF5_fit3_model1.pdb,
SASDJF5,ok,812.0,1021.0,2.52,"[1.8, 1.6, 0.8]","[-0.0, 0.0, -0.0]",4.315,4.673,0.451,5.367,3.158,15.0,26.5,SASDJF5_fit3_model2.pdb,
SASDJF6,ok,893.0,186.0,0.35,"[0.0, -0.0, 0.0]","[-0.1, 0.2, 0.3]",11.67,11.454,0.681,10.99,3.454,60.0,56.5,SASDJF6_fit1_model1.pdb,
SASDJF6,ok,78.0,186.0,57.17,"[34.9, 19.5, -40.6]","[-0.1, 0.2, 0.3]",34.41,43.404,1.0,42.928,29.118,11.0,54.0,SASDJF6_fit2_model1.pdb,
SASDJF6,ok,78.0,186.0,51.45,"[14.8, -48.5, 7.4]","[-0.1, 0.2, 0.3]",34.738,35.778,1.0,35.064,28.7,43.0,64.0,SASDJF6_fit2_model2.pdb,
SASDJF6,ok,78.0,186.0,38.82,"[-18.4, -13.1, 31.7]","[-0.1, 0.2, 0.3]",19.27,25.3,0.936,25.884,18.921,2.5,40.5,SASDJF6_fit2_model3.pdb,
SASDJF6,ok,78.0,186.0,39.6,"[-20.3, -10.6, 32.5]","[-0.1, 0.2, 0.3]",23.967,32.948,0.974,33.426,20.639,7.5,48.0,SASDJF6_fit2_model4.pdb,
SASDJF9,ok,638.0,1834.0,6.78,"[3.3, 4.8, 3.5]","[0.0, 0.0, 0.0]",8.934,8.853,0.687,6.296,3.898,98.0,97.5,SASDJF9_fit1_model1.pdb,
SASDJF9,ok,638.0,1834.0,6.78,"[3.3, 4.8, 3.5]","[0.0, 0.0, 0.0]",8.934,8.853,0.687,6.296,3.898,98.0,97.5,SASDJF9_fit2_model1.pdb,
SASDJF9,ok,1021.0,1834.0,1.06,"[-0.5, 0.4, 0.8]","[0.0, 0.0, 0.0]",4.333,4.753,0.44,5.583,2.719,17.0,29.0,SASDJF9_fit3_model1.pdb,
SASDJG2,ok,209.0,297.0,1.89,"[-0.2, 1.7, -0.9]","[0.2, 0.0, -0.2]",7.166,7.465,0.866,6.1,1.875,80.5,92.5,SASDJG2_fit1_model1.pdb,
SASDJG4,ok,261.0,4369.0,2.98,"[1.3, -1.6, 2.1]","[0.0, -0.0, 0.0]",10.575,10.704,0.46,9.324,4.842,89.0,91.5,SASDJG4_fit1_model1.pdb,
SASDJG6,ok,81.0,73.0,13.89,"[-5.2, -1.9, 8.3]","[1.9, -0.9, -3.6]",9.699,12.016,0.988,12.349,7.21,14.5,41.0,SASDJG6_fit1_model1.pdb,
SASDJG6,ok,40.0,73.0,38.25,"[28.0, -22.8, -20.9]","[1.9, -0.9, -3.6]",19.586,27.34,1.0,28.969,20.128,0.0,36.0,SASDJG6_fit2_model1.pdb,
SASDJG6,ok,40.0,73.0,20.51,"[-2.4, 18.6, 1.4]","[1.9, -0.9, -3.6]",16.161,16.597,1.0,15.3,13.421,87.0,98.5,SASDJG6_fit2_model2.pdb,
SASDJG6,ok,40.0,73.0,23.52,"[22.1, 10.7, -0.5]","[1.9, -0.9, -3.6]",21.124,18.755,1.0,20.288,15.258,70.0,24.0,SASDJG6_fit2_model3.pdb,
SASDJG9,ok,200.0,313.0,13.26,"[-11.6, -6.1, 1.8]","[0.0, 0.0, -0.1]",16.586,26.52,0.745,20.995,8.056,23.5,96.0,SASDJG9_fit1_model1.pdb,
SASDJG9,ok,200.0,313.0,13.26,"[-11.6, -6.1, 1.8]","[0.0, 0.0, -0.1]",16.586,26.52,0.745,20.995,8.056,23.5,96.0,SASDJG9_fit2_model1.pdb,
SASDJG9,ok,268.0,313.0,4.98,"[2.7, 3.5, -2.4]","[0.0, 0.0, -0.1]",7.823,19.38,0.403,18.231,6.341,3.0,62.5,SASDJG9_fit3_model1.pdb,
SASDJH4,ok,405.0,3997.0,0.06,"[-0.0, 0.0, -0.0]","[-0.0, -0.0, 0.0]",12.643,13.113,0.442,12.061,5.112,67.5,81.0,SASDJH4_fit1_model1.pdb,
SASDJH6,ok,1376.0,809.0,0.02,"[0.0, 0.0, 0.0]","[0.0, 0.0, 0.0]",7.503,5.516,0.633,7.01,3.975,62.0,16.5,SASDJH6_fit1_model1.pdb,
SASDJH6,ok,51.0,809.0,30.09,"[28.3, 8.7, 5.7]","[0.0, 0.0, 0.0]",15.308,18.008,0.725,19.523,12.912,8.5,30.0,SASDJH6_fit2_model1.pdb,
SASDJH6,ok,51.0,809.0,25.47,"[-14.9, -11.8, -16.8]","[0.0, 0.0, 0.0]",13.294,18.195,0.588,16.277,13.402,0.0,83.5,SASDJH6_fit2_model2.pdb,
SASDJH6,ok,51.0,809.0,39.73,"[23.3, -29.5, -12.7]","[0.0, 0.0, 0.0]",18.364,24.888,0.824,25.692,17.379,1.5,44.5,SASDJH6_fit2_model3.pdb,
SASDJH6,ok,51.0,809.0,50.19,"[-2.5, 39.2, 31.3]","[0.0, 0.0, 0.0]",32.061,36.123,1.0,37.08,30.925,6.5,39.5,SASDJH6_fit2_model4.pdb,
SASDJH6,ok,51.0,809.0,39.59,"[-1.1, -27.3, 28.6]","[0.0, 0.0, 0.0]",24.079,29.917,0.961,27.164,22.475,9.5,96.0,SASDJH6_fit2_model5.pdb,
SASDJH6,ok,51.0,809.0,15.73,"[-15.6, -2.1, 0.3]","[0.0, 0.0, 0.0]",10.477,12.924,0.686,10.296,8.426,54.5,91.5,SASDJH6_fit2_model6.pdb,
SASDJH9,ok,640.0,2455.0,9.11,"[-8.9, -1.4, -1.1]","[-0.0, -0.0, 0.0]",8.757,8.214,0.695,6.187,3.871,90.0,83.0,SASDJH9_fit1_model1.pdb,
SASDJH9,ok,640.0,2455.0,9.11,"[-8.9, -1.4, -1.1]","[-0.0, -0.0, 0.0]",8.757,8.214,0.695,6.187,3.871,90.0,83.0,SASDJH9_fit2_model1.pdb,
SASDJH9,ok,1265.0,2455.0,1.54,"[0.5, 1.2, -0.8]","[-0.0, -0.0, 0.0]",6.837,6.569,0.628,5.784,2.605,72.0,65.5,SASDJH9_fit3_model1.pdb,
SASDJJ4,ok,1998.0,950.0,4.81,"[-1.4, 2.0, 4.2]","[-0.0, 0.0, 0.0]",3.104,3.066,0.423,2.951,2.317,90.5,78.0,SASDJJ4_fit1_model1.pdb,
SASDJJ4,ok,1245.0,950.0,5.11,"[-1.6, 2.3, 4.3]","[-0.0, 0.0, 0.0]",3.129,3.121,0.36,2.964,2.445,91.5,89.5,SASDJJ4_fit1_model2.pdb,
SASDJJ4,ok,200.0,950.0,3.81,"[1.6, 3.0, 1.7]","[-0.0, 0.0, 0.0]",3.413,3.423,0.195,3.744,3.109,7.5,8.5,SASDJJ4_fit2_model1.pdb,
SASDJJ4,ok,200.0,950.0,0.46,"[0.2, -0.4, 0.1]","[-0.0, 0.0, 0.0]",3.357,3.181,0.165,3.474,2.951,30.5,12.5,SASDJJ4_fit3_model1.pdb,
SASDJJ5,ok,1308.0,1306.0,0.02,"[0.0, 0.0, 0.0]","[0.0, -0.0, -0.0]",4.118,6.108,0.202,6.19,3.925,0.5,46.0,SASDJJ5_fit1_model1.pdb,
SASDJJ6,ok,191.0,198.0,49.28,"[47.7, 3.9, 10.6]","[-0.2, 0.1, -0.4]",30.462,29.878,0.822,33.432,26.674,18.0,12.0,SASDJJ6_fit1_model1.pdb,
SASDJJ6,ok,191.0,198.0,81.29,"[45.2, -66.9, -8.6]","[-0.2, 0.1, -0.4]",39.011,42.896,0.99,52.42,34.979,5.5,18.0,SASDJJ6_fit1_model2.pdb,
SASDJJ6,ok,191.0,198.0,50.03,"[38.5, -22.5, -22.8]","[-0.2, 0.1, -0.4]",21.024,23.824,0.749,23.833,15.294,26.5,49.5,SASDJJ6_fit1_model3.pdb,
SASDJJ6,ok,191.0,198.0,72.0,"[29.9, -4.1, 64.9]","[-0.2, 0.1, -0.4]",46.656,54.007,0.937,58.659,38.48,19.0,36.0,SASDJJ6_fit1_model4.pdb,
SASDJJ6,ok,191.0,198.0,50.31,"[37.8, 14.3, -30.1]","[-0.2, 0.1, -0.4]",26.357,39.552,0.99,31.998,20.36,16.0,92.0,SASDJJ6_fit1_model5.pdb,
SASDJJ6,ok,191.0,198.0,72.39,"[25.4, -25.4, 62.4]","[-0.2, 0.1, -0.4]",48.86,52.46,1.0,54.973,43.643,8.5,21.5,SASDJJ6_fit1_model6.pdb,
SASDJJ6,ok,191.0,198.0,48.68,"[-21.9, 42.3, 10.3]","[-0.2, 0.1, -0.4]",30.633,25.584,1.0,29.048,23.589,69.0,14.0,SASDJJ6_fit1_model7.pdb,
SASDJJ6,ok,191.0,198.0,54.84,"[-48.5, -20.5, -16.2]","[-0.2, 0.1, -0.4]",41.173,38.258,0.969,40.546,30.298,57.0,36.5,SASDJJ6_fit1_model8.pdb,
SASDJJ6,ok,191.0,198.0,30.55,"[19.4, -13.9, 18.5]","[-0.2, 0.1, -0.4]",24.651,26.018,0.942,22.796,18.069,81.5,95.0,SASDJJ6_fit1_model9.pdb,
SASDJJ9,ok,72.0,963.0,42.81,"[10.0, 39.6, -12.7]","[0.0, -0.0, 0.0]",27.173,27.693,0.847,26.91,21.422,55.0,64.0,SASDJJ9_fit1_model1.pdb,
SASDJJ9,ok,72.0,963.0,42.81,"[10.0, 39.6, -12.7]","[0.0, -0.0, 0.0]",27.173,27.693,0.847,26.91,21.422,55.0,64.0,SASDJJ9_fit2_model1.pdb,
SASDJJ9,ok,315.0,963.0,3.26,"[-1.3, 1.1, -2.8]","[0.0, -0.0, 0.0]",9.363,9.916,0.429,13.002,7.377,3.5,6.5,SASDJJ9_fit3_model1.pdb,
SASDJK2,ok,1454.0,1009.0,1.13,"[-0.0, 0.0, 1.1]","[-0.0, 0.0, 0.0]",2.197,2.382,0.221,3.709,2.014,4.5,11.0,SASDJK2_fit1_model1.pdb,
SASDJK2,ok,128.0,1009.0,2.43,"[0.2, -0.1, -2.4]","[-0.0, 0.0, 0.0]",3.582,3.714,0.141,4.415,3.225,4.5,8.5,SASDJK2_fit1_model2.pdb,
SASDJK4,ok,640.0,324.0,2.6,"[-0.2, -1.7, -1.9]","[0.0, 0.0, 0.0]",19.862,17.046,0.545,19.099,7.047,66.0,32.0,SASDJK4_fit1_model1.pdb,
SASDJK4,ok,178.0,324.0,0.15,"[0.2, 0.1, 0.0]","[0.0, 0.0, 0.0]",22.896,22.26,0.657,21.185,8.635,73.5,62.5,SASDJK4_fit1_model2.pdb,
SASDJK6,ok,209.0,384.0,44.61,"[23.0, -12.6, 36.1]","[-0.0, 0.0, 0.0]",27.474,31.48,0.861,29.995,24.572,17.0,63.5,SASDJK6_fit1_model1.pdb,
SASDJK6,ok,209.0,384.0,89.37,"[-56.1, 59.8, 35.6]","[-0.0, 0.0, 0.0]",52.943,72.605,0.9,67.485,51.978,1.5,70.5,SASDJK6_fit1_model2.pdb,
SASDJK6,ok,209.0,384.0,29.85,"[24.2, 17.3, 3.2]","[-0.0, 0.0, 0.0]",16.088,15.931,0.431,17.267,9.177,31.0,29.0,SASDJK6_fit1_model3.pdb,
SASDJK6,ok,209.0,384.0,68.26,"[-50.1, -44.2, -13.9]","[-0.0, 0.0, 0.0]",20.788,22.59,0.737,37.184,20.58,0.5,2.0,SASDJK6_fit1_model4.pdb,
SASDJK6,ok,209.0,384.0,28.23,"[8.4, -18.5, -19.5]","[-0.0, 0.0, 0.0]",20.407,21.356,0.608,20.958,15.732,37.5,59.5,SASDJK6_fit1_model5.pdb,
SASDJK6,ok,209.0,384.0,50.37,"[-7.5, 49.7, -3.7]","[-0.0, 0.0, 0.0]",26.555,26.56,0.885,29.59,22.156,18.5,18.5,SASDJK6_fit1_model6.pdb,
SASDJK6,ok,209.0,384.0,100.48,"[17.6, 85.7, 49.6]","[-0.0, 0.0, 0.0]",45.115,67.775,0.957,67.066,40.712,3.0,54.5,SASDJK6_fit1_model7.pdb,
SASDJK6,ok,209.0,384.0,53.64,"[21.2, 31.1, 38.2]","[-0.0, 0.0, 0.0]",28.213,25.102,0.761,31.231,23.225,16.5,3.5,SASDJK6_fit1_model8.pdb,
SASDJK8,ok,149.0,431.0,34.84,"[20.4, -27.2, -7.8]","[-0.1, 0.1, -0.5]",63.976,63.391,0.886,56.934,23.406,71.0,70.5,SASDJK8_fit1_model1.pdb,
SASDJK9,ok,661.0,3604.0,3.53,"[3.3, -0.3, 1.3]","[0.0, 0.0, -0.0]",4.708,4.548,0.51,6.902,2.302,21.0,20.5,SASDJK9_fit1_model1.pdb,
SASDJK9,ok,714.0,3604.0,1.44,"[1.3, -0.3, 0.6]","[0.0, 0.0, -0.0]",6.765,6.956,0.584,6.342,1.955,57.0,59.5,SASDJK9_fit2_model1.pdb,
SASDJL2,ok,174.0,1114.0,2.35,"[0.1, 0.1, 2.4]","[-0.0, -0.0, 0.0]",4.81,4.825,0.224,4.382,3.994,92.5,93.5,SASDJL2_fit1_model1.pdb,
SASDJL2,ok,174.0,1114.0,1.29,"[-1.3, 0.1, -0.2]","[-0.0, -0.0, 0.0]",5.786,5.669,0.27,5.459,3.534,93.0,75.0,SASDJL2_fit2_model1.pdb,
SASDJL4,ok,293.0,567.0,2.4,"[1.0, -1.4, -1.7]","[0.0, -0.0, 0.1]",28.913,29.275,0.577,28.309,15.2,53.0,54.5,SASDJL4_fit1_model1.pdb,
SASDJL4,ok,158.0,567.0,1.43,"[0.6, 0.5, -1.2]","[0.0, -0.0, 0.1]",24.983,26.544,0.684,30.111,17.509,13.0,23.5,SASDJL4_fit1_model2.pdb,
SASDJL6,ok,947.0,1182.0,33.28,"[-32.8, -3.1, 4.9]","[0.0, -0.0, 0.0]",21.734,21.409,0.705,46.164,20.071,1.0,0.5,SASDJL6_fit1_model1.pdb,
SASDJL6,ok,604.0,1182.0,1.33,"[0.5, -0.2, 1.2]","[0.0, -0.0, 0.0]",6.697,5.639,0.285,38.278,4.39,1.0,1.0,SASDJL6_fit2_model1.pdb,
SASDJL7,ok,692.0,1946.0,5.6,"[-0.7, 1.8, 5.3]","[0.0, -0.0, -0.0]",9.355,8.024,0.517,8.33,4.445,70.5,45.0,SASDJL7_fit1_model1.pdb,
SASDJL7,ok,760.0,1946.0,0.44,"[-0.1, -0.4, -0.1]","[0.0, -0.0, -0.0]",7.103,8.13,0.441,8.411,4.992,24.0,43.0,SASDJL7_fit2_model1.pdb,
SASDJL8,ok,244.0,1266.0,3.22,"[-3.1, -0.6, -0.1]","[0.0, 0.0, -0.0]",12.787,11.335,0.594,22.784,4.75,14.5,10.5,SASDJL8_fit1_model1.pdb,
SASDJM2,ok,499.0,449.0,2.61,"[0.2, -1.6, 2.0]","[0.0, 0.0, 0.0]",6.176,10.838,0.285,12.605,5.111,3.0,34.0,SASDJM2_fit1_model1.pdb,
SASDJM2,ok,469.0,449.0,3.01,"[1.0, -1.8, 2.2]","[0.0, 0.0, 0.0]",6.135,10.436,0.352,12.962,5.342,1.5,31.0,SASDJM2_fit1_model2.pdb,
SASDJM2,ok,368.0,449.0,167.22,"[114.3, 79.6, 92.6]","[0.0, 0.0, 0.0]",129.333,135.46,1.0,135.148,124.699,21.0,52.5,SASDJM2_fit2_model1.pdb,
SASDJM4,ok,483.0,399.0,1.47,"[0.8, -0.8, -1.0]","[-0.0, -0.0, -0.0]",8.974,7.294,0.466,8.609,5.321,59.5,13.5,SASDJM4_fit1_model1.pdb,
SASDJM4,ok,663.0,399.0,32.93,"[31.1, 8.1, 7.2]","[-0.0, -0.0, -0.0]",16.45,15.945,0.659,16.419,14.013,51.5,32.5,SASDJM4_fit2_model1.pdb,
SASDJM6,ok,892.0,768.0,57.08,"[-9.2, -18.3, 53.2]","[0.0, 0.1, -0.0]",48.23,40.835,0.899,44.429,35.046,75.5,29.5,SASDJM6_fit1_model1.pdb,
SASDJM6,ok,892.0,768.0,55.05,"[-7.0, -18.5, 51.3]","[0.0, 0.1, -0.0]",47.343,39.302,0.899,43.215,33.626,83.0,26.0,SASDJM6_fit2_model1.pdb,
SASDJM6,ok,892.0,768.0,52.84,"[-1.1, -14.7, 50.7]","[0.0, 0.1, -0.0]",47.063,41.968,0.899,42.336,33.0,85.5,47.5,SASDJM6_fit3_model1.pdb,
SASDJM6,ok,892.0,768.0,53.94,"[-6.3, -21.4, 49.0]","[0.0, 0.1, -0.0]",46.61,38.582,0.899,41.284,31.511,84.0,31.5,SASDJM6_fit3_model2.pdb,
SASDJM6,ok,892.0,768.0,54.24,"[-11.8, -17.4, 50.0]","[0.0, 0.1, -0.0]",46.407,35.183,0.899,42.363,32.458,85.0,11.5,SASDJM6_fit3_model3.pdb,
SASDJM7,ok,626.0,1975.0,0.42,"[0.0, 0.0, -0.4]","[0.0, 0.0, -0.0]",6.777,6.721,0.219,8.998,5.783,4.0,4.0,SASDJM7_fit1_model1.pdb,
SASDJM8,ok,332.0,215.0,5.28,"[-0.7, 4.8, -1.8]","[0.0, -0.0, 0.2]",27.654,23.679,0.831,21.622,8.565,94.5,64.0,SASDJM8_fit1_model1.pdb,
SASDJN4,ok,722.0,1396.0,1.18,"[-0.3, -0.7, 0.9]","[-0.0, 0.0, -0.0]",12.737,13.222,0.729,8.438,5.189,91.5,96.0,SASDJN4_fit1_model1.pdb,
SASDJN4,ok,771.0,1396.0,96.34,"[-11.8, 39.3, 87.2]","[-0.0, 0.0, -0.0]",67.009,68.63,1.0,71.827,62.747,10.5,18.0,SASDJN4_fit2_model1.pdb,
SASDJN5,ok,614.0,1204.0,82.14,"[-38.6, -43.2, 58.2]","[-0.0, 0.0, -0.0]",61.474,56.461,1.0,58.216,44.37,80.5,40.5,SASDJN5_fit1_model1.pdb,
SASDJN5,ok,406.0,1204.0,81.93,"[-27.8, -50.6, 58.1]","[-0.0, 0.0, -0.0]",60.091,54.812,1.0,56.586,44.099,79.0,36.0,SASDJN5_fit2_model1.pdb,
SASDJN5,ok,406.0,1204.0,78.18,"[-26.3, -54.9, 49.0]","[-0.0, 0.0, -0.0]",55.808,57.591,1.0,55.174,38.478,57.5,77.5,SASDJN5_fit2_model2.pdb,
SASDJN5,ok,406.0,1204.0,81.26,"[-34.0, -47.2, 56.7]","[-0.0, 0.0, -0.0]",58.768,56.531,1.0,56.768,44.356,68.5,47.5,SASDJN5_fit2_model3.pdb,
SASDJN5,ok,402.0,1204.0,79.82,"[-34.8, -44.9, 56.0]","[-0.0, 0.0, -0.0]",56.566,46.947,1.0,54.426,44.064,68.0,9.5,SASDJN5_fit3_model1.pdb,
SASDJN6,ok,1366.0,191.0,34.29,"[-35.6, 3.5, 7.6]","[-2.4, -1.4, 0.4]",32.542,43.556,0.662,39.619,22.253,23.0,70.0,SASDJN6_fit1_model1.pdb,
SASDJN6,ok,1362.0,191.0,25.33,"[-24.2, 8.0, 9.3]","[-2.4, -1.4, 0.4]",36.124,38.026,0.662,37.929,21.183,39.5,50.5,SASDJN6_fit2_model1.pdb,
SASDJN6,ok,1364.0,191.0,3.0,"[-3.0, -4.4, 0.6]","[-2.4, -1.4, 0.4]",38.226,41.065,0.705,35.426,19.684,59.5,72.5,SASDJN6_fit3_model1.pdb,
SASDJN6,ok,1364.0,191.0,14.33,"[-4.7, -4.4, 14.3]","[-2.4, -1.4, 0.4]",40.765,35.704,0.717,36.836,18.793,68.0,44.0,SASDJN6_fit3_model2.pdb,
SASDJN6,ok,1364.0,191.0,11.92,"[4.9, -0.2, 9.8]","[-2.4, -1.4, 0.4]",38.266,36.238,0.641,34.163,20.866,72.0,61.0,SASDJN6_fit3_model3.pdb,
SASDJN7,ok,3887.0,770.0,2.27,"[-0.7, 1.8, -1.1]","[-0.0, 0.0, -0.0]",13.194,12.615,0.411,11.464,7.997,83.0,75.0,SASDJN7_fit1_model1.pdb,
SASDJN8,ok,772.0,1444.0,1.0,"[0.8, 0.6, -0.2]","[-0.0, 0.0, -0.0]",6.63,6.673,0.268,15.334,7.765,0.0,0.0,SASDJN8_fit1_model1.pdb,
SASDJN8,ok,772.0,1444.0,15.13,"[-2.4, -12.9, -7.4]","[-0.0, 0.0, -0.0]",12.364,11.352,0.602,14.969,10.051,13.0,5.0,SASDJN8_fit2_model1.pdb,
SASDJP5,ok,302.0,3112.0,26.46,"[-16.5, -15.5, 13.7]","[0.0, -0.0, 0.0]",13.044,14.815,0.811,19.493,11.206,3.0,10.5,SASDJP5_fit1_model1.pdb,
SASDJP5,ok,492.0,3112.0,81.17,"[-38.8, -48.2, 52.5]","[0.0, -0.0, 0.0]",58.178,60.989,1.0,56.999,42.305,56.5,85.0,SASDJP5_fit2_model1.pdb,
SASDJP6,ok,1101.0,894.0,52.7,"[-17.1, -12.5, 48.2]","[-0.0, 0.0, -0.0]",42.353,36.691,0.783,38.994,32.469,84.0,24.5,SASDJP6_fit1_model1.pdb,
SASDJP6,ok,1096.0,894.0,54.63,"[-20.8, -22.0, 45.5]","[-0.0, 0.0, -0.0]",44.256,34.167,0.815,39.382,31.476,89.0,11.0,SASDJP6_fit2_model1.pdb,
SASDJP6,ok,1101.0,894.0,2.57,"[-1.8, 1.5, 1.1]","[-0.0, 0.0, -0.0]",15.921,16.622,0.409,21.52,11.945,10.0,14.5,SASDJP6_fit3_model1.pdb,
SASDJP6,ok,1101.0,894.0,7.6,"[4.7, -5.4, -2.4]","[-0.0, 0.0, -0.0]",16.566,16.555,0.368,22.468,15.238,5.5,5.5,SASDJP6_fit3_model2.pdb,
SASDJP6,ok,1101.0,894.0,6.89,"[1.5, 2.5, -6.3]","[-0.0, 0.0, -0.0]",17.266,17.762,0.39,22.519,12.887,11.5,14.0,SASDJP6_fit3_model3.pdb,
SASDJP6,ok,1101.0,894.0,6.48,"[5.5, -2.6, 2.1]","[-0.0, 0.0, -0.0]",14.847,15.658,0.35,22.653,14.864,0.0,3.0,SASDJP6_fit3_model4.pdb,
SASDJP6,ok,1101.0,894.0,4.4,"[2.2, -1.9, -3.3]","[-0.0, 0.0, -0.0]",17.337,17.54,0.404,22.103,12.065,14.5,15.5,SASDJP6_fit3_model5.pdb,
SASDJP7,ok,627.0,802.0,0.02,"[-0.0, 0.0, 0.0]","[-0.0, -0.0, 0.0]",13.213,14.07,0.36,12.93,10.167,61.0,78.5,SASDJP7_fit1_model1.pdb,
SASDJP8,ok,640.0,1715.0,9.04,"[5.8, -2.7, 6.4]","[-0.0, -0.0, 0.0]",11.66,10.079,0.586,10.987,7.911,57.5,32.0,SASDJP8_fit1_model1.pdb,
SASDJP8,ok,640.0,1715.0,10.83,"[-1.4, -9.9, 4.2]","[-0.0, -0.0, 0.0]",12.88,13.004,0.517,10.499,7.146,78.5,79.5,SASDJP8_fit2_model1.pdb,
SASDJQ5,ok,364.0,759.0,12.37,"[-7.5, 4.7, 8.6]","[0.0, 0.0, 0.0]",14.262,17.462,0.646,13.83,10.346,54.0,86.0,SASDJQ5_fit1_model1.pdb,
SASDJQ5,ok,1695.0,759.0,0.02,"[0.0, 0.0, -0.0]","[0.0, 0.0, 0.0]",14.95,15.692,0.69,12.339,6.891,83.0,94.0,SASDJQ5_fit2_model1.pdb,
SASDJQ5,ok,557.0,759.0,2.49,"[-0.4, -1.6, 1.9]","[0.0, 0.0, 0.0]",14.803,15.203,0.689,12.083,7.294,83.5,89.0,SASDJQ5_fit2_model2.pdb,
SASDJQ6,ok,375.0,1264.0,3.62,"[-1.9, -2.0, -2.4]","[-0.0, 0.0, -0.0]",8.143,9.153,0.237,10.497,6.37,4.0,19.0,SASDJQ6_fit1_model1.pdb,
SASDJQ6,ok,228.0,1264.0,0.13,"[-0.1, -0.1, -0.1]","[-0.0, 0.0, -0.0]",10.795,12.726,0.439,12.277,7.22,24.5,59.0,SASDJQ6_fit1_model2.pdb,
SASDJQ7,ok,484.0,1339.0,149.29,"[64.4, 29.0, 131.5]","[-0.0, 0.0, 0.0]",117.368,124.03,1.0,121.993,115.069,13.5,95.5,SASDJQ7_fit1_model1.pdb,
SASDJQ8,ok,1027.0,1751.0,17.56,"[9.8, 0.2, 14.6]","[-0.0, 0.0, -0.0]",21.87,16.497,0.672,15.621,9.853,97.5,59.0,SASDJQ8_fit1_model1.pdb,
SASDJQ8,ok,1025.0,1751.0,33.84,"[1.6, -16.6, 29.4]","[-0.0, 0.0, -0.0]",22.639,24.262,0.654,21.335,15.184,72.5,90.0,SASDJQ8_fit2_model1.pdb,
SASDJR3,ok,271.0,1106.0,15.28,"[14.0, 6.1, -0.1]","[0.0, -0.0, 0.0]",8.747,9.4,0.491,8.726,7.163,51.0,84.0,SASDJR3_fit1_model1.pdb,
SASDJR3,ok,250.0,1106.0,15.34,"[12.7, 8.2, 2.7]","[0.0, -0.0, 0.0]",7.696,8.118,0.384,7.616,6.628,55.0,77.0,SASDJR3_fit2_model1.pdb,
SASDJR4,ok,500.0,3723.0,3.25,"[-1.1, 3.1, 0.0]","[0.0, 0.0, 0.0]",9.235,10.294,0.48,10.727,3.34,35.0,42.0,SASDJR4_fit1_model1.pdb,
SASDJR4,ok,782.0,3723.0,3.47,"[-1.5, 3.1, 0.1]","[0.0, 0.0, 0.0]",9.272,10.201,0.464,10.531,2.793,37.0,44.5,SASDJR4_fit1_model2.pdb,
SASDJR6,ok,710.0,1427.0,5.37,"[2.2, -2.7, 4.1]","[0.0, -0.0, -0.0]",9.218,10.051,0.576,7.799,4.964,70.0,80.0,SASDJR6_fit1_model1.pdb,
SASDJR6,ok,64.0,1427.0,11.9,"[5.3, 3.8, -10.0]","[0.0, -0.0, -0.0]",8.795,9.645,0.562,11.416,7.714,5.5,13.5,SASDJR6_fit1_model2.pdb,
SASDJR7,ok,1042.0,1218.0,13.06,"[0.0, 0.0, 13.1]","[-0.0, -0.0, -0.0]",6.73,6.779,0.387,7.81,5.271,17.0,18.5,SASDJR7_fit1_model1.pdb,
SASDJR7,ok,954.0,1218.0,78.55,"[-57.3, -12.4, -52.3]","[-0.0, -0.0, -0.0]",35.974,46.749,0.938,44.743,35.393,1.5,72.5,SASDJR7_fit2_model1.pdb,
SASDJR8,ok,588.0,1079.0,8.67,"[-0.0, 0.0, 8.7]","[-0.0, -0.0, -0.0]",7.582,7.855,0.391,7.922,4.902,37.0,49.5,SASDJR8_fit1_model1.pdb,
SASDJS3,ok,840.0,1071.0,2.02,"[1.9, -0.2, -0.6]","[0.0, -0.0, 0.0]",13.555,14.023,0.523,13.634,7.071,49.0,56.0,SASDJS3_fit1_model1.pdb,
SASDJS4,ok,1138.0,1914.0,3.07,"[-1.6, -1.1, 2.4]","[0.0, 0.0, 0.0]",6.014,5.84,0.549,5.299,3.067,73.5,69.5,SASDJS4_fit1_model1.pdb,
SASDJS4,ok,1238.0,1914.0,3.09,"[2.4, -0.2, -1.9]","[0.0, 0.0, 0.0]",5.925,6.516,0.527,5.151,2.859,70.0,82.5,SASDJS4_fit1_model2.pdb,
SASDJS5,ok,334.0,833.0,7.45,"[0.8, 5.9, -4.5]","[0.0, -0.0, -0.0]",13.545,10.21,0.527,10.929,7.932,93.0,32.0,SASDJS5_fit1_model1.pdb,
SASDJS6,ok,451.0,340.0,1.64,"[1.2, -0.9, -0.6]","[-0.0, 0.0, 0.0]",16.025,15.101,0.692,13.858,5.116,76.5,66.5,SASDJS6_fit1_model1.pdb,
SASDJS6,ok,86.0,340.0,2.49,"[-0.5, -1.2, 2.2]","[-0.0, 0.0, 0.0]",14.27,13.918,0.628,15.225,7.054,36.0,34.0,SASDJS6_fit1_model2.pdb,
SASDJS8,ok,588.0,1081.0,4.58,"[0.0, 0.0, 4.6]","[-0.0, 0.0, 0.0]",6.263,6.118,0.298,7.039,4.567,25.0,21.0,SASDJS8_fit1_model1.pdb,
SASDJT3,ok,792.0,1348.0,0.37,"[0.2, 0.3, 0.0]","[-0.0, 0.0, -0.0]",14.419,14.01,0.667,11.889,5.369,78.5,75.5,SASDJT3_fit1_model1.pdb,
SASDJT5,ok,975.0,775.0,2.81,"[-1.8, -2.2, -0.2]","[0.0, 0.0, 0.0]",12.217,10.817,0.322,11.506,7.439,69.0,38.0,SASDJT5_fit1_model1.pdb,
SASDJT6,ok,414.0,982.0,142.5,"[-40.7, 94.3, 98.8]","[-0.0, 0.0, -0.0]",113.586,109.373,1.0,113.519,87.824,50.5,38.5,SASDJT6_fit1_model1.pdb,
SASDJT6,ok,31.0,982.0,125.92,"[-89.1, -68.3, -57.1]","[-0.0, 0.0, -0.0]",112.423,111.582,1.0,104.14,79.628,91.0,88.0,SASDJT6_fit1_model2.pdb,
SASDJT8,ok,294.0,1031.0,6.61,"[6.1, 1.9, 1.7]","[0.0, -0.0, 0.0]",5.993,9.716,0.306,7.885,4.865,11.0,90.0,SASDJT8_fit1_model1.pdb,
SASDJU3,ok,928.0,1736.0,1.1,"[0.3, -0.2, -1.0]","[-0.0, 0.0, -0.0]",8.139,9.223,0.559,6.633,4.296,83.0,98.0,SASDJU3_fit1_model1.pdb,
SASDJU5,ok,690.0,628.0,5.03,"[2.3, -4.0, 1.9]","[0.0, -0.0, 0.0]",10.563,11.087,0.32,11.168,7.866,31.5,48.0,SASDJU5_fit1_model1.pdb,
SASDJU6,ok,412.0,290.0,1.32,"[0.5, 1.0, -0.9]","[-0.1, 0.2, 0.0]",16.998,16.885,0.711,16.487,3.729,54.5,54.0,SASDJU6_fit1_model1.pdb,
SASDJU6,ok,699.0,290.0,0.21,"[-0.0, -0.0, -0.0]","[-0.1, 0.2, 0.0]",17.491,20.486,0.767,15.85,5.254,67.5,98.0,SASDJU6_fit1_model2.pdb,
SASDJU7,ok,142.0,1372.0,0.17,"[-0.0, -0.2, 0.0]","[-0.0, -0.0, 0.0]",7.75,10.789,0.352,12.033,7.101,1.5,33.0,SASDJU7_fit1_model1.pdb,
SASDJU8,ok,294.0,1010.0,3.22,"[3.1, 0.5, 0.8]","[-0.0, -0.0, -0.0]",6.426,8.363,0.388,6.867,3.773,36.5,93.0,SASDJU8_fit1_model1.pdb,
SASDJU9,ok,557.0,785.0,8.43,"[-8.3, -1.1, -0.3]","[0.0, 0.0, 0.0]",5.981,6.436,0.395,7.372,2.937,21.5,30.5,SASDJU9_fit1_model1.pdb,
SASDJU9,ok,149.0,785.0,0.57,"[0.4, -0.1, 0.4]","[0.0, 0.0, 0.0]",5.561,5.209,0.275,6.535,4.093,22.5,15.0,SASDJU9_fit2_model1.pdb,
SASDJU9,ok,149.0,785.0,0.85,"[-0.8, -0.1, -0.2]","[0.0, 0.0, 0.0]",5.801,5.899,0.242,6.448,3.804,30.0,34.5,SASDJU9_fit3_model1.pdb,
SASDJV5,ok,687.0,729.0,21.45,"[-0.4, 2.1, 21.3]","[0.0, 0.0, -0.0]",12.46,13.353,0.486,12.119,9.326,60.5,82.5,SASDJV5_fit1_model1.pdb,
SASDJV5,ok,843.0,729.0,6.32,"[-1.5, -6.0, 1.4]","[0.0, 0.0, -0.0]",7.801,7.632,0.365,8.194,6.152,34.5,26.5,SASDJV5_fit2_model1.pdb,
SASDJV6,ok,501.0,1001.0,16.78,"[-10.6, -5.7, -11.8]","[-0.0, -0.0, -0.0]",28.214,29.318,0.812,23.423,8.857,94.0,99.5,SASDJV6_fit1_model1.pdb,
SASDJV6,ok,41.0,1001.0,25.28,"[2.6, -1.9, -25.1]","[-0.0, -0.0, -0.0]",28.431,27.442,0.805,25.715,8.953,70.5,60.0,SASDJV6_fit1_model2.pdb,
SASDJV7,ok,320.0,395.0,11.44,"[0.8, 4.7, -1.9]","[8.1, 13.3, -0.1]",21.17,20.813,0.716,24.111,11.729,31.0,27.5,SASDJV7_fit1_model1.pdb,
SASDJV7,ok,439.0,395.0,16.28,"[-0.3, -0.6, 0.5]","[8.1, 13.3, -0.1]",21.068,20.624,0.686,25.413,10.635,29.0,26.0,SASDJV7_fit1_model2.pdb,
SASDJV8,ok,605.0,1163.0,23.35,"[19.3, -8.1, 10.4]","[-0.0, -0.0, 0.0]",11.243,11.406,0.587,11.541,10.484,28.5,42.5,SASDJV8_fit1_model1.pdb,
SASDJV8,ok,604.0,1163.0,7.74,"[0.0, 0.0, 7.7]","[-0.0, -0.0, 0.0]",8.11,8.62,0.444,7.277,4.113,74.5,87.5,SASDJV8_fit2_model1.pdb,
SASDJV9,ok,624.0,630.0,3.56,"[-1.5, 1.9, 2.7]","[-0.0, 0.0, 0.0]",4.91,7.427,0.409,6.025,4.432,3.5,91.5,SASDJV9_fit1_model1.pdb,
SASDJV9,ok,138.0,630.0,83.68,"[16.2, 61.4, 54.5]","[-0.0, 0.0, 0.0]",67.298,67.774,1.0,67.219,59.803,52.0,61.0,SASDJV9_fit2_model1.pdb,
SASDJV9,ok,138.0,630.0,100.53,"[21.1, 64.3, 74.3]","[-0.0, 0.0, 0.0]",82.795,83.855,1.0,83.008,80.566,42.0,73.0,SASDJV9_fit3_model1.pdb,
SASDJW2,ok,554.0,1219.0,101.14,"[68.7, 39.5, 62.9]","[-0.0, 0.0, -0.0]",65.683,68.826,1.0,71.662,54.728,26.5,39.0,SASDJW2_fit1_model1.pdb,
SASDJW3,ok,1439.0,1336.0,1.38,"[-0.0, -0.0, -1.4]","[0.0, -0.0, 0.0]",8.338,9.252,0.308,8.035,5.569,64.0,92.0,SASDJW3_fit1_model1.pdb,
SASDJW3,ok,469.0,1336.0,5.76,"[-1.3, -3.6, -4.3]","[0.0, -0.0, 0.0]",9.253,9.993,0.279,9.251,6.411,50.0,78.0,SASDJW3_fit2_model1.pdb,
SASDJW6,ok,464.0,252.0,3.97,"[1.9, 3.2, -1.0]","[-0.1, -0.1, -0.0]",16.58,19.614,0.765,16.845,4.662,49.5,74.5,SASDJW6_fit1_model1.pdb,
SASDJW6,ok,694.0,252.0,0.11,"[0.0, -0.0, 0.0]","[-0.1, -0.1, -0.0]",15.002,6.88,0.673,17.635,5.367,29.5,3.5,SASDJW6_fit1_model2.pdb,
SASDJW7,ok,514.0,211.0,3.41,"[0.2, 3.2, 1.5]","[0.2, 0.0, 0.2]",29.04,14.323,0.815,24.271,8.213,85.0,10.5,SASDJW7_fit1_model1.pdb,
SASDJW7,ok,225.0,211.0,2.61,"[-0.4, 2.4, 1.1]","[0.2, 0.0, 0.2]",27.975,13.245,0.738,23.637,7.7,80.5,8.0,SASDJW7_fit1_model2.pdb,
SASDJW8,ok,302.0,1028.0,8.46,"[4.8, -6.9, -0.6]","[0.0, -0.0, 0.0]",9.051,9.025,0.48,6.988,4.973,96.0,95.0,SASDJW8_fit1_model1.pdb,
SASDJX2,ok,548.0,344.0,0.33,"[0.2, 0.1, -0.1]","[0.0, -0.1, -0.1]",20.022,8.338,0.662,16.513,5.187,97.5,10.5,SASDJX2_fit1_model1.pdb,
SASDJX2,ok,554.0,344.0,101.23,"[68.7, 39.5, 62.9]","[0.0, -0.1, -0.1]",75.401,77.405,1.0,80.352,65.752,26.5,33.5,SASDJX2_fit2_model1.pdb,
SASDJX2,ok,554.0,344.0,101.23,"[68.7, 39.5, 62.9]","[0.0, -0.1, -0.1]",75.401,77.405,1.0,80.352,65.752,26.5,33.5,SASDJX2_fit3_model1.pdb,
SASDJX3,ok,103.0,3376.0,6.03,"[0.7, 4.8, -3.6]","[0.0, 0.0, 0.0]",15.013,15.575,0.68,13.456,5.315,76.5,90.5,SASDJX3_fit1_model1.pdb,
SASDJX3,ok,103.0,3376.0,10.67,"[9.3, 4.1, 3.3]","[0.0, 0.0, 0.0]",13.016,14.844,0.563,13.823,6.094,41.5,64.0,SASDJX3_fit2_model1.pdb,
SASDJX5,ok,473.0,902.0,2.83,"[-0.0, -2.8, -0.4]","[-0.0, 0.0, -0.0]",4.446,5.475,0.281,5.307,3.36,17.0,59.5,SASDJX5_fit1_model1.pdb,
SASDJX6,ok,282.0,948.0,95.16,"[85.1, 32.4, -27.4]","[-0.1, 0.0, -0.2]",85.781,83.063,1.0,78.652,54.519,91.5,81.0,SASDJX6_fit1_model1.pdb,
SASDJX6,ok,34.0,948.0,117.93,"[-32.6, 82.3, -78.2]","[-0.1, 0.0, -0.2]",89.044,74.615,1.0,92.91,62.831,35.5,4.5,SASDJX6_fit1_model2.pdb,
SASDJX7,ok,302.0,1952.0,83.54,"[14.4, 70.3, 42.8]","[0.0, 0.0, -0.0]",56.904,56.177,1.0,59.183,49.653,33.0,27.0,SASDJX7_fit1_model1.pdb,
SASDJX8,ok,636.0,690.0,9.04,"[-0.0, 0.0, 9.0]","[-0.0, -0.0, -0.0]",10.158,10.534,0.506,8.752,6.366,85.5,89.5,SASDJX8_fit1_model1.pdb,
SASDJY2,ok,174.0,5000.0,76.16,"[46.9, 3.5, 59.7]","[0.0, 0.1, -0.2]",51.506,53.891,1.0,51.467,44.211,50.5,94.0,SASDJY2_fit1_model1.pdb,
SASDJY3,ok,477.0,4966.0,31.28,"[-23.0, -21.2, 0.3]","[-0.0, 0.0, -0.0]",16.951,17.18,0.66,18.292,16.387,4.5,7.5,SASDJY3_fit1_model1.pdb,
SASDJY3,ok,948.0,4966.0,58.77,"[-23.8, -53.7, 1.6]","[-0.0, 0.0, -0.0]",29.353,29.264,0.829,37.019,28.505,5.5,5.0,SASDJY3_fit1_model2.pdb,
SASDJY6,ok,328.0,260.0,1.88,"[1.3, 0.5, 1.4]","[0.0, 0.2, 0.0]",19.317,18.937,0.732,15.63,4.275,84.5,81.5,SASDJY6_fit1_model1.pdb,
SASDJY6,ok,148.0,260.0,0.54,"[0.6, 0.3, -0.1]","[0.0, 0.2, 0.0]",15.943,18.557,0.75,16.971,5.61,41.5,68.0,SASDJY6_fit1_model2.pdb,
SASDJY7,ok,638.0,2097.0,11.36,"[10.5, 4.3, -0.2]","[0.0, 0.0, -0.0]",7.111,6.819,0.335,10.813,5.736,5.0,4.0,SASDJY7_fit1_model1.pdb,
SASDJY7,ok,638.0,2097.0,106.38,"[53.0, 57.6, 72.0]","[0.0, 0.0, -0.0]",71.257,81.432,1.0,71.45,59.355,48.0,98.0,SASDJY7_fit2_model1.pdb,
SASDJY7,ok,638.0,2097.0,109.56,"[70.4, 49.2, 68.0]","[0.0, 0.0, -0.0]",69.182,80.459,1.0,76.001,57.438,15.5,95.0,SASDJY7_fit2_model2.pdb,
SASDJY7,ok,638.0,2097.0,109.22,"[72.2, 49.9, 65.0]","[0.0, 0.0, -0.0]",71.703,78.233,1.0,74.249,66.984,23.0,88.0,SASDJY7_fit2_model3.pdb,
SASDJY7,ok,638.0,2097.0,110.11,"[69.6, 50.5, 68.8]","[0.0, 0.0, -0.0]",71.323,81.312,1.0,76.249,63.345,20.5,95.5,SASDJY7_fit2_model4.pdb,
SASDJY8,ok,636.0,1175.0,3.65,"[0.0, 0.0, 3.6]","[-0.0, -0.0, -0.0]",9.134,9.14,0.415,7.036,4.345,99.0,99.5,SASDJY8_fit1_model1.pdb,
SASDJZ2,ok,174.0,5000.0,76.08,"[46.9, 3.5, 59.7]","[0.1, -0.0, -0.1]",51.654,54.047,1.0,51.449,44.198,54.0,94.0,SASDJZ2_fit1_model1.pdb,
SASDJZ3,ok,477.0,4234.0,31.28,"[-23.0, -21.2, 0.3]","[-0.0, -0.0, -0.0]",17.549,18.098,0.639,19.379,15.829,20.0,25.5,SASDJZ3_fit1_model1.pdb,
SASDJZ3,ok,948.0,4234.0,58.77,"[-23.8, -53.7, 1.6]","[-0.0, -0.0, -0.0]",29.741,30.281,0.819,36.206,29.222,4.5,9.0,SASDJZ3_fit1_model2.pdb,
SASDJZ6,ok,1438.0,1194.0,0.46,"[0.3, 0.3, 0.2]","[0.0, 0.0, -0.0]",5.885,6.284,0.334,8.053,4.695,6.0,11.0,SASDJZ6_fit1_model1.pdb,
SASDJZ6,ok,235.0,1194.0,0.31,"[0.3, 0.0, 0.1]","[0.0, 0.0, -0.0]",9.673,7.753,0.579,8.625,5.624,69.5,30.5,SASDJZ6_fit1_model2.pdb,
SASDJZ7,ok,694.0,1465.0,15.62,"[1.9, 5.1, -14.6]","[0.0, -0.0, 0.0]",19.073,12.663,0.664,14.8,10.282,89.0,18.0,SASDJZ7_fit1_model1.pdb,
SASDJZ8,ok,318.0,995.0,2.16,"[1.4, 1.2, 1.2]","[0.0, -0.0, 0.0]",8.197,7.129,0.437,7.413,4.851,71.5,42.5,SASDJZ8_fit1_model1.pdb,
SASDK24,ok,637.0,639.0,1.77,"[1.2, 0.1, -1.3]","[0.0, 0.0, -0.0]",5.76,4.046,0.491,5.247,3.379,70.5,13.5,SASDK24_fit1_model1.pdb,
SASDK27,ok,1432.0,267.0,75.55,"[-0.6, 17.1, -105.2]","[0.3, -3.4, -32.5]",40.934,35.484,0.408,68.747,32.361,3.5,0.5,SASDK27_fit1_model1.pdb,
SASDK27,coordenadas_vazias,,,,,,,,,,,,,SASDK27_fit2_model1.png,
SASDK28,ok,536.0,1181.0,48.05,"[35.3, 25.1, 20.8]","[-0.0, -0.0, 0.0]",24.001,25.789,0.657,30.604,22.515,2.0,10.0,SASDK28_fit1_model1.pdb,
SASDK28,ok,536.0,1181.0,48.46,"[36.4, 22.5, 22.8]","[-0.0, -0.0, 0.0]",24.562,26.947,0.668,31.296,23.19,2.0,13.0,SASDK28_fit1_model2.pdb,
SASDK28,ok,551.0,1181.0,42.29,"[24.1, 30.3, 17.1]","[-0.0, -0.0, 0.0]",24.611,26.407,0.621,28.466,22.047,12.5,33.5,SASDK28_fit2_model1.pdb,
SASDK34,ok,500.0,1398.0,0.82,"[-0.2, 0.1, 0.8]","[0.0, 0.0, 0.0]",7.771,7.738,0.3,11.09,4.612,11.5,11.5,SASDK34_fit1_model1.pdb,
SASDK36,ok,728.0,3873.0,1.08,"[0.2, -0.7, 0.7]","[-0.0, 0.0, 0.0]",4.706,5.019,0.437,6.413,2.36,22.5,25.5,SASDK36_fit1_model1.pdb,
SASDK36,ok,1109.0,3873.0,85.3,"[48.0, 50.4, 49.3]","[-0.0, 0.0, 0.0]",72.375,71.421,1.0,69.068,60.586,89.0,79.5,SASDK36_fit2_model1.pdb,
SASDK37,ok,1432.0,94.0,117.66,"[-1.2, 12.3, -111.4]","[19.1, -10.2, 2.3]",75.502,90.613,0.795,106.06,73.192,0.5,13.5,SASDK37_fit1_model1.pdb,
SASDK38,ok,536.0,605.0,32.16,"[9.8, 4.1, 30.4]","[0.0, 0.0, 0.0]",16.933,17.131,0.438,18.234,15.155,22.5,25.0,SASDK38_fit1_model1.pdb,
SASDK38,ok,551.0,605.0,31.98,"[14.9, 5.8, 27.7]","[0.0, 0.0, 0.0]",17.322,18.049,0.439,17.777,14.67,35.5,56.5,SASDK38_fit3_model1.pdb,
SASDK42,ok,506.0,811.0,1.58,"[-0.7, -1.3, 0.6]","[0.0, -0.0, 0.0]",8.747,8.889,0.346,12.352,6.876,5.5,6.5,SASDK42_fit1_model1.pdb,
SASDK42,ok,364.0,811.0,12.41,"[-7.7, 4.5, 8.6]","[0.0, -0.0, 0.0]",15.999,18.925,0.684,14.674,10.916,66.5,85.0,SASDK42_fit2_model1.pdb,
SASDK42,ok,1546.0,811.0,0.02,"[0.0, -0.0, -0.0]","[0.0, -0.0, 0.0]",14.053,14.386,0.658,12.009,6.379,69.5,73.0,SASDK42_fit3_model1.pdb,
SASDK44,ok,341.0,318.0,1.25,"[-0.1, -0.6, -1.1]","[0.0, -0.0, 0.0]",17.898,13.926,0.733,14.003,3.789,97.5,49.0,SASDK44_fit1_model1.pdb,
SASDK46,ok,230.0,981.0,7.07,"[3.2, -6.2, -1.0]","[-0.0, 0.0, -0.0]",16.598,16.904,0.809,16.056,6.632,59.0,66.5,SASDK46_fit1_model1.pdb,
SASDK46,ok,211.0,981.0,18.34,"[-11.1, -1.7, 14.5]","[-0.0, 0.0, -0.0]",20.194,20.861,0.754,17.963,7.837,79.0,83.5,SASDK46_fit1_model2.pdb,
SASDK47,ok,1432.0,513.0,118.19,"[-1.2, 12.3, -111.4]","[-0.5, -0.2, 6.2]",31.882,30.362,0.358,88.612,17.168,2.5,2.0,SASDK47_fit1_model1.pdb,
SASDK47,ok,4296.0,513.0,392.72,"[194.8, 106.1, 329.9]","[-0.5, -0.2, 6.2]",281.167,280.279,1.0,303.361,235.044,20.0,19.5,SASDK47_fit1_model2.pdb,
SASDK48,ok,394.0,1013.0,71.32,"[-26.8, -66.0, 4.2]","[-0.0, 0.0, -0.0]",38.4,38.339,1.0,43.24,37.398,7.5,7.0,SASDK48_fit1_model1.pdb,
SASDK54,ok,181.0,2075.0,32.48,"[8.6, -28.5, 13.0]","[-0.0, 0.0, 0.0]",15.27,15.631,0.536,16.476,13.858,13.0,22.0,SASDK54_fit1_model1.pdb,
SASDK54,ok,231.0,2075.0,16.86,"[7.0, 0.2, -15.3]","[-0.0, 0.0, 0.0]",11.445,11.171,0.433,13.492,9.413,9.5,7.5,SASDK54_fit2_model1.pdb,
SASDK54,ok,181.0,2075.0,32.48,"[8.6, -28.5, 13.0]","[-0.0, 0.0, 0.0]",15.27,15.631,0.536,16.476,13.858,13.0,22.0,SASDK54_fit3_model1.pdb,
SASDK56,ok,223.0,685.0,4.87,"[0.5, 4.7, -1.3]","[0.0, 0.0, -0.0]",5.108,5.434,0.26,5.286,4.118,34.5,64.5,SASDK56_fit1_model1.pdb,
SASDK57,ok,1432.0,489.0,99.51,"[-1.2, 12.3, -111.4]","[-0.2, -0.8, -12.7]",41.304,37.009,0.503,77.904,31.318,2.5,1.5,SASDK57_fit1_model1.pdb,
SASDK57,ok,4296.0,489.0,408.39,"[194.8, 106.1, 329.9]","[-0.2, -0.8, -12.7]",258.364,261.059,1.0,283.227,216.858,18.5,21.0,SASDK57_fit1_model2.pdb,
SASDK58,ok,1518.0,575.0,270.12,"[153.2, 153.1, 161.5]","[0.0, 0.0, -0.0]",201.241,198.804,1.0,199.75,190.086,62.0,43.5,SASDK58_fit1_model1.pdb,
SASDK64,ok,175.0,1705.0,19.75,"[6.8, -4.8, 17.9]","[0.0, -0.0, -0.0]",12.248,12.308,0.589,13.316,11.041,16.5,18.5,SASDK64_fit1_model1.pdb,
SASDK64,ok,145.0,1705.0,9.57,"[3.2, -0.7, -9.0]","[0.0, -0.0, -0.0]",13.651,14.923,0.593,12.686,8.378,64.0,76.5,SASDK64_fit2_model1.pdb,
SASDK64,ok,175.0,1705.0,19.75,"[6.8, -4.8, 17.9]","[0.0, -0.0, -0.0]",12.248,12.308,0.589,13.316,11.041,16.5,18.5,SASDK64_fit3_model1.pdb,
SASDK67,ok,1432.0,518.0,111.93,"[-1.2, 12.3, -111.4]","[-0.1, 0.0, -0.1]",43.921,37.126,0.47,83.043,33.725,4.0,1.0,SASDK67_fit1_model1.pdb,
SASDK67,ok,4296.0,518.0,397.6,"[194.8, 106.1, 329.9]","[-0.1, 0.0, -0.1]",267.814,270.084,1.0,291.224,227.085,20.0,21.5,SASDK67_fit1_model2.pdb,
SASDK67,ok,1432.0,518.0,111.93,"[-1.2, 12.3, -111.4]","[-0.1, 0.0, -0.1]",43.921,37.126,0.47,83.043,33.725,4.0,1.0,SASDK67_fit2_model1.pdb,
SASDK67,ok,4296.0,518.0,110.4,"[1.3, 1.0, -110.5]","[-0.1, 0.0, -0.1]",43.755,31.172,0.676,74.734,34.701,4.5,0.0,SASDK67_fit2_model2.pdb,
SASDK74,ok,202.0,1354.0,19.18,"[-0.0, 19.2, -0.0]","[0.0, 0.0, -0.0]",8.549,7.738,0.713,8.252,7.123,68.0,17.5,SASDK74_fit1_model1.pdb,
SASDK82,ok,789.0,1769.0,0.63,"[0.2, -0.5, 0.2]","[-0.0, -0.0, -0.0]",9.161,10.282,0.502,10.152,6.182,29.0,51.0,SASDK82_fit1_model1.pdb,
SASDK86,ok,237.0,195.0,0.87,"[0.0, -0.0, -1.0]","[0.1, 0.2, -0.2]",35.585,36.982,0.637,31.992,15.385,81.0,89.0,SASDK86_fit1_model1.pdb,
SASDK86,ok,227.0,195.0,7.09,"[-0.0, -0.0, -7.3]","[0.1, 0.2, -0.2]",41.438,40.224,0.661,32.018,15.103,100.0,99.0,SASDK86_fit2_model1.pdb,
SASDK86,ok,904.0,195.0,97.45,"[75.7, -57.0, 22.2]","[0.1, 0.2, -0.2]",50.592,50.42,0.836,61.504,46.769,5.0,5.0,SASDK86_fit3_model1.pdb,
SASDK92,ok,505.0,265.0,1.91,"[-1.7, 0.5, -0.0]","[-0.1, -0.5, 0.2]",15.893,11.277,0.768,13.522,5.147,79.5,31.0,SASDK92_fit1_model1.pdb,
SASDK92,ok,1324.0,265.0,0.96,"[0.3, -0.9, 1.0]","[-0.1, -0.5, 0.2]",14.112,10.012,0.774,11.964,4.841,80.0,31.5,SASDK92_fit2_model1.pdb,
SASDK92,ok,1324.0,265.0,0.96,"[0.3, -0.9, 1.0]","[-0.1, -0.5, 0.2]",14.112,10.012,0.774,11.964,4.841,80.0,31.5,SASDK92_fit3_model1.pdb,
SASDK94,ok,814.0,1327.0,6.43,"[0.3, -6.4, 0.7]","[0.0, 0.0, 0.0]",11.457,10.944,0.337,13.883,7.932,22.0,17.0,SASDK94_fit1_model1.pdb,
SASDK96,ok,764.0,266.0,54.56,"[27.7, 0.6, 47.1]","[0.0, 0.2, 0.1]",36.631,26.1,0.894,35.132,25.557,71.5,1.0,SASDK96_fit1_model1.pdb,
SASDK96,ok,304.0,266.0,7.2,"[0.0, 0.0, 7.3]","[0.0, 0.2, 0.1]",18.843,21.054,0.681,21.764,11.658,22.5,42.0,SASDK96_fit2_model1.pdb,
SASDK96,ok,320.0,266.0,7.25,"[0.0, 0.0, -7.2]","[0.0, 0.2, 0.1]",13.363,12.352,0.478,22.411,10.307,6.5,4.0,SASDK96_fit3_model1.pdb,
SASDKA6,ok,428.0,848.0,0.02,"[0.0, 0.0, -0.0]","[-0.0, -0.0, -0.0]",7.956,6.244,0.273,8.181,5.141,44.5,6.0,SASDKA6_fit1_model1.pdb,
SASDKA6,ok,390.0,848.0,54.18,"[41.0, 35.4, 0.2]","[-0.0, -0.0, -0.0]",32.876,32.47,0.969,34.105,29.74,33.5,27.5,SASDKA6_fit2_model1.pdb,
SASDKB8,ok,1322.0,1428.0,21.88,"[5.0, 0.5, -21.3]","[-0.0, -0.0, -0.0]",22.743,20.405,0.69,19.417,14.047,81.5,62.0,SASDKB8_fit1_model1.pdb,
SASDKC8,ok,1322.0,1423.0,24.02,"[1.7, -0.2, -24.0]","[0.0, 0.0, -0.0]",21.049,17.118,0.715,20.702,14.885,54.0,7.5,SASDKC8_fit1_model1.pdb,
SASDKD8,ok,402.0,790.0,47.36,"[12.1, -43.4, -14.4]","[-0.0, 0.0, -0.0]",27.457,28.722,0.978,26.981,23.461,55.0,75.0,SASDKD8_fit1_model1.pdb,
SASDKD8,ok,805.0,790.0,31.76,"[21.4, -18.2, -14.8]","[-0.0, 0.0, -0.0]",18.339,17.387,0.795,17.502,14.384,68.0,46.0,SASDKD8_fit1_model2.pdb,
SASDKE6,ok,641.0,1159.0,51.19,"[18.2, 37.2, 30.1]","[0.0, 0.0, -0.0]",29.374,27.497,0.988,26.322,21.203,92.0,70.5,SASDKE6_fit1_model1.pdb,
SASDKE8,ok,402.0,2575.0,47.36,"[12.1, -43.4, -14.4]","[-0.0, 0.0, 0.0]",21.243,24.302,0.826,22.078,18.9,31.5,88.0,SASDKE8_fit1_model1.pdb,
SASDKE8,ok,824.0,2575.0,85.96,"[17.7, 67.8, 49.7]","[-0.0, 0.0, 0.0]",52.313,45.374,1.0,52.015,42.633,53.0,5.0,SASDKE8_fit1_model2.pdb,
SASDKF3,ok,1921.0,1660.0,1.97,"[-1.8, -0.9, -0.2]","[-0.0, -0.0, 0.0]",1.638,1.775,0.322,1.761,1.28,33.5,51.0,SASDKF3_fit1_model1.pdb,
SASDKF4,ok,1298.0,1340.0,0.01,"[-0.0, -0.0, -0.0]","[-0.0, -0.0, 0.0]",4.164,4.261,0.162,4.358,4.12,1.5,16.0,SASDKF4_fit1_model1.pdb,
SASDKF4,ok,2004.0,1340.0,1.24,"[0.8, 0.8, -0.3]","[-0.0, -0.0, 0.0]",4.322,4.38,0.13,4.412,3.887,21.5,37.0,SASDKF4_fit2_model1.pdb,
SASDKG3,ok,892.0,1735.0,1.9,"[-0.6, 0.6, -1.7]","[-0.0, -0.0, 0.0]",7.404,8.34,0.65,5.558,3.396,86.5,98.5,SASDKG3_fit1_model1.pdb,
SASDKG8,ok,298.0,360.0,5.82,"[-0.0, 0.0, 5.7]","[0.0, 0.0, -0.1]",18.193,19.176,0.705,15.482,6.815,80.0,91.5,SASDKG8_fit1_model1.pdb,
SASDKH3,ok,2408.0,1338.0,0.01,"[0.0, -0.0, 0.0]","[0.0, 0.0, -0.0]",8.203,9.836,0.552,8.494,3.795,43.5,69.0,SASDKH3_fit1_model1.pdb,
SASDKH4,ok,357.0,968.0,32.04,"[-17.6, -20.0, -17.8]","[-0.0, 0.0, 0.0]",16.874,16.755,0.756,16.155,14.14,72.0,68.0,SASDKH4_fit1_model1.pdb,
SASDKH4,ok,714.0,968.0,51.65,"[-34.3, -34.3, -17.8]","[-0.0, 0.0, 0.0]",24.036,23.968,0.878,27.276,21.68,20.0,19.5,SASDKH4_fit2_model1.pdb,
SASDKH4,ok,714.0,968.0,38.66,"[0.0, -34.3, -17.8]","[-0.0, 0.0, 0.0]",22.02,22.045,0.878,20.854,17.969,72.5,72.5,SASDKH4_fit3_model1.pdb,
SASDKH6,coordenadas_vazias,,,,,,,,,,,,,SASDKH6_fit1_model1.pdb,
SASDKJ2,ok,419.0,4651.0,3.62,"[-2.0, -0.7, 3.0]","[-0.0, 0.0, -0.0]",8.358,8.645,0.403,10.535,4.816,19.0,23.0,SASDKJ2_fit1_model1.pdb,
SASDKJ3,ok,1474.0,327.0,0.21,"[0.0, -0.0, 0.0]","[0.2, -0.0, -0.1]",14.782,13.463,0.703,12.622,6.47,85.0,65.5,SASDKJ3_fit1_model1.pdb,
SASDKJ6,coordenadas_vazias,,,,,,,,,,,,,SASDKJ6_fit1_model1.pdb,
SASDKJ9,ok,633.0,400.0,2.67,"[-0.5, 0.2, 2.6]","[-0.0, -0.0, 0.0]",9.392,10.689,0.558,10.912,3.472,28.0,44.5,SASDKJ9_fit1_model1.pdb,
SASDKJ9,ok,284.0,400.0,76.26,"[32.7, 48.4, 49.0]","[-0.0, -0.0, 0.0]",37.169,45.515,1.0,43.869,36.952,1.5,68.5,SASDKJ9_fit2_model1.pdb,
SASDKJ9,ok,284.0,400.0,72.41,"[27.1, 51.5, 43.0]","[-0.0, -0.0, 0.0]",35.144,39.905,1.0,39.77,33.475,9.0,51.0,SASDKJ9_fit2_model2.pdb,
SASDKJ9,ok,284.0,400.0,85.34,"[48.5, 61.2, 34.3]","[-0.0, -0.0, 0.0]",44.18,44.699,1.0,56.225,42.399,5.5,7.0,SASDKJ9_fit2_model3.pdb,
SASDKK2,ok,488.0,4486.0,4.58,"[-3.3, 3.0, -1.0]","[0.0, -0.0, 0.0]",9.819,10.012,0.449,9.974,4.298,45.5,51.5,SASDKK2_fit1_model1.pdb,
SASDKK2,ok,360.0,4486.0,88.63,"[56.1, 50.7, 46.2]","[0.0, -0.0, 0.0]",60.608,58.363,1.0,64.825,44.826,19.5,10.5,SASDKK2_fit2_model1.pdb,
SASDKK2,ok,360.0,4486.0,101.8,"[68.8, 42.1, 62.1]","[0.0, -0.0, 0.0]",73.061,75.134,1.0,75.076,56.66,22.5,51.5,SASDKK2_fit2_model2.pdb,
SASDKK2,ok,360.0,4486.0,86.95,"[53.1, 54.5, 42.2]","[0.0, -0.0, 0.0]",59.896,62.374,1.0,62.733,52.629,22.5,46.5,SASDKK2_fit2_model3.pdb,
SASDKK2,ok,360.0,4486.0,107.83,"[54.4, 65.6, 66.1]","[0.0, -0.0, 0.0]",82.233,82.0,1.0,79.133,57.079,74.5,71.0,SASDKK2_fit2_model4.pdb,
SASDKK4,ok,5772.0,1488.0,109.42,"[-1.3, -4.8, 109.3]","[0.0, 0.0, -0.0]",53.777,51.938,0.742,64.648,50.33,4.5,2.5,SASDKK4_fit1_model1.pdb,
SASDKK6,coordenadas_vazias,,,,,,,,,,,,,SASDKK6_fit1_model1.pdb,
SASDKK9,ok,284.0,2979.0,76.04,"[44.8, 45.9, 40.8]","[0.0, 0.0, -0.0]",48.384,52.897,1.0,55.036,48.792,0.0,26.5,SASDKK9_fit1_model1.pdb,
SASDKK9,ok,284.0,2979.0,85.12,"[33.6, 69.6, 35.7]","[0.0, 0.0, -0.0]",53.303,54.677,1.0,63.733,51.067,10.0,16.5,SASDKK9_fit1_model2.pdb,
SASDKK9,ok,284.0,2979.0,70.98,"[31.5, 41.6, 48.1]","[0.0, 0.0, -0.0]",43.718,47.061,1.0,47.328,43.611,1.0,43.0,SASDKK9_fit1_model3.pdb,
SASDKK9,ok,488.0,2979.0,0.69,"[-0.7, -0.2, 0.1]","[0.0, 0.0, -0.0]",12.215,11.732,0.572,10.303,2.773,87.5,83.5,SASDKK9_fit2_model1.pdb,
SASDKL2,ok,550.0,858.0,59.82,"[12.3, -13.9, 56.9]","[0.0, -0.0, -0.0]",31.068,29.21,0.964,31.741,26.119,42.0,11.0,SASDKL2_fit1_model1.pdb,
SASDKL6,coordenadas_vazias,,,,,,,,,,,,,SASDKL6_fit1_model1.pdb,
SASDKL8,ok,6040.0,330.0,2.25,"[-0.0, -0.0, 2.5]","[-0.1, 0.0, 0.2]",11.774,11.787,0.361,12.575,9.37,26.5,26.5,SASDKL8_fit1_model1.pdb,
SASDKM6,coordenadas_vazias,,,,,,,,,,,,,SASDKM6_fit1_model1.pdb,
SASDKM7,coordenadas_vazias,,,,,,,,,,,,,SASDKM7_fit1_model1.pdb,
SASDKM8,ok,924.0,4535.0,2.58,"[1.6, -0.4, 2.0]","[-0.0, -0.0, 0.0]",7.617,7.919,0.549,8.043,1.874,44.5,49.0,SASDKM8_fit1_model1.pdb,
SASDKM8,ok,198.0,4535.0,138.75,"[93.6, 92.6, 43.7]","[-0.0, -0.0, 0.0]",125.411,123.524,1.0,120.691,109.883,92.5,73.0,SASDKM8_fit2_model1.pdb,
SASDKN6,coordenadas_vazias,,,,,,,,,,,,,SASDKN6_fit1_model1.pdb,
SASDKN7,coordenadas_vazias,,,,,,,,,,,,,SASDKN7_fit1_model1.pdb,
SASDKN8,ok,556.0,540.0,13.78,"[-13.5, 12.5, -6.2]","[-5.4, 5.6, 2.5]",24.488,17.755,0.809,19.256,12.222,93.5,33.0,SASDKN8_fit1_model1.pdb,
SASDKP6,ok,3565.0,1181.0,1.59,"[0.5, -0.6, -1.4]","[-0.0, -0.0, -0.0]",3.164,3.319,0.41,3.473,1.782,36.0,43.0,SASDKP6_fit1_model1.pdb,
SASDKP6,ok,3561.0,1181.0,1.61,"[0.5, -0.2, -1.5]","[-0.0, -0.0, -0.0]",3.061,3.207,0.409,3.466,1.8,32.5,39.0,SASDKP6_fit2_model1.pdb,
SASDKP6,ok,3565.0,1181.0,1.81,"[0.4, 0.5, -1.7]","[-0.0, -0.0, -0.0]",3.24,3.398,0.423,3.515,1.766,38.5,46.0,SASDKP6_fit3_model1.pdb,
SASDKP7,ok,203.0,1319.0,0.28,"[0.0, 0.3, -0.0]","[-0.0, 0.0, -0.0]",6.127,7.27,0.266,9.917,6.5,0.0,1.5,SASDKP7_fit1_model1.pdb,
SASDKP7,ok,558.0,1319.0,3.99,"[2.5, -0.3, -3.1]","[-0.0, 0.0, -0.0]",9.709,8.659,0.457,8.45,5.047,82.0,57.0,SASDKP7_fit1_model2.pdb,
SASDKP7,ok,288.0,1319.0,28.38,"[13.4, 15.2, 19.9]","[-0.0, 0.0, -0.0]",14.169,14.95,0.483,14.335,13.04,40.5,88.0,SASDKP7_fit2_model1.pdb,
SASDKP8,ok,480.0,1137.0,70.73,"[25.5, -66.0, -0.4]","[0.0, -0.0, -0.0]",49.619,52.312,0.996,55.14,43.932,20.5,32.5,SASDKP8_fit1_model1.pdb,
SASDKQ2,ok,4132.0,654.0,0.07,"[0.0, 0.0, -0.0]","[-0.1, 0.0, 0.0]",6.988,7.328,0.395,6.492,4.859,66.5,82.0,SASDKQ2_fit1_model1.pdb,
SASDKQ2,ok,961.0,654.0,0.49,"[-0.0, 0.3, 0.4]","[-0.1, 0.0, 0.0]",6.621,6.708,0.342,6.739,4.627,45.0,48.5,SASDKQ2_fit1_model2.pdb,
SASDKQ2,ok,475.0,654.0,5.29,"[-3.4, 1.3, -3.8]","[-0.1, 0.0, 0.0]",8.898,8.437,0.267,8.814,6.186,52.5,36.5,SASDKQ2_fit2_model1.pdb,
SASDKQ6,ok,2393.0,929.0,2.21,"[-0.7, -1.9, 0.8]","[0.0, 0.0, 0.0]",5.165,5.209,0.502,4.317,2.47,88.5,90.0,SASDKQ6_fit1_model1.pdb,
SASDKQ6,ok,2357.0,929.0,2.49,"[-1.3, -2.1, 0.5]","[0.0, 0.0, 0.0]",4.959,5.466,0.514,4.336,2.536,83.5,96.5,SASDKQ6_fit2_model1.pdb,
SASDKQ6,ok,2382.0,929.0,2.53,"[-0.6, -2.3, 0.9]","[0.0, 0.0, 0.0]",5.02,5.336,0.506,4.343,2.463,83.5,93.0,SASDKQ6_fit3_model1.pdb,
SASDKQ7,ok,470.0,852.0,0.05,"[-0.0, -0.0, 0.1]","[-0.0, -0.0, 0.0]",10.05,12.223,0.391,10.943,6.728,31.0,73.0,SASDKQ7_fit1_model1.pdb,
SASDKQ7,ok,856.0,852.0,2.95,"[1.0, 2.4, -1.4]","[-0.0, -0.0, 0.0]",12.593,7.94,0.506,10.324,5.393,86.0,12.5,SASDKQ7_fit1_model2.pdb,
SASDKQ7,ok,1160.0,852.0,76.11,"[-41.5, 56.3, -29.9]","[-0.0, -0.0, 0.0]",35.334,42.949,0.905,41.249,32.791,10.5,63.0,SASDKQ7_fit2_model1.pdb,
SASDKQ7,ok,1184.0,852.0,9.37,"[-5.8, -0.7, -7.3]","[-0.0, -0.0, 0.0]",10.654,15.101,0.428,11.139,7.17,35.5,98.0,SASDKQ7_fit3_model1.pdb,
SASDKQ8,ok,652.0,3380.0,0.78,"[0.4, 0.0, -0.6]","[-0.0, 0.0, 0.0]",6.493,6.512,0.506,9.357,2.673,21.0,21.0,SASDKQ8_fit1_model1.pdb,
SASDKQ8,ok,198.0,3380.0,138.78,"[93.5, 92.6, 44.1]","[-0.0, 0.0, 0.0]",124.02,119.872,1.0,118.454,107.999,96.5,61.5,SASDKQ8_fit2_model1.pdb,
SASDKQ9,ok,342.0,5000.0,50.24,"[19.7, 2.7, -46.2]","[0.1, 0.0, 0.0]",20.114,26.42,0.751,23.178,16.575,22.5,88.0,SASDKQ9_fit1_model1.pdb,
SASDKR2,ok,3085.0,651.0,0.02,"[0.0, 0.0, 0.0]","[-0.0, -0.0, -0.0]",7.427,7.766,0.407,6.471,4.828,95.0,97.5,SASDKR2_fit1_model1.pdb,
SASDKR2,ok,952.0,651.0,6.52,"[-0.8, 5.7, 3.1]","[-0.0, -0.0, -0.0]",5.976,6.171,0.322,7.203,5.486,2.5,7.0,SASDKR2_fit1_model2.pdb,
SASDKR2,ok,475.0,651.0,6.08,"[2.3, 3.6, 4.3]","[-0.0, -0.0, -0.0]",6.72,8.085,0.32,9.074,6.801,0.0,11.5,SASDKR2_fit2_model1.pdb,
SASDKR3,ok,197.0,3825.0,22.21,"[3.1, -2.0, -21.9]","[-0.0, 0.0, -0.0]",11.129,12.192,0.32,11.024,6.668,51.5,69.5,SASDKR3_fit1_model1.pdb,
SASDKR3,ok,265.0,3825.0,6.53,"[4.3, 2.4, -4.3]","[-0.0, 0.0, -0.0]",10.769,11.033,0.46,10.735,5.662,50.5,55.5,SASDKR3_fit2_model1.pdb,
SASDKR6,ok,2243.0,2299.0,1.56,"[-1.4, -0.6, -0.2]","[-0.0, 0.0, -0.0]",7.107,7.029,0.662,4.779,2.287,96.5,94.0,SASDKR6_fit1_model1.pdb,
SASDKR6,ok,2266.0,2299.0,1.3,"[-0.0, -0.7, 1.1]","[-0.0, 0.0, -0.0]",6.921,6.972,0.663,4.919,2.348,94.0,95.5,SASDKR6_fit2_model1.pdb,
SASDKR6,ok,2278.0,2299.0,0.92,"[0.1, -0.8, 0.5]","[-0.0, 0.0, -0.0]",6.898,6.83,0.652,4.829,2.359,95.5,94.5,SASDKR6_fit3_model1.pdb,
SASDKR8,ok,554.0,1434.0,15.87,"[-1.7, -14.7, 5.6]","[0.0, -0.0, -0.0]",25.872,26.047,0.753,26.142,7.922,47.0,49.5,SASDKR8_fit1_model1.pdb,
SASDKR9,ok,751.0,5000.0,120.69,"[-28.4, 6.8, 117.1]","[0.1, 0.1, -0.0]",69.179,49.413,1.0,67.117,49.207,70.0,0.5,SASDKR9_fit1_model1.pdb,
SASDKS2,ok,483.0,639.0,4.96,"[-3.5, -3.1, -1.7]","[-0.0, 0.0, -0.0]",9.21,9.091,0.203,8.946,6.555,58.0,56.0,SASDKS2_fit1_model1.pdb,
SASDKS2,ok,400.0,639.0,0.69,"[0.6, -0.2, 0.2]","[-0.0, 0.0, -0.0]",6.719,6.28,0.13,7.872,6.195,6.0,1.0,SASDKS2_fit2_model1.pdb,
SASDKS2,ok,1985.0,639.0,0.06,"[-0.0, 0.0, 0.0]","[-0.0, 0.0, -0.0]",6.582,6.687,0.244,8.223,6.037,4.5,7.0,SASDKS2_fit2_model2.pdb,
SASDKS3,ok,1600.0,2107.0,100.36,"[87.8, -33.3, 35.4]","[0.0, -0.0, 0.0]",38.407,52.993,0.777,52.763,36.048,3.5,53.5,SASDKS3_fit1_model1.pdb,
SASDKS6,ok,2444.0,1961.0,1.03,"[0.6, -0.7, 0.5]","[-0.0, 0.0, -0.0]",5.662,5.248,0.622,4.625,2.885,72.5,65.5,SASDKS6_fit1_model1.pdb,
SASDKS6,ok,2458.0,1961.0,0.6,"[-0.0, -0.4, 0.4]","[-0.0, 0.0, -0.0]",5.618,5.161,0.629,4.579,2.843,74.5,63.5,SASDKS6_fit2_model1.pdb,
SASDKS6,ok,2425.0,1961.0,0.59,"[-0.2, -0.5, 0.3]","[-0.0, 0.0, -0.0]",5.764,5.355,0.604,4.622,2.908,74.0,65.0,SASDKS6_fit3_model1.pdb,
SASDKS7,ok,1542.0,1817.0,0.0,"[0.0, -0.0, 0.0]","[0.0, 0.0, -0.0]",3.51,3.363,0.125,3.601,3.304,28.5,3.5,SASDKS7_fit1_model1.pdb,
SASDKS7,ok,1512.0,1817.0,0.0,"[-0.0, -0.0, -0.0]","[0.0, 0.0, -0.0]",3.739,3.742,0.161,3.778,3.452,41.0,42.0,SASDKS7_fit2_model1.pdb,
SASDKS8,ok,6208.0,1174.0,0.01,"[-0.0, 0.0, -0.0]","[0.0, -0.0, -0.0]",5.202,6.045,0.33,6.651,2.784,30.0,41.0,SASDKS8_fit1_model1.pdb,
SASDKS8,ok,691.0,1174.0,101.03,"[-23.4, 97.1, -15.3]","[0.0, -0.0, -0.0]",61.317,61.501,1.0,67.123,60.415,3.0,3.0,SASDKS8_fit2_model1.pdb,
SASDKS9,ok,746.0,2637.0,69.52,"[12.6, -43.4, -52.8]","[-0.0, 0.0, -0.0]",32.603,35.012,0.828,33.484,26.78,36.5,72.5,SASDKS9_fit1_model1.pdb,
SASDKS9,ok,746.0,2637.0,92.76,"[69.3, -0.9, 61.7]","[-0.0, 0.0, -0.0]",61.469,52.142,1.0,58.088,46.561,84.5,8.0,SASDKS9_fit2_model1.pdb,
SASDKT3,ok,1600.0,2075.0,100.45,"[88.2, -32.7, 35.3]","[0.0, 0.0, -0.0]",44.386,58.108,0.822,58.452,41.286,3.5,46.0,SASDKT3_fit1_model1.pdb,
SASDKT4,ok,4746.0,593.0,25.16,"[2.5, 5.5, 24.5]","[-0.1, 0.0, 0.0]",21.342,20.534,0.397,18.697,12.823,90.0,84.5,SASDKT4_fit2_model1.pdb,
SASDKT6,ok,530.0,996.0,9.71,"[3.1, -9.2, -0.5]","[0.0, 0.0, 0.0]",6.559,7.866,0.317,9.975,5.411,4.5,16.5,SASDKT6_fit1_model1.pdb,
SASDKT6,ok,514.0,996.0,52.22,"[-26.4, -44.9, 2.8]","[0.0, 0.0, 0.0]",26.877,27.504,0.893,24.37,14.273,78.0,85.5,SASDKT6_fit2_model1.pdb,
SASDKT7,ok,1542.0,1839.0,0.01,"[0.0, 0.0, -0.0]","[-0.0, 0.0, 0.0]",3.764,3.655,0.154,3.702,3.327,61.5,38.5,SASDKT7_fit1_model1.pdb,
SASDKT7,ok,1512.0,1839.0,0.01,"[-0.0, -0.0, -0.0]","[-0.0, 0.0, 0.0]",3.9,3.733,0.171,3.821,3.443,64.0,29.0,SASDKT7_fit2_model1.pdb,
SASDKT9,ok,665.0,1548.0,25.22,"[-18.1, -17.4, 2.4]","[0.0, -0.0, -0.0]",10.426,10.273,0.547,9.616,8.891,74.5,73.0,SASDKT9_fit1_model1.pdb,
SASDKU3,ok,2000.0,685.0,13.84,"[9.4, 3.5, 9.6]","[0.0, 0.0, 0.0]",10.635,10.322,0.681,9.048,6.774,94.5,88.0,SASDKU3_fit1_model1.pdb,
SASDKU4,ok,4738.0,672.0,58.31,"[-7.0, 51.2, -26.9]","[0.0, -0.0, 0.1]",41.287,38.356,0.594,39.119,27.614,68.0,45.5,SASDKU4_fit2_model1.pdb,
SASDKU6,ok,671.0,702.0,11.75,"[-0.3, -1.6, 11.7]","[-0.8, -0.3, 0.1]",16.399,17.172,0.787,14.885,8.722,69.0,79.0,SASDKU6_fit1_model1.pdb,
SASDKU6,ok,647.0,702.0,47.18,"[-29.3, -37.8, -2.3]","[-0.8, -0.3, 0.1]",29.199,26.391,0.98,25.06,18.299,91.5,63.0,SASDKU6_fit2_model1.pdb,
SASDKU7,ok,1542.0,1845.0,0.0,"[0.0, -0.0, 0.0]","[0.0, -0.0, 0.0]",3.507,3.824,0.13,3.55,3.286,29.5,100.0,SASDKU7_fit1_model1.pdb,
SASDKU7,ok,1512.0,1845.0,0.0,"[-0.0, -0.0, -0.0]","[0.0, -0.0, 0.0]",3.995,3.702,0.172,3.76,3.417,91.5,30.0,SASDKU7_fit2_model1.pdb,
SASDKU9,ok,220.0,1286.0,6.27,"[5.1, 1.9, -3.1]","[-0.0, -0.0, -0.0]",8.39,7.822,0.532,9.959,6.634,16.5,8.5,SASDKU9_fit1_model1.pdb,
SASDKU9,ok,399.0,1286.0,0.05,"[0.0, 0.0, 0.0]","[-0.0, -0.0, -0.0]",12.356,12.898,0.742,8.357,5.674,97.0,99.5,SASDKU9_fit2_model1.pdb,
SASDKV3,ok,1507.0,807.0,14.65,"[-2.0, -14.5, -0.6]","[-0.0, 0.0, -0.1]",10.164,10.569,0.616,7.904,5.403,93.5,97.5,SASDKV3_fit1_model1.pdb,
SASDKV6,ok,441.0,890.0,16.58,"[4.1, -1.1, 16.1]","[-0.0, -0.0, 0.0]",9.79,9.726,0.778,9.187,7.37,76.0,74.5,SASDKV6_fit1_model1.pdb,
SASDKV6,ok,443.0,890.0,86.18,"[83.2, 21.2, -6.7]","[-0.0, -0.0, 0.0]",57.839,57.86,1.0,61.869,52.892,14.0,14.0,SASDKV6_fit2_model1.pdb,
SASDKV7,ok,335.0,935.0,31.94,"[25.7, -0.3, 19.0]","[0.0, -0.0, 0.0]",14.887,17.56,0.749,16.466,13.635,18.5,83.5,SASDKV7_fit1_model1.pdb,
SASDKV9,ok,416.0,980.0,9.57,"[-0.5, 6.3, 7.2]","[0.0, 0.0, 0.0]",16.481,19.118,0.546,18.196,10.266,39.0,58.5,SASDKV9_fit1_model1.pdb,
SASDKV9,ok,691.0,980.0,8.08,"[4.0, 2.2, 6.7]","[0.0, 0.0, 0.0]",26.218,29.619,0.677,20.851,10.439,94.5,99.5,SASDKV9_fit2_model1.pdb,
SASDKW3,ok,843.0,793.0,42.67,"[-26.3, 7.0, 32.9]","[-0.0, -0.0, 0.0]",27.751,26.038,1.0,27.043,23.072,67.5,28.0,SASDKW3_fit1_model1.pdb,
SASDKW6,ok,971.0,1802.0,6.31,"[-5.6, -2.4, 1.7]","[-0.0, 0.0, -0.0]",14.808,15.044,0.632,10.956,6.474,90.5,92.5,SASDKW6_fit1_model1.pdb,
SASDKW7,ok,148.0,4662.0,50.79,"[8.8, 38.8, 31.5]","[-0.0, 0.0, -0.0]",33.08,36.687,1.0,33.908,26.137,40.5,96.0,SASDKW7_fit1_model1.pdb,
SASDKW8,ok,536.0,299.0,44.61,"[6.3, -44.2, -0.0]","[-0.0, -0.0, 0.0]",29.363,28.643,0.675,31.14,25.016,30.5,19.0,SASDKW8_fit1_model1.pdb,
SASDKW8,ok,536.0,299.0,33.14,"[-3.7, 32.9, -0.1]","[-0.0, -0.0, 0.0]",23.601,23.342,0.677,24.556,19.876,35.0,31.5,SASDKW8_fit1_model2.pdb,
SASDKW8,ok,536.0,299.0,73.09,"[72.0, 6.1, -11.0]","[-0.0, -0.0, 0.0]",25.139,30.18,0.646,47.278,24.557,0.5,10.0,SASDKW8_fit1_model3.pdb,
SASDKW8,ok,536.0,299.0,31.17,"[4.6, 30.2, -6.1]","[-0.0, -0.0, 0.0]",19.752,21.31,0.591,22.784,16.361,14.0,31.0,SASDKW8_fit1_model4.pdb,
SASDKW8,ok,536.0,299.0,45.62,"[24.4, 27.4, 27.1]","[-0.0, -0.0, 0.0]",27.748,33.658,0.646,32.825,25.114,11.0,53.0,SASDKW8_fit1_model5.pdb,
SASDKW9,ok,508.0,959.0,2.97,"[-1.2, -2.2, -1.5]","[0.0, -0.0, 0.0]",14.636,14.738,0.394,16.245,8.161,35.0,36.0,SASDKW9_fit1_model1.pdb,
SASDKW9,ok,684.0,959.0,21.16,"[19.0, -1.8, 9.2]","[0.0, -0.0, 0.0]",20.411,25.094,0.661,19.942,9.572,57.0,95.0,SASDKW9_fit2_model1.pdb,
SASDKX6,ok,1322.0,1127.0,1.4,"[0.2, -1.4, -0.0]","[0.0, 0.0, -0.0]",3.045,2.638,0.254,3.411,2.144,23.5,7.5,SASDKX6_fit1_model1.pdb,
SASDKX7,ok,483.0,979.0,2.14,"[0.5, 0.6, -2.0]","[-0.0, 0.0, -0.0]",7.456,8.027,0.29,7.11,3.996,64.0,76.5,SASDKX7_fit1_model1.pdb,
SASDKX9,ok,716.0,826.0,21.3,"[10.8, -7.4, 16.8]","[-0.0, 0.0, 0.0]",26.102,28.784,0.739,20.349,11.53,85.5,98.0,SASDKX9_fit1_model1.pdb,
SASDKX9,ok,616.0,826.0,30.49,"[2.6, -11.5, 28.1]","[-0.0, 0.0, 0.0]",30.215,31.278,0.727,27.562,19.497,79.0,83.5,SASDKX9_fit2_model1.pdb,
SASDKY3,ok,3252.0,989.0,102.16,"[38.4, 28.9, 90.2]","[0.0, 0.0, -0.0]",74.919,84.203,1.0,81.362,67.985,18.0,72.0,SASDKY3_fit1_model1.pdb,
SASDKY4,ok,2042.0,1274.0,52.33,"[27.7, 34.0, 28.6]","[0.0, 0.0, 0.0]",18.888,19.752,0.776,19.684,18.773,2.0,60.5,SASDKY4_fit1_model1.pdb,
SASDKY4,ok,2004.0,1274.0,53.11,"[27.6, 35.0, 29.0]","[0.0, 0.0, 0.0]",20.347,20.768,0.784,20.992,19.357,11.0,33.0,SASDKY4_fit2_model1.pdb,
SASDKY7,ok,2652.0,1156.0,131.76,"[62.6, 0.0, 116.0]","[0.0, 0.0, -0.0]",83.228,83.07,1.0,83.562,76.532,45.5,44.0,SASDKY7_fit1_model1.pdb,
SASDKY7,ok,1006.0,1156.0,3.37,"[2.9, 0.5, -1.7]","[0.0, 0.0, -0.0]",7.415,6.991,0.231,8.113,6.128,19.5,5.5,SASDKY7_fit2_model1.pdb,
SASDKY9,ok,2248.0,1246.0,0.01,"[0.0, -0.0, 0.0]","[-0.0, -0.0, 0.0]",6.842,6.226,0.274,6.935,4.97,41.0,12.5,SASDKY9_fit1_model1.pdb,
SASDKZ6,ok,678.0,295.0,6.12,"[-0.0, -0.0, -6.1]","[0.0, 0.0, 0.0]",12.423,11.989,0.019,13.044,11.525,14.0,2.5,SASDKZ6_fit1_model1.pdb,
SASDKZ7,ok,2652.0,1060.0,131.75,"[62.6, 0.0, 116.0]","[0.0, -0.0, 0.0]",81.805,81.739,1.0,82.372,74.734,45.5,44.5,SASDKZ7_fit1_model1.pdb,
SASDKZ7,ok,1043.0,1060.0,6.57,"[-5.6, 0.8, 3.3]","[0.0, -0.0, 0.0]",8.496,7.642,0.267,8.92,6.13,37.5,19.0,SASDKZ7_fit2_model1.pdb,
SASDKZ9,ok,1157.0,2276.0,61.4,"[-50.3, 21.7, 27.6]","[-0.0, -0.0, -0.0]",26.377,33.633,0.691,27.824,20.431,32.5,99.0,SASDKZ9_fit1_model1.pdb,
SASDL22,ok,1057.0,1221.0,65.07,"[-45.4, 28.0, 37.3]","[-0.0, 0.0, 0.0]",27.163,33.8,0.872,34.583,26.045,0.5,35.5,SASDL22_fit1_model1.pdb,
SASDL22,ok,1057.0,1221.0,68.82,"[-47.2, 30.8, 39.6]","[-0.0, 0.0, 0.0]",33.794,39.183,0.886,37.593,29.087,9.5,73.0,SASDL22_fit2_model1.pdb,
SASDL22,ok,1057.0,1221.0,72.82,"[-51.9, 30.6, 41.0]","[-0.0, 0.0, 0.0]",34.864,45.699,0.887,40.252,34.287,2.0,94.0,SASDL22_fit2_model2.pdb,
SASDL22,ok,1057.0,1221.0,75.97,"[-56.5, 30.9, 40.4]","[-0.0, 0.0, 0.0]",37.621,49.521,0.914,42.394,35.208,8.5,97.5,SASDL22_fit2_model3.pdb,
SASDL22,ok,1057.0,1221.0,74.1,"[-52.3, 26.1, 45.6]","[-0.0, 0.0, 0.0]",37.459,50.837,0.902,44.849,37.131,0.5,93.5,SASDL22_fit2_model4.pdb,
SASDL23,ok,1312.0,1383.0,27.56,"[-5.6, 19.0, -19.2]","[-0.0, -0.0, 0.0]",41.461,43.176,0.722,39.917,15.445,56.0,68.5,SASDL23_fit1_model1.pdb,
SASDL26,ok,238.0,1649.0,89.02,"[77.7, 19.3, -39.0]","[0.0, 0.0, 0.0]",63.143,70.219,1.0,64.856,58.435,29.5,94.0,SASDL26_fit1_model1.pdb,
SASDL26,ok,238.0,1649.0,88.94,"[77.6, 19.4, -39.0]","[0.0, 0.0, 0.0]",61.637,68.951,1.0,65.127,55.476,24.0,85.0,SASDL26_fit1_model2.pdb,
SASDL26,ok,238.0,1649.0,88.96,"[77.6, 19.4, -39.0]","[0.0, 0.0, 0.0]",61.586,69.019,1.0,64.849,56.097,20.5,88.5,SASDL26_fit1_model3.pdb,
SASDL26,ok,554.0,1649.0,2.54,"[-0.4, -1.8, 1.7]","[0.0, 0.0, 0.0]",8.089,7.441,0.543,7.768,3.82,56.0,42.5,SASDL26_fit2_model1.pdb,
SASDL27,ok,178.0,1346.0,52.38,"[18.6, 15.7, 46.3]","[-0.0, -0.0, -0.0]",39.377,38.305,1.0,39.454,29.235,49.0,36.5,SASDL27_fit1_model1.pdb,
SASDL29,ok,1220.0,845.0,2.23,"[0.0, 2.2, 0.0]","[0.0, 0.0, 0.0]",6.8,6.226,0.286,6.418,5.581,84.5,34.0,SASDL29_fit1_model1.pdb,
SASDL29,ok,1220.0,845.0,2.23,"[0.0, 2.2, 0.0]","[0.0, 0.0, 0.0]",7.83,7.727,0.365,7.272,6.612,92.0,86.5,SASDL29_fit2_model1.pdb,
SASDL29,ok,1200.0,845.0,9.95,"[-7.8, -5.3, 3.3]","[0.0, 0.0, 0.0]",8.873,7.674,0.446,8.704,5.965,64.0,12.0,SASDL29_fit3_model1.pdb,
SASDL32,ok,1249.0,2642.0,69.57,"[-44.4, 24.3, 47.7]","[-0.0, 0.0, -0.0]",35.703,30.658,0.88,37.125,30.581,30.5,0.5,SASDL32_fit1_model1.pdb,
SASDL32,ok,1249.0,2642.0,73.5,"[-45.5, 35.4, 45.6]","[-0.0, 0.0, -0.0]",35.678,41.044,0.878,39.355,31.574,14.5,68.5,SASDL32_fit2_model1.pdb,
SASDL32,ok,1249.0,2642.0,73.37,"[-54.1, 34.0, 36.1]","[-0.0, 0.0, -0.0]",33.795,43.954,0.873,37.966,28.298,16.5,94.5,SASDL32_fit2_model2.pdb,
SASDL32,ok,1249.0,2642.0,68.92,"[-50.6, 30.8, 35.2]","[-0.0, 0.0, -0.0]",28.245,43.914,0.754,35.337,27.566,1.0,100.0,SASDL32_fit2_model3.pdb,
SASDL32,ok,1249.0,2642.0,47.55,"[-33.3, 24.3, 23.7]","[-0.0, 0.0, -0.0]",31.61,34.393,0.862,28.609,19.928,73.0,87.0,SASDL32_fit2_model4.pdb,
SASDL36,ok,242.0,1327.0,124.78,"[97.6, 31.1, 71.2]","[-0.0, -0.0, 0.0]",102.834,93.149,1.0,99.001,90.822,81.0,8.5,SASDL36_fit1_model1.pdb,
SASDL36,ok,557.0,1327.0,3.67,"[3.1, 1.4, 1.3]","[-0.0, -0.0, 0.0]",7.725,9.161,0.442,8.892,5.28,32.0,54.0,SASDL36_fit2_model1.pdb,
SASDL36,ok,238.0,1327.0,25.55,"[12.6, 22.2, -0.8]","[-0.0, -0.0, 0.0]",18.309,19.218,0.866,13.768,8.702,98.5,99.5,SASDL36_fit3_model1.pdb,
SASDL37,ok,178.0,1482.0,39.96,"[6.2, -15.1, 36.5]","[0.0, 0.0, -0.0]",24.278,28.591,0.972,27.479,22.768,3.5,71.5,SASDL37_fit1_model1.pdb,
SASDL42,ok,554.0,2049.0,3.76,"[-1.0, 3.3, -1.5]","[0.0, 0.0, 0.0]",7.751,7.723,0.31,9.13,5.415,23.0,22.5,SASDL42_fit1_model1.pdb,
SASDL42,ok,653.0,2049.0,39.55,"[28.1, 27.7, -2.6]","[0.0, 0.0, 0.0]",17.039,16.435,0.643,15.718,10.471,68.5,60.0,SASDL42_fit2_model1.pdb,
SASDL42,ok,653.0,2049.0,30.62,"[6.4, 12.0, -27.4]","[0.0, 0.0, 0.0]",15.753,17.155,0.675,16.854,14.368,21.5,59.0,SASDL42_fit2_model2.pdb,
SASDL42,ok,653.0,2049.0,22.51,"[-16.3, 13.8, 7.1]","[0.0, 0.0, 0.0]",11.153,12.704,0.516,11.602,7.816,41.0,74.0,SASDL42_fit2_model3.pdb,
SASDL42,ok,653.0,2049.0,43.67,"[-42.1, -11.7, -0.2]","[0.0, 0.0, 0.0]",17.847,17.537,0.714,20.042,15.317,10.0,6.5,SASDL42_fit2_model4.pdb,
SASDL42,ok,653.0,2049.0,16.57,"[-10.0, -1.0, -13.1]","[0.0, 0.0, 0.0]",13.951,14.032,0.499,14.034,10.016,47.5,50.0,SASDL42_fit2_model5.pdb,
SASDL46,ok,968.0,1115.0,22.2,"[17.5, 12.2, 6.3]","[0.0, -0.0, 0.0]",18.643,18.776,0.67,18.309,13.005,53.5,54.5,SASDL46_fit1_model1.pdb,
SASDL46,ok,968.0,1115.0,23.96,"[22.4, 7.0, -5.0]","[0.0, -0.0, 0.0]",17.202,17.535,0.54,17.859,11.584,43.0,47.0,SASDL46_fit1_model2.pdb,
SASDL46,ok,968.0,1115.0,11.16,"[1.3, -7.1, 8.5]","[0.0, -0.0, 0.0]",13.015,16.146,0.57,15.495,10.233,21.5,58.5,SASDL46_fit1_model3.pdb,
SASDL52,ok,528.0,2030.0,4.02,"[2.9, 2.7, -0.5]","[0.0, 0.0, 0.0]",7.445,7.247,0.371,9.276,4.969,16.0,13.5,SASDL52_fit1_model1.pdb,
SASDL62,ok,888.0,1891.0,0.49,"[-0.1, -0.3, 0.3]","[0.0, -0.0, -0.0]",3.997,3.714,0.275,6.242,3.004,8.0,3.5,SASDL62_fit1_model1.pdb,
SASDL72,ok,1112.0,2045.0,1.86,"[-0.7, 0.0, 1.7]","[-0.0, 0.0, 0.0]",7.355,6.999,0.548,5.562,3.274,88.5,83.0,SASDL72_fit1_model1.pdb,
SASDL73,ok,618.0,962.0,1.18,"[-0.0, -0.0, -1.2]","[0.0, 0.0, -0.0]",8.478,8.301,0.432,6.938,4.312,98.0,94.5,SASDL73_fit1_model1.pdb,
SASDL73,ok,618.0,962.0,0.02,"[-0.0, 0.0, 0.0]","[0.0, 0.0, -0.0]",8.697,8.386,0.458,7.193,4.74,97.0,91.0,SASDL73_fit1_model2.pdb,
SASDL73,ok,88.0,962.0,2.42,"[2.2, 0.8, -0.8]","[0.0, 0.0, -0.0]",9.457,8.822,0.034,8.841,7.583,99.5,49.5,SASDL73_fit1_model3.pdb,
SASDL82,ok,1080.0,712.0,88.62,"[83.5, 23.7, -17.8]","[0.0, -0.0, 0.0]",47.913,46.112,0.98,53.17,41.845,24.0,15.0,SASDL82_fit1_model1.pdb,
SASDL82,ok,1080.0,712.0,90.23,"[85.3, 23.1, -18.2]","[0.0, -0.0, 0.0]",50.435,48.292,0.989,54.582,43.15,30.0,18.5,SASDL82_fit2_model1.pdb,
SASDL83,ok,618.0,453.0,1.21,"[-0.0, -0.0, -1.2]","[0.0, 0.0, 0.0]",6.625,6.854,0.272,7.814,5.155,16.5,23.0,SASDL83_fit1_model1.pdb,
SASDL83,ok,88.0,453.0,2.4,"[2.2, 0.8, -0.8]","[0.0, 0.0, 0.0]",8.579,8.604,0.0,9.625,8.516,1.0,2.0,SASDL83_fit1_model2.pdb,
SASDL83,ok,618.0,453.0,0.04,"[-0.0, 0.0, 0.0]","[0.0, 0.0, 0.0]",6.104,6.826,0.288,8.015,5.598,4.0,13.0,SASDL83_fit1_model3.pdb,
SASDL87,ok,440.0,5000.0,0.44,"[0.1, -0.1, 0.2]","[-0.1, 0.1, 0.5]",8.652,8.801,0.314,8.392,5.109,55.0,62.0,SASDL87_fit1_model1.pdb,
SASDL92,ok,1080.0,828.0,88.66,"[83.5, 23.7, -17.8]","[-0.0, -0.0, 0.0]",58.608,55.793,1.0,62.352,51.346,29.5,14.5,SASDL92_fit1_model1.pdb,
SASDL92,ok,540.0,828.0,112.37,"[98.8, 50.1, -18.7]","[-0.0, -0.0, 0.0]",88.594,88.644,1.0,89.755,85.733,23.0,25.0,SASDL92_fit1_model2.pdb,
SASDL93,ok,695.0,863.0,78.56,"[-77.1, 14.7, -4.1]","[-0.0, -0.0, -0.0]",48.245,48.397,1.0,50.86,37.002,30.5,32.0,SASDL93_fit1_model1.pdb,
SASDL93,ok,618.0,863.0,1.18,"[-0.0, -0.0, -1.2]","[-0.0, -0.0, -0.0]",6.012,5.959,0.261,7.384,4.912,13.5,13.0,SASDL93_fit1_model2.pdb,
SASDL93,ok,618.0,863.0,0.02,"[-0.0, 0.0, 0.0]","[-0.0, -0.0, -0.0]",7.14,6.881,0.314,7.626,5.389,30.0,24.0,SASDL93_fit1_model3.pdb,
SASDL93,ok,88.0,863.0,2.44,"[2.2, 0.8, -0.8]","[-0.0, -0.0, -0.0]",8.689,8.26,0.0,9.497,8.027,11.5,2.5,SASDL93_fit1_model4.pdb,
SASDL97,ok,454.0,1244.0,5.81,"[-1.7, 2.3, 5.0]","[0.0, -0.0, -0.0]",18.975,21.819,0.601,15.925,8.468,80.0,98.0,SASDL97_fit1_model1.pdb,
SASDLA3,ok,698.0,840.0,73.97,"[-73.1, 10.3, -3.7]","[0.0, -0.0, -0.0]",45.111,45.233,1.0,44.335,33.752,54.5,57.0,SASDLA3_fit1_model1.pdb,
SASDLA3,ok,618.0,840.0,0.05,"[-0.0, 0.0, 0.0]","[0.0, -0.0, -0.0]",7.967,8.263,0.375,7.725,5.153,58.0,68.5,SASDLA3_fit1_model2.pdb,
SASDLA3,ok,618.0,840.0,1.17,"[-0.0, -0.0, -1.2]","[0.0, -0.0, -0.0]",7.978,8.199,0.359,7.513,4.751,64.0,69.5,SASDLA3_fit1_model3.pdb,
SASDLA3,ok,88.0,840.0,2.43,"[2.2, 0.8, -0.8]","[0.0, -0.0, -0.0]",10.247,10.214,0.08,9.713,8.129,85.5,83.5,SASDLA3_fit1_model4.pdb,
SASDLA5,ok,2752.0,1544.0,0.36,"[0.0, 0.3, 0.1]","[0.0, 0.0, -0.0]",1.582,1.578,0.283,1.532,1.402,86.5,84.5,SASDLA5_fit1_model1.pdb,
SASDLA5,ok,145.0,1544.0,32.72,"[21.5, 0.6, 24.7]","[0.0, 0.0, -0.0]",19.205,17.471,1.0,18.48,16.74,73.0,16.5,SASDLA5_fit2_model1.pdb,
SASDLA7,ok,479.0,1350.0,2.68,"[-1.0, 0.8, -2.3]","[0.0, -0.0, -0.0]",17.562,17.806,0.493,15.837,10.056,68.5,70.0,SASDLA7_fit1_model1.pdb,
SASDLB3,ok,698.0,941.0,73.94,"[-73.1, 10.3, -3.7]","[-0.0, 0.0, -0.0]",45.208,45.989,1.0,45.95,35.153,38.5,50.5,SASDLB3_fit1_model1.pdb,
SASDLB3,ok,618.0,941.0,1.17,"[-0.0, -0.0, -1.2]","[-0.0, 0.0, -0.0]",7.155,6.827,0.324,7.43,4.455,44.0,32.5,SASDLB3_fit1_model2.pdb,
SASDLB3,ok,618.0,941.0,0.03,"[-0.0, 0.0, 0.0]","[-0.0, 0.0, -0.0]",8.378,7.85,0.388,7.524,4.864,78.5,62.5,SASDLB3_fit1_model3.pdb,
SASDLB3,ok,88.0,941.0,2.44,"[2.2, 0.8, -0.8]","[-0.0, 0.0, -0.0]",9.489,9.12,0.011,9.659,8.367,38.0,19.0,SASDLB3_fit1_model4.pdb,
SASDLB5,ok,3510.0,1598.0,0.4,"[0.1, -0.1, 0.4]","[-0.0, -0.0, -0.0]",1.389,1.38,0.234,1.392,1.296,47.5,38.5,SASDLB5_fit1_model1.pdb,
SASDLB7,ok,424.0,234.0,7.59,"[0.9, -3.5, -6.8]","[-0.3, 0.2, -0.3]",22.251,24.348,0.679,19.35,7.807,80.0,100.0,SASDLB7_fit1_model1.pdb,
SASDLC3,ok,695.0,913.0,78.57,"[-77.1, 14.7, -4.1]","[0.0, -0.0, 0.0]",33.333,33.393,0.94,36.041,21.951,30.0,30.0,SASDLC3_fit1_model1.pdb,
SASDLC3,ok,698.0,913.0,73.96,"[-73.1, 10.3, -3.7]","[0.0, -0.0, 0.0]",32.108,31.783,0.963,31.372,19.475,54.5,52.0,SASDLC3_fit1_model2.pdb,
SASDLC3,ok,618.0,913.0,0.02,"[-0.0, 0.0, 0.0]","[0.0, -0.0, 0.0]",5.561,5.285,0.298,7.774,5.675,0.0,0.0,SASDLC3_fit1_model3.pdb,
SASDLC3,ok,88.0,913.0,2.43,"[2.2, 0.8, -0.8]","[0.0, -0.0, 0.0]",9.422,9.45,0.0,9.843,8.447,25.0,26.0,SASDLC3_fit1_model4.pdb,
SASDLC5,ok,3452.0,1488.0,0.71,"[0.6, -0.4, -0.0]","[0.0, -0.0, 0.0]",1.458,1.395,0.254,1.401,1.34,97.0,41.0,SASDLC5_fit1_model1.pdb,
SASDLC7,ok,1280.0,1570.0,0.64,"[0.4, -0.5, 0.0]","[0.0, -0.0, -0.0]",4.596,4.818,0.185,4.542,3.848,56.5,79.0,SASDLC7_fit1_model1.pdb,
SASDLC9,ok,911.0,1503.0,134.94,"[49.3, 79.3, 97.4]","[-0.0, 0.0, 0.0]",107.004,101.811,1.0,103.402,96.035,90.0,34.5,SASDLC9_fit1_model1.pdb,
SASDLD2,ok,778.0,1460.0,59.19,"[-8.5, 40.3, 42.5]","[-0.0, -0.0, -0.0]",41.436,40.533,0.995,38.29,27.57,74.5,71.0,SASDLD2_fit1_model1.pdb,
SASDLD2,ok,778.0,1460.0,60.64,"[-13.4, 43.1, 40.5]","[-0.0, -0.0, -0.0]",30.088,35.747,0.951,37.905,28.782,3.0,37.0,SASDLD2_fit1_model2.pdb,
SASDLD3,ok,695.0,871.0,78.58,"[-77.1, 14.7, -4.1]","[0.0, -0.0, -0.0]",52.621,52.303,1.0,55.046,41.909,34.0,32.5,SASDLD3_fit1_model1.pdb,
SASDLD3,ok,698.0,871.0,73.97,"[-73.1, 10.3, -3.7]","[0.0, -0.0, -0.0]",48.344,49.316,0.996,49.31,38.144,42.0,50.5,SASDLD3_fit1_model2.pdb,
SASDLD3,ok,618.0,871.0,0.03,"[-0.0, 0.0, 0.0]","[0.0, -0.0, -0.0]",7.652,8.116,0.39,7.58,4.776,55.0,71.5,SASDLD3_fit1_model3.pdb,
SASDLD3,ok,88.0,871.0,2.42,"[2.2, 0.8, -0.8]","[0.0, -0.0, -0.0]",9.254,8.546,0.0,9.769,8.475,16.5,1.5,SASDLD3_fit1_model4.pdb,
SASDLD5,ok,3562.0,1580.0,0.6,"[0.2, -0.2, -0.5]","[-0.0, 0.0, 0.0]",1.395,1.377,0.243,1.374,1.28,66.0,51.0,SASDLD5_fit1_model1.pdb,
SASDLD7,ok,1274.0,1436.0,1.01,"[-0.5, -0.7, 0.5]","[0.0, -0.0, -0.0]",4.677,4.756,0.13,4.65,3.885,54.0,64.5,SASDLD7_fit1_model1.pdb,
SASDLD9,ok,1962.0,1598.0,118.08,"[48.0, 77.1, 75.5]","[-0.0, 0.0, 0.0]",70.742,70.513,1.0,73.525,68.946,17.5,16.0,SASDLD9_fit1_model1.pdb,
SASDLE2,ok,778.0,4476.0,58.73,"[-15.2, 39.6, 40.7]","[0.0, 0.0, -0.0]",26.008,31.585,0.73,30.406,22.507,15.5,58.5,SASDLE2_fit1_model1.pdb,
SASDLE2,ok,778.0,4476.0,59.19,"[-8.5, 40.3, 42.5]","[0.0, 0.0, -0.0]",31.79,34.139,0.954,33.123,21.767,40.0,62.0,SASDLE2_fit2_model1.pdb,
SASDLE2,ok,778.0,4476.0,60.64,"[-13.4, 43.1, 40.5]","[0.0, 0.0, -0.0]",26.518,32.595,0.742,32.279,23.875,12.0,52.5,SASDLE2_fit2_model2.pdb,
SASDLE3,ok,698.0,798.0,73.18,"[-72.6, 8.0, -4.3]","[0.0, -0.0, -0.0]",46.244,45.315,1.0,46.329,34.662,49.5,41.0,SASDLE3_fit1_model1.pdb,
SASDLE3,ok,698.0,798.0,73.98,"[-73.1, 10.3, -3.7]","[0.0, -0.0, -0.0]",45.063,44.426,1.0,45.419,35.691,47.0,38.5,SASDLE3_fit1_model2.pdb,
SASDLE3,ok,618.0,798.0,0.04,"[-0.0, 0.0, 0.0]","[0.0, -0.0, -0.0]",8.264,8.707,0.316,8.111,5.081,52.5,65.5,SASDLE3_fit1_model3.pdb,
SASDLE3,ok,88.0,798.0,2.41,"[2.2, 0.8, -0.8]","[0.0, -0.0, -0.0]",10.355,10.669,0.023,10.275,8.911,53.5,81.5,SASDLE3_fit1_model4.pdb,
SASDLE5,coordenadas_vazias,,,,,,,,,,,,,SASDLE5_fit1_model1.pdb,
SASDLE7,ok,1192.0,1350.0,0.26,"[0.1, -0.2, 0.1]","[0.0, -0.0, -0.0]",4.711,4.559,0.151,4.75,3.993,45.5,25.5,SASDLE7_fit1_model1.pdb,
SASDLE9,ok,687.0,1586.0,16.5,"[0.0, 0.0, 16.5]","[0.0, -0.0, -0.0]",10.117,11.426,0.668,13.751,10.527,0.0,6.0,SASDLE9_fit1_model1.pdb,
SASDLE9,ok,687.0,1586.0,10.55,"[-0.0, 0.0, 10.5]","[0.0, -0.0, -0.0]",7.88,9.403,0.453,11.415,7.675,0.5,12.0,SASDLE9_fit2_model1.pdb,
SASDLE9,ok,687.0,1586.0,10.62,"[-0.0, 0.0, 10.6]","[0.0, -0.0, -0.0]",9.16,9.887,0.448,11.05,7.861,3.0,13.0,SASDLE9_fit2_model2.pdb,
SASDLE9,ok,687.0,1586.0,23.08,"[0.0, 0.0, 23.1]","[0.0, -0.0, -0.0]",16.056,16.238,0.92,17.867,14.149,13.5,18.5,SASDLE9_fit2_model3.pdb,
SASDLE9,ok,687.0,1586.0,31.96,"[-0.0, 0.0, 32.0]","[0.0, -0.0, -0.0]",21.646,21.474,0.997,22.211,18.86,30.5,27.5,SASDLE9_fit2_model4.pdb,
SASDLF2,ok,892.0,1528.0,59.84,"[-8.9, 41.0, 42.6]","[-0.0, 0.0, -0.0]",35.772,39.348,0.991,38.194,27.232,36.5,62.0,SASDLF2_fit1_model1.pdb,
SASDLF2,ok,892.0,1528.0,61.98,"[-10.9, 43.3, 43.0]","[-0.0, 0.0, -0.0]",35.991,38.556,0.989,37.121,29.535,36.0,76.0,SASDLF2_fit1_model2.pdb,
SASDLF3,ok,279.0,101.0,3.47,"[-4.1, -0.2, 4.3]","[-1.8, 2.3, 5.2]",26.216,22.461,0.692,22.335,10.99,92.5,52.0,SASDLF3_fit1_model1.pdb,
SASDLF5,coordenadas_vazias,,,,,,,,,,,,,SASDLF5_fit1_model1.pdb,
SASDLF9,ok,133.0,198.0,48.95,"[40.6, -27.2, 3.3]","[0.1, -0.0, -0.0]",21.956,25.447,0.677,33.609,20.832,2.0,8.5,SASDLF9_fit1_model1.pdb,
SASDLF9,ok,133.0,198.0,93.45,"[-9.3, 88.7, -27.7]","[0.1, -0.0, -0.0]",56.299,77.409,1.0,74.502,50.241,4.0,66.0,SASDLF9_fit1_model2.pdb,
SASDLF9,ok,133.0,198.0,36.74,"[-35.1, -10.9, 0.1]","[0.1, -0.0, -0.0]",18.615,20.018,0.564,23.301,15.275,9.5,20.0,SASDLF9_fit1_model3.pdb,
SASDLF9,ok,133.0,198.0,31.14,"[27.0, 13.1, 8.5]","[0.1, -0.0, -0.0]",19.326,20.848,0.737,21.377,12.637,28.0,43.0,SASDLF9_fit1_model4.pdb,
SASDLF9,ok,133.0,198.0,24.89,"[0.3, 6.3, 24.1]","[0.1, -0.0, -0.0]",22.192,24.82,0.692,22.296,17.612,48.5,86.5,SASDLF9_fit1_model5.pdb,
SASDLF9,ok,133.0,198.0,50.53,"[45.7, 20.1, 8.1]","[0.1, -0.0, -0.0]",23.354,26.954,0.684,33.705,20.651,4.5,14.5,SASDLF9_fit1_model6.pdb,
SASDLG2,ok,892.0,1712.0,59.85,"[-8.9, 41.0, 42.6]","[-0.0, -0.0, -0.0]",34.915,40.535,0.826,36.624,27.017,29.0,76.5,SASDLG2_fit1_model1.pdb,
SASDLG2,ok,892.0,1712.0,61.98,"[-10.9, 43.3, 43.0]","[-0.0, -0.0, -0.0]",35.231,39.147,0.833,36.356,28.535,35.5,84.5,SASDLG2_fit1_model2.pdb,
SASDLH2,ok,898.0,1504.0,59.85,"[-8.9, 41.0, 42.6]","[0.0, -0.0, -0.0]",33.7,36.76,0.814,33.935,20.517,48.5,78.5,SASDLH2_fit1_model1.pdb,
SASDLH2,ok,898.0,1504.0,59.35,"[-9.0, 40.4, 42.5]","[0.0, -0.0, -0.0]",32.243,30.74,0.767,29.367,21.771,72.0,63.0,SASDLH2_fit1_model2.pdb,
SASDLH3,ok,646.0,775.0,62.34,"[58.6, -14.6, 15.3]","[-0.0, 0.0, 0.0]",38.566,36.312,1.0,38.095,35.75,62.5,4.0,SASDLH3_fit1_model1.pdb,
SASDLH3,ok,1292.0,775.0,42.29,"[41.7, -4.6, -4.9]","[-0.0, 0.0, 0.0]",20.851,19.498,0.839,21.09,17.281,49.5,23.0,SASDLH3_fit1_model2.pdb,
SASDLH5,ok,824.0,292.0,9.11,"[-4.0, 8.0, 0.6]","[0.1, -0.1, -0.1]",17.252,16.752,0.444,26.681,12.3,14.0,12.5,SASDLH5_fit1_model1.pdb,
SASDLJ2,ok,898.0,1700.0,59.84,"[-8.9, 41.0, 42.6]","[-0.0, 0.0, -0.0]",35.219,38.927,0.959,36.485,25.487,40.5,82.5,SASDLJ2_fit1_model1.pdb,
SASDLJ2,ok,898.0,1700.0,59.34,"[-9.0, 40.4, 42.5]","[-0.0, 0.0, -0.0]",33.973,33.409,0.953,32.211,26.304,66.0,63.5,SASDLJ2_fit1_model2.pdb,
SASDLJ3,ok,772.0,1842.0,20.93,"[-18.5, -8.3, 5.1]","[-0.0, 0.0, -0.0]",12.519,12.552,0.532,13.438,9.229,35.0,35.5,SASDLJ3_fit1_model1.pdb,
SASDLJ3,ok,772.0,1842.0,0.98,"[-0.5, -0.6, -0.6]","[-0.0, 0.0, -0.0]",12.027,11.698,0.456,11.701,7.526,54.0,50.0,SASDLJ3_fit2_model1.pdb,
SASDLJ5,ok,702.0,2051.0,109.06,"[79.6, 74.4, 3.9]","[0.0, -0.0, -0.0]",65.121,66.844,0.905,82.775,62.118,6.5,8.5,SASDLJ5_fit1_model1.pdb,
SASDLK2,ok,898.0,1555.0,59.83,"[-8.9, 41.0, 42.6]","[0.0, 0.0, -0.0]",33.488,39.245,0.938,37.231,27.585,24.0,66.5,SASDLK2_fit1_model1.pdb,
SASDLK2,ok,898.0,1555.0,61.1,"[-10.3, 42.3, 42.8]","[0.0, 0.0, -0.0]",34.813,37.066,0.974,36.095,29.297,35.0,60.5,SASDLK2_fit1_model2.pdb,
SASDLK3,ok,772.0,901.0,20.37,"[-16.7, -9.7, 6.5]","[-0.0, -0.0, 0.0]",14.776,15.122,0.473,16.419,10.727,33.5,37.5,SASDLK3_fit1_model1.pdb,
SASDLK3,ok,769.0,901.0,0.04,"[0.0, -0.0, 0.0]","[-0.0, -0.0, 0.0]",13.775,14.516,0.434,15.079,8.665,32.5,39.5,SASDLK3_fit2_model1.pdb,
SASDLK5,ok,523.0,124.0,70.68,"[-2.9, 61.8, -43.4]","[0.0, 4.9, -1.6]",64.719,60.241,1.0,60.353,45.231,73.0,49.5,SASDLK5_fit1_model1.pdb,
SASDLK7,ok,566.0,945.0,20.14,"[18.5, -3.7, 7.0]","[-0.0, -0.0, 0.0]",19.185,17.406,0.731,15.484,10.37,87.0,72.5,SASDLK7_fit1_model1.pdb,
SASDLK9,ok,475.0,235.0,106.02,"[92.0, -50.2, -15.7]","[0.0, 0.1, -0.0]",60.013,60.15,0.779,74.093,55.708,4.0,4.0,SASDLK9_fit1_model1.pdb,
SASDLK9,ok,475.0,235.0,73.97,"[-66.1, -29.0, -15.7]","[0.0, 0.1, -0.0]",38.346,36.435,0.836,45.978,32.094,17.5,8.5,SASDLK9_fit1_model2.pdb,
SASDLK9,ok,475.0,235.0,86.67,"[-55.1, -66.6, 4.4]","[0.0, 0.1, -0.0]",34.166,36.022,0.697,44.021,31.076,2.0,4.5,SASDLK9_fit1_model3.pdb,
SASDLK9,ok,475.0,235.0,90.46,"[-81.7, -38.2, 6.5]","[0.0, 0.1, -0.0]",40.051,42.984,0.798,52.936,34.349,5.0,14.5,SASDLK9_fit1_model4.pdb,
SASDLK9,ok,475.0,235.0,80.86,"[-11.1, -76.8, -22.5]","[0.0, 0.1, -0.0]",63.934,62.073,0.882,57.658,34.539,79.5,72.5,SASDLK9_fit1_model5.pdb,
SASDLK9,ok,475.0,235.0,152.68,"[7.0, 100.6, 114.7]","[0.0, 0.1, -0.0]",82.872,113.51,0.939,107.706,81.135,0.5,70.5,SASDLK9_fit1_model6.pdb,
SASDLK9,ok,475.0,235.0,109.45,"[40.5, -16.8, -100.3]","[0.0, 0.1, -0.0]",80.482,75.78,0.96,84.792,58.361,38.0,19.5,SASDLK9_fit1_model7.pdb,
SASDLK9,ok,475.0,235.0,124.43,"[-14.9, 84.3, -90.5]","[0.0, 0.1, -0.0]",72.814,92.622,0.88,86.167,65.229,10.5,73.5,SASDLK9_fit1_model8.pdb,
SASDLL2,ok,898.0,1713.0,59.84,"[-8.9, 41.0, 42.6]","[0.0, -0.0, -0.0]",35.044,37.948,0.932,36.83,26.909,35.5,64.5,SASDLL2_fit1_model1.pdb,
SASDLL2,ok,898.0,1713.0,61.12,"[-10.3, 42.3, 42.8]","[0.0, -0.0, -0.0]",34.24,35.643,0.937,34.871,27.983,39.0,60.5,SASDLL2_fit1_model2.pdb,
SASDLL3,ok,772.0,2026.0,17.79,"[-14.6, -9.1, 4.5]","[-0.0, -0.0, 0.0]",11.768,11.583,0.421,12.316,7.823,37.5,32.5,SASDLL3_fit1_model1.pdb,
SASDLL3,ok,769.0,2026.0,0.27,"[0.1, 0.1, 0.2]","[-0.0, -0.0, 0.0]",11.974,11.321,0.385,11.675,7.677,55.5,43.0,SASDLL3_fit2_model1.pdb,
SASDLL7,ok,566.0,945.0,21.67,"[17.0, -6.4, 11.8]","[-0.0, -0.0, -0.0]",18.522,18.546,0.744,16.991,12.611,67.5,67.5,SASDLL7_fit1_model1.pdb,
SASDLL9,ok,477.0,221.0,128.32,"[19.1, -92.7, 87.1]","[0.3, -0.4, 0.0]",72.968,102.612,0.891,94.718,68.911,1.5,82.5,SASDLL9_fit1_model1.pdb,
SASDLL9,ok,477.0,221.0,88.61,"[-22.5, 48.9, -70.0]","[0.3, -0.4, 0.0]",50.369,59.607,0.82,53.955,44.732,14.5,96.0,SASDLL9_fit1_model2.pdb,
SASDLL9,ok,477.0,221.0,99.6,"[-94.9, 23.2, 17.2]","[0.3, -0.4, 0.0]",45.207,53.477,0.813,59.088,39.228,6.0,27.5,SASDLL9_fit1_model3.pdb,
SASDLL9,ok,477.0,221.0,24.4,"[17.4, 13.6, 10.5]","[0.3, -0.4, 0.0]",29.483,25.663,0.514,26.84,22.935,90.5,29.0,SASDLL9_fit1_model4.pdb,
SASDLL9,ok,477.0,221.0,105.37,"[-0.7, 104.6, -8.7]","[0.3, -0.4, 0.0]",62.032,60.271,0.933,72.449,57.731,2.5,1.0,SASDLL9_fit1_model5.pdb,
SASDLL9,ok,477.0,221.0,107.95,"[-3.3, -107.3, -14.7]","[0.3, -0.4, 0.0]",70.197,69.623,0.874,80.199,60.364,11.0,10.0,SASDLL9_fit1_model6.pdb,
SASDLL9,ok,477.0,221.0,116.73,"[-106.4, -42.8, 20.6]","[0.3, -0.4, 0.0]",62.752,58.291,0.91,77.267,43.08,20.5,12.5,SASDLL9_fit1_model7.pdb,
SASDLL9,ok,477.0,221.0,93.94,"[-52.1, 2.7, 77.9]","[0.3, -0.4, 0.0]",46.578,54.119,0.927,52.248,34.337,28.0,57.5,SASDLL9_fit1_model8.pdb,
SASDLM2,ok,892.0,4666.0,59.85,"[-8.9, 41.0, 42.6]","[-0.0, -0.0, -0.0]",33.055,34.792,0.966,33.96,22.7,42.0,60.5,SASDLM2_fit1_model1.pdb,
SASDLM2,ok,892.0,4666.0,61.98,"[-10.9, 43.3, 43.0]","[-0.0, -0.0, -0.0]",32.299,33.292,0.961,33.104,25.969,41.0,54.5,SASDLM2_fit1_model2.pdb,
SASDLM3,ok,1516.0,1985.0,350.47,"[196.5, 196.5, 213.5]","[0.0, 0.0, 0.0]",293.869,299.516,1.0,291.308,267.489,61.5,83.0,SASDLM3_fit1_model1.pdb,
SASDLM3,ok,1021.0,1985.0,1.23,"[0.0, 0.0, 1.2]","[0.0, 0.0, 0.0]",7.239,7.612,0.223,13.885,6.775,1.0,1.5,SASDLM3_fit2_model1.pdb,
SASDLM4,ok,970.0,1525.0,31.85,"[-1.0, -24.7, 20.0]","[-0.0, -0.0, 0.0]",14.648,13.035,0.798,17.553,12.809,6.0,0.5,SASDLM4_fit1_model1.pdb,
SASDLM7,ok,566.0,320.0,23.51,"[19.3, -1.3, 4.2]","[-2.1, 5.6, -2.9]",28.251,23.258,0.813,21.579,12.816,91.0,60.5,SASDLM7_fit1_model1.pdb,
SASDLM8,ok,364.0,827.0,32.68,"[-26.1, 0.4, -19.6]","[0.0, -0.0, -0.0]",16.855,20.248,0.687,18.751,15.327,14.0,78.5,SASDLM8_fit1_model1.pdb,
SASDLM8,ok,364.0,827.0,30.56,"[-24.0, -5.2, -18.1]","[0.0, -0.0, -0.0]",15.817,16.321,0.687,16.818,12.806,28.0,38.5,SASDLM8_fit1_model2.pdb,
SASDLM9,ok,171.0,1474.0,6.27,"[1.9, -2.1, -5.6]","[-0.0, 0.0, 0.0]",6.986,7.779,0.339,8.223,5.821,15.0,37.5,SASDLM9_fit1_model1.pdb,
SASDLM9,ok,170.0,1474.0,2.35,"[-1.7, -1.5, -0.4]","[-0.0, 0.0, 0.0]",7.663,7.145,0.447,7.181,4.785,65.0,49.5,SASDLM9_fit2_model1.pdb,
SASDLN2,ok,892.0,1868.0,59.84,"[-8.9, 41.0, 42.6]","[-0.0, 0.0, 0.0]",35.543,40.114,0.851,37.544,27.667,31.0,72.0,SASDLN2_fit1_model1.pdb,
SASDLN2,ok,892.0,1868.0,61.97,"[-10.9, 43.3, 43.0]","[-0.0, 0.0, 0.0]",35.959,40.216,0.851,37.382,29.607,34.5,87.0,SASDLN2_fit1_model2.pdb,
SASDLN3,ok,2098.0,1461.0,337.46,"[196.5, 196.5, 191.5]","[0.0, 0.0, -0.0]",274.354,276.246,1.0,267.893,247.13,71.0,76.5,SASDLN3_fit1_model1.pdb,
SASDLN4,ok,2310.0,1735.0,4.28,"[1.6, 0.2, 4.0]","[0.0, -0.0, -0.0]",11.447,9.983,0.244,21.136,10.151,2.0,0.0,SASDLN4_fit1_model1.pdb,
SASDLN7,ok,1573.0,1448.0,2.82,"[0.2, 1.1, -2.6]","[-0.0, 0.0, 0.0]",5.108,4.592,0.207,5.586,4.035,16.0,6.0,SASDLN7_fit1_model1.pdb,
SASDLN8,ok,364.0,765.0,27.32,"[-22.6, 0.0, -15.4]","[0.0, -0.0, -0.0]",14.064,13.282,0.827,13.857,12.152,63.0,23.0,SASDLN8_fit1_model1.pdb,
SASDLN8,ok,364.0,765.0,28.95,"[-25.4, -4.8, -13.1]","[0.0, -0.0, -0.0]",14.762,14.879,0.827,14.712,13.159,51.5,58.0,SASDLN8_fit1_model2.pdb,
SASDLN8,ok,364.0,765.0,29.57,"[-25.8, 4.8, -13.6]","[0.0, -0.0, -0.0]",15.495,16.289,0.827,15.762,14.025,38.0,75.0,SASDLN8_fit1_model3.pdb,
SASDLN8,ok,364.0,765.0,27.63,"[-24.9, -5.7, -10.5]","[0.0, -0.0, -0.0]",14.084,13.581,0.827,13.833,12.706,67.0,31.5,SASDLN8_fit1_model4.pdb,
SASDLN9,ok,550.0,1015.0,8.45,"[-1.9, -2.0, -8.0]","[0.0, -0.0, -0.0]",10.05,8.685,0.449,8.303,5.327,95.5,61.0,SASDLN9_fit1_model1.pdb,
SASDLN9,ok,551.0,1015.0,110.03,"[-93.2, -40.0, -42.7]","[0.0, -0.0, -0.0]",80.085,80.891,1.0,81.137,63.482,42.5,48.0,SASDLN9_fit2_model1.pdb,
SASDLP2,coordenadas_vazias,,,,,,,,,,,,,SASDLP2_fit1_model1.pdb,
SASDLP3,ok,660.0,1891.0,333.95,"[204.8, 156.7, 212.2]","[0.0, 0.0, 0.0]",296.604,301.585,1.0,294.969,279.027,58.0,85.5,SASDLP3_fit1_model1.pdb,
SASDLP4,ok,205.0,1324.0,44.84,"[41.4, 13.7, 10.4]","[-0.0, -0.0, -0.0]",30.375,29.331,1.0,29.879,26.861,70.5,30.5,SASDLP4_fit1_model1.pdb,
SASDLP4,ok,410.0,1324.0,41.18,"[30.7, 22.3, 16.0]","[-0.0, -0.0, -0.0]",25.143,24.646,0.99,22.701,19.776,97.0,91.5,SASDLP4_fit1_model2.pdb,
SASDLP4,ok,820.0,1324.0,62.49,"[53.9, 22.4, 22.2]","[-0.0, -0.0, -0.0]",36.111,38.03,0.995,40.337,31.793,20.5,30.5,SASDLP4_fit1_model3.pdb,
SASDLP4,ok,410.0,1324.0,41.18,"[30.7, 22.3, 16.0]","[-0.0, -0.0, -0.0]",25.143,24.646,0.99,22.701,19.776,97.0,91.5,SASDLP4_fit2_model1.pdb,
SASDLP5,ok,1578.0,1312.0,0.5,"[0.1, 0.3, 0.4]","[-0.0, 0.0, -0.0]",2.674,2.668,0.238,3.743,2.148,11.5,11.0,SASDLP5_fit1_model1.pdb,
SASDLP5,ok,256.0,1312.0,1.54,"[0.6, -0.9, -1.1]","[-0.0, 0.0, -0.0]",3.768,3.837,0.219,4.624,3.128,16.5,19.5,SASDLP5_fit2_model1.pdb,
SASDLP7,ok,1595.0,1434.0,76.87,"[-1.3, -7.8, 76.5]","[0.0, 0.0, -0.0]",49.911,51.721,0.966,50.735,42.819,41.0,60.0,SASDLP7_fit1_model1.pdb,
SASDLP9,ok,715.0,661.0,118.3,"[-93.9, -48.1, -53.6]","[-0.0, -0.0, -0.0]",86.831,94.578,1.0,90.43,71.286,22.0,74.0,SASDLP9_fit1_model1.pdb,
SASDLP9,ok,822.0,661.0,17.72,"[15.5, 6.4, -5.7]","[-0.0, -0.0, -0.0]",12.793,11.57,0.583,13.857,8.715,32.0,13.0,SASDLP9_fit2_model1.pdb,
SASDLQ2,ok,1246.0,1463.0,55.78,"[23.2, 47.5, -17.6]","[0.0, -0.0, 0.0]",25.449,22.851,0.866,24.621,22.671,70.0,2.5,SASDLQ2_fit1_model1.pdb,
SASDLQ2,ok,1470.0,1463.0,1.11,"[0.0, 0.0, 1.1]","[0.0, -0.0, 0.0]",5.412,5.57,0.369,4.702,3.568,92.5,95.5,SASDLQ2_fit2_model1.pdb,
SASDLQ3,ok,174.0,1384.0,19.44,"[-3.6, 18.1, -6.3]","[0.0, 0.0, -0.0]",9.046,7.931,0.69,8.876,7.276,57.5,11.5,SASDLQ3_fit1_model1.pdb,
SASDLQ4,ok,250.0,903.0,0.13,"[-0.1, 0.1, 0.1]","[0.0, 0.0, 0.0]",5.406,5.946,0.036,5.822,4.9,20.5,62.0,SASDLQ4_fit1_model1.pdb,
SASDLQ4,ok,499.0,903.0,0.03,"[0.0, -0.0, 0.0]","[0.0, 0.0, 0.0]",6.026,6.068,0.379,6.356,4.47,36.5,37.5,SASDLQ4_fit1_model2.pdb,
SASDLQ4,ok,499.0,903.0,0.03,"[0.0, -0.0, 0.0]","[0.0, 0.0, 0.0]",6.026,6.068,0.379,6.356,4.47,36.5,37.5,SASDLQ4_fit2_model1.pdb,
SASDLQ6,ok,568.0,228.0,88.32,"[-64.1, -3.6, -60.6]","[0.1, -0.1, -0.1]",60.993,60.673,1.0,62.221,50.231,43.0,41.5,SASDLQ6_fit1_model1.pdb,
SASDLQ7,ok,904.0,1243.0,87.21,"[-25.9, 3.1, 83.2]","[-0.0, -0.0, -0.0]",66.186,58.825,1.0,60.987,46.991,91.0,40.5,SASDLQ7_fit1_model1.pdb,
SASDLQ8,ok,350.0,897.0,27.78,"[-24.2, 5.7, -12.2]","[0.0, 0.0, 0.0]",13.613,14.183,0.754,13.958,11.912,36.0,61.5,SASDLQ8_fit1_model1.pdb,
SASDLQ8,ok,350.0,897.0,29.45,"[-25.7, -2.7, -14.0]","[0.0, 0.0, 0.0]",13.732,13.395,0.754,13.898,11.709,42.0,27.5,SASDLQ8_fit1_model2.pdb,
SASDLR2,ok,2564.0,1694.0,0.58,"[-0.0, 0.0, -0.6]","[-0.0, 0.0, 0.0]",3.231,3.685,0.216,4.08,3.084,2.0,20.5,SASDLR2_fit1_model1.pdb,
SASDLR3,ok,169.0,1418.0,19.1,"[-6.3, 7.8, -16.2]","[0.0, 0.0, 0.0]",8.836,9.151,0.769,9.434,8.08,17.0,36.0,SASDLR3_fit1_model1.pdb,
SASDLR4,ok,228.0,1474.0,22.75,"[16.1, -15.9, -2.6]","[0.0, 0.0, -0.0]",11.287,11.557,0.039,11.504,10.23,29.0,56.5,SASDLR4_fit1_model1.pdb,
SASDLR4,ok,452.0,1474.0,15.22,"[-0.6, -15.2, -0.0]","[0.0, 0.0, -0.0]",8.039,8.203,0.075,8.274,7.353,34.0,45.5,SASDLR4_fit1_model2.pdb,
SASDLR4,ok,903.0,1474.0,0.04,"[0.0, -0.0, 0.0]","[0.0, 0.0, -0.0]",4.765,4.809,0.082,5.322,4.285,12.0,13.5,SASDLR4_fit1_model3.pdb,
SASDLR4,ok,1368.0,1474.0,0.01,"[0.0, -0.0, -0.0]","[0.0, 0.0, -0.0]",5.291,5.201,0.223,4.95,4.031,73.5,68.5,SASDLR4_fit1_model4.pdb,
SASDLR5,ok,655.0,4814.0,14.96,"[13.8, 1.8, -5.6]","[0.0, -0.0, -0.0]",13.289,12.232,0.579,13.436,7.063,47.5,32.5,SASDLR5_fit1_model1.pdb,
SASDLR7,ok,451.0,1769.0,50.68,"[41.3, 0.9, 29.3]","[0.0, -0.0, 0.0]",28.341,30.007,0.756,28.739,23.771,44.5,74.5,SASDLR7_fit1_model1.pdb,
SASDLR7,ok,902.0,1769.0,61.85,"[-0.0, 0.0, -61.9]","[0.0, -0.0, 0.0]",45.087,44.703,1.0,41.41,33.289,91.5,88.5,SASDLR7_fit1_model2.pdb,
SASDLR8,ok,314.0,1138.0,25.01,"[-21.8, -1.2, -12.3]","[0.0, -0.0, -0.0]",11.284,10.734,0.675,10.685,8.503,82.5,54.0,SASDLR8_fit1_model1.pdb,
SASDLS2,ok,1216.0,1472.0,0.82,"[0.0, 0.0, 0.8]","[-0.0, 0.0, 0.0]",5.442,5.59,0.343,4.776,3.677,84.5,93.5,SASDLS2_fit1_model1.pdb,
SASDLS3,ok,683.0,1349.0,6.7,"[6.5, 1.6, -0.6]","[-0.0, -0.0, -0.0]",10.812,10.68,0.268,14.472,7.208,8.0,7.5,SASDLS3_fit1_model1.pdb,
SASDLS3,ok,758.0,1349.0,367.35,"[193.5, 227.8, 213.6]","[-0.0, -0.0, -0.0]",323.674,320.526,1.0,316.22,296.336,89.5,73.5,SASDLS3_fit2_model1.pdb,
SASDLS5,ok,1310.0,1570.0,10.11,"[-0.0, 0.0, 10.1]","[-0.0, 0.0, 0.0]",12.916,12.353,0.347,14.539,10.289,23.0,13.0,SASDLS5_fit1_model1.pdb,
SASDLS8,ok,606.0,719.0,108.29,"[62.5, 62.8, 62.4]","[0.0, -0.0, 0.0]",77.153,79.066,1.0,82.03,69.997,22.0,29.5,SASDLS8_fit1_model1.pdb,
SASDLS8,ok,419.0,719.0,6.3,"[-1.2, 6.1, -0.7]","[0.0, -0.0, 0.0]",8.523,10.398,0.248,9.395,6.678,24.0,81.5,SASDLS8_fit2_model1.pdb,
SASDLS8,ok,2297.0,719.0,2.62,"[-0.3, -0.3, 2.6]","[0.0, -0.0, 0.0]",8.137,9.147,0.646,8.546,6.681,30.5,79.0,SASDLS8_fit2_model2.pdb,
SASDLS8,ok,2615.0,719.0,0.03,"[-0.0, -0.0, 0.0]","[0.0, -0.0, 0.0]",8.85,9.618,0.428,9.204,5.566,40.5,63.5,SASDLS8_fit2_model3.pdb,
SASDLT2,ok,1320.0,1659.0,0.05,"[-0.0, -0.0, -0.0]","[0.0, 0.0, -0.0]",19.473,19.167,0.679,15.747,8.29,80.5,79.0,SASDLT2_fit1_model1.pdb,
SASDLT3,ok,504.0,2349.0,41.58,"[-14.4, -38.2, 7.6]","[0.0, 0.0, -0.0]",23.547,23.735,0.804,26.623,21.481,10.5,12.5,SASDLT3_fit1_model1.pdb,
SASDLT3,ok,504.0,2349.0,35.86,"[-14.2, -32.8, -3.0]","[0.0, 0.0, -0.0]",29.584,30.729,0.863,32.163,20.284,34.0,40.0,SASDLT3_fit1_model2.pdb,
SASDLT3,ok,504.0,2349.0,38.52,"[-20.1, -32.6, 4.2]","[0.0, 0.0, -0.0]",25.991,25.319,0.873,24.863,19.582,71.5,58.5,SASDLT3_fit1_model3.pdb,
SASDLT3,ok,504.0,2349.0,41.53,"[-4.6, -33.1, 24.6]","[0.0, 0.0, -0.0]",36.188,40.537,0.907,33.868,22.004,68.5,91.0,SASDLT3_fit1_model4.pdb,
SASDLT3,ok,504.0,2349.0,37.81,"[13.0, -35.2, -4.6]","[0.0, 0.0, -0.0]",33.067,35.301,0.885,31.944,19.437,56.0,74.5,SASDLT3_fit1_model5.pdb,
SASDLT3,ok,504.0,2349.0,40.33,"[-3.4, -32.0, 24.3]","[0.0, 0.0, -0.0]",30.383,32.891,0.887,27.524,18.39,78.5,90.5,SASDLT3_fit1_model6.pdb,
SASDLT5,ok,389.0,2421.0,89.63,"[40.7, -79.8, 2.8]","[0.0, 0.0, -0.0]",47.899,48.368,1.0,49.882,43.495,22.5,27.5,SASDLT5_fit1_model1.pdb,
SASDLT5,ok,389.0,2421.0,89.35,"[57.6, -32.6, -60.0]","[0.0, 0.0, -0.0]",62.716,64.904,1.0,64.69,58.847,21.5,52.5,SASDLT5_fit1_model2.pdb,
SASDLT5,ok,389.0,2421.0,88.91,"[42.9, 27.8, -72.7]","[0.0, 0.0, -0.0]",61.924,67.919,1.0,63.548,57.136,21.0,98.5,SASDLT5_fit1_model3.pdb,
SASDLT5,ok,389.0,2421.0,84.05,"[10.7, -82.3, -13.2]","[0.0, 0.0, -0.0]",35.32,41.116,0.933,43.698,30.973,6.5,35.0,SASDLT5_fit1_model4.pdb,
SASDLT5,ok,389.0,2421.0,83.92,"[-77.0, 19.6, 27.1]","[0.0, 0.0, -0.0]",48.984,61.16,1.0,57.354,43.036,10.0,91.5,SASDLT5_fit1_model5.pdb,
SASDLT5,ok,695.0,2421.0,12.69,"[-10.5, -3.9, -5.9]","[0.0, 0.0, -0.0]",6.93,7.912,0.364,7.889,5.872,16.5,51.0,SASDLT5_fit2_model1.pdb,
SASDLT8,ok,303.0,1597.0,126.59,"[79.4, 72.5, 66.8]","[0.0, 0.0, 0.0]",97.085,95.024,1.0,99.388,90.378,30.5,18.0,SASDLT8_fit1_model1.pdb,
SASDLT8,ok,375.0,1597.0,4.75,"[3.7, 0.6, -3.0]","[0.0, 0.0, 0.0]",9.552,10.18,0.547,8.252,5.384,71.5,80.5,SASDLT8_fit2_model1.pdb,
SASDLT8,ok,2085.0,1597.0,2.86,"[-2.0, 1.9, 0.8]","[0.0, 0.0, 0.0]",7.521,8.093,0.658,7.178,5.151,63.5,79.0,SASDLT8_fit2_model2.pdb,
SASDLT8,ok,2054.0,1597.0,0.0,"[0.0, 0.0, 0.0]","[0.0, 0.0, 0.0]",9.137,10.174,0.615,7.978,4.648,68.0,84.5,SASDLT8_fit2_model3.pdb,
SASDLU2,ok,1736.0,170.0,13.54,"[0.7, -7.5, 11.1]","[-2.2, -0.5, -0.1]",30.54,30.892,1.0,31.768,27.736,29.5,35.0,SASDLU2_fit1_model1.pdb,
SASDLU8,ok,606.0,627.0,108.29,"[62.5, 62.8, 62.4]","[-0.0, 0.0, -0.0]",63.9,65.509,1.0,70.143,56.718,18.5,27.0,SASDLU8_fit1_model1.pdb,
SASDLU8,ok,543.0,627.0,1.29,"[-0.0, -1.0, -0.7]","[-0.0, 0.0, -0.0]",6.776,8.06,0.23,7.589,5.055,24.0,64.5,SASDLU8_fit2_model1.pdb,
SASDLU8,ok,2376.0,627.0,1.17,"[-0.4, 0.6, 0.9]","[-0.0, 0.0, -0.0]",7.898,8.528,0.687,8.83,7.25,9.5,35.0,SASDLU8_fit2_model2.pdb,
SASDLU8,ok,4006.0,627.0,0.03,"[0.0, -0.0, 0.0]","[-0.0, 0.0, -0.0]",7.123,8.373,0.4,7.673,4.882,28.5,64.5,SASDLU8_fit2_model3.pdb,
SASDLV2,ok,511.0,1007.0,2.75,"[1.7, -0.6, -2.0]","[-0.0, 0.0, 0.0]",11.979,9.306,0.505,9.81,5.366,95.5,42.5,SASDLV2_fit1_model1.pdb,
SASDLV4,coordenadas_vazias,,,,,,,,,,,,,SASDLV4_fit1_model1.png,
SASDLV5,ok,247.0,78.0,126.67,"[-42.2, -46.2, 22.0]","[-16.7, 72.8, -13.2]",110.704,118.445,1.0,96.759,74.315,89.0,95.0,SASDLV5_fit1_model1.pdb,
SASDLV8,ok,1418.0,1707.0,17.72,"[-14.5, -1.0, -10.1]","[0.0, 0.0, 0.0]",9.124,8.365,0.578,8.893,6.556,61.5,31.0,SASDLV8_fit1_model1.pdb,
SASDLV8,ok,359.0,1707.0,1.65,"[-1.4, 0.1, -0.8]","[0.0, 0.0, 0.0]",4.291,4.891,0.276,5.326,3.36,11.5,32.0,SASDLV8_fit2_model1.pdb,
SASDLV8,ok,2224.0,1707.0,0.56,"[-0.2, -0.2, -0.5]","[0.0, 0.0, 0.0]",4.76,4.906,0.635,4.584,3.234,56.0,62.5,SASDLV8_fit2_model2.pdb,
SASDLW2,ok,596.0,1050.0,3.94,"[2.4, -3.1, -0.0]","[0.0, -0.0, -0.0]",8.445,9.228,0.339,9.157,5.284,32.0,51.0,SASDLW2_fit1_model1.pdb,
SASDLW2,ok,596.0,1050.0,3.94,"[2.4, -3.1, -0.0]","[0.0, -0.0, -0.0]",8.445,9.228,0.339,9.157,5.284,32.0,51.0,SASDLW2_fit1_model2.pdb,
SASDLW4,ok,202.0,732.0,1.4,"[0.0, 0.0, -1.4]","[0.0, -0.0, -0.0]",4.363,4.186,0.188,4.648,4.024,16.5,3.0,SASDLW4_fit1_model1.pdb,
SASDLW4,ok,202.0,732.0,1.33,"[-0.0, 0.0, 1.3]","[0.0, -0.0, -0.0]",5.496,5.236,0.223,5.871,3.684,25.5,15.0,SASDLW4_fit1_model2.pdb,
SASDLW8,ok,1381.0,1891.0,38.43,"[2.3, -8.8, -37.3]","[-0.0, 0.0, 0.0]",21.656,24.562,0.923,27.098,20.925,1.5,17.0,SASDLW8_fit1_model1.pdb,
SASDLW8,ok,756.0,1891.0,0.77,"[-0.5, 0.4, -0.5]","[-0.0, 0.0, 0.0]",3.836,4.087,0.265,4.789,2.73,16.0,24.0,SASDLW8_fit2_model1.pdb,
SASDLW8,ok,2364.0,1891.0,1.46,"[0.4, 1.2, 0.7]","[-0.0, 0.0, 0.0]",4.753,4.774,0.582,4.912,3.057,44.5,46.0,SASDLW8_fit2_model2.pdb,
SASDLX2,ok,1314.0,1812.0,133.89,"[87.8, 94.1, -36.9]","[-0.0, 0.0, 0.0]",76.463,88.409,1.0,83.196,66.378,16.0,79.0,SASDLX2_fit1_model1.pdb,
SASDLX5,ok,492.0,1329.0,4.59,"[-0.0, 0.0, -4.6]","[-0.0, -0.0, 0.0]",5.104,5.196,0.224,5.173,4.473,40.0,52.5,SASDLX5_fit1_model1.pdb,
SASDLX8,ok,1355.0,1015.0,35.5,"[-14.1, -20.2, -25.6]","[-0.0, 0.0, -0.0]",17.769,23.767,0.852,22.549,17.342,2.0,75.5,SASDLX8_fit1_model1.pdb,
SASDLX8,ok,787.0,1015.0,0.9,"[0.4, 0.7, -0.3]","[-0.0, 0.0, -0.0]",4.275,4.441,0.344,5.681,3.658,5.5,10.5,SASDLX8_fit2_model1.pdb,
SASDLX8,ok,2364.0,1015.0,1.46,"[0.4, 1.2, 0.7]","[-0.0, 0.0, -0.0]",4.561,4.595,0.616,5.318,3.771,13.5,13.5,SASDLX8_fit2_model2.pdb,
SASDLY2,ok,1314.0,1781.0,139.11,"[93.1, 97.8, -33.5]","[-0.0, -0.0, 0.0]",88.729,95.466,1.0,93.459,78.848,24.0,64.5,SASDLY2_fit1_model1.pdb,
SASDLY5,ok,468.0,2160.0,92.54,"[37.6, 66.0, 52.9]","[-0.0, 0.0, 0.0]",63.392,58.706,1.0,64.152,51.966,46.0,21.5,SASDLY5_fit1_model1.pdb,
SASDLY5,ok,936.0,2160.0,76.22,"[38.4, 54.4, 37.1]","[-0.0, 0.0, 0.0]",42.74,44.542,0.978,44.596,36.412,33.5,49.5,SASDLY5_fit1_model2.pdb,
SASDLY6,ok,960.0,205.0,127.04,"[-72.6, 1.3, -104.2]","[0.1, 0.2, -0.0]",74.215,80.432,0.992,85.97,67.354,6.0,29.5,SASDLY6_fit1_model1.pdb,
SASDLY8,ok,606.0,826.0,75.85,"[48.7, 57.5, -8.2]","[-0.0, -0.0, 0.0]",47.294,48.04,0.99,50.696,40.46,28.0,33.5,SASDLY8_fit1_model1.pdb,
SASDLY8,ok,339.0,826.0,1.71,"[-0.1, -0.3, 1.7]","[-0.0, -0.0, 0.0]",6.53,6.636,0.186,6.547,4.463,48.0,58.0,SASDLY8_fit2_model1.pdb,
SASDLY8,ok,1827.0,826.0,3.64,"[-0.0, 0.0, -3.6]","[-0.0, -0.0, 0.0]",9.474,9.26,0.749,8.935,8.069,87.0,75.5,SASDLY8_fit2_model2.pdb,
SASDLY8,ok,4378.0,826.0,0.01,"[-0.0, -0.0, 0.0]","[-0.0, -0.0, 0.0]",7.332,7.177,0.379,7.093,4.073,63.0,54.5,SASDLY8_fit2_model3.pdb,
SASDLY9,ok,1296.0,957.0,160.22,"[94.6, 96.2, 86.5]","[-0.1, 0.2, -0.1]",116.964,122.342,1.0,118.434,101.548,41.5,65.0,SASDLY9_fit1_model1.pdb,
SASDLZ2,ok,1414.0,199.0,14.02,"[10.9, -8.3, 2.2]","[-0.1, 0.1, 0.0]",32.674,32.08,0.684,37.212,12.341,35.5,33.5,SASDLZ2_fit1_model1.pdb,
SASDLZ5,ok,772.0,1288.0,0.88,"[0.0, 0.0, -0.9]","[0.0, 0.0, 0.0]",16.579,15.844,0.497,19.76,11.921,19.5,15.0,SASDLZ5_fit1_model1.pdb,
SASDLZ6,ok,11574.0,1092.0,0.05,"[0.0, 0.0, -0.0]","[-0.0, 0.0, 0.0]",9.314,8.474,0.265,9.73,8.482,20.0,0.0,SASDLZ6_fit1_model1.pdb,
SASDLZ6,ok,1929.0,1092.0,61.69,"[-11.4, -47.9, -37.2]","[-0.0, 0.0, 0.0]",30.295,29.457,0.363,30.031,28.304,61.0,21.5,SASDLZ6_fit1_model2.pdb,
SASDLZ8,ok,787.0,1017.0,0.89,"[0.4, 0.7, -0.3]","[-0.0, 0.0, -0.0]",4.052,3.95,0.224,5.721,3.312,5.5,3.5,SASDLZ8_fit1_model1.pdb,
SASDLZ8,ok,2364.0,1017.0,1.47,"[0.4, 1.2, 0.7]","[-0.0, 0.0, -0.0]",4.168,4.242,0.522,5.435,3.663,5.5,8.0,SASDLZ8_fit1_model2.pdb,
SASDLZ8,ok,1355.0,1017.0,35.48,"[-14.1, -20.2, -25.6]","[-0.0, 0.0, -0.0]",17.14,23.695,0.79,22.268,16.503,4.0,80.0,SASDLZ8_fit2_model1.pdb,
SASDLZ9,ok,628.0,1271.0,77.15,"[-1.3, 59.5, 49.1]","[-0.0, -0.0, -0.0]",43.511,44.368,0.995,45.634,40.447,19.5,30.0,SASDLZ9_fit1_model1.pdb,
SASDLZ9,ok,717.0,1271.0,7.02,"[-6.6, 1.6, -1.8]","[-0.0, -0.0, -0.0]",8.158,8.313,0.474,7.316,4.227,76.0,81.5,SASDLZ9_fit2_model1.pdb,
SASDLZ9,ok,717.0,1271.0,4.69,"[-4.4, -0.3, -1.6]","[-0.0, -0.0, -0.0]",6.96,7.277,0.427,6.055,3.971,82.5,92.0,SASDLZ9_fit2_model2.pdb,
SASDLZ9,ok,717.0,1271.0,4.24,"[-2.4, 2.3, -2.7]","[-0.0, -0.0, -0.0]",6.585,6.579,0.437,5.794,4.006,82.0,82.0,SASDLZ9_fit2_model3.pdb,
SASDLZ9,ok,717.0,1271.0,9.01,"[6.3, -5.2, -3.8]","[-0.0, -0.0, -0.0]",5.944,6.152,0.365,5.865,4.504,55.0,70.5,SASDLZ9_fit2_model4.pdb,
SASDLZ9,ok,707.0,1271.0,3.33,"[-0.5, 3.3, -0.1]","[-0.0, -0.0, -0.0]",6.828,6.568,0.437,5.813,4.118,96.0,89.0,SASDLZ9_fit3_model1.pdb,
SASDM22,ok,641.0,1045.0,43.21,"[38.4, 16.3, 11.2]","[0.0, 0.0, -0.0]",25.227,25.946,0.978,23.896,20.103,78.5,89.5,SASDM22_fit1_model1.pdb,
SASDM22,ok,688.0,1045.0,15.52,"[8.0, 13.0, -3.1]","[0.0, 0.0, -0.0]",9.504,11.569,0.494,10.396,6.912,28.0,69.0,SASDM22_fit2_model1.pdb,
SASDM22,ok,687.0,1045.0,17.05,"[4.8, 15.9, 3.8]","[0.0, 0.0, -0.0]",7.78,9.143,0.448,9.569,6.839,7.5,39.0,SASDM22_fit3_model1.pdb,
SASDM22,ok,687.0,1045.0,25.38,"[-0.8, 24.7, -5.8]","[0.0, 0.0, -0.0]",11.165,12.532,0.568,11.842,9.668,22.5,73.0,SASDM22_fit3_model2.pdb,
SASDM22,ok,687.0,1045.0,17.18,"[10.1, 13.9, 0.8]","[0.0, 0.0, -0.0]",9.68,11.572,0.504,10.081,7.696,39.0,77.0,SASDM22_fit3_model3.pdb,
SASDM22,ok,687.0,1045.0,17.31,"[6.3, 15.6, 4.1]","[0.0, 0.0, -0.0]",7.272,8.364,0.425,9.1,6.559,3.5,28.0,SASDM22_fit3_model4.pdb,
SASDM22,ok,687.0,1045.0,18.88,"[9.4, 15.6, 5.1]","[0.0, 0.0, -0.0]",8.299,9.467,0.47,9.436,7.488,12.5,51.0,SASDM22_fit3_model5.pdb,
SASDM23,ok,145.0,771.0,2.23,"[-2.0, 0.4, 0.8]","[0.0, -0.0, -0.0]",19.229,17.515,0.49,20.994,14.458,34.0,18.0,SASDM23_fit1_model1.pdb,
SASDM25,ok,1989.0,1459.0,10.54,"[0.0, 0.0, -10.6]","[0.0, 0.0, -0.0]",8.971,11.351,0.458,14.451,8.332,1.5,11.5,SASDM25_fit1_model1.pdb,
SASDM27,ok,868.0,1033.0,0.28,"[-0.0, 0.0, -0.3]","[0.0, -0.0, 0.0]",7.877,7.768,0.389,6.891,4.043,78.5,75.5,SASDM27_fit1_model1.pdb,
SASDM33,ok,210.0,1161.0,0.74,"[-0.2, 0.6, -0.3]","[-0.0, -0.0, 0.0]",13.266,13.592,0.333,16.333,11.697,11.5,13.5,SASDM33_fit1_model1.pdb,
SASDM35,ok,1989.0,1528.0,10.55,"[0.0, 0.0, -10.6]","[-0.0, -0.0, 0.0]",11.841,12.411,0.465,13.374,8.823,19.5,29.0,SASDM35_fit1_model1.pdb,
SASDM36,ok,2269.0,2047.0,73.68,"[42.3, 37.2, 47.5]","[0.0, -0.0, 0.0]",52.976,49.86,1.0,53.757,46.905,35.5,12.0,SASDM36_fit1_model1.pdb,
SASDM44,ok,289.0,179.0,131.34,"[-7.6, -127.1, 51.8]","[-8.9, -10.3, -8.4]",186.947,147.988,1.0,152.041,116.993,96.0,45.5,SASDM44_fit1_model1.pdb,
SASDM45,ok,965.0,1388.0,67.26,"[-7.9, 1.3, -66.8]","[0.0, 0.0, 0.0]",51.138,44.671,1.0,46.167,38.724,90.5,39.5,SASDM45_fit1_model1.pdb,
SASDM45,ok,965.0,1388.0,67.26,"[-7.9, 1.3, -66.8]","[0.0, 0.0, 0.0]",50.807,45.353,1.0,46.213,38.603,89.0,41.0,SASDM45_fit2_model1.pdb,
SASDM54,ok,453.0,457.0,241.55,"[107.1, 199.1, -80.9]","[0.0, -1.1, 1.7]",267.69,261.55,1.0,189.985,150.199,98.5,97.5,SASDM54_fit1_model1.pdb,
SASDM55,ok,168.0,1103.0,12.83,"[12.2, 0.9, 3.9]","[-0.0, 0.0, 0.0]",5.183,5.247,0.512,5.373,4.866,19.5,28.0,SASDM55_fit1_model1.pdb,
SASDM55,ok,1061.0,1103.0,0.48,"[-0.4, -0.1, 0.2]","[-0.0, 0.0, 0.0]",2.22,2.006,0.204,2.125,1.698,76.5,27.0,SASDM55_fit2_model1.pdb,
SASDM56,ok,649.0,1379.0,3.3,"[-0.1, -1.8, -2.8]","[0.0, 0.0, -0.0]",2.078,2.199,0.21,2.087,1.842,48.5,84.5,SASDM56_fit1_model1.pdb,
SASDM63,ok,226.0,950.0,70.46,"[-70.5, -0.8, 0.5]","[-0.0, 0.0, -0.0]",49.605,50.424,1.0,50.07,45.24,40.0,59.0,SASDM63_fit1_model1.pdb,
SASDM64,ok,437.0,339.0,153.94,"[-110.6, -99.0, 8.1]","[14.0, -11.8, -15.6]",159.897,154.616,1.0,158.112,133.734,54.0,45.5,SASDM64_fit1_model1.pdb,
SASDM65,ok,583.0,1496.0,2.86,"[0.5, 0.6, 2.7]","[-0.0, 0.0, -0.0]",6.343,4.276,0.326,18.887,3.585,4.5,1.0,SASDM65_fit1_model1.pdb,
SASDM66,ok,647.0,1191.0,5.16,"[0.0, 5.1, -0.7]","[-0.0, -0.0, 0.0]",2.933,2.921,0.374,2.757,2.156,72.5,71.0,SASDM66_fit1_model1.pdb,
SASDM67,ok,2048.0,277.0,11.94,"[9.3, -7.6, -1.0]","[-0.0, -0.1, -0.0]",27.856,27.959,0.705,31.517,14.551,36.5,36.5,SASDM67_fit1_model1.pdb,
SASDM67,ok,2048.0,277.0,0.24,"[0.0, 0.0, -0.2]","[-0.0, -0.1, -0.0]",21.989,23.535,0.721,29.43,12.1,21.5,26.0,SASDM67_fit2_model1.pdb,
SASDM73,ok,161.0,374.0,1.54,"[0.2, -0.0, 1.5]","[0.0, -0.0, -0.0]",3.686,4.64,0.553,3.988,1.366,37.0,81.0,SASDM73_fit1_model1.pdb,
SASDM74,ok,1131.0,626.0,15.84,"[5.7, 3.1, 14.5]","[0.0, 0.0, 0.0]",156.535,164.571,1.0,159.448,154.791,13.0,96.0,SASDM74_fit1_model1.pdb,
SASDM75,ok,476.0,1694.0,44.13,"[-25.9, 14.2, -32.7]","[-0.0, 0.0, 0.0]",27.632,27.006,0.985,26.145,20.524,70.5,63.5,SASDM75_fit1_model1.pdb,
SASDM75,ok,429.0,1694.0,1.25,"[1.0, 0.6, 0.3]","[-0.0, 0.0, 0.0]",8.415,9.494,0.49,8.419,5.479,49.5,64.0,SASDM75_fit1_model2.pdb,
SASDM76,ok,914.0,1333.0,1.19,"[0.9, 0.2, -0.8]","[0.0, -0.0, -0.0]",2.489,2.49,0.318,2.139,1.6,87.5,87.5,SASDM76_fit1_model1.pdb,
SASDM77,ok,161.0,645.0,6.4,"[-2.6, -0.9, -5.8]","[-0.0, -0.0, 0.0]",20.721,19.265,0.714,15.921,10.198,95.5,80.5,SASDM77_fit1_model1.pdb,
SASDM82,ok,88.0,489.0,2.53,"[2.2, 0.8, -0.8]","[-0.1, 0.1, -0.0]",3.967,3.842,0.205,4.337,3.177,19.5,11.5,SASDM82_fit1_model1.pdb,
SASDM83,ok,202.0,355.0,3.33,"[-1.0, -2.3, 1.5]","[0.3, -0.1, -0.6]",3.879,3.919,0.619,3.855,1.452,52.0,56.0,SASDM83_fit1_model1.pdb,
SASDM85,ok,644.0,5000.0,98.8,"[70.2, 37.4, 58.6]","[-0.0, -0.0, 0.1]",67.556,66.727,1.0,68.759,53.033,42.0,34.0,SASDM85_fit1_model1.pdb,
SASDM85,ok,674.0,5000.0,0.45,"[-0.4, -0.2, 0.3]","[-0.0, -0.0, 0.1]",7.542,6.613,0.303,7.599,2.899,48.0,33.5,SASDM85_fit1_model2.pdb,
SASDM86,ok,708.0,1950.0,2.17,"[-0.8, -1.2, 1.6]","[0.0, -0.0, 0.0]",1.693,1.8,0.16,1.824,1.534,13.0,40.0,SASDM86_fit1_model1.pdb,
SASDM87,ok,732.0,500.0,12.31,"[0.0, 0.0, -12.2]","[0.1, 0.0, 0.1]",10.219,9.424,0.518,9.563,5.286,68.5,48.0,SASDM87_fit1_model1.pdb,
SASDM93,ok,404.0,550.0,1.16,"[0.2, -0.4, -1.0]","[-0.0, 0.0, 0.0]",2.726,2.335,0.564,2.965,1.173,34.5,20.5,SASDM93_fit1_model1.pdb,
SASDM95,ok,808.0,4264.0,0.95,"[-0.5, 0.5, -0.6]","[-0.0, -0.0, 0.0]",5.592,4.635,0.171,11.599,4.992,3.0,0.0,SASDM95_fit1_model1.pdb,
SASDM96,ok,781.0,1570.0,13.23,"[-4.6, 3.2, 12.0]","[-0.0, -0.0, 0.0]",4.548,4.71,0.594,4.699,4.178,32.5,53.0,SASDM96_fit1_model1.pdb,
SASDM97,ok,274.0,859.0,30.7,"[21.2, 14.0, -17.2]","[0.0, -0.0, 0.0]",12.546,15.776,0.602,15.224,10.832,9.0,67.5,SASDM97_fit1_model1.pdb,
SASDMA3,ok,259.0,558.0,0.65,"[0.5, -0.2, -0.3]","[-0.0, -0.0, -0.1]",3.089,3.448,0.375,3.315,2.178,37.5,57.0,SASDMA3_fit1_model1.pdb,
SASDMA5,ok,60.0,1441.0,25.9,"[10.8, 20.6, -11.4]","[0.0, -0.0, -0.0]",11.715,15.161,0.917,15.095,11.453,0.5,54.5,SASDMA5_fit1_model1.pdb,
SASDMA6,ok,714.0,1098.0,45.43,"[27.2, 27.6, 23.8]","[0.0, 0.0, -0.0]",34.138,33.998,1.0,33.761,30.583,66.5,61.0,SASDMA6_fit1_model1.pdb,
SASDMA7,ok,327.0,171.0,23.58,"[-7.6, -11.1, -7.7]","[5.6, 3.2, 5.6]",41.564,47.171,0.994,41.691,39.508,45.5,87.5,SASDMA7_fit1_model1.pdb,
SASDMA9,ok,1598.0,1621.0,57.26,"[28.0, -48.5, -12.0]","[-0.0, -0.0, -0.0]",27.229,27.247,0.891,25.686,22.813,97.0,97.0,SASDMA9_fit1_model1.pdb,
SASDMB3,ok,180.0,310.0,1.9,"[0.4, -1.5, -1.2]","[0.1, -0.1, 0.1]",3.196,4.012,0.561,3.679,1.311,30.0,85.0,SASDMB3_fit1_model1.pdb,
SASDMB6,ok,706.0,1363.0,0.03,"[0.0, -0.0, -0.0]","[0.0, 0.0, -0.0]",1.905,1.871,0.261,2.055,1.557,27.0,23.0,SASDMB6_fit1_model1.pdb,
SASDMB7,ok,1496.0,781.0,0.04,"[-0.0, -0.0, -0.0]","[0.0, 0.0, -0.0]",13.186,13.068,0.509,10.989,6.948,94.5,92.5,SASDMB7_fit1_model1.pdb,
SASDMC2,ok,131.0,201.0,17.89,"[3.0, -12.0, -15.7]","[0.6, -0.6, -2.1]",7.348,8.384,0.687,8.549,7.082,3.0,42.5,SASDMC2_fit1_model1.pdb,
SASDMC2,ok,6450.0,201.0,3.82,"[-0.3, 1.7, -5.1]","[0.6, -0.6, -2.1]",4.407,4.153,0.428,3.79,3.071,100.0,96.0,SASDMC2_fit2_model1.pdb,
SASDMC4,ok,723.0,4848.0,38.56,"[-3.2, 0.1, 38.4]","[-0.0, -0.0, 0.0]",13.637,14.188,0.506,16.335,9.085,33.5,36.0,SASDMC4_fit1_model1.pdb,
SASDMC4,ok,702.0,4848.0,37.82,"[-3.0, -1.0, 37.7]","[-0.0, -0.0, 0.0]",13.354,13.942,0.49,16.102,8.817,34.5,35.5,SASDMC4_fit2_model1.pdb,
SASDMC6,ok,678.0,1683.0,2.23,"[-1.1, 1.9, -0.2]","[-0.0, -0.0, -0.0]",2.169,2.081,0.119,2.078,1.916,96.5,54.0,SASDMC6_fit1_model1.pdb,
SASDMC7,ok,595.0,246.0,8.19,"[6.4, 4.3, 1.5]","[-0.3, -0.0, -0.3]",17.273,12.931,0.64,18.854,7.358,37.0,15.0,SASDMC7_fit1_model1.pdb,
SASDMC9,ok,440.0,762.0,95.69,"[7.8, 33.2, -89.4]","[0.0, -0.0, -0.0]",39.827,61.546,0.934,61.774,40.739,0.0,46.5,SASDMC9_fit1_model1.pdb,
SASDMD2,ok,131.0,193.0,21.07,"[3.0, -12.0, -15.7]","[-1.1, -0.6, 1.6]",10.107,11.591,0.786,11.279,9.868,4.5,68.0,SASDMD2_fit1_model1.pdb,
SASDMD2,ok,6450.0,193.0,7.04,"[-0.3, 1.7, -5.1]","[-1.1, -0.6, 1.6]",4.599,4.143,0.537,4.34,3.915,90.5,16.5,SASDMD2_fit2_model1.pdb,
SASDMD3,ok,227.0,520.0,0.32,"[0.3, 0.1, -0.1]","[0.1, -0.0, 0.1]",4.143,4.866,0.634,3.773,2.476,67.5,94.5,SASDMD3_fit1_model1.pdb,
SASDMD4,ok,700.0,1812.0,38.44,"[-3.3, 0.3, 38.3]","[0.0, -0.0, -0.0]",24.152,22.34,0.783,24.018,20.403,52.5,21.0,SASDMD4_fit1_model1.pdb,
SASDMD6,ok,621.0,1424.0,0.34,"[-0.3, -0.1, -0.2]","[-0.0, -0.0, 0.0]",2.467,2.881,0.312,2.512,1.796,46.0,95.5,SASDMD6_fit1_model1.pdb,
SASDME2,ok,131.0,202.0,20.74,"[3.0, -12.0, -15.7]","[0.6, -0.3, 1.3]",9.332,10.598,0.794,10.571,9.231,2.5,51.5,SASDME2_fit1_model1.pdb,
SASDME2,ok,6450.0,202.0,6.71,"[-0.3, 1.7, -5.1]","[0.6, -0.3, 1.3]",4.457,4.458,0.438,4.226,3.798,91.5,91.5,SASDME2_fit2_model1.pdb,
SASDME3,ok,490.0,512.0,0.95,"[0.6, 0.4, -0.5]","[-0.0, -0.0, 0.0]",2.415,2.602,0.5,2.842,1.935,18.0,31.0,SASDME3_fit1_model1.pdb,
SASDME4,ok,674.0,1898.0,86.66,"[75.6, 0.0, 42.3]","[0.0, -0.0, -0.0]",52.293,53.634,1.0,55.698,42.912,32.0,40.0,SASDME4_fit1_model1.pdb,
SASDME6,ok,879.0,1155.0,48.25,"[27.9, 27.9, 27.9]","[0.0, 0.0, 0.0]",30.442,28.935,1.0,30.278,27.647,55.5,10.0,SASDME6_fit1_model1.pdb,
SASDMF2,ok,131.0,230.0,20.27,"[3.0, -12.0, -15.7]","[0.4, -0.2, 0.6]",9.607,10.678,0.771,10.48,9.255,7.0,63.0,SASDMF2_fit1_model1.pdb,
SASDMF2,ok,6450.0,230.0,6.07,"[-0.3, 1.7, -5.1]","[0.4, -0.2, 0.6]",4.352,4.172,0.383,4.129,3.664,88.5,59.5,SASDMF2_fit2_model1.pdb,
SASDMF3,ok,223.0,661.0,3.0,"[-0.0, 1.2, -2.7]","[0.0, -0.0, 0.0]",5.688,5.335,0.798,4.232,2.831,98.0,90.5,SASDMF3_fit1_model1.pdb,
SASDMF6,ok,718.0,1262.0,1.57,"[-0.0, 1.3, 1.0]","[0.0, 0.0, -0.0]",2.302,2.308,0.291,2.271,1.886,57.0,58.0,SASDMF6_fit1_model1.pdb,
SASDMG2,ok,131.0,178.0,19.79,"[3.0, -12.0, -15.7]","[1.9, 0.7, -0.5]",9.354,10.487,0.756,10.262,8.91,8.0,66.0,SASDMG2_fit1_model1.pdb,
SASDMG2,ok,6450.0,178.0,5.14,"[-0.3, 1.7, -5.1]","[1.9, 0.7, -0.5]",4.451,4.572,0.41,4.153,3.71,90.0,96.5,SASDMG2_fit2_model1.pdb,
SASDMG3,ok,366.0,970.0,36.98,"[24.6, 20.9, 18.1]","[-0.0, -0.0, 0.0]",17.637,20.582,0.855,19.308,17.477,1.0,96.0,SASDMG3_fit1_model1.pdb,
SASDMG4,ok,783.0,1797.0,81.07,"[39.1, 32.4, -63.2]","[0.0, 0.0, 0.0]",46.604,53.715,1.0,54.928,37.947,17.0,42.5,SASDMG4_fit1_model1.pdb,
SASDMG4,ok,783.0,1797.0,67.78,"[31.5, -13.2, -58.6]","[0.0, 0.0, 0.0]",40.32,43.238,1.0,40.021,35.89,61.5,94.5,SASDMG4_fit1_model2.pdb,
SASDMG4,ok,783.0,1797.0,81.95,"[13.7, -28.2, -75.7]","[0.0, 0.0, 0.0]",48.296,54.184,1.0,55.604,43.262,8.5,39.5,SASDMG4_fit1_model3.pdb,
SASDMG4,ok,783.0,1797.0,66.92,"[14.0, 4.1, -65.3]","[0.0, 0.0, 0.0]",44.033,46.242,1.0,43.018,37.114,75.0,94.5,SASDMG4_fit1_model4.pdb,
SASDMG6,ok,613.0,2222.0,46.45,"[-29.8, -13.0, -33.2]","[-0.0, -0.0, 0.0]",30.118,30.977,1.0,30.705,27.953,32.0,57.0,SASDMG6_fit1_model1.pdb,
SASDMG8,ok,544.0,344.0,35.76,"[27.3, -7.5, 23.7]","[4.6, 3.3, -1.7]",24.737,24.053,0.881,23.673,18.213,62.5,55.0,SASDMG8_fit1_model1.pdb,
SASDMG9,ok,1089.0,1407.0,0.56,"[0.5, 0.3, 0.0]","[-0.0, 0.0, -0.0]",3.473,3.513,0.253,3.823,2.587,28.0,30.5,SASDMG9_fit1_model1.pdb,
SASDMG9,ok,5650.0,1407.0,0.01,"[-0.0, -0.0, 0.0]","[-0.0, 0.0, -0.0]",4.328,4.158,0.378,3.782,2.507,83.0,71.0,SASDMG9_fit1_model2.pdb,
SASDMH2,ok,3381.0,1553.0,0.0,"[-0.0, -0.0, 0.0]","[0.0, -0.0, 0.0]",1.721,1.477,0.244,2.017,1.219,25.5,10.5,SASDMH2_fit1_model1.pdb,
SASDMH2,ok,1732.0,1553.0,0.21,"[-0.2, -0.1, -0.0]","[0.0, -0.0, 0.0]",1.32,2.244,0.118,1.978,1.23,3.0,92.5,SASDMH2_fit1_model2.pdb,
SASDMH2,ok,3577.0,1553.0,0.38,"[0.1, 0.2, -0.3]","[0.0, -0.0, 0.0]",1.786,2.406,0.503,2.236,1.728,3.0,84.5,SASDMH2_fit1_model3.pdb,
SASDMH2,ok,129.0,1553.0,19.99,"[3.0, -12.0, -15.7]","[0.0, -0.0, 0.0]",9.867,9.963,0.868,10.177,9.339,12.0,25.5,SASDMH2_fit2_model1.pdb,
SASDMH2,ok,131.0,1553.0,19.95,"[3.0, -12.0, -15.7]","[0.0, -0.0, 0.0]",9.513,10.668,0.786,10.399,9.104,5.5,66.0,SASDMH2_fit3_model1.pdb,
SASDMH3,ok,181.0,2039.0,34.27,"[15.8, 19.8, 23.1]","[0.0, -0.0, -0.0]",17.052,22.711,0.762,20.614,16.197,2.0,92.0,SASDMH3_fit1_model1.pdb,
SASDMH6,ok,709.0,1226.0,0.38,"[0.3, -0.3, 0.1]","[0.0, 0.0, 0.0]",2.145,2.092,0.206,2.342,1.819,19.0,12.5,SASDMH6_fit1_model1.pdb,
SASDMH8,ok,544.0,4113.0,36.91,"[27.3, -7.5, 23.7]","[0.0, 0.0, 0.0]",16.954,20.559,0.759,21.492,16.115,4.0,35.5,SASDMH8_fit1_model1.pdb,
SASDMH9,ok,204.0,1662.0,41.04,"[-29.8, -27.1, 7.9]","[-0.0, 0.0, 0.0]",18.888,19.69,0.843,20.669,17.756,11.0,25.5,SASDMH9_fit1_model1.pdb,
SASDMH9,ok,282.0,1662.0,72.12,"[37.8, 45.6, 41.1]","[-0.0, 0.0, 0.0]",47.996,45.283,1.0,45.679,40.218,90.0,41.0,SASDMH9_fit2_model1.pdb,
SASDMJ2,ok,2072.0,982.0,0.02,"[0.0, 0.0, -0.0]","[-0.0, 0.0, 0.0]",2.269,2.434,0.229,2.468,1.801,21.0,43.5,SASDMJ2_fit1_model1.pdb,
SASDMJ2,ok,1056.0,982.0,0.5,"[-0.2, -0.3, -0.4]","[-0.0, 0.0, 0.0]",2.322,2.442,0.2,2.346,1.913,44.5,68.0,SASDMJ2_fit1_model2.pdb,
SASDMJ2,ok,3674.0,982.0,0.71,"[-0.5, 0.1, -0.5]","[-0.0, 0.0, 0.0]",2.491,2.548,0.577,2.509,2.28,42.5,61.5,SASDMJ2_fit1_model3.pdb,
SASDMJ2,ok,129.0,982.0,20.0,"[3.0, -12.0, -15.7]","[-0.0, 0.0, 0.0]",9.13,9.229,0.829,9.393,8.381,28.5,35.0,SASDMJ2_fit2_model1.pdb,
SASDMJ2,ok,131.0,982.0,19.96,"[3.0, -12.0, -15.7]","[-0.0, 0.0, 0.0]",8.629,9.888,0.733,9.629,8.341,4.5,66.5,SASDMJ2_fit3_model1.pdb,
SASDMJ3,ok,180.0,1768.0,44.48,"[3.8, -0.2, 44.3]","[0.0, 0.0, -0.0]",26.587,27.09,0.983,31.585,26.001,2.5,6.0,SASDMJ3_fit1_model1.pdb,
SASDMJ4,ok,839.0,169.0,31.45,"[-0.1, -0.0, 0.1]","[3.8, -23.9, -20.0]",153.8,146.853,0.998,148.382,140.04,93.0,35.0,SASDMJ4_fit1_model1.pdb,
SASDMJ6,ok,1116.0,1333.0,51.34,"[30.5, 31.1, 27.2]","[-0.0, -0.0, -0.0]",37.885,33.904,1.0,36.746,33.47,76.5,1.0,SASDMJ6_fit1_model1.pdb,
SASDMK2,ok,1729.0,803.0,0.09,"[0.0, -0.0, 0.0]","[-0.0, 0.0, -0.1]",2.885,2.687,0.312,2.619,2.068,94.0,63.0,SASDMK2_fit1_model1.pdb,
SASDMK2,ok,510.0,803.0,0.29,"[-0.3, -0.1, -0.1]","[-0.0, 0.0, -0.1]",2.485,2.582,0.141,2.534,2.135,38.0,64.0,SASDMK2_fit1_model2.pdb,
SASDMK2,ok,2407.0,803.0,0.76,"[0.1, 0.3, -0.8]","[-0.0, 0.0, -0.1]",2.86,2.857,0.597,2.886,2.587,39.0,38.0,SASDMK2_fit1_model3.pdb,
SASDMK2,ok,129.0,803.0,19.95,"[3.0, -12.0, -15.7]","[-0.0, 0.0, -0.1]",8.94,10.18,0.76,9.945,8.542,4.0,68.0,SASDMK2_fit2_model1.pdb,
SASDMK2,ok,131.0,803.0,19.9,"[3.0, -12.0, -15.7]","[-0.0, 0.0, -0.1]",8.78,10.311,0.763,9.938,8.478,1.0,74.0,SASDMK2_fit3_model1.pdb,
SASDMK6,ok,1234.0,1230.0,60.01,"[35.2, 37.2, 31.2]","[-0.0, 0.0, 0.0]",41.885,45.585,1.0,44.085,40.824,5.5,79.5,SASDMK6_fit1_model1.pdb,
SASDMK7,ok,251.0,1728.0,3.14,"[-0.0, -0.0, -3.1]","[0.0, 0.0, -0.0]",42.011,42.305,0.649,34.466,11.791,84.5,88.5,SASDMK7_fit1_model1.pdb,
SASDML2,ok,290.0,193.0,0.71,"[0.4, 0.5, -1.3]","[0.5, 0.0, -0.7]",3.54,3.587,0.276,3.695,3.189,25.5,31.0,SASDML2_fit1_model1.pdb,
SASDML2,ok,590.0,193.0,0.59,"[-0.0, -0.3, -0.8]","[0.5, 0.0, -0.7]",3.009,3.214,0.186,3.135,2.732,21.0,72.5,SASDML2_fit1_model2.pdb,
SASDML2,ok,2905.0,193.0,3.23,"[-0.3, -0.6, 2.3]","[0.5, 0.0, -0.7]",2.959,3.177,0.528,3.071,2.832,14.0,89.0,SASDML2_fit1_model3.pdb,
SASDML2,ok,129.0,193.0,19.39,"[3.0, -12.0, -15.7]","[0.5, 0.0, -0.7]",8.506,9.82,0.752,9.363,7.677,12.5,80.0,SASDML2_fit2_model1.pdb,
SASDML2,ok,131.0,193.0,19.34,"[3.0, -12.0, -15.7]","[0.5, 0.0, -0.7]",8.356,9.812,0.74,9.319,7.929,9.5,75.0,SASDML2_fit3_model1.pdb,
SASDML4,ok,524.0,396.0,0.11,"[-0.0, -0.2, -0.1]","[-0.1, -0.1, -0.1]",139.338,140.333,0.998,137.921,134.234,74.0,88.5,SASDML4_fit1_model1.pdb,
SASDML6,ok,1399.0,909.0,61.75,"[35.9, 33.3, 37.6]","[-0.0, -0.0, 0.0]",46.414,42.565,1.0,43.086,38.529,99.5,41.0,SASDML6_fit1_model1.pdb,
SASDML8,coordenadas_vazias,,,,,,,,,,,,,SASDML8_fit1_model1.pdb,
SASDMM2,ok,4586.0,936.0,0.05,"[-0.0, 0.0, -0.0]","[-0.0, 0.0, -0.0]",17.422,17.144,0.219,19.763,9.538,22.0,20.0,SASDMM2_fit1_model1.pdb,
SASDMM4,ok,549.0,1475.0,1.48,"[1.5, 0.2, 0.2]","[0.0, 0.0, 0.0]",7.864,8.044,0.63,7.287,4.555,61.0,63.5,SASDMM4_fit1_model1.pdb,
SASDMM4,ok,788.0,1475.0,1.29,"[1.2, -0.2, -0.2]","[0.0, 0.0, 0.0]",7.939,8.107,0.662,7.4,4.383,61.0,63.0,SASDMM4_fit1_model2.pdb,
SASDMM7,ok,680.0,1022.0,13.54,"[-10.1, 1.8, 8.9]","[0.0, -0.0, 0.0]",9.26,10.536,0.493,8.887,5.765,60.0,93.5,SASDMM7_fit1_model1.pdb,
SASDMM7,ok,676.0,1022.0,36.39,"[-35.9, -3.8, -4.5]","[0.0, -0.0, 0.0]",16.554,16.92,0.768,16.303,14.18,57.0,67.0,SASDMM7_fit2_model1.pdb,
SASDMM8,coordenadas_vazias,,,,,,,,,,,,,SASDMM8_fit1_model1.pdb,
SASDMM9,ok,1532.0,1391.0,75.56,"[51.9, 53.9, 10.7]","[0.0, 0.0, 0.0]",36.517,35.016,0.931,33.481,29.955,86.0,75.5,SASDMM9_fit1_model1.pdb,
SASDMM9,ok,6283.0,1391.0,0.01,"[0.0, -0.0, -0.0]","[0.0, 0.0, 0.0]",4.002,4.101,0.193,4.345,3.524,18.5,24.0,SASDMM9_fit2_model1.pdb,
SASDMN3,ok,528.0,305.0,5.32,"[-3.1, 4.2, 1.4]","[-0.1, 0.0, 0.2]",29.406,36.062,0.716,29.136,8.65,50.5,99.0,SASDMN3_fit1_model1.pdb,
SASDMN3,ok,387.0,305.0,3.26,"[-0.9, 1.5, -2.6]","[-0.1, 0.0, 0.2]",35.303,28.09,0.716,25.658,9.356,98.0,62.5,SASDMN3_fit1_model2.pdb,
SASDMN4,ok,950.0,1981.0,3.92,"[-0.3, -3.8, 0.9]","[0.0, 0.0, 0.0]",6.141,5.798,0.475,5.525,2.615,65.0,57.5,SASDMN4_fit1_model1.pdb,
SASDMN4,ok,883.0,1981.0,3.57,"[-0.1, -3.5, 0.8]","[0.0, 0.0, 0.0]",6.286,6.044,0.507,5.731,2.685,63.5,59.5,SASDMN4_fit1_model2.pdb,
SASDMN6,ok,2070.0,3653.0,76.57,"[50.9, 42.2, 38.7]","[-0.0, -0.0, -0.0]",50.531,47.382,1.0,55.386,46.056,8.0,3.5,SASDMN6_fit1_model1.pdb,
SASDMN7,ok,680.0,1015.0,13.27,"[7.5, -9.8, 4.9]","[0.0, 0.0, -0.0]",9.691,10.891,0.472,8.988,6.171,71.0,97.0,SASDMN7_fit1_model1.pdb,
SASDMN7,ok,676.0,1015.0,36.4,"[-35.9, -3.8, -4.5]","[0.0, 0.0, -0.0]",15.696,17.159,0.706,17.1,13.879,17.0,52.0,SASDMN7_fit2_model1.pdb,
SASDMN9,ok,197.0,1217.0,89.08,"[47.7, 72.4, 20.4]","[-0.0, 0.0, -0.0]",64.995,59.42,1.0,65.447,54.778,47.0,15.0,SASDMN9_fit1_model1.pdb,
SASDMN9,ok,901.0,1217.0,89.72,"[47.3, 73.7, 19.3]","[-0.0, 0.0, -0.0]",64.815,57.705,1.0,64.845,51.308,50.0,12.0,SASDMN9_fit2_model1.pdb,
SASDMP2,ok,946.0,404.0,31.63,"[26.6, -4.7, 16.4]","[-0.1, 0.0, 0.0]",43.657,50.121,0.683,56.163,23.934,25.5,37.5,SASDMP2_fit1_model1.pdb,
SASDMP3,ok,818.0,1352.0,3.58,"[0.3, -1.8, -3.1]","[0.0, 0.0, 0.0]",20.14,16.813,0.502,18.252,9.958,66.0,38.5,SASDMP3_fit1_model1.pdb,
SASDMP3,ok,778.0,1352.0,2.81,"[0.3, -0.9, -2.7]","[0.0, 0.0, 0.0]",22.64,19.067,0.648,17.846,9.988,85.5,57.5,SASDMP3_fit1_model2.pdb,
SASDMP4,ok,371.0,236.0,5.7,"[2.7, -1.3, 4.9]","[0.2, -0.0, -0.1]",24.833,21.95,0.809,20.227,6.405,96.0,67.0,SASDMP4_fit1_model1.pdb,
SASDMP4,ok,232.0,236.0,4.2,"[2.7, -1.5, 2.9]","[0.2, -0.0, -0.1]",24.709,22.913,0.789,20.302,6.741,95.0,73.5,SASDMP4_fit1_model2.pdb,
SASDMP7,ok,700.0,994.0,37.87,"[-37.5, -2.1, -5.1]","[-0.0, 0.0, 0.0]",14.548,17.321,0.691,16.576,12.675,13.5,65.5,SASDMP7_fit1_model1.pdb,
SASDMP7,ok,676.0,994.0,36.39,"[-35.9, -3.8, -4.5]","[-0.0, 0.0, 0.0]",14.112,16.051,0.734,15.549,12.523,19.0,61.5,SASDMP7_fit2_model1.pdb,
SASDMP8,coordenadas_vazias,,,,,,,,,,,,,SASDMP8_fit1_model1.pdb,
SASDMP9,ok,291.0,232.0,41.65,"[-19.8, -0.3, 36.7]","[-0.1, -0.2, 0.0]",32.065,22.628,0.928,25.748,14.77,99.0,32.5,SASDMP9_fit1_model1.pdb,
SASDMP9,ok,536.0,232.0,41.12,"[-16.7, 1.4, 37.6]","[-0.1, -0.2, 0.0]",29.926,21.349,0.899,25.351,14.151,95.0,28.5,SASDMP9_fit2_model1.pdb,
SASDMQ2,ok,484.0,801.0,111.78,"[-30.5, -93.9, 52.5]","[-0.0, -0.0, 0.0]",67.541,79.992,0.994,87.118,65.785,1.5,24.0,SASDMQ2_fit1_model1.pdb,
SASDMQ2,ok,484.0,801.0,116.84,"[58.3, -101.3, 1.6]","[-0.0, -0.0, 0.0]",77.337,77.267,1.0,98.015,73.806,3.0,2.5,SASDMQ2_fit1_model2.pdb,
SASDMQ2,ok,484.0,801.0,41.58,"[10.9, -30.9, 25.6]","[-0.0, -0.0, 0.0]",34.538,31.613,0.905,31.177,24.613,81.0,52.5,SASDMQ2_fit1_model3.pdb,
SASDMQ3,ok,832.0,994.0,2.04,"[-1.1, -0.8, -1.5]","[-0.0, 0.0, 0.0]",9.464,5.305,0.436,7.399,4.129,86.5,10.5,SASDMQ3_fit1_model1.pdb,
SASDMQ3,ok,1838.0,994.0,2.19,"[-1.7, -0.7, 1.3]","[-0.0, 0.0, 0.0]",6.207,6.243,0.396,6.551,3.831,35.5,38.0,SASDMQ3_fit1_model2.pdb,
SASDMQ4,ok,387.0,2692.0,5.9,"[-0.9, -5.8, 0.6]","[-0.0, -0.0, 0.0]",13.204,12.707,0.641,12.649,4.184,56.5,51.0,SASDMQ4_fit1_model1.pdb,
SASDMQ4,ok,227.0,2692.0,6.19,"[-0.7, -6.1, 0.7]","[-0.0, -0.0, 0.0]",13.799,13.041,0.67,13.366,4.688,54.5,48.0,SASDMQ4_fit1_model2.pdb,
SASDMQ7,ok,680.0,1947.0,15.34,"[-13.3, -6.8, -3.7]","[-0.0, 0.0, -0.0]",12.629,12.14,0.625,9.322,6.12,99.0,97.5,SASDMQ7_fit1_model1.pdb,
SASDMQ7,ok,676.0,1947.0,36.38,"[-35.9, -3.8, -4.5]","[-0.0, 0.0, -0.0]",14.118,14.222,0.624,14.673,11.489,35.0,40.0,SASDMQ7_fit2_model1.pdb,
SASDMQ7,ok,676.0,1947.0,36.38,"[-35.9, -3.8, -4.5]","[-0.0, 0.0, -0.0]",13.884,14.233,0.596,14.972,11.39,23.0,33.5,SASDMQ7_fit3_model1.pdb,
SASDMQ8,coordenadas_vazias,,,,,,,,,,,,,SASDMQ8_fit1_model1.pdb,
SASDMQ9,ok,285.0,225.0,0.83,"[-0.7, -0.0, -0.2]","[0.1, 0.0, 0.1]",18.549,13.52,0.702,20.035,6.492,38.0,14.0,SASDMQ9_fit1_model1.pdb,
SASDMQ9,ok,550.0,225.0,1.56,"[0.0, 0.5, -1.4]","[0.1, 0.0, 0.1]",17.787,14.418,0.715,20.093,6.51,35.5,19.5,SASDMQ9_fit2_model1.pdb,
SASDMR2,ok,715.0,2632.0,5.82,"[-1.3, 0.6, 5.6]","[-0.0, -0.0, -0.0]",9.823,9.53,0.252,16.844,8.597,3.5,3.0,SASDMR2_fit1_model1.pdb,
SASDMR3,ok,1375.0,1391.0,1.35,"[0.5, 0.8, -0.9]","[-0.0, -0.0, 0.0]",3.143,3.142,0.375,2.405,1.482,91.0,91.0,SASDMR3_fit1_model1.pdb,
SASDMR3,ok,2014.0,1391.0,1.44,"[-1.4, 0.2, 0.4]","[-0.0, -0.0, 0.0]",2.734,1.849,0.39,2.374,1.419,74.0,13.0,SASDMR3_fit1_model2.pdb,
SASDMR4,ok,457.0,231.0,4.39,"[2.6, 0.5, 3.6]","[0.1, -0.1, -0.0]",21.076,9.557,0.744,21.361,5.147,47.5,6.0,SASDMR4_fit1_model1.pdb,
SASDMR4,ok,188.0,231.0,4.38,"[2.4, -0.4, 3.7]","[0.1, -0.1, -0.0]",20.798,9.897,0.723,21.862,6.355,44.5,2.5,SASDMR4_fit1_model2.pdb,
SASDMR5,ok,2048.0,1300.0,9.35,"[0.0, -0.0, 9.4]","[-0.0, -0.0, 0.0]",5.876,5.905,0.202,8.631,5.772,2.0,3.0,SASDMR5_fit1_model1.pdb,
SASDMR6,ok,1059.0,3589.0,0.13,"[0.0, -0.1, -0.0]","[0.0, 0.0, 0.0]",2.309,2.536,0.185,5.187,1.627,3.5,5.5,SASDMR6_fit1_model1.pdb,
SASDMR6,ok,734.0,3589.0,0.01,"[0.0, -0.0, 0.0]","[0.0, 0.0, 0.0]",2.626,2.803,0.222,5.353,1.848,5.0,5.5,SASDMR6_fit1_model2.pdb,
SASDMR7,ok,680.0,2105.0,13.98,"[7.2, 12.0, 0.1]","[-0.0, 0.0, -0.0]",12.703,12.875,0.606,9.301,6.053,100.0,100.0,SASDMR7_fit1_model1.pdb,
SASDMR7,ok,676.0,2105.0,36.38,"[-35.9, -3.8, -4.5]","[-0.0, 0.0, -0.0]",17.824,19.266,0.595,17.922,14.647,49.0,74.5,SASDMR7_fit2_model1.pdb,
SASDMR7,ok,676.0,2105.0,36.38,"[-35.9, -3.8, -4.5]","[-0.0, 0.0, -0.0]",17.863,19.135,0.614,18.579,14.245,41.0,59.5,SASDMR7_fit3_model1.pdb,
SASDMS2,ok,704.0,1877.0,4.72,"[4.6, 1.0, -0.3]","[-0.0, -0.0, -0.0]",30.713,30.768,0.568,26.463,7.45,90.0,90.0,SASDMS2_fit1_model1.pdb,
SASDMS3,ok,916.0,768.0,3.07,"[-0.8, -2.9, -0.5]","[0.0, -0.0, 0.0]",5.29,7.97,0.324,6.66,4.343,16.0,88.0,SASDMS3_fit1_model1.pdb,
SASDMS3,ok,1121.0,768.0,3.27,"[0.5, -0.2, -3.2]","[0.0, -0.0, 0.0]",7.633,6.72,0.524,6.866,4.072,76.5,47.5,SASDMS3_fit1_model2.pdb,
SASDMS4,ok,287.0,1823.0,60.58,"[44.4, -5.6, 40.8]","[0.0, 0.0, 0.0]",34.488,42.418,0.944,41.095,34.163,1.0,64.0,SASDMS4_fit1_model1.pdb,
SASDMS5,ok,1018.0,66.0,13.31,"[-12.7, 2.2, -1.4]","[0.3, -0.2, -0.3]",42.182,42.393,1.0,43.956,37.919,35.0,36.0,SASDMS5_fit1_model1.pdb,
SASDMS5,ok,1022.0,66.0,46.15,"[-31.7, 19.9, -26.7]","[0.3, -0.2, -0.3]",65.865,64.242,1.0,55.516,41.844,91.5,85.0,SASDMS5_fit1_model2.pdb,
SASDMS5,ok,1018.0,66.0,60.52,"[-14.1, 48.2, 33.0]","[0.3, -0.2, -0.3]",49.707,59.906,1.0,51.094,40.797,41.0,81.0,SASDMS5_fit1_model3.pdb,
SASDMS5,ok,1018.0,66.0,102.46,"[62.9, 80.9, -2.1]","[0.3, -0.2, -0.3]",82.685,82.797,1.0,80.625,55.806,56.5,57.0,SASDMS5_fit1_model4.pdb,
SASDMS5,ok,1018.0,66.0,78.41,"[-77.4, 9.7, -3.3]","[0.3, -0.2, -0.3]",71.416,71.393,1.0,69.792,51.818,58.5,58.5,SASDMS5_fit1_model5.pdb,
SASDMS6,ok,516.0,1353.0,104.92,"[66.6, 77.1, 25.0]","[-0.0, 0.0, 0.0]",69.938,74.377,1.0,71.833,64.622,18.0,85.5,SASDMS6_fit1_model1.pdb,
SASDMS7,ok,680.0,2188.0,14.24,"[-13.9, 0.9, -3.1]","[-0.0, -0.0, 0.0]",10.864,11.459,0.612,9.706,5.768,71.5,84.5,SASDMS7_fit1_model1.pdb,
SASDMS7,ok,676.0,2188.0,36.38,"[-35.9, -3.8, -4.5]","[-0.0, -0.0, 0.0]",15.257,16.404,0.713,16.177,12.843,34.0,53.5,SASDMS7_fit2_model1.pdb,
SASDMS7,ok,676.0,2188.0,36.38,"[-35.9, -3.8, -4.5]","[-0.0, -0.0, 0.0]",15.216,16.765,0.682,16.768,12.452,26.0,50.0,SASDMS7_fit3_model1.pdb,
SASDMT3,ok,285.0,963.0,18.39,"[17.7, 1.4, 4.7]","[0.0, 0.0, -0.0]",11.692,11.326,0.077,12.72,11.165,10.5,0.5,SASDMT3_fit1_model1.pdb,
SASDMT3,ok,567.0,963.0,24.47,"[13.9, 19.4, -5.4]","[0.0, 0.0, -0.0]",12.636,12.125,0.411,13.385,10.953,29.5,20.5,SASDMT3_fit1_model2.pdb,
SASDMT3,ok,1134.0,963.0,19.43,"[0.0, 19.4, 0.0]","[0.0, 0.0, -0.0]",9.27,10.108,0.403,10.192,9.022,7.0,47.0,SASDMT3_fit1_model3.pdb,
SASDMT3,ok,2268.0,963.0,19.5,"[0.0, 19.5, -0.0]","[0.0, 0.0, -0.0]",14.194,13.602,0.673,14.313,9.751,49.0,41.5,SASDMT3_fit1_model4.pdb,
SASDMT4,ok,1137.0,1882.0,13.53,"[13.2, 2.2, -1.7]","[-0.0, 0.0, 0.0]",15.354,14.602,0.594,14.973,7.027,57.5,47.0,SASDMT4_fit1_model1.pdb,
SASDMT5,ok,379.0,48.0,29.7,"[15.5, 22.0, -27.9]","[8.1, 23.4, 0.9]",35.814,35.656,0.821,32.838,25.578,80.0,77.0,SASDMT5_fit1_model1.pdb,
SASDMT5,ok,379.0,48.0,39.7,"[5.1, 54.0, -24.3]","[8.1, 23.4, 0.9]",31.407,34.068,0.815,37.569,24.878,22.5,34.0,SASDMT5_fit1_model2.pdb,
SASDMT5,ok,379.0,48.0,104.94,"[-33.0, -55.4, -54.9]","[8.1, 23.4, 0.9]",70.133,79.161,1.0,70.834,53.387,46.5,96.5,SASDMT5_fit1_model3.pdb,
SASDMT6,ok,461.0,4353.0,20.48,"[0.1, -0.1, 20.5]","[0.0, 0.0, 0.0]",11.553,11.98,0.154,10.885,9.085,86.5,98.0,SASDMT6_fit1_model1.pdb,
SASDMT7,ok,438.0,1544.0,20.65,"[10.2, 4.9, 17.3]","[0.0, 0.0, -0.0]",6.894,8.029,0.493,7.123,6.302,24.5,98.0,SASDMT7_fit1_model1.pdb,
SASDMU2,ok,1497.0,552.0,5.79,"[3.2, 4.7, -0.9]","[-0.0, -0.0, -0.0]",22.732,22.259,0.82,21.946,20.027,79.5,64.0,SASDMU2_fit1_model1.pdb,
SASDMU3,ok,350.0,3572.0,2.59,"[1.7, -1.9, -0.5]","[0.0, 0.0, 0.0]",14.953,15.958,0.48,14.697,4.056,56.0,71.0,SASDMU3_fit1_model1.pdb,
SASDMU3,ok,731.0,3572.0,0.07,"[-0.0, 0.0, 0.1]","[0.0, 0.0, 0.0]",15.554,17.14,0.554,14.391,5.197,73.0,98.0,SASDMU3_fit2_model1.pdb,
SASDMU4,ok,457.0,1099.0,33.91,"[-0.8, 1.7, 33.9]","[-0.0, -0.0, 0.0]",17.522,16.185,0.93,15.538,12.294,97.0,71.0,SASDMU4_fit1_model1.pdb,
SASDMU5,ok,316.0,1137.0,4.32,"[-1.6, -1.8, -3.6]","[-0.0, -0.0, 0.0]",15.303,14.925,0.44,19.749,9.789,14.0,12.0,SASDMU5_fit1_model1.pdb,
SASDMU6,ok,802.0,931.0,0.8,"[0.7, -0.3, -0.3]","[-0.0, 0.0, -0.0]",4.104,4.573,0.345,4.838,2.475,18.5,37.0,SASDMU6_fit1_model1.pdb,
SASDMU6,ok,568.0,931.0,1.11,"[1.0, -0.4, -0.2]","[-0.0, 0.0, -0.0]",4.352,4.827,0.366,4.968,2.636,20.5,41.5,SASDMU6_fit1_model2.pdb,
SASDMU7,ok,985.0,1335.0,42.3,"[29.6, -30.1, -3.2]","[0.0, -0.0, 0.0]",22.493,22.995,0.994,24.373,18.843,32.5,36.5,SASDMU7_fit1_model1.pdb,
SASDMU7,ok,604.0,1335.0,1.45,"[-1.0, 0.5, 0.9]","[0.0, -0.0, 0.0]",3.928,4.201,0.296,6.166,3.842,1.0,4.0,SASDMU7_fit2_model1.pdb,
SASDMV2,ok,1898.0,209.0,4.42,"[-4.1, 1.6, -0.7]","[-0.1, -0.1, -0.1]",26.96,25.634,0.817,26.134,21.516,60.0,43.0,SASDMV2_fit1_model1.pdb,
SASDMV4,ok,922.0,1517.0,61.88,"[1.7, 48.7, 38.1]","[0.0, 0.0, 0.0]",30.009,32.03,0.938,33.077,25.592,22.0,40.5,SASDMV4_fit1_model1.pdb,
SASDMV4,ok,922.0,1517.0,62.7,"[-7.3, 53.4, 32.1]","[0.0, 0.0, 0.0]",36.735,28.779,0.982,33.353,23.999,78.5,19.0,SASDMV4_fit2_model1.pdb,
SASDMV4,ok,922.0,1517.0,55.37,"[3.6, 40.1, 38.0]","[0.0, 0.0, 0.0]",28.279,30.843,0.921,32.138,25.788,18.5,41.0,SASDMV4_fit3_model1.pdb,
SASDMV5,ok,631.0,4685.0,2.93,"[-2.5, -1.0, 1.2]","[-0.0, -0.0, 0.0]",10.173,5.641,0.17,16.355,7.259,4.5,0.0,SASDMV5_fit1_model1.pdb,
SASDMV6,ok,1097.0,968.0,2.15,"[-0.9, 1.9, 0.5]","[0.0, -0.0, -0.0]",5.429,5.368,0.472,5.022,2.256,59.5,58.0,SASDMV6_fit1_model1.pdb,
SASDMV6,ok,771.0,968.0,3.09,"[-1.6, 2.4, 1.0]","[0.0, -0.0, -0.0]",6.001,5.881,0.484,5.458,2.422,66.0,61.0,SASDMV6_fit1_model2.pdb,
SASDMV7,ok,1085.0,1529.0,87.68,"[-0.6, 1.3, -87.7]","[0.0, 0.0, -0.0]",63.199,60.299,0.987,62.73,51.515,52.0,37.0,SASDMV7_fit1_model1.pdb,
SASDMV7,ok,2685.0,1529.0,0.02,"[0.0, -0.0, -0.0]","[0.0, 0.0, -0.0]",12.979,12.032,0.509,16.188,9.355,12.0,5.5,SASDMV7_fit2_model1.pdb,
SASDMW2,ok,139.0,804.0,14.22,"[-6.4, -10.4, 7.2]","[-0.0, -0.0, -0.0]",22.007,22.664,0.612,25.771,17.96,19.5,26.0,SASDMW2_fit1_model1.pdb,
SASDMW4,ok,420.0,2632.0,65.7,"[19.7, 27.1, 56.5]","[0.0, 0.0, -0.0]",31.946,30.129,0.962,36.401,22.941,30.0,20.0,SASDMW4_fit1_model1.pdb,
SASDMW4,ok,420.0,2632.0,57.13,"[-0.1, 37.3, 43.3]","[0.0, 0.0, -0.0]",42.037,31.225,0.988,36.02,26.019,77.0,26.0,SASDMW4_fit1_model2.pdb,
SASDMW4,ok,420.0,2632.0,61.7,"[23.9, 8.2, 56.3]","[0.0, 0.0, -0.0]",29.739,24.78,0.943,32.333,22.231,28.5,7.5,SASDMW4_fit1_model3.pdb,
SASDMW4,ok,420.0,2632.0,53.1,"[1.9, 38.1, 36.9]","[0.0, 0.0, -0.0]",37.583,35.888,0.964,32.881,22.457,84.0,72.0,SASDMW4_fit1_model4.pdb,
SASDMW4,ok,420.0,2632.0,65.1,"[1.8, 14.8, 63.4]","[0.0, 0.0, -0.0]",33.351,26.354,0.99,33.028,18.869,52.5,16.0,SASDMW4_fit1_model5.pdb,
SASDMW5,ok,534.0,1345.0,1.74,"[0.6, 0.6, 1.5]","[0.0, 0.0, 0.0]",10.475,10.86,0.33,9.94,6.766,64.0,73.5,SASDMW5_fit1_model1.pdb,
SASDMW6,ok,1093.0,1215.0,2.19,"[0.1, -2.2, 0.1]","[0.0, -0.0, -0.0]",4.531,6.311,0.134,5.766,4.346,1.5,80.5,SASDMW6_fit1_model1.pdb,
SASDMW6,ok,866.0,1215.0,2.89,"[0.4, -2.8, -0.3]","[0.0, -0.0, -0.0]",5.226,6.673,0.204,6.144,4.832,4.0,81.5,SASDMW6_fit1_model2.pdb,
SASDMW7,ok,515.0,975.0,19.59,"[-3.5, 10.3, -16.3]","[-0.0, 0.0, -0.0]",9.486,8.912,0.464,9.894,7.593,32.0,9.5,SASDMW7_fit1_model1.pdb,
SASDMW8,ok,2584.0,1207.0,0.03,"[0.0, -0.0, -0.0]","[0.0, -0.0, 0.0]",15.906,14.706,0.515,16.314,8.535,46.5,31.5,SASDMW8_fit1_model1.pdb,
SASDMX2,ok,144.0,763.0,2.81,"[-1.9, -1.2, 1.6]","[0.0, -0.0, -0.0]",25.327,27.617,0.604,23.69,14.07,63.5,83.5,SASDMX2_fit1_model1.pdb,
SASDMX3,ok,1324.0,1030.0,192.78,"[76.8, 111.8, 137.0]","[-0.0, 0.0, -0.0]",138.529,147.05,1.0,143.502,126.001,26.0,67.5,SASDMX3_fit3_model1.pdb,
SASDMX3,ok,1366.0,1030.0,192.43,"[76.2, 112.0, 136.7]","[-0.0, 0.0, -0.0]",130.377,145.416,1.0,139.004,119.205,16.0,77.0,SASDMX3_fit3_model2.pdb,
SASDMX4,ok,660.0,1304.0,2.41,"[-0.8, -0.7, 2.2]","[-0.0, -0.0, 0.0]",14.816,13.114,0.65,10.633,5.406,100.0,89.0,SASDMX4_fit1_model1.pdb,
SASDMX6,ok,328.0,173.0,1.04,"[-0.2, -1.2, -0.5]","[-0.0, -0.5, 0.3]",16.989,18.199,0.784,15.125,6.572,70.5,92.0,SASDMX6_fit1_model1.pdb,
SASDMX7,ok,1214.0,936.0,40.12,"[16.9, -15.2, -33.0]","[0.0, -0.0, -0.0]",31.959,32.527,0.433,37.144,14.23,26.5,28.0,SASDMX7_fit1_model1.pdb,
SASDMX7,ok,1214.0,936.0,30.9,"[-30.0, -6.6, -3.5]","[0.0, -0.0, -0.0]",36.994,36.053,0.43,32.124,19.988,74.0,69.0,SASDMX7_fit1_model2.pdb,
SASDMX7,ok,1214.0,936.0,25.83,"[-24.9, 6.7, -1.6]","[0.0, -0.0, -0.0]",29.81,28.954,0.403,30.525,16.998,45.5,40.0,SASDMX7_fit1_model3.pdb,
SASDMX7,ok,1214.0,936.0,29.72,"[7.2, -14.9, 24.7]","[0.0, -0.0, -0.0]",22.338,30.483,0.408,35.755,13.726,11.5,30.5,SASDMX7_fit1_model4.pdb,
SASDMX7,ok,1214.0,936.0,23.42,"[-3.5, -19.2, -12.9]","[0.0, -0.0, -0.0]",26.878,25.682,0.394,25.915,18.815,65.5,47.0,SASDMX7_fit1_model5.pdb,
SASDMX7,ok,1214.0,936.0,48.3,"[-38.1, 13.1, -26.6]","[0.0, -0.0, -0.0]",38.551,38.268,0.41,42.244,23.068,29.0,28.0,SASDMX7_fit1_model6.pdb,
SASDMX9,ok,238.0,1069.0,24.02,"[-3.6, 11.4, -20.8]","[0.0, 0.0, 0.0]",11.411,11.632,0.748,10.196,7.195,83.0,85.0,SASDMX9_fit1_model1.pdb,
SASDMX9,ok,238.0,1069.0,36.44,"[-22.5, -2.9, -28.5]","[0.0, 0.0, 0.0]",18.789,19.665,0.845,19.878,15.098,34.5,46.0,SASDMX9_fit1_model2.pdb,
SASDMY2,ok,76.0,178.0,7.07,"[-5.4, -2.4, -3.3]","[0.3, 0.1, 0.1]",31.725,28.851,0.592,29.884,16.454,68.5,42.5,SASDMY2_fit1_model1.pdb,
SASDMY3,ok,1161.0,259.0,40.99,"[44.7, 16.2, 26.5]","[10.9, 16.7, 3.3]",148.948,131.236,1.0,138.057,117.977,78.5,28.5,SASDMY3_fit1_model1.pdb,
SASDMY4,ok,166.0,1061.0,54.79,"[19.4, 26.9, 43.6]","[-0.0, 0.0, 0.0]",42.563,40.135,1.0,41.244,35.635,61.5,34.5,SASDMY4_fit1_model1.pdb,
SASDMY6,ok,1693.0,1190.0,0.06,"[0.0, 0.0, -0.1]","[-0.0, -0.0, -0.0]",6.182,6.024,0.279,7.608,4.542,25.5,23.5,SASDMY6_fit1_model1.pdb,
SASDMY9,ok,245.0,715.0,67.66,"[59.0, -33.0, -2.0]","[0.0, 0.0, 0.0]",51.737,51.568,1.0,52.208,43.087,44.5,43.0,SASDMY9_fit1_model1.pdb,
SASDMY9,ok,245.0,715.0,65.72,"[61.3, -22.3, 8.2]","[0.0, 0.0, 0.0]",49.943,50.914,1.0,48.962,45.674,72.0,86.5,SASDMY9_fit1_model2.pdb,
SASDMZ2,ok,115.0,694.0,2.49,"[-2.4, 0.7, -0.1]","[0.0, -0.0, -0.0]",27.187,24.032,0.609,24.837,17.586,67.0,41.5,SASDMZ2_fit1_model1.pdb,
SASDMZ4,ok,1989.0,1235.0,10.55,"[0.0, 0.0, -10.6]","[0.0, 0.0, -0.0]",10.992,12.124,0.484,14.855,10.546,3.0,10.0,SASDMZ4_fit1_model1.pdb,
SASDMZ5,ok,535.0,1195.0,54.45,"[26.9, -47.1, -5.4]","[-0.0, -0.0, -0.0]",30.969,29.637,0.918,33.383,26.893,22.0,12.0,SASDMZ5_fit1_model1.pdb,
SASDMZ6,ok,1595.0,1143.0,0.26,"[-0.1, 0.0, -0.2]","[0.0, -0.0, 0.0]",5.682,5.582,0.117,12.303,5.354,0.5,0.5,SASDMZ6_fit1_model1.pdb,
SASDMZ9,ok,524.0,951.0,48.78,"[37.3, 30.6, -7.3]","[0.0, -0.0, 0.0]",40.459,40.26,0.836,40.628,31.08,49.0,48.0,SASDMZ9_fit1_model1.pdb,
SASDMZ9,ok,524.0,951.0,111.55,"[-1.5, 4.6, -111.4]","[0.0, -0.0, 0.0]",45.413,40.406,0.882,74.478,39.515,2.5,0.5,SASDMZ9_fit1_model2.pdb,
SASDMZ9,ok,524.0,951.0,30.05,"[24.0, 14.7, -10.6]","[0.0, -0.0, 0.0]",32.434,31.244,0.844,26.953,17.617,88.5,81.5,SASDMZ9_fit1_model3.pdb,
SASDN23,ok,758.0,948.0,14.12,"[0.7, -2.2, 13.9]","[-0.0, -0.0, -0.0]",16.592,17.996,0.58,18.613,11.901,29.5,45.5,SASDN23_fit1_model1.pdb,
SASDN23,ok,1122.0,948.0,12.42,"[-0.0, -0.0, 12.4]","[-0.0, -0.0, -0.0]",15.179,15.33,0.557,18.243,12.479,15.0,16.0,SASDN23_fit2_model1.pdb,
SASDN28,ok,2460.0,1190.0,0.01,"[-0.0, -0.0, -0.0]","[-0.0, 0.0, 0.0]",5.994,6.307,0.167,6.395,5.672,10.0,41.0,SASDN28_fit1_model1.pdb,
SASDN32,ok,245.0,1030.0,63.21,"[58.7, -19.7, -12.6]","[-0.0, 0.0, -0.0]",41.531,42.745,1.0,39.816,31.86,75.5,94.0,SASDN32_fit1_model1.pdb,
SASDN33,ok,1587.0,1220.0,60.16,"[21.2, -6.8, 55.9]","[-0.0, -0.0, 0.0]",36.21,38.641,0.994,34.191,27.7,73.5,95.5,SASDN33_fit1_model1.pdb,
SASDN37,ok,1265.0,1331.0,0.04,"[-0.0, -0.0, -0.0]","[-0.0, 0.0, -0.0]",4.569,4.825,0.345,6.512,2.161,10.0,14.0,SASDN37_fit1_model1.pdb,
SASDN38,ok,2460.0,997.0,0.01,"[0.0, 0.0, 0.0]","[0.0, -0.0, -0.0]",7.961,7.732,0.182,7.667,7.005,80.0,57.5,SASDN38_fit1_model1.pdb,
SASDN43,ok,358.0,121.0,10.9,"[4.1, 3.4, 2.4]","[1.7, -3.9, -5.3]",17.97,22.478,0.534,28.002,14.012,5.0,22.0,SASDN43_fit1_model1.pdb,
SASDN43,ok,629.0,121.0,11.7,"[2.7, 6.0, -11.6]","[1.7, -3.9, -5.3]",25.295,26.002,0.488,23.039,14.232,67.0,78.5,SASDN43_fit2_model1.pdb,
SASDN48,ok,5102.0,1437.0,0.01,"[0.0, 0.0, 0.0]","[0.0, -0.0, -0.0]",2.981,3.025,0.196,3.015,2.917,24.0,62.5,SASDN48_fit1_model1.pdb,
SASDN53,ok,1171.0,272.0,17.81,"[-11.6, 11.5, -7.0]","[0.0, -0.0, -0.0]",15.069,12.807,0.599,22.892,11.775,7.5,1.5,SASDN53_fit1_model1.pdb,
SASDN53,ok,70.0,272.0,47.09,"[21.6, -38.2, -17.3]","[0.0, -0.0, -0.0]",27.165,26.928,0.657,31.019,26.173,1.5,0.5,SASDN53_fit2_model1.pdb,
SASDN55,ok,1328.0,1482.0,0.46,"[-0.1, 0.3, -0.4]","[-0.0, 0.0, 0.0]",3.636,3.005,0.395,3.246,2.143,73.0,35.5,SASDN55_fit1_model1.pdb,
SASDN58,ok,3942.0,1595.0,0.01,"[-0.0, -0.0, -0.0]","[0.0, 0.0, -0.0]",2.946,2.942,0.104,2.929,2.896,90.5,86.5,SASDN58_fit1_model1.pdb,
SASDN63,ok,302.0,1040.0,44.9,"[32.6, 30.9, -0.2]","[0.0, -0.0, 0.0]",25.536,25.678,0.987,24.91,20.854,67.0,69.0,SASDN63_fit1_model1.pdb,
SASDN65,ok,660.0,1555.0,2.08,"[1.3, -0.9, -1.4]","[-0.0, 0.0, -0.0]",2.893,2.937,0.2,2.804,2.166,80.0,93.0,SASDN65_fit1_model1.pdb,
SASDN68,ok,196.0,949.0,10.14,"[-8.6, 3.9, 3.7]","[0.0, 0.0, 0.0]",8.05,7.431,0.577,6.997,5.094,96.0,82.5,SASDN68_fit1_model1.pdb,
SASDN73,ok,302.0,1156.0,44.89,"[32.6, 30.9, -0.2]","[0.0, 0.0, 0.0]",26.352,26.259,1.0,25.308,21.017,75.5,74.0,SASDN73_fit1_model1.pdb,
SASDN75,ok,375.0,1664.0,37.46,"[-26.6, 26.3, -0.5]","[-0.0, 0.0, 0.0]",17.287,17.605,0.875,17.727,16.504,21.5,44.5,SASDN75_fit1_model1.pdb,
SASDN77,ok,452.0,2129.0,113.41,"[89.5, 52.1, 46.3]","[-0.0, 0.0, 0.0]",67.883,79.387,1.0,79.274,54.373,11.0,51.0,SASDN77_fit1_model1.pdb,
SASDN77,ok,445.0,2129.0,16.05,"[-0.0, 0.6, 16.0]","[-0.0, 0.0, 0.0]",12.825,11.819,0.647,12.067,9.039,67.5,44.0,SASDN77_fit2_model1.pdb,
SASDN78,ok,222.0,259.0,9.66,"[5.7, 5.4, 3.8]","[-0.3, 0.1, -1.5]",20.451,9.38,0.833,17.073,7.653,93.5,6.0,SASDN78_fit1_model1.pdb,
SASDN85,ok,3432.0,452.0,14.18,"[-0.1, -0.1, 14.2]","[0.0, -0.0, 0.1]",13.053,13.802,0.33,13.317,10.647,45.0,70.5,SASDN85_fit1_model1.pdb,
SASDN85,ok,3354.0,452.0,0.08,"[0.0, 0.0, -0.0]","[0.0, -0.0, 0.1]",12.278,11.857,0.38,12.065,10.418,64.5,38.0,SASDN85_fit2_model1.pdb,
SASDN87,ok,653.0,3391.0,0.14,"[0.0, 0.1, 0.0]","[-0.0, 0.0, 0.0]",14.38,14.773,0.487,12.084,6.076,82.5,86.5,SASDN87_fit1_model1.pdb,
SASDN88,ok,235.0,1180.0,8.85,"[-2.5, -8.4, 1.0]","[-0.0, 0.0, -0.0]",5.081,4.884,0.281,6.678,4.804,4.5,1.5,SASDN88_fit1_model1.pdb,
SASDN92,ok,1320.0,1267.0,155.19,"[22.1, 54.6, 143.6]","[0.0, -0.0, 0.0]",107.548,110.24,1.0,108.418,106.113,27.5,88.0,SASDN92_fit1_model1.pdb,
SASDN92,ok,1320.0,1267.0,0.01,"[-0.0, 0.0, 0.0]","[0.0, -0.0, 0.0]",5.963,5.815,0.249,5.879,5.005,57.5,44.0,SASDN92_fit2_model1.pdb,
SASDN93,ok,1011.0,1726.0,1.77,"[-0.7, -1.2, -1.1]","[-0.0, 0.0, 0.0]",11.484,11.57,0.64,9.593,5.755,74.0,74.5,SASDN93_fit1_model1.pdb,
SASDN95,ok,3480.0,632.0,10.12,"[0.0, -0.0, -10.2]","[0.1, 0.0, -0.1]",17.961,17.246,0.347,16.232,12.822,84.5,67.0,SASDN95_fit1_model1.pdb,
SASDN95,ok,3432.0,632.0,24.94,"[0.1, -0.1, 24.9]","[0.1, 0.0, -0.1]",17.154,16.874,0.536,16.322,13.544,74.0,69.0,SASDN95_fit2_model1.pdb,
SASDN97,ok,383.0,793.0,16.64,"[6.5, -10.9, 10.8]","[0.0, -0.0, -0.0]",15.203,11.083,0.29,20.496,12.492,11.0,0.0,SASDN97_fit1_model1.pdb,
SASDN97,ok,1295.0,793.0,14.86,"[5.6, -10.0, 9.5]","[0.0, -0.0, -0.0]",12.613,9.387,0.246,18.699,10.273,7.5,0.0,SASDN97_fit1_model2.pdb,
SASDN98,ok,874.0,409.0,37.5,"[12.3, 8.2, -34.5]","[0.1, 0.0, 0.1]",15.88,19.18,0.382,26.185,14.108,4.0,15.0,SASDN98_fit1_model1.pdb,
SASDN98,ok,874.0,409.0,37.5,"[12.3, 8.2, -34.5]","[0.1, 0.0, 0.1]",15.296,19.719,0.341,24.403,13.835,3.0,19.0,SASDN98_fit2_model1.pdb,
SASDNA2,ok,1320.0,1457.0,155.19,"[22.1, 54.6, 143.6]","[-0.0, -0.0, 0.0]",114.358,116.969,1.0,115.189,112.891,30.5,87.0,SASDNA2_fit1_model1.pdb,
SASDNA2,ok,1320.0,1457.0,0.02,"[-0.0, 0.0, 0.0]","[-0.0, -0.0, 0.0]",4.954,5.298,0.209,4.995,4.04,45.5,77.5,SASDNA2_fit2_model1.pdb,
SASDNA5,ok,3480.0,205.0,6.03,"[-0.0, 0.0, -6.0]","[0.4, -0.2, 0.1]",15.691,15.46,0.443,15.278,13.439,62.5,54.5,SASDNA5_fit1_model1.pdb,
SASDNA5,ok,3432.0,205.0,21.19,"[-0.0, -0.1, 21.2]","[0.4, -0.2, 0.1]",16.325,17.212,0.344,16.646,13.721,35.0,78.5,SASDNA5_fit2_model1.pdb,
SASDNA7,ok,288.0,685.0,13.78,"[-10.1, 9.3, -0.7]","[0.1, 0.0, -0.0]",20.29,22.969,0.358,24.65,12.734,26.5,41.5,SASDNA7_fit1_model1.pdb,
SASDNA7,ok,932.0,685.0,12.74,"[-8.8, 9.1, -0.8]","[0.1, 0.0, -0.0]",18.932,20.302,0.341,22.821,10.33,31.5,39.5,SASDNA7_fit1_model2.pdb,
SASDNA8,ok,874.0,160.0,36.66,"[12.3, 8.2, -34.5]","[-0.2, 0.1, -1.0]",28.406,28.155,0.603,31.779,20.608,34.5,33.5,SASDNA8_fit1_model1.pdb,
SASDNA8,ok,874.0,160.0,36.66,"[12.3, 8.2, -34.5]","[-0.2, 0.1, -1.0]",30.485,28.573,0.678,33.218,19.872,39.0,33.5,SASDNA8_fit2_model1.pdb,
SASDNA9,ok,1864.0,1184.0,14.12,"[0.0, 9.9, -10.1]","[0.0, 0.0, -0.0]",8.405,7.461,0.279,8.009,6.684,80.0,16.0,SASDNA9_fit1_model1.pdb,
SASDNB2,ok,111.0,4314.0,51.87,"[32.5, 33.8, -22.1]","[0.0, 0.0, 0.0]",37.262,37.563,1.0,37.784,29.74,41.5,45.5,SASDNB2_fit1_model1.pdb,
SASDNB2,ok,678.0,4314.0,2.99,"[-0.8, 0.6, 2.8]","[0.0, 0.0, 0.0]",5.336,4.972,0.413,6.104,2.123,34.5,29.0,SASDNB2_fit2_model1.pdb,
SASDNB5,ok,3480.0,269.0,5.89,"[0.0, -0.0, -6.0]","[-0.1, 0.0, -0.2]",14.791,15.35,0.407,13.799,11.897,75.5,94.5,SASDNB5_fit1_model1.pdb,
SASDNB5,ok,3432.0,269.0,14.4,"[-0.1, -0.1, 14.2]","[-0.1, 0.0, -0.2]",15.04,15.739,0.298,15.027,12.68,50.5,78.5,SASDNB5_fit2_model1.pdb,
SASDNB7,ok,269.0,1056.0,8.47,"[7.7, -3.5, 0.2]","[-0.0, -0.0, -0.0]",6.773,6.258,0.361,5.903,4.378,93.5,70.5,SASDNB7_fit1_model1.pdb,
SASDNB7,ok,268.0,1056.0,0.28,"[0.2, 0.1, -0.2]","[-0.0, -0.0, -0.0]",5.104,5.683,0.28,5.188,3.725,45.5,84.0,SASDNB7_fit2_model1.pdb,
SASDNB7,ok,268.0,1056.0,0.3,"[-0.0, 0.1, 0.3]","[-0.0, -0.0, -0.0]",5.812,5.843,0.354,5.141,3.63,92.5,94.0,SASDNB7_fit3_model1.pdb,
SASDNB8,ok,208.0,3765.0,17.07,"[4.4, -16.2, -2.9]","[0.0, 0.0, 0.0]",13.354,13.892,0.534,12.446,9.622,75.5,87.5,SASDNB8_fit1_model1.pdb,
SASDNB9,ok,1864.0,1241.0,14.16,"[0.0, 9.9, -10.1]","[-0.0, -0.0, -0.0]",8.691,7.387,0.304,7.908,6.947,91.5,11.5,SASDNB9_fit1_model1.pdb,
SASDNC2,ok,365.0,679.0,122.04,"[74.9, 96.3, 4.8]","[0.0, -0.0, 0.0]",92.029,92.9,1.0,96.218,89.932,9.5,15.5,SASDNC2_fit1_model1.pdb,
SASDNC2,ok,365.0,679.0,3.61,"[-2.8, 2.2, -0.0]","[0.0, -0.0, 0.0]",8.165,8.319,0.222,10.418,7.209,3.5,5.5,SASDNC2_fit2_model1.pdb,
SASDNC3,ok,519.0,2200.0,3.1,"[2.6, 0.9, -1.4]","[0.0, 0.0, 0.0]",4.961,5.549,0.193,8.409,3.927,3.0,10.0,SASDNC3_fit1_model1.pdb,
SASDNC3,ok,525.0,2200.0,0.78,"[0.1, 0.6, -0.5]","[0.0, 0.0, 0.0]",8.046,8.824,0.451,7.762,4.635,62.0,87.0,SASDNC3_fit2_model1.pdb,
SASDNC5,ok,732.0,2053.0,12.87,"[0.0, -0.0, -12.9]","[0.0, -0.0, -0.0]",12.777,11.472,0.684,12.104,8.069,63.5,38.5,SASDNC5_fit1_model1.pdb,
SASDNC5,ok,712.0,2053.0,0.22,"[-0.0, -0.0, -0.2]","[0.0, -0.0, -0.0]",10.153,10.637,0.574,9.18,5.147,63.0,70.0,SASDNC5_fit2_model1.pdb,
SASDNC5,ok,712.0,2053.0,18.79,"[-13.3, -13.3, 0.0]","[0.0, -0.0, -0.0]",13.447,13.33,0.763,11.122,7.261,80.5,79.0,SASDNC5_fit3_model1.pdb,
SASDNC5,ok,712.0,2053.0,18.71,"[-13.2, -13.2, -0.0]","[0.0, -0.0, -0.0]",13.362,13.001,0.756,11.044,6.461,77.5,73.5,SASDNC5_fit4_model1.pdb,
SASDNC7,ok,394.0,963.0,4.51,"[-3.7, -2.4, 1.1]","[-0.0, -0.0, 0.0]",7.016,5.861,0.404,7.17,3.924,45.5,22.0,SASDNC7_fit1_model1.pdb,
SASDNC7,ok,398.0,963.0,0.65,"[-0.2, 0.6, -0.0]","[-0.0, -0.0, 0.0]",5.753,4.76,0.309,7.094,3.954,18.0,5.5,SASDNC7_fit2_model1.pdb,
SASDNC8,ok,208.0,1524.0,22.61,"[18.9, -12.3, -1.6]","[-0.0, 0.0, -0.0]",13.687,14.348,0.447,16.823,12.477,6.5,15.0,SASDNC8_fit1_model1.pdb,
SASDNC9,ok,1864.0,1236.0,14.09,"[0.1, 9.9, -10.0]","[-0.0, 0.0, 0.0]",7.547,7.681,0.334,7.986,6.745,19.0,26.5,SASDNC9_fit1_model1.pdb,
SASDND2,ok,105.0,1448.0,50.56,"[29.5, 33.6, 23.5]","[-0.0, -0.0, 0.0]",36.969,35.279,1.0,34.81,32.501,93.5,58.0,SASDND2_fit1_model1.pdb,
SASDND3,ok,1050.0,1266.0,0.07,"[-0.1, 0.0, -0.0]","[0.0, -0.0, 0.0]",11.022,10.374,0.376,16.24,9.154,6.0,0.5,SASDND3_fit1_model1.pdb,
SASDND5,ok,887.0,988.0,4.24,"[-4.2, 0.7, 0.5]","[0.0, 0.0, 0.0]",7.326,6.107,0.398,8.19,4.977,27.5,9.5,SASDND5_fit1_model1.pdb,
SASDND5,ok,982.0,988.0,2.66,"[-2.2, 1.3, 0.9]","[0.0, 0.0, 0.0]",7.51,7.459,0.41,7.688,4.143,46.0,44.5,SASDND5_fit2_model1.pdb,
SASDND5,ok,887.0,988.0,0.42,"[-0.3, -0.0, 0.3]","[0.0, 0.0, 0.0]",7.304,7.334,0.36,8.009,4.643,33.0,34.5,SASDND5_fit3_model1.pdb,
SASDND5,ok,887.0,988.0,0.33,"[-0.3, 0.0, -0.2]","[0.0, 0.0, 0.0]",5.579,5.616,0.203,6.571,4.903,11.0,11.0,SASDND5_fit4_model1.pdb,
SASDND6,ok,604.0,1192.0,2.68,"[-0.0, -0.0, 2.7]","[-0.0, 0.0, 0.0]",4.959,6.944,0.214,6.899,4.79,1.0,52.0,SASDND6_fit1_model1.pdb,
SASDND7,ok,663.0,3244.0,27.21,"[6.7, -25.8, -5.3]","[0.0, -0.0, 0.0]",23.526,22.215,0.913,18.404,13.563,99.5,94.0,SASDND7_fit1_model1.pdb,
SASDND7,ok,666.0,3244.0,1.45,"[-0.4, -0.7, -1.2]","[0.0, -0.0, 0.0]",10.248,12.216,0.474,11.059,3.559,39.0,74.0,SASDND7_fit2_model1.pdb,
SASDND7,ok,666.0,3244.0,63.01,"[25.6, 50.0, -28.6]","[0.0, -0.0, 0.0]",38.809,33.666,0.899,41.611,33.168,27.5,3.0,SASDND7_fit3_model1.pdb,
SASDND8,ok,208.0,1257.0,18.51,"[15.9, -9.4, 1.2]","[-0.0, 0.0, -0.0]",8.214,8.166,0.279,13.813,7.887,1.5,1.0,SASDND8_fit1_model1.pdb,
SASDND9,ok,1864.0,1168.0,14.15,"[0.0, 9.9, -10.1]","[-0.0, -0.0, 0.0]",7.197,7.579,0.248,7.708,6.755,9.5,39.5,SASDND9_fit1_model1.pdb,
SASDNE2,ok,216.0,3684.0,29.97,"[14.5, 0.0, 26.2]","[-0.0, 0.0, -0.0]",10.864,11.861,0.755,15.501,9.686,4.5,10.5,SASDNE2_fit1_model1.pdb,
SASDNE2,ok,1308.0,3684.0,29.39,"[14.7, -0.6, 25.4]","[-0.0, 0.0, -0.0]",10.193,10.439,0.752,14.862,8.923,6.5,6.5,SASDNE2_fit2_model1.pdb,
SASDNE3,ok,1575.0,1343.0,0.04,"[0.0, -0.0, 0.0]","[-0.0, -0.0, -0.0]",14.031,14.857,0.397,19.006,9.813,9.5,16.0,SASDNE3_fit1_model1.pdb,
SASDNE5,ok,1774.0,1066.0,13.86,"[0.3, -0.3, 13.8]","[-0.0, -0.0, -0.0]",9.75,8.979,0.492,9.34,6.955,68.0,37.5,SASDNE5_fit1_model1.pdb,
SASDNE5,ok,887.0,1066.0,28.78,"[25.1, 0.9, 14.0]","[-0.0, -0.0, -0.0]",11.816,12.44,0.507,13.212,10.464,16.5,29.0,SASDNE5_fit2_model1.pdb,
SASDNE7,ok,917.0,1527.0,32.88,"[-8.8, 31.1, -5.9]","[0.0, -0.0, 0.0]",21.731,21.128,0.812,17.956,12.114,90.0,87.5,SASDNE7_fit1_model1.pdb,
SASDNE7,ok,912.0,1527.0,0.86,"[0.4, 0.4, 0.6]","[0.0, -0.0, 0.0]",9.867,10.678,0.476,12.138,7.609,19.0,28.5,SASDNE7_fit2_model1.pdb,
SASDNE7,ok,912.0,1527.0,0.56,"[-0.3, -0.4, 0.1]","[0.0, -0.0, 0.0]",9.97,9.385,0.383,12.505,7.114,12.0,8.0,SASDNE7_fit3_model1.pdb,
SASDNE9,ok,1864.0,1174.0,14.1,"[0.0, 9.9, -10.1]","[-0.0, -0.0, 0.0]",7.198,7.301,0.31,7.447,6.518,29.0,38.5,SASDNE9_fit1_model1.pdb,
SASDNF3,ok,700.0,394.0,2.35,"[0.3, 0.3, -2.3]","[0.2, 0.0, -0.0]",6.213,13.022,0.326,13.965,4.687,2.5,34.5,SASDNF3_fit1_model1.pdb,
SASDNF6,ok,4062.0,2406.0,0.22,"[-0.0, 0.0, 0.2]","[0.0, 0.0, 0.0]",7.682,7.372,0.147,15.263,7.798,0.0,0.0,SASDNF6_fit1_model1.pdb,
SASDNF7,ok,331.0,1348.0,46.26,"[4.4, -14.0, -43.9]","[-0.0, -0.0, -0.0]",29.727,29.016,1.0,28.88,25.376,69.5,53.0,SASDNF7_fit1_model1.pdb,
SASDNF8,ok,744.0,392.0,2.45,"[-0.6, -2.3, 0.8]","[-0.0, -0.1, -0.1]",11.13,11.011,0.363,10.638,6.371,70.5,67.5,SASDNF8_fit1_model1.pdb,
SASDNF9,ok,1864.0,1143.0,14.09,"[-0.0, 9.9, -10.1]","[-0.0, 0.0, -0.0]",7.911,8.322,0.273,8.158,7.021,29.5,65.5,SASDNF9_fit1_model1.pdb,
SASDNG2,ok,494.0,4481.0,2.48,"[-0.9, -1.4, -1.9]","[0.0, 0.0, 0.0]",10.023,11.436,0.429,12.078,4.01,32.0,43.5,SASDNG2_fit1_model1.pdb,
SASDNG3,ok,236.0,300.0,31.34,"[11.4, -17.1, 9.4]","[14.1, 12.4, 19.6]",27.121,26.479,0.801,23.404,14.058,78.5,74.0,SASDNG3_fit1_model1.pdb,
SASDNG6,ok,4050.0,1365.0,0.47,"[0.0, 0.0, 0.5]","[-0.0, -0.0, 0.0]",9.89,11.623,0.26,17.251,10.89,0.0,2.5,SASDNG6_fit1_model1.pdb,
SASDNG7,ok,662.0,1942.0,56.23,"[21.2, 1.7, -52.1]","[0.0, -0.0, -0.0]",28.482,30.694,0.932,27.782,18.846,55.5,87.0,SASDNG7_fit1_model1.pdb,
SASDNG8,ok,472.0,819.0,5.46,"[-2.7, 3.3, -3.4]","[0.0, -0.0, -0.0]",13.228,7.827,0.456,11.425,6.755,89.0,0.5,SASDNG8_fit1_model1.pdb,
SASDNG9,ok,197.0,969.0,5.17,"[-4.5, 1.1, 2.3]","[0.0, 0.0, 0.0]",4.398,4.173,0.259,4.335,3.398,58.0,34.0,SASDNG9_fit1_model1.pdb,
SASDNG9,ok,197.0,969.0,4.84,"[-4.1, 1.5, 2.1]","[0.0, 0.0, 0.0]",4.274,4.059,0.249,4.198,3.503,61.5,33.5,SASDNG9_fit2_model1.pdb,
SASDNH2,ok,1100.0,1116.0,13.1,"[-11.7, 5.8, 1.3]","[-0.0, -0.0, -0.0]",11.349,8.269,0.485,8.592,5.701,97.0,37.5,SASDNH2_fit1_model1.pdb,
SASDNH6,ok,1350.0,1866.0,0.23,"[0.0, 0.0, -0.2]","[0.0, -0.0, 0.0]",13.851,13.925,0.392,15.991,10.347,15.5,17.5,SASDNH6_fit1_model1.pdb,
SASDNH8,ok,880.0,1086.0,4.07,"[2.3, -2.3, -2.5]","[-0.0, 0.0, -0.0]",9.855,8.85,0.393,8.91,6.11,84.0,47.5,SASDNH8_fit1_model1.pdb,
SASDNH9,ok,197.0,986.0,12.49,"[-12.3, 0.8, -1.9]","[0.0, -0.0, 0.0]",6.439,6.297,0.487,5.999,4.955,83.0,72.5,SASDNH9_fit1_model1.pdb,
SASDNH9,ok,193.0,986.0,13.34,"[-12.9, -0.8, -3.4]","[0.0, -0.0, 0.0]",6.485,6.551,0.466,6.149,4.588,80.0,88.0,SASDNH9_fit2_model1.pdb,
SASDNJ2,ok,6880.0,1364.0,231.84,"[134.0, 133.9, 133.7]","[0.0, -0.0, -0.0]",157.086,138.127,1.0,147.976,136.568,98.5,5.0,SASDNJ2_fit1_model1.pdb,
SASDNJ2,ok,6880.0,1364.0,231.84,"[134.0, 133.9, 133.7]","[0.0, -0.0, -0.0]",157.152,137.535,1.0,149.853,134.448,97.5,3.5,SASDNJ2_fit2_model1.pdb,
SASDNJ5,ok,3598.0,2010.0,0.01,"[-0.0, -0.0, -0.0]","[-0.0, 0.0, -0.0]",9.075,9.999,0.581,9.13,3.696,49.0,61.0,SASDNJ5_fit1_model1.pdb,
SASDNJ5,ok,570.0,2010.0,92.39,"[68.2, 37.7, 49.6]","[-0.0, 0.0, -0.0]",61.153,57.603,1.0,57.973,48.427,81.0,47.0,SASDNJ5_fit2_model1.pdb,
SASDNJ5,ok,570.0,2010.0,92.12,"[71.2, 35.0, 46.8]","[-0.0, 0.0, -0.0]",54.942,52.408,1.0,55.658,50.615,41.0,9.0,SASDNJ5_fit2_model2.pdb,
SASDNJ5,ok,570.0,2010.0,97.62,"[72.7, 32.5, 56.4]","[-0.0, 0.0, -0.0]",65.07,58.657,1.0,63.499,53.282,64.5,19.5,SASDNJ5_fit2_model3.pdb,
SASDNJ5,ok,570.0,2010.0,93.87,"[83.3, 18.2, 39.3]","[-0.0, 0.0, -0.0]",61.886,59.474,1.0,58.471,46.898,93.5,67.0,SASDNJ5_fit2_model4.pdb,
SASDNJ5,ok,570.0,2010.0,117.8,"[99.1, 42.2, 47.7]","[-0.0, 0.0, -0.0]",72.373,72.772,1.0,81.294,53.017,25.0,25.5,SASDNJ5_fit2_model5.pdb,
SASDNJ6,ok,1358.0,2024.0,0.12,"[0.0, 0.0, 0.1]","[-0.0, -0.0, -0.0]",17.1,16.81,0.477,17.18,9.286,47.5,45.0,SASDNJ6_fit1_model1.pdb,
SASDNJ7,ok,27620.0,1337.0,28.0,"[23.7, -1.1, 14.9]","[-0.0, 0.0, 0.0]",10.21,11.81,0.701,14.543,8.226,10.0,24.0,SASDNJ7_fit1_model1.pdb,
SASDNJ7,coordenadas_vazias,,,,,,,,,,,,,SASDNJ7_fit2_model1.pdb,
SASDNJ8,ok,585.0,946.0,2.02,"[1.1, -1.7, 0.2]","[-0.0, -0.0, -0.0]",9.762,8.488,0.337,9.109,6.279,78.0,24.0,SASDNJ8_fit1_model1.pdb,
SASDNJ9,ok,197.0,918.0,15.39,"[9.7, -4.7, -11.0]","[-0.0, -0.0, 0.0]",9.194,8.957,0.614,8.348,6.032,85.0,75.0,SASDNJ9_fit1_model1.pdb,
SASDNJ9,ok,197.0,918.0,16.89,"[11.1, -4.6, -11.9]","[-0.0, -0.0, 0.0]",9.292,9.511,0.604,8.559,6.368,80.5,90.0,SASDNJ9_fit2_model1.pdb,
SASDNK2,ok,6880.0,1224.0,231.84,"[134.0, 133.9, 133.7]","[0.0, -0.0, 0.0]",150.666,133.506,1.0,142.304,131.741,97.0,7.0,SASDNK2_fit1_model1.pdb,
SASDNK2,ok,6880.0,1224.0,231.84,"[134.0, 133.9, 133.7]","[0.0, -0.0, 0.0]",150.66,133.171,1.0,144.033,129.464,90.0,8.5,SASDNK2_fit2_model1.pdb,
SASDNK5,ok,3309.0,4594.0,0.0,"[0.0, -0.0, 0.0]","[0.0, 0.0, 0.0]",7.331,6.216,0.424,8.969,4.636,26.0,14.0,SASDNK5_fit1_model1.pdb,
SASDNK5,ok,570.0,4594.0,102.31,"[85.1, 40.6, 39.7]","[0.0, 0.0, 0.0]",73.305,66.47,1.0,73.614,65.057,48.5,9.5,SASDNK5_fit2_model1.pdb,
SASDNK5,ok,570.0,4594.0,114.97,"[96.0, 27.1, 57.1]","[0.0, 0.0, 0.0]",73.284,83.825,1.0,83.538,59.181,17.5,51.0,SASDNK5_fit2_model2.pdb,
SASDNK5,ok,570.0,4594.0,92.38,"[73.2, 29.9, 47.8]","[0.0, 0.0, 0.0]",53.225,63.233,1.0,62.729,48.773,3.5,56.0,SASDNK5_fit2_model3.pdb,
SASDNK5,ok,570.0,4594.0,78.26,"[65.5, 26.5, 33.7]","[0.0, 0.0, 0.0]",45.46,49.498,1.0,51.908,44.219,3.5,19.5,SASDNK5_fit2_model4.pdb,
SASDNK5,ok,570.0,4594.0,101.23,"[81.1, 33.0, 50.8]","[0.0, 0.0, 0.0]",70.935,64.703,1.0,70.49,60.201,57.5,5.0,SASDNK5_fit2_model5.pdb,
SASDNK7,ok,718.0,1246.0,1.57,"[-0.0, 1.2, 1.0]","[-0.0, -0.0, 0.0]",2.556,2.246,0.184,2.464,1.984,77.0,9.5,SASDNK7_fit1_model1.pdb,
SASDNK8,ok,355.0,3410.0,14.57,"[13.0, -4.4, -5.0]","[-0.0, -0.0, 0.0]",12.64,12.615,0.637,15.252,7.082,27.0,27.0,SASDNK8_fit1_model1.pdb,
SASDNK8,ok,1067.0,3410.0,0.65,"[-0.2, 0.0, -0.6]","[-0.0, -0.0, 0.0]",3.314,3.097,0.184,13.17,2.824,1.0,1.0,SASDNK8_fit2_model1.pdb,
SASDNK9,ok,353.0,267.0,29.11,"[-16.0, 15.5, 0.3]","[8.7, 0.8, -4.3]",39.753,50.161,0.762,36.586,17.05,70.5,100.0,SASDNK9_fit1_model1.pdb,
SASDNL2,ok,344.0,227.0,1.97,"[-0.2, -0.5, 2.3]","[-0.0, -0.3, 0.4]",25.689,30.729,0.645,26.427,11.779,47.5,80.5,SASDNL2_fit1_model1.pdb,
SASDNL2,ok,340.0,227.0,7.87,"[0.1, 4.6, 6.5]","[-0.0, -0.3, 0.4]",25.36,31.825,0.641,26.043,12.149,46.0,85.0,SASDNL2_fit2_model1.pdb,
SASDNL2,ok,344.0,227.0,1.97,"[-0.2, -0.5, 2.3]","[-0.0, -0.3, 0.4]",25.689,30.729,0.645,26.427,11.779,47.5,80.5,SASDNL2_fit3_model1.pdb,
SASDNL3,ok,556.0,2230.0,2.99,"[1.1, -1.6, 2.2]","[0.0, -0.0, -0.0]",8.21,8.186,0.417,7.89,4.82,58.0,57.0,SASDNL3_fit1_model1.pdb,
SASDNL5,ok,280.0,1320.0,41.58,"[21.7, -23.9, -26.2]","[0.0, 0.0, 0.0]",20.482,26.909,0.871,24.016,20.354,0.5,95.5,SASDNL5_fit1_model1.pdb,
SASDNL5,ok,6916.0,1320.0,41.56,"[24.2, -23.4, -24.5]","[0.0, 0.0, 0.0]",18.781,25.72,0.86,21.888,18.281,2.0,100.0,SASDNL5_fit2_model1.pdb,
SASDNL5,ok,5541.0,1320.0,0.01,"[-0.0, 0.0, 0.0]","[0.0, 0.0, 0.0]",4.619,3.799,0.359,3.98,1.702,92.5,36.5,SASDNL5_fit3_model1.pdb,
SASDNL8,ok,377.0,3796.0,7.38,"[5.0, 2.3, -4.9]","[0.0, -0.0, 0.0]",8.497,7.859,0.416,11.38,4.699,21.0,16.5,SASDNL8_fit1_model1.pdb,
SASDNL8,ok,993.0,3796.0,1.16,"[0.2, -1.1, -0.4]","[0.0, -0.0, 0.0]",3.093,4.076,0.142,10.333,3.183,0.0,2.5,SASDNL8_fit2_model1.pdb,
SASDNM2,ok,386.0,290.0,5.9,"[1.2, 0.7, 5.9]","[-0.1, -0.1, 0.2]",26.382,17.969,0.718,23.129,10.695,74.0,19.5,SASDNM2_fit1_model1.pdb,
SASDNM2,ok,395.0,290.0,9.56,"[5.6, -1.3, 7.8]","[-0.1, -0.1, 0.2]",23.627,17.089,0.661,23.085,11.685,54.0,14.0,SASDNM2_fit2_model1.pdb,
SASDNM2,ok,398.0,290.0,9.67,"[5.6, 2.5, 7.6]","[-0.1, -0.1, 0.2]",25.547,18.017,0.726,23.496,12.312,65.0,17.5,SASDNM2_fit3_model1.pdb,
SASDNM3,ok,669.0,362.0,0.98,"[-0.3, -0.4, -0.8]","[0.0, -0.1, 0.0]",12.91,15.127,0.72,12.754,3.524,50.5,75.0,SASDNM3_fit1_model1.pdb,
SASDNM3,ok,386.0,362.0,2.47,"[1.9, -0.3, 1.6]","[0.0, -0.1, 0.0]",12.928,15.97,0.71,13.127,4.036,47.0,81.0,SASDNM3_fit1_model2.pdb,
SASDNM5,ok,480.0,214.0,1.35,"[0.0, 0.0, -1.3]","[-0.0, -0.1, -0.0]",8.908,8.705,0.4,10.007,7.657,14.5,9.0,SASDNM5_fit1_model1.pdb,
SASDNM9,ok,2919.0,1030.0,1.74,"[1.7, 0.2, -0.1]","[-0.0, 0.0, -0.0]",3.357,2.801,0.392,3.032,2.186,85.5,28.0,SASDNM9_fit1_model1.pdb,
SASDNN3,ok,445.0,1555.0,104.04,"[-28.0, -21.4, 97.9]","[0.0, -0.0, -0.0]",74.273,75.125,1.0,75.087,72.099,16.5,53.0,SASDNN3_fit1_model1.pdb,
SASDNN5,ok,2416.0,2371.0,0.01,"[0.0, 0.0, -0.0]","[0.0, -0.0, -0.0]",1.708,2.434,0.225,4.962,2.252,0.0,1.0,SASDNN5_fit1_model1.pdb,
SASDNN5,ok,827.0,2371.0,1.14,"[-1.1, 0.3, 0.1]","[0.0, -0.0, -0.0]",2.561,2.714,0.229,5.062,2.445,1.0,1.5,SASDNN5_fit1_model2.pdb,
SASDNN5,ok,151.0,2371.0,133.9,"[12.6, 9.4, 133.0]","[0.0, -0.0, -0.0]",113.646,110.273,1.0,118.135,108.848,11.5,5.5,SASDNN5_fit2_model1.pdb,
SASDNN9,ok,484.0,3992.0,6.7,"[-1.2, 4.6, 4.8]","[0.0, 0.0, -0.0]",7.699,7.775,0.39,10.265,3.938,18.0,18.5,SASDNN9_fit1_model1.pdb,
SASDNP5,ok,3107.0,3068.0,0.01,"[0.0, 0.0, -0.0]","[0.0, 0.0, -0.0]",1.977,1.602,0.148,11.112,2.359,0.0,0.0,SASDNP5_fit1_model1.pdb,
SASDNP5,ok,1309.0,3068.0,0.77,"[0.0, -0.0, -0.8]","[0.0, 0.0, -0.0]",2.322,2.124,0.097,11.346,2.334,0.0,0.0,SASDNP5_fit1_model2.pdb,
SASDNP5,ok,270.0,3068.0,106.3,"[13.1, 0.0, 105.5]","[0.0, 0.0, -0.0]",54.167,53.644,1.0,67.87,53.101,2.5,1.5,SASDNP5_fit2_model1.pdb,
SASDNP9,ok,918.0,1982.0,5.21,"[1.6, 4.8, 1.3]","[0.0, -0.0, -0.0]",7.293,7.825,0.365,8.398,5.367,29.0,39.0,SASDNP9_fit1_model1.pdb,
SASDNQ3,ok,1377.0,1068.0,256.82,"[146.8, 149.1, 149.0]","[-0.0, 0.0, 0.0]",189.609,182.952,1.0,186.275,180.443,84.0,17.0,SASDNQ3_fit1_model1.pdb,
SASDNQ3,ok,1377.0,1068.0,256.82,"[146.8, 149.1, 149.0]","[-0.0, 0.0, 0.0]",189.609,182.952,1.0,186.275,180.443,84.0,17.0,SASDNQ3_fit2_model1.pdb,
SASDNQ3,ok,1377.0,1068.0,256.82,"[146.8, 149.1, 149.0]","[-0.0, 0.0, 0.0]",189.609,182.952,1.0,186.275,180.443,84.0,17.0,SASDNQ3_fit3_model1.pdb,
SASDNQ5,ok,2797.0,2740.0,0.0,"[0.0, -0.0, -0.0]","[0.0, 0.0, 0.0]",3.125,2.432,0.219,13.576,3.091,0.5,0.0,SASDNQ5_fit1_model1.pdb,
SASDNQ5,ok,1192.0,2740.0,0.05,"[0.0, -0.0, -0.0]","[0.0, 0.0, 0.0]",3.214,2.855,0.145,13.807,3.262,0.0,0.0,SASDNQ5_fit1_model2.pdb,
SASDNQ7,ok,680.0,877.0,17.46,"[0.2, 0.1, 17.5]","[-0.0, -0.0, -0.0]",8.512,9.524,0.393,10.952,7.551,8.5,15.5,SASDNQ7_fit1_model1.pdb,
SASDNQ7,ok,957.0,877.0,0.1,"[-0.0, 0.0, -0.1]","[-0.0, -0.0, -0.0]",6.862,7.202,0.326,8.785,5.965,19.0,24.0,SASDNQ7_fit2_model1.pdb,
SASDNQ7,ok,1805.0,877.0,0.34,"[-0.1, 0.3, -0.1]","[-0.0, -0.0, -0.0]",6.757,6.623,0.322,8.269,5.422,23.5,21.0,SASDNQ7_fit2_model2.pdb,
SASDNQ9,ok,1952.0,1137.0,1.98,"[-1.4, 1.0, 1.0]","[0.0, -0.0, -0.0]",4.272,5.417,0.311,5.58,3.279,10.0,43.5,SASDNQ9_fit1_model1.pdb,
SASDNR3,ok,1040.0,213.0,0.17,"[0.0, -0.0, -0.0]","[0.1, 0.0, -0.2]",26.487,21.03,0.72,24.717,7.757,66.5,22.5,SASDNR3_fit1_model1.pdb,
SASDNR5,ok,2599.0,2860.0,0.01,"[-0.0, -0.0, 0.0]","[0.0, 0.0, 0.0]",2.24,2.075,0.167,13.167,2.803,0.0,0.0,SASDNR5_fit1_model1.pdb,
SASDNR5,ok,933.0,2860.0,0.44,"[-0.0, -0.0, 0.4]","[0.0, 0.0, 0.0]",2.495,2.388,0.087,13.918,2.768,0.0,0.0,SASDNR5_fit1_model2.pdb,
SASDNR5,ok,310.0,2860.0,106.38,"[12.6, 0.3, 105.6]","[0.0, 0.0, 0.0]",46.838,47.217,1.0,64.554,43.477,3.5,4.5,SASDNR5_fit2_model1.pdb,
SASDNR7,ok,930.0,1958.0,21.58,"[-8.2, 12.1, 15.9]","[0.0, -0.0, 0.0]",12.164,12.823,0.447,14.076,8.956,16.0,28.0,SASDNR7_fit1_model1.pdb,
SASDNR7,ok,1944.0,1958.0,0.02,"[-0.0, -0.0, 0.0]","[0.0, -0.0, 0.0]",5.588,7.513,0.245,10.558,4.966,0.5,8.5,SASDNR7_fit2_model1.pdb,
SASDNR7,ok,674.0,1958.0,1.63,"[0.4, -1.6, 0.0]","[0.0, -0.0, 0.0]",6.351,5.712,0.231,9.976,5.702,2.5,0.5,SASDNR7_fit2_model2.pdb,
SASDNR9,ok,1035.0,1629.0,5.27,"[-4.5, -1.7, -2.0]","[0.0, 0.0, -0.0]",9.728,8.561,0.511,10.455,5.104,42.0,26.0,SASDNR9_fit1_model1.pdb,
SASDNS3,ok,1111.0,208.0,0.3,"[-0.0, 0.0, 0.0]","[0.2, 0.2, 0.1]",25.729,21.104,0.788,22.469,7.595,78.0,39.5,SASDNS3_fit1_model1.pdb,
SASDNS5,ok,5946.0,5000.0,0.17,"[0.0, -0.0, 0.0]","[0.0, -0.0, -0.2]",1.363,1.244,0.093,5.725,1.577,0.0,0.0,SASDNS5_fit1_model1.pdb,
SASDNS5,ok,1470.0,5000.0,0.14,"[0.0, -0.0, -0.3]","[0.0, -0.0, -0.2]",1.799,1.718,0.07,6.042,1.771,1.0,0.0,SASDNS5_fit1_model2.pdb,
SASDNS5,ok,151.0,5000.0,134.06,"[12.6, 9.4, 133.0]","[0.0, -0.0, -0.2]",100.813,97.327,1.0,105.365,95.939,11.5,5.5,SASDNS5_fit2_model1.pdb,
SASDNS7,ok,974.0,2190.0,105.08,"[-9.7, 2.2, 104.6]","[0.0, 0.0, 0.0]",79.005,81.348,1.0,76.308,65.85,78.5,93.0,SASDNS7_fit1_model1.pdb,
SASDNS7,ok,2198.0,2190.0,0.01,"[0.0, -0.0, -0.0]","[0.0, 0.0, 0.0]",5.812,7.429,0.285,10.238,5.381,1.0,13.0,SASDNS7_fit2_model1.pdb,
SASDNS7,ok,836.0,2190.0,0.58,"[0.5, -0.3, -0.1]","[0.0, 0.0, 0.0]",6.875,7.245,0.257,10.323,5.301,5.0,9.5,SASDNS7_fit2_model2.pdb,
SASDNS9,ok,995.0,533.0,9.44,"[-6.9, 5.7, 2.8]","[0.1, 0.1, -0.0]",8.958,8.545,0.521,7.905,4.687,86.0,74.5,SASDNS9_fit1_model1.pdb,
SASDNT3,ok,2364.0,1152.0,0.02,"[0.0, 0.0, -0.0]","[-0.0, -0.0, 0.0]",27.39,28.504,0.648,23.757,13.099,71.5,78.0,SASDNT3_fit1_model1.pdb,
SASDNT5,ok,2020.0,1251.0,1.65,"[0.0, -0.0, -1.7]","[0.0, 0.0, -0.0]",7.461,7.386,0.413,6.474,3.779,80.0,76.5,SASDNT5_fit2_model1.pdb,
SASDNT5,ok,1040.0,1251.0,0.28,"[-0.0, -0.1, 0.2]","[0.0, 0.0, -0.0]",6.054,6.403,0.245,6.75,4.433,31.5,37.5,SASDNT5_fit3_model1.pdb,
SASDNT7,ok,860.0,680.0,39.83,"[-21.5, -26.6, -20.4]","[-0.0, 0.0, -0.0]",21.127,20.654,0.742,21.921,19.938,28.5,12.0,SASDNT7_fit1_model1.pdb,
SASDNT7,ok,751.0,680.0,0.35,"[0.0, -0.0, 0.3]","[-0.0, 0.0, -0.0]",13.895,13.909,0.479,12.528,7.046,73.0,73.0,SASDNT7_fit2_model1.pdb,
SASDNT7,ok,1042.0,680.0,0.63,"[0.1, -0.4, 0.5]","[-0.0, 0.0, -0.0]",12.526,13.934,0.506,11.708,6.978,62.0,87.5,SASDNT7_fit2_model2.pdb,
SASDNT9,ok,1025.0,738.0,4.63,"[3.3, -2.6, -2.1]","[0.0, 0.0, -0.0]",11.723,11.192,0.612,10.433,5.455,70.5,62.0,SASDNT9_fit1_model1.pdb,
SASDNU2,ok,195.0,958.0,59.08,"[-8.3, -32.7, 48.5]","[-0.0, -0.0, 0.0]",45.415,41.842,1.0,42.195,38.861,100.0,38.5,SASDNU2_fit1_model1.pdb,
SASDNU2,ok,390.0,958.0,46.58,"[-16.2, -28.1, 33.4]","[-0.0, -0.0, 0.0]",25.159,25.673,0.969,27.471,22.912,27.5,32.5,SASDNU2_fit1_model2.pdb,
SASDNU2,ok,195.0,958.0,59.08,"[-8.3, -32.7, 48.5]","[-0.0, -0.0, 0.0]",45.415,41.842,1.0,42.195,38.861,100.0,38.5,SASDNU2_fit2_model1.pdb,
SASDNU2,ok,390.0,958.0,46.58,"[-16.2, -28.1, 33.4]","[-0.0, -0.0, 0.0]",25.159,25.673,0.969,27.471,22.912,27.5,32.5,SASDNU2_fit3_model1.pdb,
SASDNU3,ok,147.0,151.0,1.06,"[0.6, -0.7, -0.0]","[-0.3, -0.0, -0.3]",23.397,26.335,0.776,22.788,9.142,57.0,76.5,SASDNU3_fit1_model1.pdb,
SASDNU3,ok,388.0,151.0,20.0,"[-14.5, -0.1, 13.8]","[-0.3, -0.0, -0.3]",24.971,17.076,0.863,28.988,11.715,33.5,7.0,SASDNU3_fit2_model1.pdb,
SASDNU3,ok,388.0,151.0,12.38,"[-7.8, 5.1, 8.1]","[-0.3, -0.0, -0.3]",20.787,14.775,0.856,26.337,9.963,27.0,10.5,SASDNU3_fit2_model2.pdb,
SASDNU3,ok,388.0,151.0,22.3,"[-21.2, -5.1, 5.6]","[-0.3, -0.0, -0.3]",20.002,16.305,0.66,21.804,13.802,31.5,6.5,SASDNU3_fit2_model3.pdb,
SASDNU5,ok,619.0,1221.0,1.36,"[-0.0, 0.0, -1.3]","[0.0, 0.0, 0.0]",5.798,5.205,0.276,5.284,4.066,79.5,39.5,SASDNU5_fit1_model1.pdb,
SASDNU9,ok,533.0,926.0,5.6,"[2.5, -3.7, 3.3]","[0.0, 0.0, -0.0]",20.235,20.757,0.615,18.899,9.95,62.5,65.0,SASDNU9_fit1_model1.pdb,
SASDNV2,ok,1902.0,1146.0,53.52,"[-39.0, -32.5, 17.0]","[0.0, -0.0, 0.0]",23.721,21.031,0.787,23.277,19.082,59.0,12.0,SASDNV2_fit1_model1.pdb,
SASDNV9,ok,591.0,484.0,5.76,"[4.2, 2.2, 3.2]","[-0.1, -0.1, 0.0]",20.97,20.372,0.438,20.093,13.186,58.5,54.5,SASDNV9_fit1_model1.pdb,
SASDNW2,ok,342.0,2032.0,4.78,"[-3.5, -1.7, 2.8]","[-0.0, -0.0, 0.0]",9.173,8.621,0.515,8.129,4.93,68.0,60.0,SASDNW2_fit1_model1.pdb,
SASDNW6,ok,505.0,791.0,25.84,"[5.9, -2.4, -25.0]","[-0.0, -0.0, -0.0]",13.638,11.725,0.57,13.256,9.22,57.5,20.5,SASDNW6_fit1_model1.pdb,
SASDNW9,ok,378.0,1567.0,25.76,"[21.8, 13.5, 2.4]","[-0.0, -0.0, 0.0]",10.282,9.867,0.638,10.29,8.673,49.5,31.0,SASDNW9_fit1_model1.pdb,
SASDNX2,ok,174.0,2895.0,131.13,"[91.5, -13.5, 93.0]","[0.0, 0.0, -0.0]",81.957,82.741,1.0,89.45,70.389,29.5,31.0,SASDNX2_fit1_model1.pdb,
SASDNX2,ok,427.0,2895.0,65.53,"[20.5, 21.6, 58.4]","[0.0, 0.0, -0.0]",28.737,28.87,0.756,31.436,27.647,6.5,8.0,SASDNX2_fit2_model1.pdb,
SASDNX2,ok,832.0,2895.0,131.93,"[90.7, -13.7, 94.8]","[0.0, 0.0, -0.0]",87.394,85.492,1.0,90.691,76.453,36.5,30.5,SASDNX2_fit3_model1.pdb,
SASDNX2,ok,846.0,2895.0,147.87,"[76.7, 2.1, 126.4]","[0.0, 0.0, -0.0]",95.837,97.059,1.0,96.607,90.881,40.5,57.5,SASDNX2_fit4_model1.pdb,
SASDNX3,ok,148.0,1104.0,34.48,"[-19.9, -22.3, -17.2]","[0.0, 0.0, 0.0]",23.438,17.613,0.899,21.621,15.513,81.0,13.5,SASDNX3_fit1_model1.pdb,
SASDNX3,ok,148.0,1104.0,27.05,"[0.6, -18.1, -20.0]","[0.0, 0.0, 0.0]",15.78,15.847,0.784,18.589,13.98,13.5,14.5,SASDNX3_fit1_model2.pdb,
SASDNX3,ok,148.0,1104.0,42.43,"[3.7, -27.6, -32.0]","[0.0, 0.0, 0.0]",31.708,31.004,1.0,29.437,25.494,88.5,78.0,SASDNX3_fit1_model3.pdb,
SASDNX3,ok,148.0,1104.0,36.19,"[-3.4, -32.9, -14.7]","[0.0, 0.0, 0.0]",25.61,18.18,1.0,21.933,15.06,92.5,19.0,SASDNX3_fit1_model4.pdb,
SASDNX3,coordenadas_vazias,,,,,,,,,,,,,SASDNX3_fit2_model1.pdb,
SASDNX9,ok,539.0,834.0,14.98,"[9.8, 11.3, -0.1]","[0.0, -0.0, -0.0]",9.071,9.054,0.545,9.193,6.791,46.0,45.5,SASDNX9_fit1_model1.pdb,
SASDNY3,coordenadas_vazias,,,,,,,,,,,,,SASDNY3_fit1_model1.pdb,
SASDNY3,ok,150.0,997.0,16.39,"[-6.6, 0.3, 15.0]","[-0.0, -0.0, 0.0]",7.34,7.209,0.62,7.349,6.731,49.5,34.5,SASDNY3_fit2_model1.pdb,
SASDNY6,ok,519.0,555.0,0.05,"[0.0, 0.0, 0.0]","[-0.0, 0.0, -0.0]",5.87,6.407,0.595,5.081,2.354,76.5,94.0,SASDNY6_fit1_model1.pdb,
SASDNY7,ok,2460.0,1036.0,0.03,"[0.0, 0.0, 0.0]","[-0.0, -0.0, -0.0]",6.743,6.754,0.222,7.197,6.08,24.0,24.0,SASDNY7_fit1_model1.pdb,
SASDNY9,ok,5791.0,1177.0,0.02,"[-0.0, -0.0, -0.0]","[-0.0, 0.0, -0.0]",4.969,5.756,0.347,4.803,2.496,56.5,89.0,SASDNY9_fit1_model1.pdb,
SASDNZ2,ok,467.0,226.0,8.85,"[-4.0, -8.0, -1.2]","[-0.0, -0.2, -0.2]",41.799,39.085,0.709,33.61,13.421,93.5,80.5,SASDNZ2_fit1_model1.pdb,
SASDNZ2,ok,2244.0,226.0,0.52,"[-0.0, 0.0, 0.3]","[-0.0, -0.2, -0.2]",38.085,36.047,0.767,30.817,12.741,88.0,80.0,SASDNZ2_fit2_model1.pdb,
SASDNZ3,ok,4212.0,752.0,0.09,"[-0.0, -0.0, -0.0]","[0.1, 0.0, 0.0]",3.7,4.888,0.251,6.013,3.632,0.5,18.0,SASDNZ3_fit1_model1.pdb,
SASDNZ3,ok,333.0,752.0,1.87,"[0.1, -0.0, 1.9]","[0.1, 0.0, 0.0]",4.56,4.89,0.177,5.357,3.747,14.5,26.0,SASDNZ3_fit1_model2.pdb,
SASDNZ7,ok,2460.0,1190.0,0.01,"[-0.0, -0.0, -0.0]","[0.0, 0.0, 0.0]",5.551,5.565,0.158,6.464,5.34,2.0,2.0,SASDNZ7_fit1_model1.pdb,
SASDNZ9,ok,1187.0,1112.0,0.0,"[0.0, 0.0, -0.0]","[0.0, 0.0, -0.0]",5.756,3.574,0.46,5.606,3.421,51.0,6.0,SASDNZ9_fit1_model1.pdb,
SASDP22,ok,4743.0,985.0,0.01,"[0.0, 0.0, -0.0]","[0.0, 0.0, -0.0]",5.45,3.98,0.334,6.079,3.719,30.0,2.5,SASDP22_fit1_model1.pdb,
SASDP23,ok,447.0,4762.0,2.67,"[2.1, 1.5, -0.6]","[0.0, 0.0, -0.0]",10.912,10.672,0.463,9.568,3.546,78.0,71.5,SASDP23_fit1_model1.pdb,
SASDP25,ok,124.0,1545.0,36.6,"[29.4, 17.5, 13.1]","[-0.0, 0.0, -0.0]",19.329,20.776,0.976,21.228,18.47,9.5,43.5,SASDP25_fit1_model1.pdb,
SASDP25,ok,124.0,1545.0,36.6,"[29.4, 17.5, 13.1]","[-0.0, 0.0, -0.0]",19.329,20.776,0.976,21.228,18.47,9.5,43.5,SASDP25_fit2_model1.pdb,
SASDP25,ok,129.0,1545.0,28.36,"[-1.8, 14.4, 24.4]","[-0.0, 0.0, -0.0]",17.255,14.977,1.0,17.103,14.602,59.0,3.5,SASDP25_fit3_model1.pdb,
SASDP28,ok,240.0,1907.0,88.6,"[30.9, 75.9, 33.8]","[-0.0, 0.0, -0.0]",60.158,58.546,1.0,60.608,56.84,41.0,14.5,SASDP28_fit1_model1.pdb,
SASDP29,ok,234.0,356.0,1.69,"[-1.2, 1.2, 0.2]","[-0.1, -0.0, 0.0]",14.465,8.781,0.662,11.307,5.428,99.0,19.0,SASDP29_fit1_model1.pdb,
SASDP29,ok,1910.0,356.0,85.48,"[38.6, 43.8, 62.4]","[-0.1, -0.0, 0.0]",68.015,59.595,1.0,67.474,57.168,55.0,6.0,SASDP29_fit2_model1.pdb,
SASDP32,ok,4834.0,1017.0,0.02,"[0.0, -0.0, -0.0]","[-0.0, 0.0, 0.0]",7.389,6.491,0.453,5.841,3.362,98.0,72.5,SASDP32_fit1_model1.pdb,
SASDP34,ok,395.0,1313.0,14.93,"[9.9, 10.5, 3.8]","[-0.0, 0.0, 0.0]",7.446,8.739,0.537,8.618,6.176,18.0,53.5,SASDP34_fit1_model1.pdb,
SASDP34,ok,228.0,1313.0,5.36,"[3.4, -1.1, 4.0]","[-0.0, 0.0, 0.0]",7.544,8.366,0.61,7.314,5.004,53.5,67.5,SASDP34_fit2_model1.pdb,
SASDP35,ok,193.0,1586.0,38.72,"[12.0, 33.2, -15.9]","[0.0, 0.0, -0.0]",21.978,20.971,1.0,22.152,20.696,43.0,6.0,SASDP35_fit1_model1.pdb,
SASDP35,ok,193.0,1586.0,38.72,"[12.0, 33.2, -15.9]","[0.0, 0.0, -0.0]",21.978,20.971,1.0,22.152,20.696,43.0,6.0,SASDP35_fit2_model1.pdb,
SASDP35,ok,190.0,1586.0,38.76,"[12.3, 33.2, -15.8]","[0.0, 0.0, -0.0]",21.955,20.919,1.0,22.164,20.672,42.0,3.0,SASDP35_fit3_model1.pdb,
SASDP38,ok,480.0,918.0,82.55,"[28.7, 74.3, 21.8]","[0.0, -0.0, -0.0]",47.229,48.349,0.996,46.362,43.428,63.0,79.0,SASDP38_fit1_model1.pdb,
SASDP38,ok,480.0,918.0,40.92,"[40.2, 7.8, -0.0]","[0.0, -0.0, -0.0]",17.795,17.476,0.671,21.432,16.45,8.5,7.0,SASDP38_fit2_model1.pdb,
SASDP39,ok,503.0,1375.0,1.16,"[0.8, -0.2, 0.9]","[-0.0, -0.0, 0.0]",5.732,4.917,0.239,5.14,3.975,85.5,36.0,SASDP39_fit1_model1.pdb,
SASDP39,ok,503.0,1375.0,1.16,"[0.8, -0.2, 0.9]","[-0.0, -0.0, 0.0]",6.413,5.463,0.356,5.391,3.903,93.0,55.5,SASDP39_fit2_model1.pdb,
SASDP39,ok,467.0,1375.0,54.68,"[-33.4, -3.3, 43.2]","[-0.0, -0.0, 0.0]",29.853,30.401,0.976,31.471,26.807,17.5,29.5,SASDP39_fit3_model1.pdb,
SASDP42,ok,5746.0,1085.0,0.01,"[-0.0, 0.0, 0.0]","[0.0, -0.0, 0.0]",4.396,5.014,0.383,4.301,2.824,58.0,88.0,SASDP42_fit1_model1.pdb,
SASDP43,ok,727.0,57.0,115.73,"[-19.4, 85.1, -101.9]","[7.0, 14.4, -14.2]",92.131,93.011,1.0,137.199,69.419,10.0,10.5,SASDP43_fit1_model1.pdb,
SASDP45,ok,1204.0,1322.0,81.03,"[39.8, 47.5, 52.2]","[-0.0, -0.0, -0.0]",46.955,47.004,1.0,47.145,44.982,35.5,38.0,SASDP45_fit1_model1.pdb,
SASDP45,ok,1204.0,1322.0,81.03,"[39.8, 47.5, 52.2]","[-0.0, -0.0, -0.0]",46.955,47.004,1.0,47.145,44.982,35.5,38.0,SASDP45_fit2_model1.pdb,
SASDP45,ok,1180.0,1322.0,80.99,"[39.8, 47.5, 52.2]","[-0.0, -0.0, -0.0]",47.515,46.974,1.0,47.273,46.653,65.0,20.0,SASDP45_fit3_model1.pdb,
SASDP46,ok,389.0,1848.0,28.52,"[22.6, 10.5, 13.8]","[0.0, 0.0, -0.0]",10.164,11.392,0.679,10.763,9.342,15.5,90.0,SASDP46_fit1_model1.pdb,
SASDP46,ok,1694.0,1848.0,28.65,"[22.7, 10.2, 14.2]","[0.0, 0.0, -0.0]",10.903,11.021,0.847,10.841,10.283,58.0,69.0,SASDP46_fit2_model1.pdb,
SASDP48,ok,240.0,1878.0,88.61,"[30.9, 75.9, 33.8]","[-0.0, -0.0, -0.0]",56.039,54.339,1.0,56.608,52.977,38.5,9.5,SASDP48_fit1_model1.pdb,
SASDP52,ok,5261.0,1096.0,0.01,"[-0.0, -0.0, -0.0]","[0.0, -0.0, -0.0]",5.454,5.381,0.442,4.587,3.041,90.5,88.0,SASDP52_fit1_model1.pdb,
SASDP53,ok,727.0,62.0,155.31,"[-19.4, 85.1, -101.9]","[5.7, 4.8, 28.6]",89.118,110.581,1.0,146.505,68.989,5.5,14.5,SASDP53_fit1_model1.pdb,
SASDP55,ok,1560.0,1225.0,82.24,"[49.0, 64.9, 12.1]","[0.0, 0.0, -0.0]",47.369,47.09,1.0,46.058,43.166,84.0,72.5,SASDP55_fit1_model1.pdb,
SASDP55,ok,1560.0,1225.0,82.24,"[49.0, 64.9, 12.1]","[0.0, 0.0, -0.0]",47.369,47.09,1.0,46.058,43.166,84.0,72.5,SASDP55_fit2_model1.pdb,
SASDP55,ok,1556.0,1225.0,82.23,"[49.2, 64.8, 11.9]","[0.0, 0.0, -0.0]",47.863,47.458,1.0,46.224,43.39,88.0,78.0,SASDP55_fit3_model1.pdb,
SASDP58,ok,480.0,869.0,82.56,"[28.7, 74.3, 21.8]","[-0.0, -0.0, 0.0]",40.435,41.628,0.833,39.359,36.271,70.5,88.0,SASDP58_fit1_model1.pdb,
SASDP58,ok,480.0,869.0,40.96,"[40.2, 7.8, -0.0]","[-0.0, -0.0, 0.0]",17.681,18.219,0.544,22.3,15.257,11.0,15.0,SASDP58_fit2_model1.pdb,
SASDP62,ok,6332.0,1207.0,0.01,"[0.0, 0.0, -0.0]","[-0.0, 0.0, -0.0]",2.938,3.624,0.305,3.886,2.375,16.5,40.0,SASDP62_fit1_model1.pdb,
SASDP63,ok,727.0,64.0,168.67,"[-19.4, 85.1, -101.9]","[-7.1, -13.6, 34.4]",89.265,129.409,1.0,148.264,75.289,5.5,25.0,SASDP63_fit1_model1.pdb,
SASDP64,ok,376.0,313.0,3.78,"[-1.6, -3.4, -0.1]","[-0.0, 0.0, -0.0]",7.53,7.214,0.638,8.614,3.593,30.0,26.5,SASDP64_fit1_model1.pdb,
SASDP64,ok,70.0,313.0,31.15,"[-6.0, -27.4, -13.6]","[-0.0, 0.0, -0.0]",26.252,21.887,1.0,22.566,17.435,94.0,32.5,SASDP64_fit2_model1.pdb,
SASDP68,ok,240.0,1732.0,88.61,"[30.9, 75.9, 33.8]","[0.0, -0.0, 0.0]",52.478,50.708,1.0,52.887,49.118,42.5,11.0,SASDP68_fit1_model1.pdb,
SASDP72,ok,5126.0,1066.0,0.02,"[-0.0, 0.0, 0.0]","[0.0, 0.0, -0.0]",5.236,4.609,0.422,4.138,2.727,98.0,77.5,SASDP72_fit1_model1.pdb,
SASDP73,ok,1452.0,135.0,52.04,"[-1.6, 0.2, 50.2]","[9.7, -7.6, -0.0]",136.673,139.818,0.915,111.733,23.466,98.0,100.0,SASDP73_fit1_model1.pdb,
SASDP74,ok,1472.0,2082.0,0.74,"[-0.7, 0.2, -0.2]","[0.0, -0.0, -0.0]",2.261,2.243,0.237,3.984,1.824,3.0,3.0,SASDP74_fit1_model1.pdb,
SASDP74,ok,486.0,2082.0,39.61,"[-4.1, -33.8, -20.3]","[0.0, -0.0, -0.0]",21.736,25.449,0.986,24.624,20.958,7.0,76.0,SASDP74_fit2_model1.pdb,
SASDP78,ok,480.0,151.0,98.72,"[28.7, 74.3, 21.8]","[-13.1, -13.4, 3.9]",65.245,66.527,1.0,64.938,61.779,54.0,75.0,SASDP78_fit1_model1.pdb,
SASDP78,ok,480.0,151.0,57.43,"[40.2, 7.8, -0.0]","[-13.1, -13.4, 3.9]",34.341,32.848,0.746,40.563,27.98,24.0,17.0,SASDP78_fit2_model1.pdb,
SASDP79,ok,121.0,415.0,1.71,"[0.1, 1.8, 0.2]","[-0.0, 0.1, 0.0]",13.913,19.468,0.686,25.29,8.215,8.0,25.5,SASDP79_fit1_model1.pdb,
SASDP82,ok,14925.0,4322.0,0.0,"[-0.0, -0.0, 0.0]","[0.0, -0.0, 0.0]",2.51,2.728,0.103,8.448,2.5,0.5,1.0,SASDP82_fit1_model1.pdb,
SASDP83,ok,2904.0,181.0,51.94,"[-1.6, 15.2, 50.0]","[2.6, 4.7, -0.7]",116.361,117.583,0.775,106.654,23.739,71.5,74.0,SASDP83_fit1_model1.pdb,
SASDP84,ok,70.0,1943.0,31.17,"[-6.0, -27.4, -13.6]","[0.0, 0.0, 0.0]",21.118,16.372,1.0,18.567,12.146,89.0,24.0,SASDP84_fit1_model1.pdb,
SASDP92,ok,2002.0,405.0,0.18,"[-0.0, 0.0, 0.0]","[-0.0, -0.1, -0.1]",11.497,13.169,0.497,14.361,4.831,28.0,39.0,SASDP92_fit1_model1.pdb,
SASDP98,ok,1048.0,993.0,0.04,"[-0.0, -0.0, -0.0]","[0.0, 0.0, 0.0]",2.989,3.634,0.311,3.888,2.084,8.5,31.5,SASDP98_fit1_model1.pdb,
SASDP98,ok,129.0,993.0,0.31,"[-0.1, -0.1, -0.2]","[0.0, 0.0, 0.0]",4.875,5.655,0.264,5.253,3.505,27.5,79.0,SASDP98_fit2_model1.pdb,
SASDP99,ok,346.0,392.0,337.58,"[164.0, 208.0, 209.4]","[0.1, 0.1, -0.0]",289.649,277.587,1.0,285.217,276.465,83.5,1.0,SASDP99_fit1_model1.pdb,
SASDP99,ok,346.0,392.0,338.15,"[161.5, 210.1, 210.2]","[0.1, 0.1, -0.0]",289.749,278.187,1.0,284.286,276.965,85.0,2.5,SASDP99_fit1_model2.pdb,
SASDP99,ok,346.0,392.0,335.83,"[158.5, 206.9, 211.9]","[0.1, 0.1, -0.0]",288.636,270.62,1.0,282.617,267.543,83.5,4.0,SASDP99_fit1_model3.pdb,
SASDP99,ok,346.0,392.0,338.82,"[162.6, 209.4, 211.1]","[0.1, 0.1, -0.0]",290.134,279.181,1.0,285.191,275.852,83.5,9.0,SASDP99_fit1_model4.pdb,
SASDP99,ok,346.0,392.0,337.66,"[162.1, 201.8, 216.9]","[0.1, 0.1, -0.0]",290.288,260.89,1.0,283.031,243.936,74.5,7.0,SASDP99_fit1_model5.pdb,
SASDP99,ok,346.0,392.0,338.04,"[164.0, 208.6, 209.5]","[0.1, 0.1, -0.0]",289.841,277.877,1.0,285.44,276.844,78.5,1.0,SASDP99_fit1_model6.pdb,
SASDPA2,ok,6287.0,1281.0,0.04,"[-0.0, -0.0, -0.0]","[0.0, -0.0, 0.0]",5.41,8.594,0.238,23.509,4.753,0.5,2.0,SASDPA2_fit1_model1.pdb,
SASDPA4,ok,1002.0,2362.0,4.55,"[0.0, 0.0, 4.5]","[-0.0, -0.0, -0.0]",4.944,4.969,0.146,10.257,4.79,1.5,1.5,SASDPA4_fit1_model1.pdb,
SASDPA8,ok,4184.0,4193.0,0.0,"[-0.0, -0.0, 0.0]","[-0.0, -0.0, 0.0]",2.036,2.637,0.155,7.27,2.643,0.0,0.0,SASDPA8_fit1_model1.pdb,
SASDPA8,ok,200.0,4193.0,0.56,"[0.0, 0.5, 0.2]","[-0.0, -0.0, 0.0]",9.549,10.291,0.555,8.455,3.47,74.5,87.5,SASDPA8_fit2_model1.pdb,
SASDPA9,ok,3157.0,1599.0,0.01,"[-0.0, -0.0, -0.0]","[0.0, 0.0, -0.0]",5.943,5.913,0.251,9.981,5.309,2.0,2.0,SASDPA9_fit1_model1.pdb,
SASDPA9,ok,660.0,1599.0,306.65,"[188.3, 139.4, 197.9]","[0.0, 0.0, -0.0]",272.743,262.725,1.0,266.002,251.812,93.5,25.0,SASDPA9_fit2_model1.pdb,
SASDPB2,ok,15294.0,3162.0,0.0,"[0.0, -0.0, -0.0]","[-0.0, 0.0, -0.0]",2.075,1.808,0.109,11.874,2.575,0.0,0.0,SASDPB2_fit1_model1.pdb,
SASDPB4,ok,647.0,839.0,23.54,"[-8.3, -21.9, 1.7]","[0.0, 0.0, -0.0]",25.884,24.083,0.597,24.641,15.885,65.0,42.0,SASDPB4_fit1_model1.pdb,
SASDPB6,ok,680.0,2268.0,10.22,"[2.9, 1.0, -9.7]","[0.0, -0.0, 0.0]",6.978,6.85,0.591,8.409,5.55,18.0,15.5,SASDPB6_fit1_model1.pdb,
SASDPB6,ok,663.0,2268.0,5.94,"[-3.0, -2.0, 4.7]","[0.0, -0.0, 0.0]",9.861,8.093,0.629,7.123,4.107,86.0,65.0,SASDPB6_fit1_model2.pdb,
SASDPB6,ok,219.0,2268.0,0.29,"[0.2, -0.2, 0.1]","[0.0, -0.0, 0.0]",6.205,5.763,0.205,9.265,5.221,6.5,2.5,SASDPB6_fit2_model1.pdb,
SASDPB8,ok,4468.0,4399.0,0.01,"[-0.0, -0.0, -0.0]","[0.0, -0.0, -0.0]",2.797,3.391,0.195,8.213,3.064,0.0,3.5,SASDPB8_fit1_model1.pdb,
SASDPB8,ok,329.0,4399.0,0.16,"[0.1, -0.1, 0.0]","[0.0, -0.0, -0.0]",5.586,4.669,0.371,8.914,3.213,14.5,8.5,SASDPB8_fit2_model1.pdb,
SASDPB9,ok,794.0,813.0,145.09,"[-144.0, -9.2, -15.3]","[0.0, -0.0, 0.0]",103.775,104.637,1.0,123.473,94.105,7.0,10.0,SASDPB9_fit1_model1.pdb,
SASDPB9,ok,782.0,813.0,68.29,"[-12.4, 67.0, -3.5]","[0.0, -0.0, 0.0]",56.41,57.523,0.982,58.669,45.605,42.0,47.0,SASDPB9_fit2_model1.pdb,
SASDPC2,ok,1576.0,305.0,0.44,"[-0.0, -0.0, -0.0]","[0.3, 0.3, 0.0]",17.305,17.452,0.648,15.271,3.983,82.0,84.0,SASDPC2_fit1_model1.pdb,
SASDPC4,ok,991.0,1031.0,0.72,"[-0.4, -0.0, -0.6]","[-0.0, -0.0, -0.0]",7.965,7.405,0.34,7.54,5.353,66.5,44.5,SASDPC4_fit1_model1.pdb,
SASDPC6,ok,722.0,2065.0,10.66,"[10.4, 2.1, -0.6]","[0.0, 0.0, -0.0]",6.349,6.514,0.49,7.825,4.475,20.5,23.0,SASDPC6_fit1_model1.pdb,
SASDPC6,ok,718.0,2065.0,4.97,"[-3.3, -3.7, 0.0]","[0.0, 0.0, -0.0]",6.188,6.499,0.411,7.288,4.035,24.0,29.5,SASDPC6_fit1_model2.pdb,
SASDPC7,ok,1501.0,1194.0,1.9,"[1.3, -0.9, 1.0]","[-0.0, -0.0, -0.0]",3.511,4.528,0.363,4.544,2.373,16.0,49.5,SASDPC7_fit1_model1.pdb,
SASDPC8,ok,890.0,894.0,0.03,"[0.0, -0.0, 0.0]","[0.0, 0.0, 0.0]",5.493,6.489,0.407,5.574,2.966,45.0,87.5,SASDPC8_fit1_model1.pdb,
SASDPC8,ok,245.0,894.0,0.14,"[0.1, 0.1, -0.1]","[0.0, 0.0, 0.0]",7.838,7.802,0.498,6.471,4.663,82.0,81.5,SASDPC8_fit2_model1.pdb,
SASDPD2,ok,6199.0,1291.0,0.01,"[0.0, 0.0, -0.0]","[0.0, -0.0, -0.0]",4.719,3.869,0.184,24.001,4.845,0.0,0.0,SASDPD2_fit1_model1.pdb,
SASDPD3,ok,1369.0,1489.0,8.56,"[-0.0, 6.7, 5.3]","[0.0, 0.0, 0.0]",5.909,7.301,0.468,6.165,4.147,41.0,76.0,SASDPD3_fit1_model1.pdb,
SASDPD6,ok,708.0,2035.0,2.57,"[-0.2, 0.7, 2.5]","[0.0, -0.0, -0.0]",5.016,4.659,0.36,7.774,3.697,8.5,5.0,SASDPD6_fit1_model1.pdb,
SASDPD6,ok,700.0,2035.0,2.86,"[0.1, -0.8, 2.8]","[0.0, -0.0, -0.0]",5.456,5.145,0.384,7.585,3.727,14.0,10.0,SASDPD6_fit1_model2.pdb,
SASDPD7,ok,739.0,695.0,10.6,"[-1.5, -8.7, -5.8]","[0.1, -0.0, 0.0]",10.383,8.436,0.574,10.056,4.467,58.0,27.5,SASDPD7_fit1_model1.pdb,
SASDPD8,ok,4045.0,4046.0,0.01,"[0.0, 0.0, -0.0]","[-0.0, -0.0, 0.0]",2.485,2.711,0.16,9.394,3.145,0.0,0.0,SASDPD8_fit1_model1.pdb,
SASDPD8,ok,445.0,4046.0,0.09,"[-0.0, -0.0, 0.1]","[-0.0, -0.0, 0.0]",11.92,11.782,0.501,9.856,4.293,95.5,92.5,SASDPD8_fit2_model1.pdb,
SASDPE2,ok,632.0,1034.0,140.14,"[85.1, 104.4, 38.6]","[-0.0, -0.0, -0.0]",114.107,111.898,1.0,108.84,100.661,88.0,77.5,SASDPE2_fit1_model1.pdb,
SASDPE3,ok,426.0,901.0,0.11,"[0.0, -0.1, -0.0]","[-0.0, 0.0, 0.0]",14.454,14.648,0.397,14.902,9.307,41.5,44.5,SASDPE3_fit1_model1.pdb,
SASDPE7,ok,287.0,148.0,10.49,"[-1.0, -8.7, 6.4]","[-0.6, 0.5, 1.5]",26.442,24.268,0.707,23.841,9.38,84.5,55.0,SASDPE7_fit1_model1.pdb,
SASDPF2,ok,340.0,889.0,9.35,"[-0.0, 0.0, 9.3]","[0.0, 0.0, 0.0]",8.155,7.52,0.429,7.228,4.632,78.0,59.5,SASDPF2_fit1_model1.pdb,
SASDPF2,ok,308.0,889.0,20.82,"[-16.3, -0.0, -12.9]","[0.0, 0.0, 0.0]",11.568,8.908,0.701,10.651,8.432,81.5,2.5,SASDPF2_fit2_model1.pdb,
SASDPF2,ok,308.0,889.0,20.81,"[-16.3, 0.0, -12.9]","[0.0, 0.0, 0.0]",12.23,8.956,0.76,11.304,8.858,76.5,0.5,SASDPF2_fit3_model1.pdb,
SASDPF3,ok,275.0,656.0,12.51,"[1.6, -11.8, -4.1]","[-0.1, -0.1, -0.1]",28.57,29.763,0.716,40.638,11.564,18.5,23.5,SASDPF3_fit1_model1.pdb,
SASDPF3,ok,273.0,656.0,3.82,"[-0.6, -3.8, -0.9]","[-0.1, -0.1, -0.1]",27.443,29.326,0.674,41.53,9.564,18.5,25.0,SASDPF3_fit1_model2.pdb,
SASDPF3,ok,734.0,656.0,0.23,"[0.1, 0.0, 0.0]","[-0.1, -0.1, -0.1]",48.804,50.197,0.827,41.658,9.295,68.0,79.5,SASDPF3_fit2_model1.pdb,
SASDPG2,ok,1284.0,1205.0,23.66,"[-23.6, 2.2, 0.0]","[0.0, 0.0, -0.0]",11.071,10.686,0.738,12.108,9.208,23.0,15.0,SASDPG2_fit1_model1.pdb,
SASDPG3,ok,278.0,503.0,10.65,"[-8.3, -2.3, -6.1]","[0.1, -0.1, 0.1]",48.241,46.727,0.806,41.322,8.51,75.0,67.5,SASDPG3_fit1_model1.pdb,
SASDPG3,ok,279.0,503.0,8.83,"[-7.3, -1.0, -4.6]","[0.1, -0.1, 0.1]",47.984,47.235,0.792,42.145,7.578,69.5,65.5,SASDPG3_fit1_model2.pdb,
SASDPG3,ok,733.0,503.0,0.18,"[-0.0, -0.1, -0.0]","[0.1, -0.1, 0.1]",51.286,48.67,0.832,45.367,8.372,80.5,67.0,SASDPG3_fit2_model1.pdb,
SASDPG4,ok,183.0,742.0,0.7,"[-0.3, -0.6, 0.2]","[-0.0, -0.0, 0.0]",6.432,6.689,0.044,6.177,5.426,77.5,93.5,SASDPG4_fit1_model1.pdb,
SASDPG4,ok,183.0,742.0,0.7,"[-0.3, -0.6, 0.2]","[-0.0, -0.0, 0.0]",6.432,6.689,0.044,6.177,5.426,77.5,93.5,SASDPG4_fit2_model1.pdb,
SASDPG4,ok,183.0,742.0,0.7,"[-0.3, -0.6, 0.2]","[-0.0, -0.0, 0.0]",6.432,6.689,0.044,6.177,5.426,77.5,93.5,SASDPG4_fit2_model2.pdb,
SASDPG4,ok,183.0,742.0,0.7,"[-0.3, -0.6, 0.2]","[-0.0, -0.0, 0.0]",6.432,6.689,0.044,6.177,5.426,77.5,93.5,SASDPG4_fit2_model3.pdb,
SASDPG4,ok,183.0,742.0,0.7,"[-0.3, -0.6, 0.2]","[-0.0, -0.0, 0.0]",6.432,6.689,0.044,6.177,5.426,77.5,93.5,SASDPG4_fit2_model4.pdb,
SASDPG4,coordenadas_vazias,,,,,,,,,,,,,SASDPG4_fit2_model5.png,
SASDPH4,ok,183.0,639.0,0.74,"[-0.3, -0.6, 0.2]","[-0.0, 0.0, -0.0]",7.941,7.33,0.093,7.348,6.482,92.5,47.5,SASDPH4_fit1_model1.pdb,
SASDPH4,ok,183.0,639.0,0.74,"[-0.3, -0.6, 0.2]","[-0.0, 0.0, -0.0]",7.941,7.33,0.093,7.348,6.482,92.5,47.5,SASDPH4_fit2_model1.pdb,
SASDPH4,ok,183.0,639.0,0.74,"[-0.3, -0.6, 0.2]","[-0.0, 0.0, -0.0]",7.941,7.33,0.093,7.348,6.482,92.5,47.5,SASDPH4_fit2_model2.pdb,
SASDPH4,ok,183.0,639.0,0.74,"[-0.3, -0.6, 0.2]","[-0.0, 0.0, -0.0]",7.941,7.33,0.093,7.348,6.482,92.5,47.5,SASDPH4_fit2_model3.pdb,
SASDPH4,ok,183.0,639.0,0.74,"[-0.3, -0.6, 0.2]","[-0.0, 0.0, -0.0]",7.941,7.33,0.093,7.348,6.482,92.5,47.5,SASDPH4_fit2_model4.pdb,
SASDPH4,coordenadas_vazias,,,,,,,,,,,,,SASDPH4_fit2_model5.png,
SASDPJ2,ok,1442.0,1396.0,42.67,"[12.8, 12.2, 38.8]","[0.0, -0.0, -0.0]",26.049,26.211,0.967,30.961,23.433,14.0,16.0,SASDPJ2_fit1_model1.pdb,
SASDPJ4,ok,569.0,898.0,0.03,"[-0.0, 0.0, 0.0]","[0.0, 0.0, -0.0]",5.755,6.344,0.381,6.984,3.504,26.0,38.0,SASDPJ4_fit1_model1.pdb,
SASDPJ4,ok,300.0,898.0,4.01,"[1.7, -3.6, -0.3]","[0.0, 0.0, -0.0]",9.242,10.219,0.553,7.566,4.216,82.0,92.5,SASDPJ4_fit2_model1.pdb,
SASDPK2,ok,1442.0,1498.0,42.66,"[12.8, 12.2, 38.8]","[0.0, -0.0, 0.0]",24.865,24.421,0.976,29.714,21.608,15.0,12.5,SASDPK2_fit1_model1.pdb,
SASDPK4,ok,1233.0,257.0,0.1,"[0.0, 0.0, -0.0]","[-0.1, 0.1, -0.1]",8.38,10.348,0.578,9.412,4.309,32.0,75.5,SASDPK4_fit1_model1.pdb,
SASDPK4,ok,115.0,257.0,33.91,"[17.2, -18.4, -22.7]","[-0.1, 0.1, -0.1]",27.901,24.371,1.0,26.207,20.118,76.5,24.0,SASDPK4_fit2_model1.pdb,
SASDPK4,coordenadas_vazias,,,,,,,,,,,,,SASDPK4_fit2_model2.png,
SASDPK6,ok,127.0,1453.0,17.91,"[9.4, 13.1, 7.7]","[0.0, 0.0, 0.0]",8.475,9.203,0.669,8.863,8.065,14.5,70.5,SASDPK6_fit1_model1.pdb,
SASDPL2,ok,525.0,620.0,90.36,"[76.8, 47.4, -4.6]","[-0.0, 0.0, 0.0]",62.954,61.837,1.0,65.455,58.178,15.5,7.5,SASDPL2_fit1_model1.pdb,
SASDPL2,ok,525.0,620.0,83.89,"[70.2, 45.9, 1.2]","[-0.0, 0.0, 0.0]",46.095,46.109,0.996,59.844,45.488,1.5,1.5,SASDPL2_fit1_model2.pdb,
SASDPL2,ok,525.0,620.0,89.56,"[76.3, 46.6, -5.2]","[-0.0, 0.0, 0.0]",62.123,60.636,1.0,64.482,55.711,21.5,13.5,SASDPL2_fit1_model3.pdb,
SASDPL2,ok,525.0,620.0,89.77,"[76.6, 46.6, -4.1]","[-0.0, 0.0, 0.0]",61.142,60.651,1.0,64.988,57.688,9.5,9.5,SASDPL2_fit1_model4.pdb,
SASDPL2,ok,525.0,620.0,89.67,"[76.5, 46.4, -5.2]","[-0.0, 0.0, 0.0]",64.809,64.515,1.0,64.755,58.147,50.5,45.5,SASDPL2_fit1_model5.pdb,
SASDPL2,ok,523.0,620.0,91.16,"[77.7, 47.4, -4.8]","[-0.0, 0.0, 0.0]",64.708,63.957,1.0,66.46,58.125,25.0,19.5,SASDPL2_fit2_model1.pdb,
SASDPL6,ok,1358.0,1617.0,127.71,"[-121.1, 24.4, -32.4]","[-0.0, 0.0, -0.0]",104.705,107.727,1.0,104.141,90.245,59.0,91.0,SASDPL6_fit1_model1.pdb,
SASDPL8,ok,1180.0,220.0,2.85,"[0.0, 0.0, 0.0]","[-1.6, -1.7, -1.5]",49.701,48.342,0.999,49.44,46.622,59.0,25.0,SASDPL8_fit1_model1.pdb,
SASDPM4,ok,649.0,1691.0,1.42,"[0.9, 1.0, -0.5]","[-0.0, -0.0, -0.0]",5.104,5.376,0.219,7.649,3.565,4.5,7.0,SASDPM4_fit1_model1.pdb,
SASDPM4,coordenadas_vazias,,,,,,,,,,,,,SASDPM4_fit2_model1.pdb,
SASDPM6,ok,1405.0,4914.0,77.83,"[-30.8, 19.0, -68.9]","[0.0, 0.0, -0.0]",44.693,52.214,1.0,53.445,43.61,2.5,43.0,SASDPM6_fit1_model1.pdb,
SASDPM8,ok,1177.0,191.0,7.02,"[0.0, 0.0, 0.0]","[0.7, -3.1, 6.3]",51.908,56.275,1.0,54.317,50.572,8.5,83.0,SASDPM8_fit1_model1.pdb,
SASDPN4,ok,909.0,2378.0,1.53,"[0.3, 1.5, 0.0]","[-0.0, -0.0, 0.0]",2.824,2.785,0.143,5.912,2.567,0.5,0.5,SASDPN4_fit1_model1.pdb,
SASDPN4,ok,298.0,2378.0,121.4,"[19.7, 55.6, 106.1]","[-0.0, -0.0, 0.0]",94.4,102.227,1.0,101.346,94.718,0.0,61.5,SASDPN4_fit2_model1.pdb,
SASDPN4,coordenadas_vazias,,,,,,,,,,,,,SASDPN4_fit3_model1.pdb,
SASDPN6,ok,2191.0,970.0,405.0,"[202.5, 246.6, 249.4]","[-0.0, -0.0, -0.0]",384.374,369.509,1.0,375.952,363.228,99.5,15.5,SASDPN6_fit1_model1.pdb,
SASDPN8,ok,3692.0,1826.0,0.01,"[0.0, -0.0, -0.0]","[-0.0, -0.0, 0.0]",17.996,21.552,0.534,16.55,7.563,66.0,91.0,SASDPN8_fit1_model1.pdb,
SASDPP3,ok,728.0,1429.0,2.81,"[1.2, -2.5, 0.3]","[0.0, 0.0, -0.0]",14.124,9.787,0.622,13.134,7.609,62.5,10.0,SASDPP3_fit1_model1.pdb,
SASDPP3,ok,728.0,1429.0,6.73,"[0.3, 0.7, -6.7]","[0.0, 0.0, -0.0]",11.572,11.744,0.449,11.132,7.705,59.5,62.5,SASDPP3_fit2_model1.pdb,
SASDPP3,ok,728.0,1429.0,6.73,"[0.3, 0.7, -6.7]","[0.0, 0.0, -0.0]",11.436,11.608,0.444,11.219,7.743,54.0,58.5,SASDPP3_fit2_model2.pdb,
SASDPP4,ok,1478.0,1223.0,1.46,"[0.7, -0.9, 0.9]","[-0.0, 0.0, 0.0]",2.057,2.88,0.272,2.702,1.544,16.0,61.0,SASDPP4_fit1_model1.pdb,
SASDPP4,ok,124.0,1223.0,36.6,"[29.4, 17.5, 13.1]","[-0.0, 0.0, 0.0]",18.076,19.349,0.968,19.773,16.986,11.5,43.0,SASDPP4_fit2_model1.pdb,
SASDPP4,ok,124.0,1223.0,36.6,"[29.4, 17.5, 13.1]","[-0.0, 0.0, 0.0]",18.076,19.349,0.968,19.773,16.986,11.5,43.0,SASDPP4_fit3_model1.pdb,
SASDPP4,ok,124.0,1223.0,36.6,"[29.4, 17.5, 13.1]","[-0.0, 0.0, 0.0]",18.076,19.349,0.968,19.773,16.986,11.5,43.0,SASDPP4_fit4_model1.pdb,
SASDPP4,ok,124.0,1223.0,36.6,"[29.4, 17.5, 13.1]","[-0.0, 0.0, 0.0]",18.076,19.349,0.968,19.773,16.986,11.5,43.0,SASDPP4_fit5_model1.pdb,
SASDPP6,ok,700.0,2788.0,80.55,"[-26.9, 75.8, -3.6]","[0.0, -0.0, -0.0]",53.957,54.3,1.0,58.278,52.522,5.5,7.0,SASDPP6_fit1_model1.pdb,
SASDPQ3,ok,728.0,1667.0,2.8,"[1.2, -2.5, 0.3]","[-0.0, 0.0, 0.0]",18.416,16.533,0.486,20.705,8.634,38.5,29.0,SASDPQ3_fit1_model1.pdb,
SASDPQ3,ok,728.0,1667.0,9.89,"[6.5, 7.4, -1.0]","[-0.0, 0.0, 0.0]",21.91,18.94,0.604,23.595,8.678,38.0,25.0,SASDPQ3_fit2_model1.pdb,
SASDPQ3,ok,728.0,1667.0,6.74,"[0.3, 0.7, -6.7]","[-0.0, 0.0, 0.0]",16.773,17.453,0.516,18.631,10.046,32.5,40.0,SASDPQ3_fit2_model2.pdb,
SASDPQ4,ok,3016.0,1674.0,2.08,"[-0.8, 0.1, 1.9]","[-0.0, -0.0, 0.0]",3.084,2.796,0.164,3.065,2.789,59.5,0.5,SASDPQ4_fit1_model1.pdb,
SASDPQ4,ok,1204.0,1674.0,81.02,"[39.8, 47.5, 52.2]","[-0.0, -0.0, 0.0]",44.131,44.144,1.0,44.216,41.986,44.0,44.5,SASDPQ4_fit2_model1.pdb,
SASDPQ4,ok,1204.0,1674.0,81.02,"[39.8, 47.5, 52.2]","[-0.0, -0.0, 0.0]",44.131,44.144,1.0,44.216,41.986,44.0,44.5,SASDPQ4_fit3_model1.pdb,
SASDPQ4,ok,1204.0,1674.0,81.02,"[39.8, 47.5, 52.2]","[-0.0, -0.0, 0.0]",44.131,44.144,1.0,44.216,41.986,44.0,44.5,SASDPQ4_fit4_model1.pdb,
SASDPQ4,ok,1180.0,1674.0,80.98,"[39.8, 47.5, 52.2]","[-0.0, -0.0, 0.0]",44.51,44.067,1.0,44.391,43.776,60.5,25.5,SASDPQ4_fit5_model1.pdb,
SASDPQ5,ok,1672.0,625.0,74.37,"[-42.4, 42.4, -44.0]","[0.0, -0.0, -0.0]",41.92,42.228,0.995,44.057,41.964,0.0,4.5,SASDPQ5_fit1_model1.pdb,
SASDPQ5,ok,3344.0,625.0,64.44,"[-45.5, 45.5, 0.0]","[0.0, -0.0, -0.0]",40.424,40.78,0.994,32.794,24.49,93.0,94.0,SASDPQ5_fit1_model2.pdb,
SASDPQ7,ok,1865.0,464.0,61.57,"[1.9, -7.8, -61.1]","[0.0, 0.1, -0.1]",67.564,64.939,0.998,76.25,62.671,8.5,4.0,SASDPQ7_fit1_model1.pdb,
SASDPR3,ok,728.0,1456.0,2.79,"[1.2, -2.5, 0.3]","[-0.0, -0.0, 0.0]",22.343,22.409,0.466,22.585,8.992,48.5,49.0,SASDPR3_fit1_model1.pdb,
SASDPR3,ok,728.0,1456.0,9.9,"[6.5, 7.4, -1.0]","[-0.0, -0.0, 0.0]",27.25,25.849,0.668,26.512,9.71,52.5,43.5,SASDPR3_fit2_model1.pdb,
SASDPR3,ok,728.0,1456.0,9.9,"[6.5, 7.4, -1.0]","[-0.0, -0.0, 0.0]",27.34,25.926,0.663,26.549,9.745,52.5,44.5,SASDPR3_fit2_model2.pdb,
SASDPR3,ok,728.0,1456.0,6.74,"[0.3, 0.7, -6.7]","[-0.0, -0.0, 0.0]",22.362,17.495,0.556,20.541,10.488,63.0,22.0,SASDPR3_fit2_model3.pdb,
SASDPR4,ok,3038.0,1669.0,4.2,"[1.8, 2.2, 3.1]","[-0.0, 0.0, -0.0]",3.077,3.366,0.154,3.459,2.858,10.5,37.0,SASDPR4_fit1_model1.pdb,
SASDPR4,ok,1560.0,1669.0,82.25,"[49.0, 64.9, 12.1]","[-0.0, 0.0, -0.0]",45.214,44.985,1.0,43.938,40.829,86.5,77.0,SASDPR4_fit2_model1.pdb,
SASDPR4,ok,1560.0,1669.0,82.25,"[49.0, 64.9, 12.1]","[-0.0, 0.0, -0.0]",45.214,44.985,1.0,43.938,40.829,86.5,77.0,SASDPR4_fit3_model1.pdb,
SASDPR4,ok,1560.0,1669.0,82.25,"[49.0, 64.9, 12.1]","[-0.0, 0.0, -0.0]",45.214,44.985,1.0,43.938,40.829,86.5,77.0,SASDPR4_fit4_model1.pdb,
SASDPR4,ok,1556.0,1669.0,82.24,"[49.2, 64.8, 11.9]","[-0.0, 0.0, -0.0]",45.622,45.309,1.0,44.132,41.098,90.0,81.5,SASDPR4_fit5_model1.pdb,
SASDPR5,ok,1594.0,3091.0,74.37,"[-42.4, 42.4, -44.0]","[0.0, 0.0, -0.0]",37.53,38.374,0.978,40.008,36.65,3.5,15.5,SASDPR5_fit1_model1.pdb,
SASDPR5,ok,3188.0,3091.0,64.42,"[-45.5, 45.5, -0.0]","[0.0, 0.0, -0.0]",35.554,35.661,0.988,34.974,25.121,55.0,55.5,SASDPR5_fit1_model2.pdb,
SASDPR7,ok,487.0,237.0,2.44,"[-2.5, 0.2, 1.3]","[-0.4, 0.3, 0.2]",14.242,2.559,0.77,11.167,2.359,95.5,0.5,SASDPR7_fit1_model1.pdb,
SASDPS3,ok,728.0,953.0,2.76,"[1.2, -2.5, 0.3]","[0.0, -0.0, 0.0]",17.06,15.583,0.701,14.784,9.294,65.5,56.5,SASDPS3_fit1_model1.pdb,
SASDPS3,ok,728.0,953.0,9.89,"[6.5, 7.4, -1.0]","[0.0, -0.0, 0.0]",20.282,17.397,0.724,17.046,10.835,71.0,54.0,SASDPS3_fit2_model1.pdb,
SASDPS3,ok,728.0,953.0,9.89,"[6.5, 7.4, -1.0]","[0.0, -0.0, 0.0]",19.222,16.45,0.69,15.947,10.657,73.5,54.0,SASDPS3_fit2_model2.pdb,
SASDPS3,ok,728.0,953.0,7.7,"[-5.3, 0.1, -5.6]","[0.0, -0.0, 0.0]",19.541,18.609,0.798,15.416,9.447,88.5,85.0,SASDPS3_fit2_model3.pdb,
SASDPS3,ok,728.0,953.0,7.7,"[-5.3, 0.1, -5.6]","[0.0, -0.0, 0.0]",19.025,18.313,0.793,15.12,9.384,87.0,84.5,SASDPS3_fit2_model4.pdb,
SASDPS3,ok,728.0,953.0,7.7,"[-5.3, 0.1, -5.6]","[0.0, -0.0, 0.0]",21.975,19.139,0.75,16.401,9.994,89.0,70.0,SASDPS3_fit2_model5.pdb,
SASDPS4,ok,2155.0,1091.0,2.82,"[-1.0, 2.6, 0.6]","[-0.0, -0.0, -0.0]",2.09,2.06,0.286,2.069,1.853,57.0,46.0,SASDPS4_fit1_model1.pdb,
SASDPS4,ok,193.0,1091.0,38.73,"[12.0, 33.2, -15.9]","[-0.0, -0.0, -0.0]",22.612,21.655,1.0,22.761,21.352,43.0,6.5,SASDPS4_fit2_model1.pdb,
SASDPS4,ok,193.0,1091.0,38.73,"[12.0, 33.2, -15.9]","[-0.0, -0.0, -0.0]",22.612,21.655,1.0,22.761,21.352,43.0,6.5,SASDPS4_fit3_model1.pdb,
SASDPS4,ok,193.0,1091.0,38.73,"[12.0, 33.2, -15.9]","[-0.0, -0.0, -0.0]",22.612,21.655,1.0,22.761,21.352,43.0,6.5,SASDPS4_fit4_model1.pdb,
SASDPS4,ok,190.0,1091.0,38.77,"[12.3, 33.2, -15.8]","[-0.0, -0.0, -0.0]",22.608,21.638,1.0,22.797,21.299,42.0,4.0,SASDPS4_fit5_model1.pdb,
SASDPS5,ok,1692.0,1007.0,74.36,"[-42.4, 42.4, -44.0]","[0.0, -0.0, -0.0]",36.817,35.581,0.769,37.553,34.244,30.5,8.0,SASDPS5_fit1_model1.pdb,
SASDPS5,ok,3384.0,1007.0,64.45,"[-45.5, 45.5, 0.0]","[0.0, -0.0, -0.0]",37.876,37.579,0.868,27.35,16.408,95.0,95.0,SASDPS5_fit1_model2.pdb,
SASDPS7,ok,291.0,159.0,3.63,"[-0.9, 1.4, -3.2]","[-0.0, 0.0, 0.0]",15.078,14.032,0.581,16.104,6.355,41.0,35.0,SASDPS7_fit1_model1.pdb,
SASDPT4,ok,1633.0,1656.0,2.2,"[0.2, 1.0, 1.9]","[-0.0, 0.0, -0.0]",2.183,2.116,0.309,2.111,1.662,64.5,51.0,SASDPT4_fit1_model1.pdb,
SASDPT4,ok,164.0,1656.0,28.76,"[-2.0, 14.8, 24.6]","[-0.0, 0.0, -0.0]",14.552,12.207,0.939,14.44,11.865,58.0,5.0,SASDPT4_fit2_model1.pdb,
SASDPT4,ok,164.0,1656.0,28.76,"[-2.0, 14.8, 24.6]","[-0.0, 0.0, -0.0]",14.552,12.207,0.939,14.44,11.865,58.0,5.0,SASDPT4_fit3_model1.pdb,
SASDPT4,ok,164.0,1656.0,28.76,"[-2.0, 14.8, 24.6]","[-0.0, 0.0, -0.0]",14.552,12.207,0.939,14.44,11.865,58.0,5.0,SASDPT4_fit4_model1.pdb,
SASDPT4,ok,129.0,1656.0,28.36,"[-1.8, 14.4, 24.4]","[-0.0, 0.0, -0.0]",14.448,11.901,0.938,14.037,11.608,63.5,4.5,SASDPT4_fit5_model1.pdb,
SASDPT5,ok,786.0,1390.0,0.99,"[0.4, -0.9, 0.2]","[-0.0, 0.0, 0.0]",5.475,5.953,0.178,11.661,6.267,0.0,0.0,SASDPT5_fit1_model1.pdb,
SASDPT5,ok,664.0,1390.0,74.99,"[3.2, 69.2, 28.7]","[-0.0, 0.0, 0.0]",28.596,43.917,0.851,40.574,25.763,2.5,80.5,SASDPT5_fit2_model1.pdb,
SASDPT7,ok,438.0,560.0,26.65,"[-15.6, -7.4, 20.3]","[0.0, 0.1, 0.0]",14.884,18.583,0.961,21.002,12.814,1.5,20.5,SASDPT7_fit1_model1.pdb,
SASDPU4,ok,124.0,1099.0,36.63,"[29.4, 17.5, 13.1]","[-0.0, -0.0, 0.0]",20.702,21.924,1.0,22.195,19.216,16.0,44.5,SASDPU4_fit1_model1.pdb,
SASDPU4,ok,124.0,1099.0,36.63,"[29.4, 17.5, 13.1]","[-0.0, -0.0, 0.0]",20.702,21.924,1.0,22.195,19.216,16.0,44.5,SASDPU4_fit2_model1.pdb,
SASDPU4,ok,124.0,1099.0,36.63,"[29.4, 17.5, 13.1]","[-0.0, -0.0, 0.0]",20.702,21.924,1.0,22.195,19.216,16.0,44.5,SASDPU4_fit3_model1.pdb,
SASDPU6,ok,2946.0,433.0,0.13,"[-0.0, 0.0, 0.1]","[0.0, 0.1, -0.0]",7.647,9.027,0.374,12.073,4.656,8.5,19.5,SASDPU6_fit1_model1.pdb,
SASDPU7,ok,172.0,185.0,4.83,"[4.5, -1.9, -2.0]","[0.2, -0.3, -0.4]",20.061,13.124,0.709,18.504,9.481,72.5,8.0,SASDPU7_fit1_model1.pdb,
SASDPV2,ok,1546.0,662.0,9.3,"[-2.5, 8.9, -0.6]","[0.1, -0.0, 0.0]",41.876,41.851,0.999,42.099,41.655,23.0,16.5,SASDPV2_fit1_model1.pdb,
SASDPV2,ok,7620.0,662.0,267.58,"[154.5, 154.5, 154.5]","[0.1, -0.0, 0.0]",218.678,218.685,1.0,216.963,213.877,98.5,98.5,SASDPV2_fit2_model1.pdb,
SASDPV3,ok,3090.0,1270.0,52.73,"[-27.1, 4.9, -45.0]","[-0.0, -0.0, 0.0]",19.933,19.546,0.675,18.952,17.507,94.5,84.0,SASDPV3_fit1_model1.pdb,
SASDPV3,ok,2060.0,1270.0,50.44,"[-11.0, 5.4, -48.9]","[-0.0, -0.0, 0.0]",18.604,19.252,0.538,18.951,17.218,41.0,60.0,SASDPV3_fit1_model2.pdb,
SASDPV4,ok,164.0,1092.0,28.77,"[-2.0, 14.8, 24.6]","[0.0, -0.0, -0.0]",16.985,14.182,1.0,16.927,13.749,54.0,3.5,SASDPV4_fit1_model1.pdb,
SASDPV4,ok,164.0,1092.0,28.77,"[-2.0, 14.8, 24.6]","[0.0, -0.0, -0.0]",16.985,14.182,1.0,16.927,13.749,54.0,3.5,SASDPV4_fit2_model1.pdb,
SASDPV4,ok,129.0,1092.0,28.37,"[-1.8, 14.4, 24.4]","[0.0, -0.0, -0.0]",16.895,13.869,1.0,16.54,13.506,62.5,2.0,SASDPV4_fit3_model1.pdb,
SASDPV7,ok,348.0,1210.0,41.81,"[12.6, -39.9, -0.7]","[-0.0, -0.0, -0.0]",26.343,27.403,1.0,25.026,21.997,81.0,94.0,SASDPV7_fit1_model1.pdb,
SASDPV7,ok,5894.0,1210.0,0.02,"[0.0, 0.0, -0.0]","[-0.0, -0.0, -0.0]",4.625,5.12,0.431,3.85,2.264,85.0,93.5,SASDPV7_fit2_model1.pdb,
SASDPW2,ok,1475.0,549.0,1.16,"[-0.4, 0.7, -0.8]","[-0.0, 0.0, 0.0]",43.844,43.822,0.999,43.763,43.65,97.5,90.0,SASDPW2_fit1_model1.pdb,
SASDPW3,ok,3090.0,1029.0,52.74,"[-27.1, 4.9, -45.0]","[0.0, -0.0, 0.0]",19.972,18.755,0.737,19.297,17.881,80.5,17.5,SASDPW3_fit1_model1.pdb,
SASDPW3,ok,2060.0,1029.0,50.44,"[-11.0, 5.4, -48.9]","[0.0, -0.0, 0.0]",17.962,18.045,0.621,19.877,16.497,8.0,10.5,SASDPW3_fit1_model2.pdb,
SASDPW4,ok,193.0,1741.0,38.72,"[12.0, 33.2, -15.9]","[0.0, -0.0, -0.0]",23.279,22.129,1.0,23.339,21.918,47.0,4.0,SASDPW4_fit1_model1.pdb,
SASDPW4,ok,193.0,1741.0,38.72,"[12.0, 33.2, -15.9]","[0.0, -0.0, -0.0]",23.279,22.129,1.0,23.339,21.918,47.0,4.0,SASDPW4_fit2_model1.pdb,
SASDPW4,ok,190.0,1741.0,38.77,"[12.3, 33.2, -15.8]","[0.0, -0.0, -0.0]",23.281,22.109,1.0,23.394,21.85,46.0,2.0,SASDPW4_fit3_model1.pdb,
SASDPW6,ok,78.0,756.0,91.44,"[52.6, 53.0, 52.8]","[0.0, -0.0, -0.0]",74.745,75.022,1.0,74.45,68.533,58.5,67.0,SASDPW6_fit1_model1.pdb,
SASDPW7,ok,348.0,1319.0,41.82,"[12.6, -39.9, -0.7]","[-0.0, 0.0, 0.0]",19.836,19.992,0.894,18.394,15.486,85.5,90.0,SASDPW7_fit1_model1.pdb,
SASDPW7,ok,7181.0,1319.0,0.02,"[0.0, 0.0, -0.0]","[-0.0, 0.0, 0.0]",3.601,4.266,0.362,3.621,1.785,47.5,74.5,SASDPW7_fit2_model1.pdb,
SASDPX2,ok,392.0,1305.0,1.11,"[0.0, 0.0, 1.1]","[0.0, 0.0, 0.0]",7.766,7.876,0.296,12.336,5.871,5.0,5.0,SASDPX2_fit1_model1.pdb,
SASDPX3,ok,982.0,1225.0,53.94,"[31.9, -2.6, 43.4]","[-0.0, 0.0, -0.0]",26.107,31.879,0.87,28.979,24.717,14.0,83.5,SASDPX3_fit1_model1.pdb,
SASDPX4,ok,1204.0,1115.0,81.02,"[39.8, 47.5, 52.2]","[0.0, -0.0, 0.0]",49.326,49.338,1.0,49.392,47.208,48.0,48.0,SASDPX4_fit1_model1.pdb,
SASDPX4,ok,1204.0,1115.0,81.02,"[39.8, 47.5, 52.2]","[0.0, -0.0, 0.0]",49.326,49.338,1.0,49.392,47.208,48.0,48.0,SASDPX4_fit2_model1.pdb,
SASDPX4,ok,1180.0,1115.0,80.97,"[39.8, 47.5, 52.2]","[0.0, -0.0, 0.0]",49.697,49.287,1.0,49.601,48.944,55.5,27.5,SASDPX4_fit3_model1.pdb,
SASDPX6,ok,226.0,1357.0,18.47,"[-12.4, 11.8, -7.0]","[-0.0, 0.0, 0.0]",11.19,10.457,0.394,13.887,8.862,10.5,5.0,SASDPX6_fit1_model1.pdb,
SASDPX7,ok,1280.0,1441.0,0.0,"[-0.0, -0.0, -0.0]","[0.0, 0.0, 0.0]",4.725,4.746,0.184,4.678,4.197,65.0,69.5,SASDPX7_fit1_model1.pdb,
SASDPX7,ok,3956.0,1441.0,2.08,"[0.4, 1.2, -1.6]","[0.0, 0.0, 0.0]",4.061,4.177,0.174,4.146,4.018,9.5,68.5,SASDPX7_fit2_model1.pdb,
SASDPX7,ok,1088.0,1441.0,0.0,"[0.0, -0.0, -0.0]","[0.0, 0.0, 0.0]",5.201,5.213,0.236,4.874,4.338,99.0,99.0,SASDPX7_fit3_model1.pdb,
SASDPY2,ok,747.0,2208.0,3.82,"[2.2, -3.1, 0.2]","[-0.0, -0.0, 0.0]",3.566,3.542,0.171,6.114,3.644,0.0,0.0,SASDPY2_fit1_model1.pdb,
SASDPY3,ok,982.0,1261.0,53.94,"[31.9, -2.6, 43.4]","[-0.0, 0.0, 0.0]",26.196,33.368,0.871,29.647,25.131,6.5,93.0,SASDPY3_fit1_model1.pdb,
SASDPY4,ok,1560.0,1197.0,82.25,"[49.0, 64.9, 12.1]","[0.0, -0.0, -0.0]",47.812,47.708,1.0,46.523,43.449,82.0,79.0,SASDPY4_fit1_model1.pdb,
SASDPY4,ok,1560.0,1197.0,82.25,"[49.0, 64.9, 12.1]","[0.0, -0.0, -0.0]",47.812,47.708,1.0,46.523,43.449,82.0,79.0,SASDPY4_fit2_model1.pdb,
SASDPY4,ok,1556.0,1197.0,82.24,"[49.2, 64.8, 11.9]","[0.0, -0.0, -0.0]",48.196,48.045,1.0,46.711,43.743,84.5,80.0,SASDPY4_fit3_model1.pdb,
SASDPY7,ok,1768.0,1274.0,0.02,"[-0.0, 0.0, 0.0]","[0.0, -0.0, 0.0]",5.818,5.493,0.294,5.148,4.433,100.0,88.0,SASDPY7_fit1_model1.pdb,
SASDPY7,ok,4297.0,1274.0,0.02,"[0.0, 0.0, 0.0]","[0.0, -0.0, 0.0]",4.253,4.263,0.248,4.234,4.168,68.5,78.0,SASDPY7_fit2_model1.pdb,
SASDPY7,ok,1352.0,1274.0,0.02,"[0.0, -0.0, -0.0]","[0.0, -0.0, 0.0]",5.693,5.085,0.289,5.609,4.621,57.5,10.5,SASDPY7_fit3_model1.pdb,
SASDPZ4,ok,164.0,829.0,28.76,"[-2.0, 14.8, 24.6]","[0.0, 0.0, -0.0]",14.349,11.88,0.933,14.246,11.614,57.0,2.5,SASDPZ4_fit1_model1.pdb,
SASDPZ4,ok,164.0,829.0,28.76,"[-2.0, 14.8, 24.6]","[0.0, 0.0, -0.0]",14.349,11.88,0.933,14.246,11.614,57.0,2.5,SASDPZ4_fit2_model1.pdb,
SASDPZ4,ok,129.0,829.0,28.36,"[-1.8, 14.4, 24.4]","[0.0, 0.0, -0.0]",14.314,11.669,0.93,13.927,11.433,64.5,2.5,SASDPZ4_fit3_model1.pdb,
SASDPZ7,ok,1544.0,1042.0,0.0,"[0.0, -0.0, -0.0]","[0.0, -0.0, 0.0]",5.758,6.57,0.144,6.092,5.373,7.5,98.0,SASDPZ7_fit1_model1.pdb,
SASDPZ7,ok,4036.0,1042.0,0.0,"[0.0, 0.0, -0.0]","[0.0, -0.0, 0.0]",6.072,5.779,0.31,5.928,5.662,93.0,10.5,SASDPZ7_fit2_model1.pdb,
SASDPZ7,ok,1150.0,1042.0,0.0,"[0.0, -0.0, 0.0]","[0.0, -0.0, 0.0]",7.116,7.607,0.2,7.391,6.419,18.0,72.0,SASDPZ7_fit3_model1.pdb,
SASDPZ8,ok,1043.0,3107.0,86.21,"[51.5, 49.1, 48.6]","[-0.0, 0.0, -0.0]",67.719,70.153,1.0,68.371,60.721,45.0,80.0,SASDPZ8_fit1_model1.pdb,
SASDPZ8,ok,593.0,3107.0,1.66,"[-0.1, -0.1, -1.7]","[-0.0, 0.0, -0.0]",2.195,2.271,0.121,5.575,2.106,1.0,1.5,SASDPZ8_fit2_model1.pdb,
SASDQ25,ok,2460.0,1176.0,0.04,"[0.0, 0.0, 0.0]","[0.0, -0.0, -0.0]",5.798,5.681,0.127,6.178,5.579,12.0,5.0,SASDQ25_fit1_model1.pdb,
SASDQ25,ok,2460.0,1176.0,76.59,"[45.6, 43.0, 44.0]","[0.0, -0.0, -0.0]",34.061,34.428,0.846,36.233,27.485,27.5,31.5,SASDQ25_fit2_model1.pdb,
SASDQ28,ok,813.0,965.0,2.3,"[0.4, 0.1, -2.2]","[-0.0, 0.0, 0.0]",5.478,5.343,0.437,4.768,3.284,87.0,80.5,SASDQ28_fit1_model1.pdb,
SASDQ28,ok,404.0,965.0,7.44,"[-6.6, 3.3, 1.1]","[-0.0, 0.0, 0.0]",5.556,5.642,0.314,5.697,4.779,35.0,46.5,SASDQ28_fit2_model1.pdb,
SASDQ35,ok,2460.0,1209.0,0.01,"[-0.0, -0.0, -0.0]","[0.0, 0.0, -0.0]",6.209,6.617,0.174,6.462,5.812,24.5,72.0,SASDQ35_fit1_model1.pdb,
SASDQ35,ok,2460.0,1209.0,75.27,"[44.2, 44.4, 41.7]","[0.0, 0.0, -0.0]",34.037,26.074,0.908,31.352,24.948,94.5,3.0,SASDQ35_fit2_model1.pdb,
SASDQ37,ok,480.0,1117.0,95.89,"[42.1, 28.8, 81.2]","[0.0, -0.0, -0.0]",68.644,68.406,1.0,67.899,62.136,66.5,62.0,SASDQ37_fit1_model1.pdb,
SASDQ37,ok,960.0,1117.0,97.04,"[21.6, 16.7, 93.1]","[0.0, -0.0, -0.0]",68.571,63.677,1.0,66.716,50.913,75.5,30.5,SASDQ37_fit1_model2.pdb,
SASDQ37,ok,897.0,1117.0,2.98,"[-0.0, 0.0, -3.0]","[0.0, -0.0, -0.0]",6.145,5.974,0.344,6.461,3.504,39.5,33.5,SASDQ37_fit2_model1.pdb,
SASDQ38,ok,824.0,2230.0,0.97,"[0.6, 0.1, -0.7]","[0.0, 0.0, -0.0]",9.09,9.0,0.487,7.919,3.362,80.0,77.0,SASDQ38_fit1_model1.pdb,
SASDQ45,ok,2460.0,1190.0,0.02,"[0.0, 0.0, 0.0]","[-0.0, 0.0, -0.0]",5.789,5.645,0.122,5.835,5.106,47.5,35.0,SASDQ45_fit1_model1.pdb,
SASDQ45,ok,2460.0,1190.0,77.5,"[44.9, 42.8, 46.5]","[-0.0, 0.0, -0.0]",39.32,30.639,0.951,38.599,29.704,63.0,2.0,SASDQ45_fit2_model1.pdb,
SASDQ47,ok,422.0,903.0,90.39,"[36.8, 25.0, 78.7]","[0.0, 0.0, -0.0]",43.745,55.418,0.964,61.275,43.818,0.0,15.0,SASDQ47_fit1_model1.pdb,
SASDQ47,ok,422.0,903.0,2.64,"[-2.3, 0.2, 1.2]","[0.0, 0.0, -0.0]",9.021,8.268,0.429,8.066,5.825,76.5,56.5,SASDQ47_fit2_model1.pdb,
SASDQ47,ok,421.0,903.0,1.73,"[0.0, 0.0, -1.7]","[0.0, 0.0, -0.0]",7.69,7.474,0.399,7.532,3.917,57.0,48.5,SASDQ47_fit3_model1.pdb,
SASDQ48,ok,782.0,1153.0,41.34,"[18.8, 13.0, 34.4]","[0.0, -0.0, 0.0]",17.861,16.722,0.825,18.962,15.362,34.0,20.5,SASDQ48_fit1_model1.pdb,
SASDQ48,coordenadas_vazias,,,,,,,,,,,,,SASDQ48_fit2_model1.pdb,
SASDQ48,ok,596.0,1153.0,39.76,"[17.0, 12.4, 33.8]","[0.0, -0.0, 0.0]",17.425,15.261,0.82,18.436,14.169,33.0,13.0,SASDQ48_fit3_model1.pdb,
SASDQ49,ok,4752.0,1308.0,48.94,"[-36.1, -18.3, 27.5]","[-0.0, 0.0, -0.0]",23.67,23.535,0.599,26.269,19.553,26.5,24.5,SASDQ49_fit1_model1.pdb,
SASDQ49,ok,4752.0,1308.0,59.51,"[-30.9, -2.9, 50.8]","[-0.0, 0.0, -0.0]",28.387,27.263,0.681,27.414,20.599,58.5,47.0,SASDQ49_fit1_model2.pdb,
SASDQ49,ok,4752.0,1308.0,19.74,"[14.6, -6.2, -11.6]","[-0.0, 0.0, -0.0]",20.328,19.681,0.394,20.282,16.221,50.0,40.5,SASDQ49_fit1_model3.pdb,
SASDQ49,ok,4752.0,1308.0,36.97,"[35.8, 8.9, -0.9]","[-0.0, 0.0, -0.0]",22.632,23.202,0.481,24.76,16.94,23.0,27.0,SASDQ49_fit1_model4.pdb,
SASDQ55,ok,2460.0,1269.0,0.03,"[-0.0, -0.0, -0.0]","[-0.0, -0.0, -0.0]",6.136,6.07,0.123,5.985,5.447,76.5,66.0,SASDQ55_fit1_model1.pdb,
SASDQ55,ok,2460.0,1269.0,77.54,"[44.6, 45.5, 44.1]","[-0.0, -0.0, -0.0]",36.325,28.654,0.938,34.621,27.391,81.0,1.0,SASDQ55_fit2_model1.pdb,
SASDQ57,ok,890.0,5000.0,91.78,"[41.5, 14.7, 80.6]","[-0.0, 0.1, 0.1]",59.288,41.578,1.0,52.291,39.243,98.5,4.0,SASDQ57_fit1_model1.pdb,
SASDQ57,ok,890.0,5000.0,102.26,"[1.2, 2.7, 102.3]","[-0.0, 0.1, 0.1]",59.679,60.883,1.0,56.209,41.586,70.0,78.5,SASDQ57_fit2_model1.pdb,
SASDQ57,ok,1282.0,5000.0,1.33,"[0.0, 0.0, -1.3]","[-0.0, 0.1, 0.1]",15.238,15.291,0.577,11.352,3.014,91.0,91.0,SASDQ57_fit3_model1.pdb,
SASDQ58,ok,782.0,1076.0,41.36,"[18.8, 13.0, 34.4]","[0.0, -0.0, -0.0]",16.566,15.334,0.733,18.12,14.501,32.0,12.5,SASDQ58_fit1_model1.pdb,
SASDQ59,ok,435.0,1001.0,130.25,"[77.9, 70.4, 77.0]","[-0.0, -0.0, -0.0]",103.889,97.987,1.0,100.94,85.384,86.0,25.0,SASDQ59_fit1_model1.pdb,
SASDQ65,ok,2460.0,1197.0,0.01,"[0.0, 0.0, 0.0]","[0.0, -0.0, 0.0]",5.814,5.832,0.139,6.268,5.744,5.0,7.0,SASDQ65_fit1_model1.pdb,
SASDQ65,ok,2460.0,1197.0,76.49,"[44.7, 43.9, 43.9]","[0.0, -0.0, 0.0]",35.645,26.727,0.872,34.026,25.84,78.0,1.0,SASDQ65_fit2_model1.pdb,
SASDQ67,ok,1252.0,4105.0,102.61,"[1.5, 1.9, 102.6]","[0.0, 0.0, 0.0]",49.517,48.971,0.969,51.073,34.648,44.5,40.0,SASDQ67_fit1_model1.pdb,
SASDQ67,ok,1495.0,4105.0,0.64,"[0.0, 0.0, -0.6]","[0.0, 0.0, 0.0]",19.189,18.852,0.666,14.557,3.471,82.5,79.0,SASDQ67_fit2_model1.pdb,
SASDQ68,ok,782.0,1028.0,41.34,"[18.8, 13.0, 34.4]","[0.0, -0.0, 0.0]",14.647,15.461,0.703,16.572,13.695,15.5,31.5,SASDQ68_fit1_model1.pdb,
SASDQ69,ok,1772.0,890.0,103.1,"[57.2, 61.0, 60.2]","[-0.0, -0.0, 0.0]",82.229,82.435,1.0,84.613,71.279,41.5,42.5,SASDQ69_fit1_model1.pdb,
SASDQ75,ok,2460.0,1145.0,0.02,"[0.0, 0.0, 0.0]","[0.0, -0.0, -0.0]",6.278,6.833,0.139,6.534,6.007,13.0,86.5,SASDQ75_fit1_model1.pdb,
SASDQ75,ok,2460.0,1145.0,77.7,"[45.3, 46.8, 42.4]","[0.0, -0.0, -0.0]",39.027,36.468,0.964,37.447,29.804,80.5,33.5,SASDQ75_fit2_model1.pdb,
SASDQ77,ok,1346.0,4375.0,2.19,"[2.1, 0.4, 0.1]","[-0.0, 0.0, -0.0]",15.926,12.805,0.501,15.554,5.297,51.0,32.0,SASDQ77_fit1_model1.pdb,
SASDQ77,ok,995.0,4375.0,0.05,"[0.0, 0.0, 0.0]","[-0.0, 0.0, -0.0]",20.159,20.131,0.575,15.003,4.178,99.0,99.0,SASDQ77_fit2_model1.pdb,
SASDQ85,ok,1382.0,1723.0,1.43,"[0.5, 0.8, 1.0]","[-0.0, -0.0, 0.0]",2.709,2.53,0.273,2.687,2.0,55.0,19.5,SASDQ85_fit1_model1.pdb,
SASDQ88,ok,399.0,120.0,5.78,"[5.1, -2.8, -1.9]","[-0.3, -1.5, -0.1]",60.091,62.804,0.85,48.427,15.474,91.0,98.5,SASDQ88_fit1_model1.pdb,
SASDQ97,ok,364.0,609.0,5.34,"[0.0, -4.9, -2.0]","[0.0, 0.0, 0.0]",8.235,7.687,0.407,8.026,5.202,56.5,39.0,SASDQ97_fit1_model1.pdb,
SASDQ97,ok,364.0,609.0,12.82,"[-1.8, -12.5, 1.9]","[0.0, 0.0, 0.0]",11.739,12.478,0.431,11.499,8.247,56.5,72.0,SASDQ97_fit1_model2.pdb,
SASDQ97,ok,364.0,609.0,15.33,"[-2.7, -3.9, 14.6]","[0.0, 0.0, 0.0]",14.031,18.085,0.431,14.318,9.53,46.0,96.0,SASDQ97_fit1_model3.pdb,
SASDQ97,ok,364.0,609.0,2.75,"[0.3, 2.7, 0.7]","[0.0, 0.0, 0.0]",8.414,8.165,0.396,7.459,6.706,99.0,95.0,SASDQ97_fit1_model4.pdb,
SASDQ97,ok,364.0,609.0,25.99,"[16.2, -20.2, -1.2]","[0.0, 0.0, 0.0]",11.961,12.462,0.448,17.673,9.122,5.5,9.0,SASDQ97_fit1_model5.pdb,
SASDQ97,ok,364.0,609.0,6.15,"[-2.0, -5.7, -0.8]","[0.0, 0.0, 0.0]",9.015,9.173,0.363,8.58,6.486,71.0,75.0,SASDQ97_fit2_model1.pdb,
SASDQ97,ok,364.0,609.0,103.93,"[-98.3, -33.1, 6.6]","[0.0, 0.0, 0.0]",51.617,53.873,0.984,79.466,54.588,0.0,0.0,SASDQ97_fit3_model1.pdb,
SASDQ97,ok,364.0,609.0,15.03,"[-12.2, -7.5, 4.5]","[0.0, 0.0, 0.0]",9.252,9.377,0.654,12.224,7.742,8.5,8.5,SASDQ97_fit3_model2.pdb,
SASDQ97,ok,364.0,609.0,61.24,"[-55.8, 25.2, -0.9]","[0.0, 0.0, 0.0]",18.915,19.571,0.874,29.885,19.103,0.0,1.0,SASDQ97_fit3_model3.pdb,
SASDQ97,ok,364.0,609.0,33.04,"[4.0, -6.4, 32.2]","[0.0, 0.0, 0.0]",18.493,17.717,0.857,19.358,16.334,28.0,11.5,SASDQ97_fit3_model4.pdb,
SASDQ97,ok,364.0,609.0,51.91,"[8.4, 8.7, 50.5]","[0.0, 0.0, 0.0]",31.528,37.48,0.973,34.466,26.798,20.5,84.5,SASDQ97_fit3_model5.pdb,
SASDQ98,ok,203.0,456.0,7.96,"[6.7, -4.3, -0.8]","[0.1, -0.0, 0.0]",5.94,7.879,0.429,6.972,4.134,23.5,83.5,SASDQ98_fit1_model1.pdb,
SASDQ98,ok,203.0,456.0,5.26,"[-4.3, 1.7, 2.5]","[0.1, -0.0, 0.0]",5.43,6.814,0.345,5.932,4.647,21.0,89.5,SASDQ98_fit2_model1.pdb,
SASDQ98,ok,203.0,456.0,3.9,"[-3.6, 0.9, 1.2]","[0.1, -0.0, 0.0]",5.267,6.626,0.335,6.315,4.844,10.5,69.0,SASDQ98_fit3_model1.pdb,
SASDQ98,ok,203.0,456.0,3.75,"[-3.6, 0.6, 0.9]","[0.1, -0.0, 0.0]",5.261,6.661,0.345,6.167,4.832,16.0,77.5,SASDQ98_fit3_model2.pdb,
SASDQ98,ok,203.0,456.0,4.92,"[-4.6, 0.5, 1.5]","[0.1, -0.0, 0.0]",5.653,5.827,0.35,6.132,4.564,21.0,32.0,SASDQ98_fit3_model3.pdb,
SASDQ98,ok,203.0,456.0,4.3,"[-3.6, 1.5, 1.6]","[0.1, -0.0, 0.0]",5.337,7.218,0.315,6.343,4.733,10.5,90.5,SASDQ98_fit3_model4.pdb,
SASDQ98,ok,203.0,456.0,3.97,"[-3.6, 0.7, 1.3]","[0.1, -0.0, 0.0]",5.325,7.011,0.335,6.26,4.713,13.5,86.0,SASDQ98_fit3_model5.pdb,
SASDQA7,ok,363.0,960.0,18.12,"[-15.7, -1.5, 8.8]","[0.0, 0.0, 0.0]",9.765,10.115,0.047,10.506,9.429,6.0,24.5,SASDQA7_fit1_model1.pdb,
SASDQA7,ok,726.0,960.0,1.35,"[-0.4, -1.1, -0.7]","[0.0, 0.0, 0.0]",6.771,7.352,0.149,6.824,4.769,47.0,82.0,SASDQA7_fit1_model2.pdb,
SASDQA7,ok,1452.0,960.0,19.98,"[-12.3, -3.3, 15.4]","[0.0, 0.0, 0.0]",11.419,10.878,0.517,10.709,6.647,70.5,54.5,SASDQA7_fit1_model3.pdb,
SASDQB5,ok,875.0,922.0,0.38,"[0.1, -0.3, -0.1]","[-0.0, 0.0, 0.0]",6.802,8.786,0.383,6.689,3.029,56.0,97.5,SASDQB5_fit1_model1.pdb,
SASDQB9,coordenadas_vazias,,,,,,,,,,,,,SASDQB9_fit1_model1.png,
SASDQC5,ok,724.0,1878.0,0.29,"[0.0, 0.3, -0.0]","[-0.0, 0.0, 0.0]",5.443,5.543,0.304,7.533,3.761,9.5,10.0,SASDQC5_fit1_model1.pdb,
SASDQC9,coordenadas_vazias,,,,,,,,,,,,,SASDQC9_fit1_model1.png,
SASDQD5,ok,420.0,1149.0,1.57,"[0.8, 0.8, -1.1]","[-0.0, -0.0, -0.0]",9.018,8.661,0.548,9.256,5.25,43.5,37.5,SASDQD5_fit1_model1.pdb,
SASDQD9,coordenadas_vazias,,,,,,,,,,,,,SASDQD9_fit1_model1.png,
SASDQE5,ok,903.0,1078.0,1.5,"[1.0, -0.7, -0.9]","[0.0, 0.0, 0.0]",5.597,6.029,0.388,5.628,3.537,47.0,61.0,SASDQE5_fit1_model1.pdb,
SASDQE8,ok,248.0,766.0,22.76,"[-8.3, 19.1, 9.1]","[-0.0, -0.0, 0.0]",11.858,12.649,0.714,12.021,9.986,41.0,73.0,SASDQE8_fit1_model1.pdb,
SASDQE8,ok,832.0,766.0,10.04,"[-6.2, -6.4, -4.6]","[-0.0, -0.0, 0.0]",4.764,5.388,0.45,7.25,3.847,6.0,12.5,SASDQE8_fit2_model1.pdb,
SASDQE8,ok,248.0,766.0,22.76,"[-8.3, 19.1, 9.1]","[-0.0, -0.0, 0.0]",11.858,12.649,0.714,12.021,9.986,41.0,73.0,SASDQE8_fit3_model1.pdb,
SASDQE8,ok,248.0,766.0,22.81,"[-8.3, 19.2, 9.2]","[-0.0, -0.0, 0.0]",12.39,13.981,0.75,12.647,10.557,42.5,86.0,SASDQE8_fit3_model2.pdb,
SASDQF5,ok,478.0,1296.0,11.62,"[1.6, 7.0, -9.2]","[-0.0, -0.0, -0.0]",13.241,12.672,0.573,12.922,8.685,59.0,45.0,SASDQF5_fit1_model1.pdb,
SASDQF5,ok,478.0,1296.0,8.1,"[-0.5, -1.3, -8.0]","[-0.0, -0.0, -0.0]",17.707,16.387,0.607,16.337,12.78,71.5,51.0,SASDQF5_fit2_model1.pdb,
SASDQF8,ok,381.0,289.0,17.47,"[-1.6, 17.1, -3.6]","[0.2, 0.1, 0.1]",17.887,15.887,0.651,15.182,10.577,95.0,64.0,SASDQF8_fit1_model1.pdb,
SASDQF8,ok,381.0,289.0,24.68,"[-21.9, 10.6, -3.5]","[0.2, 0.1, 0.1]",16.505,22.018,0.622,19.91,8.997,33.0,68.0,SASDQF8_fit1_model10.pdb,
SASDQF8,ok,381.0,289.0,25.82,"[-16.2, 19.1, 6.4]","[0.2, 0.1, 0.1]",18.097,18.093,0.656,17.672,11.814,60.0,60.0,SASDQF8_fit1_model11.pdb,
SASDQF8,ok,381.0,289.0,34.34,"[-25.5, 18.4, -13.5]","[0.2, 0.1, 0.1]",17.434,32.107,0.638,26.58,10.259,15.0,86.5,SASDQF8_fit1_model12.pdb,
SASDQF8,ok,381.0,289.0,15.77,"[-10.9, 6.6, -9.1]","[0.2, 0.1, 0.1]",21.74,22.827,0.682,19.124,8.064,78.0,89.0,SASDQF8_fit1_model13.pdb,
SASDQF8,ok,381.0,289.0,39.43,"[-24.4, 30.9, 1.4]","[0.2, 0.1, 0.1]",20.327,23.966,0.677,26.599,17.422,5.0,31.5,SASDQF8_fit1_model2.pdb,
SASDQF8,ok,381.0,289.0,25.9,"[-20.1, 11.8, -10.9]","[0.2, 0.1, 0.1]",18.209,28.348,0.646,22.666,8.123,32.5,94.5,SASDQF8_fit1_model3.pdb,
SASDQF8,ok,381.0,289.0,24.59,"[-20.3, 8.8, 10.6]","[0.2, 0.1, 0.1]",17.31,18.812,0.646,17.571,12.918,47.5,65.5,SASDQF8_fit1_model4.pdb,
SASDQF8,ok,381.0,289.0,18.89,"[-5.9, 16.5, -7.1]","[0.2, 0.1, 0.1]",18.46,16.709,0.68,16.172,10.453,84.0,59.0,SASDQF8_fit1_model5.pdb,
SASDQF8,ok,381.0,289.0,23.87,"[-19.2, 10.7, 9.0]","[0.2, 0.1, 0.1]",16.615,16.011,0.619,16.921,11.879,47.5,36.0,SASDQF8_fit1_model6.pdb,
SASDQF8,ok,381.0,289.0,42.46,"[-36.7, 16.5, -13.1]","[0.2, 0.1, 0.1]",17.853,33.281,0.598,33.478,11.664,8.5,48.5,SASDQF8_fit1_model7.pdb,
SASDQF8,ok,381.0,289.0,7.41,"[-4.1, -1.5, -5.8]","[0.2, 0.1, 0.1]",19.128,19.936,0.675,19.613,9.358,45.0,52.5,SASDQF8_fit1_model8.pdb,
SASDQF8,ok,381.0,289.0,27.18,"[-21.1, 15.6, -6.6]","[0.2, 0.1, 0.1]",15.959,24.413,0.588,21.054,8.691,25.5,82.0,SASDQF8_fit1_model9.pdb,
SASDQG6,ok,367.0,227.0,3.56,"[-1.0, 3.3, 0.9]","[-0.0, 0.1, -0.3]",15.945,18.454,0.52,16.547,6.753,42.0,69.0,SASDQG6_fit1_model1.pdb,
SASDQG7,ok,4522.0,171.0,207.86,"[147.4, 141.2, 40.5]","[0.4, 0.1, -0.3]",158.366,161.037,1.0,162.697,154.72,15.0,33.0,SASDQG7_fit1_model1.pdb,
SASDQG7,ok,13596.0,171.0,295.05,"[209.2, 207.7, 18.1]","[0.4, 0.1, -0.3]",253.812,255.408,1.0,243.866,218.455,89.5,93.5,SASDQG7_fit2_model1.pdb,
SASDQG7,ok,4522.0,171.0,203.78,"[147.0, 141.3, 9.8]","[0.4, 0.1, -0.3]",166.04,165.156,1.0,162.064,149.883,79.0,70.0,SASDQG7_fit3_model1.pdb,
SASDQG7,ok,4522.0,171.0,207.86,"[147.4, 141.2, 40.5]","[0.4, 0.1, -0.3]",158.366,161.037,1.0,162.697,154.72,15.0,33.0,SASDQG7_fit3_model2.pdb,
SASDQG7,ok,6770.0,171.0,319.46,"[221.7, 228.3, 31.3]","[0.4, 0.1, -0.3]",245.634,245.455,1.0,264.974,245.666,0.0,0.0,SASDQG7_fit3_model3.pdb,
SASDQG7,ok,13596.0,171.0,302.56,"[213.3, 214.2, 18.6]","[0.4, 0.1, -0.3]",259.711,258.729,1.0,249.738,225.619,82.5,80.5,SASDQG7_fit3_model4.pdb,
SASDQG7,ok,13596.0,171.0,295.05,"[209.2, 207.7, 18.1]","[0.4, 0.1, -0.3]",253.812,255.408,1.0,243.866,218.455,89.5,93.5,SASDQG7_fit3_model5.pdb,
SASDQG7,ok,6798.0,171.0,215.81,"[144.5, 159.0, 22.8]","[0.4, 0.1, -0.3]",153.367,156.252,1.0,173.004,152.988,0.5,2.0,SASDQG7_fit3_model6.pdb,
SASDQG7,ok,13596.0,171.0,348.77,"[251.6, 238.9, 38.2]","[0.4, 0.1, -0.3]",294.163,293.863,1.0,288.936,263.797,64.5,63.5,SASDQG7_fit3_model7.pdb,
SASDQG7,ok,13596.0,171.0,355.66,"[248.8, 253.9, 19.2]","[0.4, 0.1, -0.3]",293.653,293.727,1.0,301.212,282.046,25.0,25.0,SASDQG7_fit3_model8.pdb,
SASDQG7,ok,4522.0,171.0,306.73,"[210.6, 222.2, 23.4]","[0.4, 0.1, -0.3]",249.44,248.796,1.0,258.244,240.811,20.0,17.5,SASDQG7_fit3_model9.pdb,
SASDQG8,ok,381.0,256.0,21.31,"[-20.4, 4.9, -3.9]","[-0.0, 0.0, 0.1]",23.996,22.532,0.656,22.895,12.974,62.5,48.0,SASDQG8_fit1_model1.pdb,
SASDQG8,ok,381.0,256.0,9.0,"[-4.3, 8.0, 0.4]","[-0.0, 0.0, 0.1]",11.912,17.873,0.543,14.815,10.487,6.5,85.5,SASDQG8_fit1_model2.pdb,
SASDQG8,ok,381.0,256.0,30.96,"[-24.3, 19.1, -2.2]","[-0.0, 0.0, 0.1]",25.276,19.225,0.656,23.758,14.509,70.0,16.0,SASDQG8_fit1_model3.pdb,
SASDQG8,ok,381.0,256.0,16.16,"[-7.4, 11.8, -8.2]","[-0.0, 0.0, 0.1]",16.372,19.875,0.633,18.464,10.079,29.0,68.0,SASDQG8_fit1_model4.pdb,
SASDQG8,ok,381.0,256.0,22.53,"[-6.4, 21.6, 1.6]","[-0.0, 0.0, 0.1]",15.846,17.836,0.593,16.962,13.622,25.0,68.0,SASDQG8_fit1_model5.pdb,
SASDQG8,ok,381.0,256.0,3.62,"[3.2, 0.4, -1.4]","[-0.0, 0.0, 0.1]",12.216,18.96,0.546,18.683,7.356,10.5,53.0,SASDQG8_fit1_model6.pdb,
SASDQG8,ok,381.0,256.0,49.17,"[-29.3, 39.1, -5.5]","[-0.0, 0.0, 0.1]",31.648,25.352,0.656,38.064,25.36,19.5,0.0,SASDQG8_fit1_model7.pdb,
SASDQH6,ok,637.0,60.0,68.22,"[-1.8, -1.3, -1.5]","[-8.5, 58.1, 31.5]",54.614,54.023,0.912,54.742,45.783,48.0,42.0,SASDQH6_fit1_model1.pdb,
SASDQH8,ok,328.0,2506.0,28.0,"[-13.0, 22.2, 11.2]","[0.0, -0.0, 0.0]",14.845,14.861,0.607,13.622,9.121,76.5,77.0,SASDQH8_fit1_model1.pdb,
SASDQH8,ok,328.0,2506.0,27.24,"[-14.3, 21.2, 9.4]","[0.0, -0.0, 0.0]",13.583,12.802,0.573,12.12,7.375,78.5,59.0,SASDQH8_fit1_model2.pdb,
SASDQJ6,ok,3020.0,1112.0,0.9,"[-0.6, 0.3, -0.7]","[-0.0, 0.0, 0.0]",3.096,3.588,0.42,3.235,2.06,39.0,73.5,SASDQJ6_fit1_model1.pdb,
SASDQJ6,ok,3023.0,1112.0,1.44,"[0.6, 0.1, -1.3]","[-0.0, 0.0, 0.0]",3.99,4.168,0.54,3.126,2.018,88.5,89.5,SASDQJ6_fit2_model1.pdb,
SASDQJ6,ok,3029.0,1112.0,1.02,"[-0.1, 1.0, -0.4]","[-0.0, 0.0, 0.0]",3.727,4.819,0.519,3.227,2.052,76.0,99.0,SASDQJ6_fit3_model1.pdb,
SASDQJ7,ok,140.0,1195.0,17.98,"[-10.2, -0.4, 14.8]","[0.0, -0.0, -0.0]",22.722,18.726,0.743,27.371,11.374,23.5,12.5,SASDQJ7_fit1_model1.pdb,
SASDQJ7,ok,140.0,1195.0,14.15,"[-11.7, 3.4, 7.2]","[0.0, -0.0, -0.0]",23.804,19.857,0.714,27.576,11.485,32.5,17.0,SASDQJ7_fit2_model1.pdb,
SASDQJ7,ok,140.0,1195.0,19.21,"[-0.3, -7.0, 17.9]","[0.0, -0.0, -0.0]",21.223,16.521,0.686,24.546,12.423,23.5,7.0,SASDQJ7_fit3_model1.pdb,
SASDQJ8,ok,285.0,4342.0,21.99,"[-13.3, 16.3, 6.3]","[0.0, -0.0, 0.0]",13.381,13.848,0.765,13.551,9.862,46.0,55.0,SASDQJ8_fit1_model1.pdb,
SASDQJ8,ok,285.0,4342.0,24.19,"[-14.1, 19.3, 3.8]","[0.0, -0.0, 0.0]",14.19,14.369,0.765,15.334,11.228,28.5,31.0,SASDQJ8_fit1_model2.pdb,
SASDQJ8,ok,285.0,4342.0,24.93,"[-12.5, 20.9, 5.1]","[0.0, -0.0, 0.0]",14.008,14.051,0.765,14.932,11.792,33.5,35.0,SASDQJ8_fit1_model3.pdb,
SASDQJ8,ok,285.0,4342.0,24.13,"[-15.5, 18.2, 3.3]","[0.0, -0.0, 0.0]",14.724,14.974,0.765,15.983,11.505,29.0,32.5,SASDQJ8_fit1_model4.pdb,
SASDQK5,ok,367.0,373.0,31.25,"[0.1, 23.0, -21.3]","[0.0, 0.1, 0.0]",16.959,20.049,0.774,19.827,14.62,11.5,53.0,SASDQK5_fit1_model1.pdb,
SASDQK6,ok,2617.0,1084.0,0.89,"[0.5, 0.1, -0.7]","[0.0, -0.0, 0.0]",4.726,3.913,0.646,3.479,1.833,91.5,69.5,SASDQK6_fit1_model1.pdb,
SASDQK6,ok,2613.0,1084.0,1.87,"[0.7, -0.6, -1.6]","[0.0, -0.0, 0.0]",2.63,2.558,0.359,3.532,1.757,14.5,11.5,SASDQK6_fit2_model1.pdb,
SASDQK6,ok,2606.0,1084.0,1.79,"[-1.3, -1.0, -0.8]","[0.0, -0.0, 0.0]",4.082,2.654,0.53,3.623,1.687,72.0,13.5,SASDQK6_fit3_model1.pdb,
SASDQL6,ok,1437.0,1103.0,2.6,"[2.4, 1.0, 0.3]","[0.0, 0.0, 0.0]",9.008,7.734,0.675,6.01,3.15,99.5,83.5,SASDQL6_fit1_model1.pdb,
SASDQL6,ok,1443.0,1103.0,3.11,"[2.0, -0.3, 2.4]","[0.0, 0.0, 0.0]",3.527,4.043,0.504,5.908,3.306,0.5,3.5,SASDQL6_fit2_model1.pdb,
SASDQL6,ok,1425.0,1103.0,3.15,"[-1.8, -2.1, 1.5]","[0.0, 0.0, 0.0]",8.97,9.35,0.738,6.264,3.589,97.5,99.0,SASDQL6_fit3_model1.pdb,
SASDQL9,ok,292.0,211.0,4.4,"[-3.8, 1.7, 0.8]","[0.1, -0.3, 0.1]",16.594,36.737,0.473,31.449,11.568,7.0,74.0,SASDQL9_fit1_model1.pdb,
SASDQL9,ok,287.0,211.0,7.69,"[-5.8, 3.1, -3.6]","[0.1, -0.3, 0.1]",38.499,23.365,0.718,34.011,10.939,79.0,17.0,SASDQL9_fit2_model1.pdb,
SASDQL9,ok,286.0,211.0,5.37,"[-4.7, 0.1, -2.4]","[0.1, -0.3, 0.1]",33.85,38.526,0.71,33.165,12.481,53.0,84.0,SASDQL9_fit3_model1.pdb,
SASDQM4,ok,5208.0,5000.0,0.05,"[0.0, 0.0, -0.0]","[-0.0, -0.0, 0.0]",1.74,2.265,0.145,8.631,2.169,0.0,0.5,SASDQM4_fit1_model1.pdb,
SASDQM4,ok,507.0,5000.0,10.57,"[-9.0, 2.6, 4.9]","[-0.0, -0.0, 0.0]",12.715,9.863,0.655,10.457,4.039,84.5,44.5,SASDQM4_fit2_model1.pdb,
SASDQM6,ok,1020.0,330.0,0.95,"[0.5, -0.8, 0.3]","[0.0, -0.0, 0.0]",5.914,7.762,0.605,7.612,3.73,21.5,53.5,SASDQM6_fit1_model1.pdb,
SASDQM6,ok,1044.0,330.0,1.08,"[-0.9, 0.3, -0.4]","[0.0, -0.0, 0.0]",10.227,8.427,0.692,7.643,3.145,98.5,69.5,SASDQM6_fit2_model1.pdb,
SASDQM6,ok,1048.0,330.0,1.75,"[1.5, 0.9, -0.1]","[0.0, -0.0, 0.0]",7.721,7.991,0.699,7.572,3.489,50.5,58.5,SASDQM6_fit3_model1.pdb,
SASDQM8,ok,133.0,332.0,22.27,"[-10.0, 12.5, -16.2]","[-0.1, 0.4, -0.4]",16.271,12.578,0.692,13.601,9.389,97.5,33.0,SASDQM8_fit1_model1.pdb,
SASDQM8,ok,133.0,332.0,98.14,"[-91.2, -32.2, -16.7]","[-0.1, 0.4, -0.4]",56.863,61.656,1.0,75.659,56.069,1.0,5.5,SASDQM8_fit1_model2.pdb,
SASDQM8,ok,133.0,332.0,33.81,"[33.4, -1.9, -4.7]","[-0.1, 0.4, -0.4]",22.95,26.086,0.835,22.935,18.617,50.5,97.0,SASDQM8_fit1_model3.pdb,
SASDQM8,ok,133.0,332.0,55.31,"[-48.0, -12.5, -24.8]","[-0.1, 0.4, -0.4]",31.783,35.859,0.962,38.356,25.508,9.0,28.0,SASDQM8_fit1_model4.pdb,
SASDQM8,ok,133.0,332.0,79.6,"[19.8, 24.0, -73.8]","[-0.1, 0.4, -0.4]",42.386,62.16,0.925,60.566,40.083,0.5,61.5,SASDQM8_fit1_model5.pdb,
SASDQM8,ok,133.0,332.0,9.24,"[0.9, 7.1, -6.7]","[-0.1, 0.4, -0.4]",13.407,11.616,0.744,12.2,8.317,78.0,33.0,SASDQM8_fit1_model6.pdb,
SASDQM8,ok,133.0,332.0,29.95,"[5.8, 28.2, 9.1]","[-0.1, 0.4, -0.4]",17.879,17.735,0.812,19.3,15.426,22.0,17.5,SASDQM8_fit1_model7.pdb,
SASDQM9,ok,183.0,284.0,10.12,"[-2.3, -7.6, 6.5]","[-0.1, -0.2, 0.0]",50.293,45.997,0.71,45.047,28.962,77.5,54.0,SASDQM9_fit1_model1.pdb,
SASDQM9,ok,175.0,284.0,16.2,"[-2.5, -16.0, -2.4]","[-0.1, -0.2, 0.0]",38.375,39.667,0.486,45.509,27.728,19.5,26.0,SASDQM9_fit2_model1.pdb,
SASDQM9,ok,181.0,284.0,5.66,"[-1.6, -3.7, -4.2]","[-0.1, -0.2, 0.0]",37.686,37.418,0.657,44.125,27.042,23.5,22.0,SASDQM9_fit3_model1.pdb,
SASDQN4,ok,605.0,1704.0,39.27,"[-34.3, -15.2, -11.7]","[0.0, -0.0, 0.0]",22.348,22.592,0.843,20.395,14.931,84.0,86.5,SASDQN4_fit1_model1.pdb,
SASDQN4,ok,507.0,1704.0,10.6,"[-9.0, 2.6, 4.9]","[0.0, -0.0, 0.0]",9.194,8.574,0.485,10.263,6.662,31.5,21.5,SASDQN4_fit2_model1.pdb,
SASDQN6,ok,124.0,953.0,22.26,"[13.5, -0.8, 17.7]","[-0.0, -0.0, 0.0]",10.299,10.405,0.653,11.68,8.811,13.5,15.0,SASDQN6_fit1_model1.pdb,
SASDQN6,ok,118.0,953.0,22.55,"[13.8, -0.6, 17.8]","[-0.0, -0.0, 0.0]",10.219,11.31,0.669,12.298,8.309,12.0,27.5,SASDQN6_fit2_model1.pdb,
SASDQN8,ok,133.0,150.0,52.52,"[14.0, -50.1, -4.2]","[0.3, 0.4, 0.0]",32.823,32.983,0.827,39.738,28.898,3.0,3.0,SASDQN8_fit1_model1.pdb,
SASDQN8,ok,133.0,150.0,60.14,"[31.6, -2.5, 51.3]","[0.3, 0.4, 0.0]",36.979,46.968,0.932,44.878,35.062,6.5,65.5,SASDQN8_fit1_model2.pdb,
SASDQN8,ok,133.0,150.0,22.56,"[-0.4, -8.9, 20.6]","[0.3, 0.4, 0.0]",22.041,24.994,0.82,22.317,14.612,47.5,76.0,SASDQN8_fit1_model3.pdb,
SASDQN8,ok,133.0,150.0,63.21,"[52.2, 15.5, 32.7]","[0.3, 0.4, 0.0]",42.027,46.935,0.947,42.862,31.224,42.5,77.5,SASDQN8_fit1_model4.pdb,
SASDQN8,ok,133.0,150.0,49.17,"[2.8, -30.8, 38.0]","[0.3, 0.4, 0.0]",31.823,36.856,1.0,32.96,26.035,36.5,89.5,SASDQN8_fit1_model5.pdb,
SASDQN9,ok,118.0,302.0,87.78,"[1.7, 75.7, -44.4]","[0.4, 0.3, 0.5]",55.201,60.681,0.458,67.444,48.926,10.0,25.5,SASDQN9_fit1_model1.pdb,
SASDQN9,ok,118.0,302.0,91.51,"[26.8, 65.1, 59.4]","[0.4, 0.3, 0.5]",70.439,75.067,0.644,72.822,56.075,36.5,63.5,SASDQN9_fit2_model1.pdb,
SASDQN9,ok,114.0,302.0,110.37,"[-15.1, 108.4, 16.2]","[0.4, 0.3, 0.5]",63.137,63.856,0.404,69.804,42.645,29.0,30.0,SASDQN9_fit3_model1.pdb,
SASDQP4,ok,4418.0,4446.0,0.0,"[0.0, 0.0, -0.0]","[0.0, 0.0, -0.0]",1.549,2.658,0.097,9.564,2.664,0.0,0.0,SASDQP4_fit1_model1.pdb,
SASDQP5,ok,804.0,310.0,27.12,"[25.4, 1.2, -9.2]","[-0.0, 0.0, 0.0]",17.468,17.166,0.495,30.952,17.15,1.5,0.5,SASDQP5_fit1_model1.pdb,
SASDQP5,ok,804.0,310.0,21.44,"[18.2, -5.6, -9.8]","[-0.0, 0.0, 0.0]",14.95,15.258,0.43,29.755,11.696,1.5,1.5,SASDQP5_fit1_model2.pdb,
SASDQP5,ok,804.0,310.0,26.33,"[19.0, -3.2, -17.9]","[-0.0, 0.0, 0.0]",17.299,17.955,0.42,34.099,16.093,1.5,3.0,SASDQP5_fit1_model3.pdb,
SASDQP5,ok,804.0,310.0,21.19,"[19.4, -3.4, -7.9]","[-0.0, 0.0, 0.0]",14.802,16.311,0.48,28.198,13.628,1.0,4.5,SASDQP5_fit1_model4.pdb,
SASDQP8,ok,517.0,171.0,2.09,"[-0.3, -0.9, 1.9]","[-0.2, 0.1, 0.1]",25.464,18.996,0.721,23.605,7.622,61.5,25.5,SASDQP8_fit1_model1.pdb,
SASDQP8,coordenadas_vazias,,,,,,,,,,,,,SASDQP8_fit2_model1.png,
SASDQQ4,ok,8836.0,1609.0,4.78,"[-1.0, 0.9, -4.6]","[0.0, 0.0, -0.0]",8.853,9.305,0.628,11.341,6.885,14.5,21.5,SASDQQ4_fit1_model1.pdb,
SASDQQ5,ok,1360.0,1275.0,1.53,"[0.1, -0.0, 1.5]","[0.0, 0.0, 0.0]",2.587,2.942,0.16,24.307,3.023,0.0,0.0,SASDQQ5_fit1_model1.pdb,
SASDQQ8,ok,960.0,1228.0,38.4,"[-25.9, -0.3, 28.4]","[-0.0, -0.0, 0.0]",16.769,16.707,0.711,16.054,13.104,74.0,73.5,SASDQQ8_fit1_model1.pdb,
SASDQQ8,ok,737.0,1228.0,2.94,"[-1.8, 2.3, 0.1]","[-0.0, -0.0, 0.0]",5.815,6.25,0.331,5.79,3.739,51.0,68.5,SASDQQ8_fit2_model1.pdb,
SASDQR4,ok,3889.0,119.0,4.25,"[-0.1, 0.0, -0.1]","[3.1, -0.0, -2.9]",40.192,25.636,0.771,34.175,13.067,93.5,15.5,SASDQR4_fit1_model1.pdb,
SASDQR5,ok,2064.0,1342.0,3.43,"[0.1, 0.1, 3.4]","[0.0, 0.0, -0.0]",2.813,3.601,0.188,24.914,2.749,0.5,0.5,SASDQR5_fit1_model1.pdb,
SASDQS4,ok,4316.0,287.0,0.84,"[-0.1, -0.1, -0.2]","[0.2, 0.0, 0.6]",18.453,16.58,0.583,19.821,8.07,37.5,22.0,SASDQS4_fit1_model1.pdb,
SASDQS5,ok,2228.0,1491.0,1.34,"[-0.2, 0.4, -1.3]","[0.0, -0.0, 0.0]",3.021,2.738,0.157,24.028,2.546,0.5,0.5,SASDQS5_fit1_model1.pdb,
SASDQS6,ok,439.0,1386.0,21.71,"[18.3, 11.6, 1.1]","[0.0, -0.0, -0.0]",7.291,7.074,0.483,8.223,6.531,14.5,9.5,SASDQS6_fit1_model1.pdb,
SASDQS9,coordenadas_vazias,,,,,,,,,,,,,SASDQS9_fit1_model1.mrc,
SASDQS9,ok,201.0,708.0,194.84,"[129.0, 132.8, 60.8]","[0.0, 0.0, -0.0]",173.536,171.405,1.0,172.406,166.676,73.5,34.0,SASDQS9_fit2_model1.pdb,
SASDQS9,coordenadas_vazias,,,,,,,,,,,,,SASDQS9_fit2_model2.png,
SASDQT4,ok,2460.0,1185.0,0.01,"[-0.0, -0.0, -0.0]","[-0.0, -0.0, 0.0]",6.155,5.874,0.125,6.088,5.466,64.0,28.0,SASDQT4_fit1_model1.pdb,
SASDQT4,ok,2460.0,1185.0,75.64,"[44.3, 44.4, 42.3]","[-0.0, -0.0, 0.0]",35.43,32.294,0.884,35.684,28.431,45.0,8.5,SASDQT4_fit2_model1.pdb,
SASDQT9,ok,374.0,656.0,2.92,"[-0.2, 1.7, 2.4]","[-0.1, -0.0, -0.0]",6.985,7.766,0.278,7.085,5.003,44.5,88.5,SASDQT9_fit1_model1.pdb,
SASDQT9,ok,374.0,656.0,7.43,"[-2.1, -2.2, 6.8]","[-0.1, -0.0, -0.0]",8.37,10.234,0.358,8.537,5.588,41.0,98.5,SASDQT9_fit2_model1.pdb,
SASDQT9,ok,374.0,656.0,9.08,"[-8.6, -1.3, 2.8]","[-0.1, -0.0, -0.0]",8.285,9.384,0.326,10.396,6.433,15.5,27.5,SASDQT9_fit2_model2.pdb,
SASDQT9,ok,374.0,656.0,12.4,"[-9.9, -1.4, 7.5]","[-0.1, -0.0, -0.0]",9.353,11.944,0.334,11.942,6.377,13.5,50.0,SASDQT9_fit2_model3.pdb,
SASDQT9,ok,374.0,656.0,3.94,"[-2.7, 2.9, 0.1]","[-0.1, -0.0, -0.0]",7.323,7.621,0.324,7.462,4.96,44.0,59.0,SASDQT9_fit2_model4.pdb,
SASDQT9,ok,374.0,656.0,7.26,"[-1.0, 4.7, 5.4]","[-0.1, -0.0, -0.0]",9.55,11.801,0.366,9.798,7.405,44.0,94.0,SASDQT9_fit2_model5.pdb,
SASDQT9,ok,379.0,656.0,9.37,"[8.3, -3.8, -1.7]","[-0.1, -0.0, -0.0]",9.503,8.663,0.412,8.71,6.941,67.0,47.5,SASDQT9_fit3_model1.pdb,
SASDQT9,ok,379.0,656.0,10.07,"[3.7, -6.0, 7.2]","[-0.1, -0.0, -0.0]",11.363,13.869,0.412,11.624,8.108,44.5,91.5,SASDQT9_fit3_model2.pdb,
SASDQT9,ok,379.0,656.0,11.82,"[10.5, -5.3, -0.2]","[-0.1, -0.0, -0.0]",8.9,7.791,0.412,9.706,6.508,30.0,14.0,SASDQT9_fit3_model3.pdb,
SASDQT9,ok,379.0,656.0,4.88,"[0.1, -1.2, 4.7]","[-0.1, -0.0, -0.0]",8.467,9.618,0.383,8.392,6.038,53.5,97.0,SASDQT9_fit3_model4.pdb,
SASDQT9,ok,379.0,656.0,11.7,"[9.8, -6.2, 0.8]","[-0.1, -0.0, -0.0]",9.899,9.129,0.409,10.107,6.59,45.0,28.0,SASDQT9_fit3_model5.pdb,
SASDQT9,ok,379.0,656.0,17.24,"[5.0, 0.3, -16.5]","[-0.1, -0.0, -0.0]",10.842,13.546,0.412,11.269,8.208,33.5,98.0,SASDQT9_fit3_model6.pdb,
SASDQT9,ok,379.0,656.0,19.89,"[18.6, -6.1, 3.0]","[-0.1, -0.0, -0.0]",12.371,11.906,0.396,15.483,9.512,14.0,8.5,SASDQT9_fit3_model7.pdb,
SASDQT9,ok,379.0,656.0,9.84,"[-2.8, 5.3, -7.9]","[-0.1, -0.0, -0.0]",8.917,8.06,0.409,9.548,6.76,30.5,13.0,SASDQT9_fit3_model8.pdb,
SASDQU4,ok,2460.0,1257.0,0.0,"[0.0, 0.0, 0.0]","[0.0, 0.0, -0.0]",5.168,4.975,0.086,5.261,4.802,36.5,10.0,SASDQU4_fit1_model1.pdb,
SASDQU4,ok,2460.0,1257.0,77.58,"[44.5, 46.2, 43.6]","[0.0, 0.0, -0.0]",39.516,36.434,0.954,37.184,31.518,87.0,35.0,SASDQU4_fit2_model1.pdb,
SASDQU9,ok,419.0,4131.0,55.64,"[-33.0, 28.0, 35.0]","[-0.0, 0.0, -0.0]",25.943,36.878,0.654,40.059,24.527,3.5,37.0,SASDQU9_fit1_model1.pdb,
SASDQU9,ok,419.0,4131.0,59.68,"[-34.5, -42.6, -23.6]","[-0.0, 0.0, -0.0]",25.544,32.011,0.835,35.173,25.802,0.0,19.5,SASDQU9_fit1_model2.pdb,
SASDQU9,ok,419.0,4131.0,54.15,"[24.0, 10.0, -47.5]","[-0.0, 0.0, -0.0]",19.567,26.279,0.752,29.038,18.918,0.5,27.0,SASDQU9_fit1_model3.pdb,
SASDQU9,ok,419.0,4131.0,61.05,"[-48.0, 29.4, 23.6]","[-0.0, 0.0, -0.0]",27.067,27.388,0.907,35.613,26.289,1.0,2.0,SASDQU9_fit1_model4.pdb,
SASDQU9,ok,419.0,4131.0,56.62,"[8.5, -56.0, 1.8]","[-0.0, 0.0, -0.0]",29.411,29.353,0.952,33.645,27.66,10.0,9.0,SASDQU9_fit1_model5.pdb,
SASDQU9,ok,419.0,4131.0,61.85,"[-6.4, -16.3, -59.3]","[-0.0, 0.0, -0.0]",13.764,18.739,0.637,27.229,12.791,0.5,8.5,SASDQU9_fit1_model6.pdb,
SASDQU9,ok,419.0,4131.0,36.04,"[-9.4, 31.1, 15.5]","[-0.0, 0.0, -0.0]",17.902,17.167,0.654,18.613,15.057,32.5,20.0,SASDQU9_fit1_model7.pdb,
SASDQU9,ok,419.0,4131.0,100.0,"[15.3, 65.5, 73.9]","[-0.0, 0.0, -0.0]",42.794,65.049,0.924,65.589,42.016,2.0,45.5,SASDQU9_fit1_model8.pdb,
SASDQU9,ok,420.0,4131.0,6.56,"[2.3, -5.5, 2.8]","[-0.0, 0.0, -0.0]",9.924,8.911,0.276,9.836,6.806,55.0,17.0,SASDQU9_fit2_model1.pdb,
SASDQU9,ok,248.0,4131.0,45.07,"[34.7, 28.7, 1.7]","[-0.0, 0.0, -0.0]",29.703,29.559,1.0,29.165,26.817,64.5,60.5,SASDQU9_fit3_model1.pdb,
SASDQV4,ok,2460.0,1273.0,0.01,"[-0.0, -0.0, -0.0]","[-0.0, 0.0, 0.0]",4.938,4.966,0.135,4.829,4.463,84.5,92.0,SASDQV4_fit1_model1.pdb,
SASDQV4,ok,2460.0,1273.0,75.63,"[44.1, 44.6, 42.2]","[-0.0, 0.0, 0.0]",34.705,34.585,0.892,34.886,28.788,44.5,42.0,SASDQV4_fit2_model1.pdb,
SASDQW4,ok,2460.0,1348.0,0.01,"[0.0, 0.0, 0.0]","[0.0, 0.0, -0.0]",4.424,4.443,0.086,4.501,4.129,34.5,39.0,SASDQW4_fit1_model1.pdb,
SASDQW4,ok,2460.0,1348.0,73.28,"[43.1, 42.0, 41.9]","[0.0, 0.0, -0.0]",29.198,33.538,0.896,34.533,27.12,3.5,31.5,SASDQW4_fit2_model1.pdb,
SASDQW5,ok,1764.0,785.0,0.02,"[-0.0, -0.0, -0.0]","[-0.0, 0.0, 0.0]",10.141,9.943,0.351,12.3,8.298,9.5,7.0,SASDQW5_fit1_model1.pdb,
SASDQX4,ok,2460.0,1546.0,0.0,"[0.0, 0.0, 0.0]","[0.0, 0.0, -0.0]",4.223,4.28,0.08,4.282,4.014,26.0,48.5,SASDQX4_fit1_model1.pdb,
SASDQX4,ok,2460.0,1546.0,73.28,"[42.8, 43.5, 40.5]","[0.0, 0.0, -0.0]",29.329,34.294,0.917,34.531,27.446,4.0,33.5,SASDQX4_fit2_model1.pdb,
SASDQY4,ok,2460.0,1203.0,0.02,"[0.0, 0.0, 0.0]","[-0.0, -0.0, 0.0]",6.342,6.277,0.221,6.331,5.884,52.5,37.5,SASDQY4_fit1_model1.pdb,
SASDQY5,ok,1764.0,479.0,3.94,"[0.0, -0.0, 0.0]","[-2.6, 2.9, -0.3]",12.382,12.067,0.454,13.769,10.109,24.5,21.0,SASDQY5_fit1_model1.pdb,
SASDQY5,ok,882.0,479.0,19.1,"[0.0, -16.0, -0.0]","[-2.6, 2.9, -0.3]",16.845,16.609,0.46,17.51,10.254,42.5,39.0,SASDQY5_fit1_model2.pdb,
SASDQY5,ok,882.0,479.0,27.1,"[-29.5, -0.0, -0.0]","[-2.6, 2.9, -0.3]",12.136,12.724,0.412,14.778,11.154,3.0,6.5,SASDQY5_fit1_model3.pdb,
SASDQY5,ok,441.0,479.0,32.93,"[-29.5, -16.0, 0.8]","[-2.6, 2.9, -0.3]",17.511,17.53,0.424,18.94,13.159,21.5,21.5,SASDQY5_fit1_model4.pdb,
SASDQY7,ok,518.0,1259.0,44.05,"[19.7, 33.8, 20.3]","[-0.0, -0.0, 0.0]",22.628,20.883,0.948,24.367,20.248,18.0,3.0,SASDQY7_fit1_model1.pdb,
SASDQY9,ok,156.0,117.0,40.89,"[27.0, -6.5, 27.9]","[-1.7, -4.7, -1.1]",29.119,30.423,0.929,29.458,24.365,43.5,60.5,SASDQY9_fit1_model1.pdb,
SASDQY9,ok,156.0,117.0,23.27,"[21.0, -8.4, -4.9]","[-1.7, -4.7, -1.1]",21.365,21.644,0.705,21.208,16.619,52.5,64.0,SASDQY9_fit1_model10.pdb,
SASDQY9,ok,156.0,117.0,76.04,"[-4.9, -16.6, 73.9]","[-1.7, -4.7, -1.1]",48.874,48.531,0.955,59.808,45.338,6.5,5.5,SASDQY9_fit1_model11.pdb,
SASDQY9,ok,156.0,117.0,78.05,"[-9.1, 71.5, -16.2]","[-1.7, -4.7, -1.1]",40.057,42.48,0.929,55.612,41.864,0.0,1.0,SASDQY9_fit1_model12.pdb,
SASDQY9,ok,156.0,117.0,26.63,"[22.9, 3.7, 4.6]","[-1.7, -4.7, -1.1]",22.736,28.129,0.769,24.019,15.594,39.5,88.0,SASDQY9_fit1_model13.pdb,
SASDQY9,ok,156.0,117.0,61.27,"[0.6, -62.5, -21.5]","[-1.7, -4.7, -1.1]",26.499,34.044,0.827,35.999,24.728,1.0,27.5,SASDQY9_fit1_model14.pdb,
SASDQY9,ok,156.0,117.0,72.31,"[22.0, 30.9, 57.2]","[-1.7, -4.7, -1.1]",31.979,48.346,0.878,45.543,29.737,2.5,77.0,SASDQY9_fit1_model15.pdb,
SASDQY9,ok,156.0,117.0,84.29,"[4.4, -81.7, -34.9]","[-1.7, -4.7, -1.1]",45.775,65.96,0.968,60.119,33.368,10.5,73.5,SASDQY9_fit1_model16.pdb,
SASDQY9,ok,156.0,117.0,82.28,"[68.5, -10.9, -43.6]","[-1.7, -4.7, -1.1]",52.577,61.174,0.968,65.656,49.018,4.0,35.0,SASDQY9_fit1_model2.pdb,
SASDQY9,ok,156.0,117.0,77.15,"[39.3, 57.7, -20.4]","[-1.7, -4.7, -1.1]",34.179,39.137,0.885,48.885,34.527,0.0,4.0,SASDQY9_fit1_model3.pdb,
SASDQY9,ok,156.0,117.0,50.0,"[10.1, 27.5, -37.5]","[-1.7, -4.7, -1.1]",35.264,41.79,0.923,36.497,30.327,31.5,99.0,SASDQY9_fit1_model4.pdb,
SASDQY9,ok,156.0,117.0,53.26,"[17.7, 29.0, 35.2]","[-1.7, -4.7, -1.1]",26.719,26.802,0.75,28.793,20.66,28.5,30.5,SASDQY9_fit1_model5.pdb,
SASDQY9,ok,156.0,117.0,66.56,"[58.9, -23.8, -21.3]","[-1.7, -4.7, -1.1]",44.657,55.039,1.0,52.59,43.008,4.5,72.0,SASDQY9_fit1_model6.pdb,
SASDQY9,ok,156.0,117.0,23.79,"[16.8, -19.4, -4.2]","[-1.7, -4.7, -1.1]",24.972,22.704,0.859,23.559,17.009,69.0,36.0,SASDQY9_fit1_model7.pdb,
SASDQY9,ok,156.0,117.0,91.51,"[-26.1, 63.1, 55.2]","[-1.7, -4.7, -1.1]",43.599,73.581,0.821,66.812,44.571,0.0,86.0,SASDQY9_fit1_model8.pdb,
SASDQY9,ok,156.0,117.0,57.16,"[30.2, -18.7, -46.5]","[-1.7, -4.7, -1.1]",37.779,54.411,0.904,45.212,33.744,9.0,96.5,SASDQY9_fit1_model9.pdb,
SASDQZ4,ok,2460.0,1458.0,0.01,"[-0.0, -0.0, -0.0]","[-0.0, 0.0, -0.0]",4.549,4.549,0.114,4.756,4.336,11.5,11.5,SASDQZ4_fit1_model1.pdb,
SASDQZ4,ok,2460.0,1458.0,72.28,"[43.3, 41.5, 40.3]","[-0.0, 0.0, -0.0]",26.993,33.275,0.881,32.292,26.134,6.0,91.0,SASDQZ4_fit2_model1.pdb,
SASDQZ7,ok,760.0,450.0,5.81,"[2.6, -4.1, 3.1]","[0.0, 0.1, -0.0]",9.817,11.391,0.501,9.503,4.707,56.5,99.5,SASDQZ7_fit1_model1.pdb,
SASDQZ7,coordenadas_vazias,,,,,,,,,,,,,SASDQZ7_fit2_model1.png,
SASDR22,ok,156.0,781.0,30.13,"[17.0, 24.0, 6.9]","[0.0, 0.0, -0.0]",15.336,14.284,0.788,14.382,12.381,86.5,49.5,SASDR22_fit1_model1.pdb,
SASDR22,ok,156.0,781.0,16.59,"[4.5, 2.2, -15.9]","[0.0, 0.0, -0.0]",11.574,13.489,0.564,12.617,11.11,5.5,88.5,SASDR22_fit1_model2.pdb,
SASDR22,ok,156.0,781.0,42.75,"[1.7, -35.6, -23.7]","[0.0, 0.0, -0.0]",25.27,27.693,0.955,26.243,19.236,41.0,61.0,SASDR22_fit1_model3.pdb,
SASDR22,ok,156.0,781.0,26.5,"[10.7, -19.3, -14.8]","[0.0, 0.0, -0.0]",16.257,18.119,0.833,17.648,13.379,22.0,61.5,SASDR22_fit1_model4.pdb,
SASDR22,ok,156.0,781.0,58.97,"[24.1, -36.3, 39.7]","[0.0, 0.0, -0.0]",35.278,38.629,0.91,40.095,33.196,8.0,31.0,SASDR22_fit1_model5.pdb,
SASDR22,ok,156.0,781.0,59.37,"[-58.7, -5.9, -6.2]","[0.0, 0.0, -0.0]",32.585,36.131,0.974,40.674,28.85,7.0,17.5,SASDR22_fit1_model6.pdb,
SASDR22,ok,156.0,781.0,99.02,"[78.4, 12.4, 59.2]","[0.0, 0.0, -0.0]",46.564,78.934,0.942,70.007,47.92,0.0,99.5,SASDR22_fit1_model7.pdb,
SASDR23,ok,90.0,602.0,100.29,"[57.3, 58.5, 56.0]","[0.1, 0.2, -2.1]",72.19,84.183,1.0,83.929,70.302,5.0,52.0,SASDR23_fit1_model1.pdb,
SASDR25,ok,94.0,2873.0,37.99,"[15.2, 32.9, 11.3]","[0.0, -0.0, 0.0]",23.892,21.634,1.0,21.47,19.398,95.0,54.0,SASDR25_fit1_model1.pdb,
SASDR27,coordenadas_vazias,,,,,,,,,,,,,SASDR27_fit1_model1.png,
SASDR27,ok,147.0,224.0,0.58,"[-0.1, 0.3, -0.4]","[0.0, -0.2, -0.2]",11.645,11.584,0.633,13.405,6.317,29.5,28.5,SASDR27_fit2_model1.pdb,
SASDR27,ok,147.0,224.0,3.52,"[-1.3, 1.0, 2.9]","[0.0, -0.2, -0.2]",11.446,11.536,0.578,13.436,5.655,27.5,28.5,SASDR27_fit3_model1.pdb,
SASDR29,ok,652.0,1369.0,44.68,"[36.2, 14.7, 21.7]","[-0.0, 0.0, -0.0]",20.218,18.989,0.851,21.385,18.134,22.0,9.0,SASDR29_fit1_model1.pdb,
SASDR29,ok,1224.0,1369.0,1.29,"[-0.4, 0.2, -1.2]","[-0.0, 0.0, -0.0]",5.075,4.11,0.284,5.332,3.453,34.5,8.5,SASDR29_fit2_model1.pdb,
SASDR29,ok,1233.0,1369.0,4.92,"[-0.2, -2.2, 4.4]","[-0.0, 0.0, -0.0]",5.242,5.079,0.311,5.439,3.742,35.5,29.5,SASDR29_fit3_model1.pdb,
SASDR33,ok,127.0,1379.0,17.91,"[9.4, 13.1, 7.7]","[0.0, -0.0, 0.0]",7.978,8.024,0.654,8.079,7.227,45.5,48.5,SASDR33_fit1_model1.pdb,
SASDR35,ok,328.0,1433.0,61.79,"[55.0, 26.8, 8.7]","[-0.0, -0.0, -0.0]",38.273,37.773,1.0,37.563,35.508,86.0,61.0,SASDR35_fit1_model1.pdb,
SASDR45,ok,236.0,1363.0,27.52,"[-13.4, 24.1, -0.7]","[-0.0, -0.0, -0.0]",13.058,12.222,0.792,12.415,11.075,78.5,41.0,SASDR45_fit1_model1.pdb,
SASDR55,ok,236.0,1236.0,0.22,"[-0.0, 0.2, 0.1]","[-0.0, 0.0, -0.0]",3.936,4.41,0.025,4.432,3.955,0.0,45.5,SASDR55_fit1_model1.pdb,
SASDR86,ok,270.0,1557.0,3.89,"[3.1, -1.3, 2.1]","[0.0, -0.0, 0.0]",7.913,7.684,0.348,9.435,6.518,13.5,9.5,SASDR86_fit1_model1.pdb,
SASDR86,ok,270.0,1557.0,3.89,"[3.1, -1.3, 2.1]","[0.0, -0.0, 0.0]",7.913,7.684,0.348,9.435,6.518,13.5,9.5,SASDR86_fit2_model1.pdb,
SASDR86,ok,447.0,1557.0,2.95,"[2.7, 0.7, -1.0]","[0.0, -0.0, 0.0]",7.452,7.466,0.436,8.551,4.774,24.5,25.0,SASDR86_fit3_model1.pdb,
SASDR89,ok,1085.0,956.0,16.16,"[-0.9, 15.9, 2.7]","[0.0, -0.0, 0.0]",8.387,8.312,0.448,8.7,5.598,39.0,36.0,SASDR89_fit1_model1.pdb,
SASDR89,ok,960.0,956.0,60.66,"[54.0, -21.5, 17.4]","[0.0, -0.0, 0.0]",28.359,29.351,0.823,30.611,25.231,18.5,33.5,SASDR89_fit2_model1.pdb,
SASDR95,ok,1012.0,1840.0,3.37,"[3.1, -0.2, 1.3]","[0.0, -0.0, -0.0]",9.207,8.224,0.558,7.76,3.895,74.0,58.0,SASDR95_fit1_model1.pdb,
SASDR95,ok,1149.0,1840.0,2.73,"[1.1, 0.4, -2.5]","[0.0, -0.0, -0.0]",9.752,9.651,0.61,8.084,4.059,80.0,77.5,SASDR95_fit1_model2.pdb,
SASDR96,ok,589.0,1319.0,3.53,"[2.5, 1.8, -1.7]","[0.0, -0.0, 0.0]",7.566,8.321,0.543,7.476,4.455,52.0,68.5,SASDR96_fit1_model1.pdb,
SASDR99,ok,1232.0,1140.0,14.84,"[-1.9, 12.9, 7.0]","[0.0, -0.0, -0.0]",8.134,6.808,0.44,7.77,4.927,75.5,9.0,SASDR99_fit1_model1.pdb,
SASDR99,ok,956.0,1140.0,1.21,"[0.1, -0.3, -1.2]","[0.0, -0.0, -0.0]",5.716,5.898,0.227,5.432,4.248,75.5,93.0,SASDR99_fit2_model1.pdb,
SASDRA5,ok,549.0,814.0,2.03,"[-1.7, -0.7, 0.7]","[0.0, 0.0, 0.0]",3.774,3.53,0.313,4.233,3.047,26.0,15.0,SASDRA5_fit1_model1.pdb,
SASDRA5,ok,820.0,814.0,1.32,"[1.0, 0.0, -0.9]","[0.0, 0.0, 0.0]",4.277,4.216,0.424,4.135,2.806,54.0,53.0,SASDRA5_fit1_model2.pdb,
SASDRA9,ok,1471.0,1290.0,11.72,"[-0.9, 2.6, -11.4]","[0.0, 0.0, -0.0]",5.976,4.812,0.343,5.461,4.054,92.5,14.0,SASDRA9_fit1_model1.pdb,
SASDRA9,ok,960.0,1290.0,52.05,"[42.5, -23.8, -18.2]","[0.0, 0.0, -0.0]",27.575,27.708,0.914,26.175,22.335,75.5,81.5,SASDRA9_fit2_model1.pdb,
SASDRB5,ok,828.0,1802.0,5.15,"[0.9, -4.0, -3.1]","[0.0, -0.0, -0.0]",6.153,6.135,0.327,10.902,5.473,1.5,1.5,SASDRB5_fit1_model1.pdb,
SASDRB9,ok,527.0,383.0,128.61,"[69.4, 93.7, 54.2]","[-0.0, 0.0, -0.1]",99.736,97.693,1.0,93.685,71.456,85.5,71.5,SASDRB9_fit1_model1.pdb,
SASDRC5,ok,745.0,2178.0,4.26,"[-4.0, 0.7, -1.2]","[0.0, 0.0, 0.0]",11.002,11.196,0.655,7.944,5.0,98.0,99.5,SASDRC5_fit1_model1.pdb,
SASDRC9,ok,594.0,3712.0,129.34,"[68.8, 94.0, 56.2]","[-0.0, -0.0, -0.0]",103.627,107.449,1.0,100.069,76.43,74.0,99.0,SASDRC9_fit1_model1.pdb,
SASDRD5,coordenadas_vazias,,,,,,,,,,,,,SASDRD5_fit1_model1.mrc,
SASDRD5,ok,201.0,221.0,179.1,"[123.2, 120.4, 51.5]","[-0.3, 1.1, 0.6]",155.875,157.256,1.0,158.953,153.365,19.0,28.5,SASDRD5_fit2_model1.pdb,
SASDRD5,coordenadas_vazias,,,,,,,,,,,,,SASDRD5_fit2_model2.png,
SASDRD5,coordenadas_vazias,,,,,,,,,,,,,SASDRD5_fit2_model3.png,
SASDRD9,ok,738.0,1271.0,126.45,"[72.0, 89.2, 53.4]","[-0.0, -0.0, 0.0]",101.925,101.915,1.0,98.785,93.505,92.0,92.0,SASDRD9_fit1_model1.pdb,
SASDRE5,coordenadas_vazias,,,,,,,,,,,,,SASDRE5_fit1_model1.pdb,
SASDRE6,coordenadas_vazias,,,,,,,,,,,,,SASDRE6_fit1_model1.pdb,
SASDRE6,ok,874.0,2003.0,0.35,"[-0.2, -0.1, 0.2]","[0.0, -0.0, 0.0]",10.219,10.591,0.37,10.608,6.021,41.5,50.0,SASDRE6_fit2_model1.pdb,
SASDRE9,ok,1023.0,1342.0,126.01,"[71.2, 89.5, 52.9]","[0.0, -0.0, 0.0]",95.119,95.969,1.0,93.521,87.182,72.5,82.5,SASDRE9_fit1_model1.pdb,
SASDRF5,coordenadas_vazias,,,,,,,,,,,,,SASDRF5_fit1_model1.pdb,
SASDRF9,coordenadas_vazias,,,,,,,,,,,,,SASDRF9_fit1_model1.pdb,
SASDRF9,ok,45580.0,2752.0,51.76,"[42.2, -22.0, 20.4]","[0.0, -0.0, 0.0]",27.871,33.05,0.928,37.265,25.912,4.0,22.5,SASDRF9_fit1_model2.pdb,
SASDRG2,coordenadas_vazias,,,,,,,,,,,,,SASDRG2_fit1_model1.pdb,
SASDRG2,ok,416.0,1523.0,83.42,"[71.7, 27.3, 32.6]","[-0.0, -0.0, -0.0]",58.779,60.714,1.0,59.479,54.31,38.5,84.0,SASDRG2_fit1_model2.pdb,
SASDRG5,coordenadas_vazias,,,,,,,,,,,,,SASDRG5_fit1_model1.pdb,
SASDRG9,ok,68.0,1518.0,5.95,"[1.5, 5.7, -0.2]","[-0.0, -0.0, 0.0]",4.035,4.097,0.206,4.445,3.441,20.0,24.0,SASDRG9_fit1_model1.pdb,
SASDRH2,coordenadas_vazias,,,,,,,,,,,,,SASDRH2_fit1_model1.pdb,
SASDRH2,ok,416.0,1551.0,83.41,"[71.7, 27.3, 32.6]","[0.0, -0.0, -0.0]",56.575,58.542,1.0,57.325,52.062,38.0,85.0,SASDRH2_fit1_model2.pdb,
SASDRH5,coordenadas_vazias,,,,,,,,,,,,,SASDRH5_fit1_model1.pdb,
SASDRJ2,coordenadas_vazias,,,,,,,,,,,,,SASDRJ2_fit1_model1.pdb,
SASDRJ2,coordenadas_vazias,,,,,,,,,,,,,SASDRJ2_fit1_model2.pdb,
SASDRJ2,coordenadas_vazias,,,,,,,,,,,,,SASDRJ2_fit2_model1.pdb,
SASDRJ2,coordenadas_vazias,,,,,,,,,,,,,SASDRJ2_fit2_model2.pdb,
SASDRJ2,coordenadas_vazias,,,,,,,,,,,,,SASDRJ2_fit3_model1.pdb,
SASDRJ2,coordenadas_vazias,,,,,,,,,,,,,SASDRJ2_fit3_model2.pdb,
SASDRJ5,coordenadas_vazias,,,,,,,,,,,,,SASDRJ5_fit1_model1.mrc,
SASDRJ5,ok,201.0,168.0,204.28,"[135.7, 137.5, 67.0]","[-0.1, 0.7, -0.5]",179.401,178.869,1.0,183.215,176.383,12.0,9.5,SASDRJ5_fit2_model1.pdb,
SASDRJ5,coordenadas_vazias,,,,,,,,,,,,,SASDRJ5_fit2_model2.png,
SASDRJ5,coordenadas_vazias,,,,,,,,,,,,,SASDRJ5_fit2_model3.png,
SASDRJ8,ok,1041.0,4171.0,0.79,"[0.7, -0.0, -0.3]","[-0.0, 0.0, -0.0]",2.309,2.693,0.111,7.72,2.195,0.5,1.0,SASDRJ8_fit1_model1.pdb,
SASDRJ8,ok,184.0,4171.0,61.91,"[12.4, 20.4, 57.1]","[-0.0, 0.0, -0.0]",32.932,27.493,1.0,34.249,25.508,42.0,11.0,SASDRJ8_fit2_model1.pdb,
SASDRK2,coordenadas_vazias,,,,,,,,,,,,,SASDRK2_fit1_model1.pdb,
SASDRK2,coordenadas_vazias,,,,,,,,,,,,,SASDRK2_fit1_model2.pdb,
SASDRK2,coordenadas_vazias,,,,,,,,,,,,,SASDRK2_fit2_model1.pdb,
SASDRK2,coordenadas_vazias,,,,,,,,,,,,,SASDRK2_fit2_model2.pdb,
SASDRK2,coordenadas_vazias,,,,,,,,,,,,,SASDRK2_fit3_model1.pdb,
SASDRK2,coordenadas_vazias,,,,,,,,,,,,,SASDRK2_fit3_model2.pdb,
SASDRK5,coordenadas_vazias,,,,,,,,,,,,,SASDRK5_fit1_model1.pdb,
SASDRK9,ok,1221.0,104.0,55.79,"[40.4, 21.2, 3.2]","[-8.7, -5.3, 3.2]",231.868,237.141,1.0,221.34,205.668,78.5,92.5,SASDRK9_fit1_model1.pdb,
SASDRL2,coordenadas_vazias,,,,,,,,,,,,,SASDRL2_fit1_model1.pdb,
SASDRL2,coordenadas_vazias,,,,,,,,,,,,,SASDRL2_fit1_model2.pdb,
SASDRL2,coordenadas_vazias,,,,,,,,,,,,,SASDRL2_fit2_model1.pdb,
SASDRL2,coordenadas_vazias,,,,,,,,,,,,,SASDRL2_fit2_model2.pdb,
SASDRL2,coordenadas_vazias,,,,,,,,,,,,,SASDRL2_fit3_model1.pdb,
SASDRL2,coordenadas_vazias,,,,,,,,,,,,,SASDRL2_fit3_model2.pdb,
SASDRL5,coordenadas_vazias,,,,,,,,,,,,,SASDRL5_fit1_model1.pdb,
SASDRL9,ok,4752.0,489.0,0.09,"[0.0, 0.0, 0.0]","[0.0, -0.1, 0.0]",145.885,146.178,0.999,146.091,142.897,45.0,53.5,SASDRL9_fit1_model1.pdb,
SASDRM2,coordenadas_vazias,,,,,,,,,,,,,SASDRM2_fit1_model1.pdb,
SASDRM2,coordenadas_vazias,,,,,,,,,,,,,SASDRM2_fit1_model2.pdb,
SASDRM2,coordenadas_vazias,,,,,,,,,,,,,SASDRM2_fit2_model1.pdb,
SASDRM2,coordenadas_vazias,,,,,,,,,,,,,SASDRM2_fit2_model2.pdb,
SASDRM2,coordenadas_vazias,,,,,,,,,,,,,SASDRM2_fit3_model1.pdb,
SASDRM2,coordenadas_vazias,,,,,,,,,,,,,SASDRM2_fit3_model2.pdb,
SASDRM5,coordenadas_vazias,,,,,,,,,,,,,SASDRM5_fit1_model1.pdb,
SASDRM9,ok,24683.0,1368.0,0.0,"[-0.0, -0.0, 0.0]","[0.0, 0.0, 0.0]",49.66,50.145,0.999,49.886,49.268,21.5,79.5,SASDRM9_fit1_model1.pdb,
SASDRN2,coordenadas_vazias,,,,,,,,,,,,,SASDRN2_fit1_model1.pdb,
SASDRN2,coordenadas_vazias,,,,,,,,,,,,,SASDRN2_fit1_model2.pdb,
SASDRN2,coordenadas_vazias,,,,,,,,,,,,,SASDRN2_fit2_model1.pdb,
SASDRN2,coordenadas_vazias,,,,,,,,,,,,,SASDRN2_fit2_model2.pdb,
SASDRN2,coordenadas_vazias,,,,,,,,,,,,,SASDRN2_fit3_model1.pdb,
SASDRN2,coordenadas_vazias,,,,,,,,,,,,,SASDRN2_fit3_model2.pdb,
SASDRN5,ok,222.0,906.0,7.86,"[-1.7, -1.7, 7.5]","[-0.0, -0.0, 0.0]",14.665,14.753,0.518,15.481,10.227,42.0,43.5,SASDRN5_fit1_model1.pdb,
SASDRN5,ok,222.0,906.0,10.14,"[-7.1, -3.4, -6.4]","[-0.0, -0.0, 0.0]",13.301,15.32,0.509,14.019,7.854,38.5,68.5,SASDRN5_fit2_model1.pdb,
SASDRN5,ok,222.0,906.0,10.26,"[-7.2, -3.4, -6.5]","[-0.0, -0.0, 0.0]",15.463,16.201,0.581,14.445,8.41,63.0,72.5,SASDRN5_fit3_model1.pdb,
SASDRN9,coordenadas_vazias,,,,,,,,,,,,,SASDRN9_fit1_model1.png,
SASDRN9,ok,7560.0,196.0,0.48,"[0.0, 0.0, 0.0]","[-0.1, -0.4, 0.2]",8.515,8.331,0.213,8.39,8.006,84.0,37.0,SASDRN9_fit2_model1.pdb,
SASDRN9,ok,7560.0,196.0,0.48,"[0.0, -0.0, 0.0]","[-0.1, -0.4, 0.2]",8.021,7.966,0.381,7.783,7.445,95.5,91.0,SASDRN9_fit2_model2.pdb,
SASDRN9,ok,7560.0,196.0,0.48,"[0.0, -0.0, 0.0]","[-0.1, -0.4, 0.2]",7.683,7.873,0.515,7.693,7.405,47.5,98.0,SASDRN9_fit2_model3.pdb,
SASDRP2,coordenadas_vazias,,,,,,,,,,,,,SASDRP2_fit1_model1.pdb,
SASDRP2,coordenadas_vazias,,,,,,,,,,,,,SASDRP2_fit1_model2.pdb,
SASDRP2,coordenadas_vazias,,,,,,,,,,,,,SASDRP2_fit2_model1.pdb,
SASDRP2,coordenadas_vazias,,,,,,,,,,,,,SASDRP2_fit2_model2.pdb,
SASDRP2,coordenadas_vazias,,,,,,,,,,,,,SASDRP2_fit3_model1.pdb,
SASDRP2,coordenadas_vazias,,,,,,,,,,,,,SASDRP2_fit3_model2.pdb,
SASDRP9,coordenadas_vazias,,,,,,,,,,,,,SASDRP9_fit1_model1.png,
SASDRP9,ok,7560.0,160.0,3.8,"[0.0, 0.0, 0.0]","[-1.6, -3.3, 1.0]",8.88,9.011,0.212,9.034,8.528,22.5,46.0,SASDRP9_fit2_model1.pdb,
SASDRP9,ok,7560.0,160.0,3.8,"[0.0, -0.0, 0.0]","[-1.6, -3.3, 1.0]",8.292,8.417,0.357,8.269,7.858,53.0,73.0,SASDRP9_fit2_model2.pdb,
SASDRP9,ok,7560.0,160.0,3.8,"[0.0, -0.0, 0.0]","[-1.6, -3.3, 1.0]",8.169,8.185,0.499,8.048,7.721,78.0,82.0,SASDRP9_fit2_model3.pdb,
SASDRQ2,coordenadas_vazias,,,,,,,,,,,,,SASDRQ2_fit1_model1.pdb,
SASDRQ2,coordenadas_vazias,,,,,,,,,,,,,SASDRQ2_fit1_model2.pdb,
SASDRQ2,coordenadas_vazias,,,,,,,,,,,,,SASDRQ2_fit2_model1.pdb,
SASDRQ2,coordenadas_vazias,,,,,,,,,,,,,SASDRQ2_fit2_model2.pdb,
SASDRQ2,coordenadas_vazias,,,,,,,,,,,,,SASDRQ2_fit3_model1.pdb,
SASDRQ2,coordenadas_vazias,,,,,,,,,,,,,SASDRQ2_fit3_model2.pdb,
SASDRQ8,ok,586.0,1225.0,109.11,"[8.6, 21.5, 106.6]","[-0.0, 0.0, 0.0]",69.942,74.729,1.0,72.43,66.722,20.0,73.0,SASDRQ8_fit1_model1.pdb,
SASDRQ9,coordenadas_vazias,,,,,,,,,,,,,SASDRQ9_fit1_model1.png,
SASDRQ9,ok,4752.0,296.0,0.02,"[0.0, 0.0, 0.0]","[0.0, -0.0, -0.0]",6.973,7.145,0.257,6.77,6.389,90.5,100.0,SASDRQ9_fit2_model1.pdb,
SASDRQ9,ok,4752.0,296.0,0.02,"[0.0, 0.0, -0.0]","[0.0, -0.0, -0.0]",7.364,7.525,0.136,7.123,6.597,94.5,100.0,SASDRQ9_fit2_model2.pdb,
SASDRQ9,ok,7560.0,296.0,0.05,"[0.0, -0.0, 0.0]","[0.0, -0.0, -0.0]",6.714,6.514,0.527,6.609,6.357,89.5,20.0,SASDRQ9_fit2_model3.pdb,
SASDRQ9,ok,4356.0,296.0,0.02,"[-0.0, 0.0, -0.0]","[0.0, -0.0, -0.0]",6.934,7.079,0.164,6.971,6.515,40.0,78.0,SASDRQ9_fit2_model4.pdb,
SASDRR2,coordenadas_vazias,,,,,,,,,,,,,SASDRR2_fit1_model1.pdb,
SASDRR2,coordenadas_vazias,,,,,,,,,,,,,SASDRR2_fit1_model2.pdb,
SASDRR2,coordenadas_vazias,,,,,,,,,,,,,SASDRR2_fit2_model1.pdb,
SASDRR2,coordenadas_vazias,,,,,,,,,,,,,SASDRR2_fit2_model2.pdb,
SASDRR2,coordenadas_vazias,,,,,,,,,,,,,SASDRR2_fit3_model1.pdb,
SASDRR2,coordenadas_vazias,,,,,,,,,,,,,SASDRR2_fit3_model2.pdb,
SASDRR5,ok,533.0,4076.0,17.22,"[-10.0, -4.0, 13.4]","[0.0, -0.0, 0.0]",7.285,10.121,0.295,13.548,6.474,2.5,10.5,SASDRR5_fit1_model1.pdb,
SASDRR7,ok,704.0,1467.0,49.27,"[-30.0, -35.6, 16.1]","[-0.0, -0.0, -0.0]",24.387,23.305,0.928,22.489,17.81,99.5,72.0,SASDRR7_fit1_model1.pdb,
SASDRR8,ok,5198.0,632.0,86.33,"[-4.1, 7.6, -85.9]","[-0.0, 0.0, 0.0]",43.651,43.215,0.722,49.414,39.457,15.5,12.0,SASDRR8_fit1_model1.pdb,
SASDRR8,ok,5198.0,632.0,332.07,"[184.5, 187.5, 202.7]","[-0.0, 0.0, 0.0]",270.389,275.679,1.0,275.646,254.544,33.5,50.0,SASDRR8_fit2_model1.pdb,
SASDRR9,coordenadas_vazias,,,,,,,,,,,,,SASDRR9_fit1_model1.png,
SASDRR9,ok,4752.0,235.0,0.25,"[0.0, 0.0, 0.0]","[-0.2, -0.1, -0.1]",7.464,7.532,0.265,7.372,6.984,68.5,83.0,SASDRR9_fit2_model1.pdb,
SASDRR9,ok,4752.0,235.0,0.25,"[0.0, 0.0, -0.0]","[-0.2, -0.1, -0.1]",7.872,8.096,0.135,7.872,7.364,50.0,89.5,SASDRR9_fit2_model2.pdb,
SASDRR9,ok,7560.0,235.0,0.28,"[0.0, -0.0, 0.0]","[-0.2, -0.1, -0.1]",7.117,7.105,0.492,7.067,6.834,66.5,62.5,SASDRR9_fit2_model3.pdb,
SASDRR9,ok,4356.0,235.0,0.25,"[-0.0, 0.0, -0.0]","[-0.2, -0.1, -0.1]",7.601,7.844,0.167,7.683,7.273,31.5,78.0,SASDRR9_fit2_model4.pdb,
SASDRS2,ok,87.0,778.0,91.55,"[52.8, 53.8, 52.0]","[-0.0, -0.0, 0.0]",80.103,65.61,1.0,77.263,62.535,73.0,5.5,SASDRS2_fit1_model1.pdb,
SASDRS7,ok,690.0,1160.0,51.96,"[48.8, 9.6, -15.0]","[-0.0, -0.0, -0.0]",28.748,27.517,0.983,28.405,24.485,55.5,36.5,SASDRS7_fit1_model1.pdb,
SASDRS8,coordenadas_vazias,,,,,,,,,,,,,SASDRS8_fit1_model1.png,
SASDRS8,ok,10396.0,324.0,408.03,"[202.1, 199.3, 293.1]","[-0.0, -0.1, 0.1]",295.528,319.98,1.0,327.416,270.633,18.0,39.5,SASDRS8_fit1_model2.pdb,
SASDRS8,ok,5198.0,324.0,86.45,"[-4.1, 7.6, -85.9]","[-0.0, -0.1, 0.1]",34.214,36.097,0.082,54.063,32.991,3.0,3.5,SASDRS8_fit1_model3.pdb,
SASDRS9,coordenadas_vazias,,,,,,,,,,,,,SASDRS9_fit1_model1.png,
SASDRS9,ok,7560.0,128.0,3.01,"[0.0, 0.0, 0.0]","[-0.1, 2.4, 1.8]",8.333,8.302,0.28,8.275,7.716,60.0,53.0,SASDRS9_fit2_model1.pdb,
SASDRS9,ok,7560.0,128.0,3.01,"[0.0, -0.0, 0.0]","[-0.1, 2.4, 1.8]",8.28,8.185,0.603,8.103,7.605,82.0,65.5,SASDRS9_fit2_model2.pdb,
SASDRS9,ok,7560.0,128.0,3.01,"[0.0, -0.0, 0.0]","[-0.1, 2.4, 1.8]",8.235,8.24,0.525,7.978,7.505,86.5,87.5,SASDRS9_fit2_model3.pdb,
SASDRT2,ok,87.0,777.0,90.89,"[61.0, 47.3, 48.0]","[0.0, 0.0, 0.0]",66.48,75.445,1.0,74.372,64.4,6.5,63.0,SASDRT2_fit1_model1.pdb,
SASDRT4,ok,1584.0,1373.0,86.29,"[38.9, 52.7, 56.2]","[0.0, -0.0, 0.0]",50.959,51.901,1.0,51.869,47.711,32.5,51.5,SASDRT4_fit1_model1.pdb,
SASDRT5,coordenadas_vazias,,,,,,,,,,,,,SASDRT5_fit1_model1.pdb,
SASDRT7,ok,767.0,521.0,13.91,"[-3.6, -11.6, -6.6]","[0.1, 0.0, 0.1]",6.336,6.445,0.718,6.747,5.55,20.0,31.5,SASDRT7_fit1_model1.pdb,
SASDRT7,coordenadas_vazias,,,,,,,,,,,,,SASDRT7_fit2_model1.pdb,
SASDRT8,coordenadas_vazias,,,,,,,,,,,,,SASDRT8_fit1_model1.png,
SASDRT8,ok,10396.0,3675.0,408.03,"[202.1, 199.3, 293.1]","[0.0, -0.0, 0.0]",286.301,312.748,1.0,318.35,257.784,18.0,40.0,SASDRT8_fit1_model2.pdb,
SASDRT8,ok,5198.0,3675.0,86.34,"[-4.1, 7.6, -85.9]","[0.0, -0.0, 0.0]",20.571,19.816,0.118,41.396,19.378,2.0,1.0,SASDRT8_fit1_model3.pdb,
SASDRT9,coordenadas_vazias,,,,,,,,,,,,,SASDRT9_fit1_model1.png,
SASDRT9,ok,7560.0,187.0,3.44,"[0.0, 0.0, 0.0]","[-0.0, 2.5, 2.3]",9.067,9.097,0.211,9.026,8.612,59.0,63.5,SASDRT9_fit2_model1.pdb,
SASDRT9,ok,7560.0,187.0,3.44,"[0.0, -0.0, 0.0]","[-0.0, 2.5, 2.3]",8.02,7.987,0.485,7.967,7.675,64.5,56.0,SASDRT9_fit2_model2.pdb,
SASDRT9,ok,7560.0,187.0,3.44,"[0.0, -0.0, 0.0]","[-0.0, 2.5, 2.3]",8.181,8.034,0.417,8.066,7.754,76.0,43.0,SASDRT9_fit2_model3.pdb,
SASDRU2,ok,96.0,626.0,101.94,"[57.0, 57.2, 62.1]","[0.0, -0.0, -0.0]",74.467,86.806,1.0,82.242,69.659,16.5,73.5,SASDRU2_fit1_model1.pdb,
SASDRU5,coordenadas_vazias,,,,,,,,,,,,,SASDRU5_fit1_model1.pdb,
SASDRU8,coordenadas_vazias,,,,,,,,,,,,,SASDRU8_fit1_model1.png,
SASDRU8,ok,10396.0,463.0,408.12,"[202.1, 199.3, 293.1]","[-0.0, -0.0, -0.1]",294.101,320.977,1.0,326.611,268.042,19.0,39.5,SASDRU8_fit1_model2.pdb,
SASDRU8,ok,5198.0,463.0,86.28,"[-4.1, 7.6, -85.9]","[-0.0, -0.0, -0.1]",52.295,49.364,0.708,54.837,45.502,24.5,9.5,SASDRU8_fit1_model3.pdb,
SASDRV2,ok,114.0,496.0,60.1,"[60.1, 0.3, -0.2]","[0.0, -0.1, 0.0]",37.43,36.959,0.974,52.968,38.653,0.0,0.0,SASDRV2_fit1_model1.pdb,
SASDRV5,coordenadas_vazias,,,,,,,,,,,,,SASDRV5_fit1_model1.pdb,
SASDRV6,ok,1056.0,1275.0,0.51,"[0.3, -0.3, -0.2]","[-0.0, 0.0, 0.0]",10.297,12.273,0.329,15.83,8.895,5.5,19.5,SASDRV6_fit1_model1.pdb,
SASDRV6,ok,1056.0,1275.0,0.5,"[0.3, -0.3, -0.2]","[-0.0, 0.0, 0.0]",11.07,13.275,0.363,15.922,8.989,11.5,28.5,SASDRV6_fit1_model10.pdb,
SASDRV6,ok,1056.0,1275.0,0.5,"[0.3, -0.3, -0.3]","[-0.0, 0.0, 0.0]",10.589,12.718,0.329,15.804,8.45,9.0,24.0,SASDRV6_fit1_model2.pdb,
SASDRV6,ok,1056.0,1275.0,0.46,"[0.4, -0.2, -0.1]","[-0.0, 0.0, 0.0]",10.711,12.851,0.331,16.058,8.388,8.0,23.5,SASDRV6_fit1_model3.pdb,
SASDRV6,ok,1056.0,1275.0,0.53,"[0.3, -0.3, -0.3]","[-0.0, 0.0, 0.0]",9.547,12.719,0.305,16.29,8.305,5.0,22.5,SASDRV6_fit1_model4.pdb,
SASDRV6,ok,1056.0,1275.0,0.5,"[0.3, -0.4, -0.2]","[-0.0, 0.0, 0.0]",11.242,12.316,0.358,15.764,9.342,11.0,19.0,SASDRV6_fit1_model5.pdb,
SASDRV6,ok,1056.0,1275.0,0.43,"[0.2, -0.3, -0.2]","[-0.0, 0.0, 0.0]",9.962,11.447,0.331,16.097,8.525,5.5,14.0,SASDRV6_fit1_model6.pdb,
SASDRV6,ok,1056.0,1275.0,0.54,"[0.4, -0.3, -0.2]","[-0.0, 0.0, 0.0]",11.293,12.872,0.384,15.738,8.867,11.0,24.0,SASDRV6_fit1_model7.pdb,
SASDRV6,ok,1056.0,1275.0,0.45,"[0.2, -0.3, -0.3]","[-0.0, 0.0, 0.0]",10.096,12.147,0.304,15.887,8.693,7.5,21.5,SASDRV6_fit1_model8.pdb,
SASDRV6,ok,1056.0,1275.0,0.37,"[0.2, -0.2, -0.2]","[-0.0, 0.0, 0.0]",10.212,12.035,0.346,15.92,8.762,6.0,19.0,SASDRV6_fit1_model9.pdb,
SASDRV8,coordenadas_vazias,,,,,,,,,,,,,SASDRV8_fit1_model1.png,
SASDRV8,ok,10396.0,1890.0,408.03,"[202.1, 199.3, 293.1]","[0.0, -0.0, 0.0]",256.581,280.711,1.0,286.723,229.617,18.5,42.0,SASDRV8_fit1_model2.pdb,
SASDRV8,ok,5198.0,1890.0,86.34,"[-4.1, 7.6, -85.9]","[0.0, -0.0, 0.0]",23.348,26.426,0.351,38.013,22.786,1.0,6.5,SASDRV8_fit1_model3.pdb,
SASDRV9,ok,659.0,424.0,94.62,"[29.0, -32.5, 84.0]","[0.1, 0.0, -0.1]",44.409,58.687,0.863,56.554,42.645,3.0,57.5,SASDRV9_fit1_model1.pdb,
SASDRW2,ok,90.0,726.0,93.37,"[54.2, 54.5, 53.0]","[-0.0, -0.0, -0.0]",73.477,73.64,1.0,76.335,60.728,39.0,39.0,SASDRW2_fit1_model1.pdb,
SASDRW4,ok,792.0,526.0,50.89,"[36.6, 29.8, 19.1]","[0.0, -0.0, -0.0]",24.839,23.934,0.867,21.441,17.05,85.5,78.0,SASDRW4_fit1_model1.pdb,
SASDRW5,coordenadas_vazias,,,,,,,,,,,,,SASDRW5_fit1_model1.pdb,
SASDRW6,ok,1090.0,1837.0,8.53,"[6.1, -1.1, 5.9]","[0.0, -0.0, -0.0]",7.395,6.699,0.513,7.152,4.823,63.5,31.5,SASDRW6_fit1_model1.pdb,
SASDRW8,coordenadas_vazias,,,,,,,,,,,,,SASDRW8_fit1_model1.png,
SASDRW8,ok,10396.0,1609.0,408.05,"[202.1, 199.3, 293.1]","[-0.0, -0.0, -0.0]",251.435,274.088,1.0,281.109,225.819,18.5,41.0,SASDRW8_fit1_model2.pdb,
SASDRW8,ok,5198.0,1609.0,86.33,"[-4.1, 7.6, -85.9]","[-0.0, -0.0, -0.0]",28.663,30.085,0.113,43.289,26.867,3.0,4.5,SASDRW8_fit1_model3.pdb,
SASDRW8,coordenadas_vazias,,,,,,,,,,,,,SASDRW8_fit2_model1.png,
SASDRW8,ok,10396.0,1609.0,267.78,"[201.8, 147.9, 95.4]","[-0.0, -0.0, -0.0]",190.24,196.236,1.0,198.744,147.013,36.5,46.0,SASDRW8_fit2_model2.pdb,
SASDRW8,ok,5198.0,1609.0,86.33,"[-4.1, 7.6, -85.9]","[-0.0, -0.0, -0.0]",28.663,30.085,0.113,43.289,26.867,3.0,4.5,SASDRW8_fit2_model3.pdb,
SASDRW9,ok,266.0,1051.0,31.45,"[29.0, -7.5, 9.7]","[-0.0, -0.0, 0.0]",17.709,15.953,0.906,16.85,13.04,71.5,35.0,SASDRW9_fit1_model1.pdb,
SASDRX2,ok,117.0,784.0,116.46,"[67.9, 66.4, 67.4]","[0.0, 0.0, -0.0]",103.75,103.706,1.0,96.027,76.622,92.0,92.0,SASDRX2_fit1_model1.pdb,
SASDRX6,ok,2088.0,680.0,3.51,"[0.2, 3.5, -0.3]","[0.0, 0.0, 0.0]",7.43,7.903,0.254,7.479,6.276,46.5,79.0,SASDRX6_fit1_model1.pdb,
SASDRX8,ok,652.0,1166.0,44.7,"[36.2, 14.7, 21.7]","[-0.0, -0.0, -0.0]",18.64,17.425,0.801,20.169,16.921,14.5,2.0,SASDRX8_fit1_model1.pdb,
SASDRX8,ok,652.0,1166.0,44.7,"[36.2, 14.7, 21.7]","[-0.0, -0.0, -0.0]",18.64,17.425,0.801,20.169,16.921,14.5,2.0,SASDRX8_fit2_model1.pdb,
SASDRX8,ok,700.0,1166.0,10.12,"[7.1, 7.2, -0.8]","[-0.0, -0.0, -0.0]",7.036,6.729,0.367,6.149,4.825,96.0,85.0,SASDRX8_fit3_model1.pdb,
SASDRX9,ok,455.0,260.0,51.08,"[-9.8, -18.9, 46.6]","[0.0, 0.1, 0.2]",32.989,32.094,0.901,34.765,26.673,24.0,13.5,SASDRX9_fit1_model1.pdb,
SASDRY2,ok,90.0,622.0,93.31,"[54.2, 54.5, 53.0]","[-0.0, 0.0, 0.0]",72.01,72.107,1.0,75.023,59.569,38.0,39.0,SASDRY2_fit1_model1.pdb,
SASDRY6,ok,2178.0,928.0,0.23,"[-0.1, 0.2, 0.0]","[-0.0, -0.0, 0.0]",7.114,7.13,0.244,7.436,5.593,33.0,35.0,SASDRY6_fit1_model1.pdb,
SASDRY7,ok,1880.0,361.0,2.37,"[0.7, -2.2, -0.1]","[-0.1, 0.0, -0.1]",10.418,11.392,0.568,10.818,3.549,42.0,64.5,SASDRY7_fit1_model1.pdb,
SASDRY7,ok,1228.0,361.0,80.37,"[51.2, 37.1, 49.5]","[-0.1, 0.0, -0.1]",53.186,67.707,1.0,64.105,52.123,4.5,78.0,SASDRY7_fit2_model1.pdb,
SASDRY8,ok,674.0,837.0,17.92,"[11.6, -4.9, 12.8]","[-0.0, 0.0, 0.0]",9.304,9.66,0.583,8.802,7.54,80.0,94.0,SASDRY8_fit1_model1.pdb,
SASDRY8,ok,652.0,837.0,44.68,"[36.2, 14.7, 21.7]","[-0.0, 0.0, 0.0]",19.892,19.445,0.822,21.367,18.322,16.5,9.5,SASDRY8_fit2_model1.pdb,
SASDRY8,ok,652.0,837.0,44.68,"[36.2, 14.7, 21.7]","[-0.0, 0.0, 0.0]",19.892,19.445,0.822,21.367,18.322,16.5,9.5,SASDRY8_fit3_model1.pdb,
SASDRZ2,ok,90.0,516.0,98.22,"[57.5, 56.4, 56.1]","[-0.1, -0.1, 0.1]",86.469,82.26,1.0,81.78,67.763,80.0,54.5,SASDRZ2_fit1_model1.pdb,
SASDRZ6,ok,147.0,340.0,4.02,"[-0.1, 4.0, -1.1]","[-0.2, 0.1, -0.0]",8.988,9.664,0.354,10.455,5.829,22.0,35.5,SASDRZ6_fit1_model1.pdb,
SASDRZ6,ok,147.0,340.0,6.86,"[-0.3, 6.9, -1.2]","[-0.2, 0.1, -0.0]",10.902,10.782,0.469,10.681,5.276,53.5,51.0,SASDRZ6_fit2_model1.pdb,
SASDRZ8,ok,652.0,1044.0,44.69,"[36.2, 14.7, 21.7]","[-0.0, 0.0, -0.0]",17.736,16.922,0.856,19.419,15.845,16.0,6.0,SASDRZ8_fit1_model1.pdb,
SASDRZ8,ok,652.0,1044.0,44.69,"[36.2, 14.7, 21.7]","[-0.0, 0.0, -0.0]",17.736,16.922,0.856,19.419,15.845,16.0,6.0,SASDRZ8_fit2_model1.pdb,
SASDRZ8,ok,1209.0,1044.0,3.92,"[3.2, 2.1, 0.8]","[-0.0, 0.0, -0.0]",6.145,5.202,0.409,5.103,3.815,93.0,54.0,SASDRZ8_fit3_model1.pdb,
SASDS22,coordenadas_vazias,,,,,,,,,,,,,SASDS22_fit1_model1.pdb,
SASDS22,ok,4792.0,321.0,0.5,"[-0.5, 0.0, 0.1]","[-0.0, -0.1, -0.0]",15.812,21.054,0.414,18.81,14.743,3.5,89.5,SASDS22_fit2_model1.pdb,
SASDS27,ok,408.0,1732.0,7.79,"[-5.5, -5.5, -0.0]","[0.0, 0.0, -0.0]",6.392,7.07,0.336,10.345,5.228,3.5,7.0,SASDS27_fit1_model1.pdb,
SASDS32,coordenadas_vazias,,,,,,,,,,,,,SASDS32_fit1_model1.pdb,
SASDS37,ok,684.0,4043.0,2.52,"[1.1, 1.4, 1.8]","[-0.0, -0.0, -0.0]",8.366,7.244,0.468,9.037,3.865,36.5,26.5,SASDS37_fit1_model1.pdb,
SASDS39,ok,1092.0,1246.0,2.3,"[1.1, 1.1, -1.7]","[-0.0, -0.0, 0.0]",11.865,10.994,0.79,9.533,4.93,81.5,69.5,SASDS39_fit1_model1.pdb,
SASDS39,ok,1107.0,1246.0,1.16,"[-0.7, -0.7, 0.7]","[-0.0, -0.0, 0.0]",8.256,8.119,0.61,8.748,5.716,40.5,38.0,SASDS39_fit2_model1.pdb,
SASDS39,ok,1087.0,1246.0,1.97,"[-1.4, -0.5, 1.3]","[-0.0, -0.0, 0.0]",9.506,8.952,0.607,9.284,5.67,53.0,46.5,SASDS39_fit3_model1.pdb,
SASDS42,coordenadas_vazias,,,,,,,,,,,,,SASDS42_fit1_model1.pdb,
SASDS46,ok,863.0,1081.0,35.1,"[22.4, 17.7, 20.4]","[-0.0, 0.0, -0.0]",15.85,13.608,0.729,15.176,13.575,75.0,0.5,SASDS46_fit1_model1.pdb,
SASDS46,ok,877.0,1081.0,1.75,"[1.7, -0.2, 0.0]","[-0.0, 0.0, -0.0]",6.755,7.343,0.316,6.897,5.22,45.5,71.0,SASDS46_fit2_model1.pdb,
SASDS46,ok,772.0,1081.0,2.89,"[-1.8, -1.8, 1.3]","[-0.0, 0.0, -0.0]",5.948,6.797,0.306,6.672,4.763,15.5,58.0,SASDS46_fit3_model1.pdb,
SASDS46,ok,864.0,1081.0,0.36,"[-0.3, 0.1, -0.1]","[-0.0, 0.0, -0.0]",5.76,6.691,0.286,6.088,4.262,29.0,76.5,SASDS46_fit3_model2.pdb,
SASDS47,ok,944.0,1227.0,69.98,"[17.9, 67.6, -3.4]","[0.0, -0.0, -0.0]",37.395,37.815,0.985,40.047,35.655,14.0,22.5,SASDS47_fit1_model1.pdb,
SASDS47,ok,944.0,1227.0,70.3,"[18.6, 67.7, -3.1]","[0.0, -0.0, -0.0]",37.466,37.909,0.985,39.57,36.424,12.0,23.0,SASDS47_fit1_model2.pdb,
SASDS47,ok,944.0,1227.0,71.19,"[18.7, 68.6, -3.1]","[0.0, -0.0, -0.0]",37.886,38.342,0.985,41.199,35.129,12.5,19.5,SASDS47_fit1_model3.pdb,
SASDS49,ok,493.0,369.0,3.12,"[1.2, -2.8, 0.7]","[0.0, 0.0, 0.0]",17.729,19.704,0.738,15.807,4.321,68.5,95.5,SASDS49_fit1_model1.pdb,
SASDS49,ok,493.0,369.0,3.75,"[1.1, -3.6, 0.1]","[0.0, 0.0, 0.0]",17.521,19.902,0.716,16.132,4.472,66.0,96.0,SASDS49_fit2_model1.pdb,
SASDS49,ok,486.0,369.0,3.1,"[2.1, -1.6, 1.7]","[0.0, 0.0, 0.0]",17.587,19.323,0.737,15.853,4.586,73.5,92.5,SASDS49_fit3_model1.pdb,
SASDS52,coordenadas_vazias,,,,,,,,,,,,,SASDS52_fit1_model1.pdb,
SASDS56,ok,248.0,602.0,1.9,"[-0.3, 0.3, -1.9]","[-0.0, 0.0, -0.0]",5.876,6.726,0.415,5.784,3.744,54.0,94.5,SASDS56_fit1_model1.pdb,
SASDS59,ok,111.0,192.0,9.04,"[-1.7, -7.3, 4.7]","[0.2, 0.1, -0.2]",11.55,22.257,0.514,23.687,9.916,3.5,45.0,SASDS59_fit1_model1.pdb,
SASDS59,ok,106.0,192.0,4.65,"[1.9, 0.6, -4.5]","[0.2, 0.1, -0.2]",12.091,23.224,0.5,23.133,9.736,5.0,50.0,SASDS59_fit2_model1.pdb,
SASDS67,ok,625.0,2685.0,61.22,"[4.8, 23.4, 56.4]","[-0.0, 0.0, 0.0]",37.099,39.496,1.0,40.291,32.275,16.5,36.0,SASDS67_fit1_model1.pdb,
SASDS77,ok,771.0,4992.0,55.68,"[10.8, 19.8, 50.9]","[-0.0, 0.0, -0.0]",22.21,22.313,0.706,24.792,15.955,32.0,33.0,SASDS77_fit1_model1.pdb,
SASDSC5,ok,642.0,1228.0,12.74,"[0.0, 0.0, -12.8]","[0.0, -0.0, -0.0]",7.946,7.503,0.4,7.181,5.02,87.5,68.0,SASDSC5_fit1_model1.pdb,
SASDSC7,ok,910.0,1589.0,160.36,"[92.6, 92.7, 92.4]","[0.0, -0.0, 0.0]",127.77,120.674,1.0,122.668,111.963,83.5,33.5,SASDSC7_fit1_model1.pdb,
SASDSC7,ok,910.0,1589.0,160.36,"[92.6, 92.7, 92.4]","[0.0, -0.0, 0.0]",127.689,120.814,1.0,124.104,111.472,79.0,33.0,SASDSC7_fit2_model1.pdb,
SASDSC7,ok,910.0,1589.0,160.36,"[92.6, 92.7, 92.4]","[0.0, -0.0, 0.0]",127.809,120.956,1.0,123.056,111.257,83.0,34.5,SASDSC7_fit2_model2.pdb,
SASDSC7,ok,910.0,1589.0,160.32,"[92.6, 92.7, 92.4]","[0.0, -0.0, 0.0]",127.556,120.571,1.0,121.705,112.4,83.5,39.5,SASDSC7_fit2_model3.pdb,
SASDSC7,ok,858.0,1589.0,52.38,"[26.2, 45.4, 0.0]","[0.0, -0.0, 0.0]",25.444,26.505,0.888,25.285,18.464,51.5,65.0,SASDSC7_fit3_model1.pdb,
SASDSD2,ok,712.0,1683.0,19.85,"[-13.1, 14.9, -1.1]","[0.0, -0.0, 0.0]",14.113,16.387,0.546,13.562,9.538,61.5,94.5,SASDSD2_fit1_model1.pdb,
SASDSD7,ok,910.0,1592.0,199.32,"[109.8, 136.3, 95.4]","[-0.0, 0.0, 0.0]",136.75,150.617,1.0,146.743,133.791,11.0,77.0,SASDSD7_fit1_model1.pdb,
SASDSD7,ok,910.0,1592.0,199.32,"[109.8, 136.3, 95.4]","[-0.0, 0.0, 0.0]",137.67,150.813,1.0,146.828,133.501,15.5,79.5,SASDSD7_fit2_model1.pdb,
SASDSD7,ok,910.0,1592.0,199.36,"[109.9, 136.3, 95.4]","[-0.0, 0.0, 0.0]",137.969,151.542,1.0,146.588,133.624,13.5,82.5,SASDSD7_fit2_model2.pdb,
SASDSD7,ok,910.0,1592.0,199.35,"[109.8, 136.3, 95.4]","[-0.0, 0.0, 0.0]",137.394,151.297,1.0,146.773,133.111,11.5,81.5,SASDSD7_fit2_model3.pdb,
SASDSD7,ok,874.0,1592.0,26.75,"[-13.0, -10.4, 21.0]","[-0.0, 0.0, 0.0]",13.016,16.505,0.554,15.766,12.798,1.0,63.5,SASDSD7_fit3_model1.pdb,
SASDSE2,ok,712.0,1072.0,10.21,"[-5.2, 4.3, -7.7]","[-0.0, 0.0, -0.0]",19.251,22.431,0.753,18.03,10.667,64.5,85.5,SASDSE2_fit1_model1.pdb,
SASDSE7,ok,562.0,1293.0,0.87,"[0.1, -0.4, -0.8]","[0.0, -0.0, -0.0]",5.243,4.99,0.228,5.42,4.449,37.0,12.0,SASDSE7_fit1_model1.pdb,
SASDSE7,ok,1373.0,1293.0,1.74,"[-1.3, 1.1, 0.4]","[0.0, -0.0, -0.0]",7.679,6.603,0.471,5.525,3.103,93.0,79.5,SASDSE7_fit2_model1.pdb,
SASDSE8,ok,478.0,838.0,62.62,"[34.1, 18.9, 49.0]","[0.0, -0.0, 0.0]",38.162,35.143,1.0,40.26,28.945,38.0,18.5,SASDSE8_fit1_model1.pdb,
SASDSE8,ok,478.0,838.0,62.36,"[32.4, 19.4, 49.6]","[0.0, -0.0, 0.0]",38.801,34.564,1.0,39.735,27.418,37.5,14.0,SASDSE8_fit1_model2.pdb,
SASDSE8,ok,478.0,838.0,63.51,"[32.4, 19.5, 51.1]","[0.0, -0.0, 0.0]",37.022,39.367,1.0,40.496,28.51,22.5,41.5,SASDSE8_fit1_model3.pdb,
SASDSE8,ok,239.0,838.0,47.4,"[29.2, 21.7, 30.4]","[0.0, -0.0, 0.0]",31.728,27.064,1.0,28.981,22.367,99.5,21.5,SASDSE8_fit1_model4.pdb,
SASDSE8,ok,239.0,838.0,49.46,"[30.9, 22.3, 31.6]","[0.0, -0.0, 0.0]",32.447,28.667,1.0,31.071,22.378,80.0,18.5,SASDSE8_fit1_model5.pdb,
SASDSE8,ok,478.0,838.0,66.48,"[35.2, 20.9, 52.4]","[0.0, -0.0, 0.0]",39.375,44.452,1.0,41.835,30.484,28.0,76.5,SASDSE8_fit2_model1.pdb,
SASDSE8,ok,478.0,838.0,66.72,"[34.3, 21.2, 53.2]","[0.0, -0.0, 0.0]",40.525,44.111,1.0,43.362,30.875,27.5,56.5,SASDSE8_fit2_model2.pdb,
SASDSE8,ok,239.0,838.0,47.4,"[29.2, 21.7, 30.4]","[0.0, -0.0, 0.0]",31.728,27.064,1.0,28.981,22.367,99.5,21.5,SASDSE8_fit2_model3.pdb,
SASDSE8,ok,239.0,838.0,50.67,"[30.8, 23.1, 33.0]","[0.0, -0.0, 0.0]",32.834,30.35,1.0,32.342,23.192,63.5,25.0,SASDSE8_fit2_model4.pdb,
SASDSE8,ok,239.0,838.0,50.67,"[30.8, 23.1, 33.0]","[0.0, -0.0, 0.0]",32.834,30.35,1.0,32.342,23.192,63.5,25.0,SASDSE8_fit2_model5.pdb,
SASDSE8,ok,239.0,838.0,46.46,"[30.5, 21.6, 27.6]","[0.0, -0.0, 0.0]",32.452,25.442,1.0,29.204,22.621,95.0,6.0,SASDSE8_fit2_model6.pdb,
SASDSE8,ok,478.0,838.0,66.58,"[35.0, 20.6, 52.7]","[0.0, -0.0, 0.0]",40.839,43.026,1.0,43.314,31.736,26.0,47.0,SASDSE8_fit3_model1.pdb,
SASDSE8,ok,478.0,838.0,66.6,"[35.4, 19.9, 52.8]","[0.0, -0.0, 0.0]",39.259,44.447,1.0,42.141,30.727,26.5,74.0,SASDSE8_fit3_model2.pdb,
SASDSE8,ok,239.0,838.0,46.85,"[28.6, 21.1, 30.6]","[0.0, -0.0, 0.0]",30.986,26.867,1.0,28.471,22.184,99.5,23.5,SASDSE8_fit3_model3.pdb,
SASDSE8,ok,239.0,838.0,49.19,"[32.6, 22.1, 29.5]","[0.0, -0.0, 0.0]",33.296,26.806,1.0,31.818,23.309,73.0,7.0,SASDSE8_fit3_model4.pdb,
SASDSE8,ok,239.0,838.0,49.46,"[30.9, 22.3, 31.6]","[0.0, -0.0, 0.0]",32.444,28.665,1.0,31.068,22.376,80.0,18.5,SASDSE8_fit3_model5.pdb,
SASDSE8,ok,239.0,838.0,50.65,"[33.1, 23.5, 30.2]","[0.0, -0.0, 0.0]",33.918,28.278,1.0,33.548,25.21,57.0,6.0,SASDSE8_fit3_model6.pdb,
SASDSF2,coordenadas_vazias,,,,,,,,,,,,,SASDSF2_fit1_model1.pdb,
SASDSF2,ok,152.0,990.0,0.43,"[-0.1, 0.1, -0.4]","[0.0, -0.0, 0.0]",3.824,7.537,0.27,5.745,2.986,10.5,93.0,SASDSF2_fit2_model1.pdb,
SASDSF7,ok,223.0,1031.0,55.49,"[-29.9, 28.8, -36.8]","[0.0, 0.0, 0.0]",35.92,31.759,1.0,33.073,27.283,87.0,25.5,SASDSF7_fit1_model1.pdb,
SASDSF7,ok,1056.0,1031.0,0.66,"[-0.6, -0.1, 0.0]","[0.0, 0.0, 0.0]",6.877,6.797,0.461,6.432,3.086,61.0,59.0,SASDSF7_fit2_model1.pdb,
SASDSF8,ok,478.0,869.0,65.65,"[34.7, 21.2, 51.5]","[-0.0, 0.0, -0.0]",40.122,40.798,1.0,42.199,30.891,28.0,34.0,SASDSF8_fit1_model1.pdb,
SASDSF8,ok,478.0,869.0,62.4,"[32.3, 20.8, 49.1]","[-0.0, 0.0, -0.0]",31.992,40.669,0.975,38.837,29.059,9.0,72.5,SASDSF8_fit1_model2.pdb,
SASDSF8,ok,478.0,869.0,64.16,"[31.4, 20.1, 52.2]","[-0.0, 0.0, -0.0]",33.815,40.644,0.981,41.618,30.597,10.0,44.0,SASDSF8_fit1_model3.pdb,
SASDSF8,ok,478.0,869.0,63.68,"[33.9, 19.5, 50.2]","[-0.0, 0.0, -0.0]",35.141,42.253,1.0,40.644,29.366,14.0,62.0,SASDSF8_fit1_model4.pdb,
SASDSF8,ok,478.0,869.0,62.8,"[34.5, 19.9, 48.5]","[-0.0, 0.0, -0.0]",38.3,39.98,1.0,39.372,28.899,40.5,57.0,SASDSF8_fit1_model5.pdb,
SASDSF8,ok,239.0,869.0,45.9,"[28.0, 19.6, 30.6]","[-0.0, 0.0, -0.0]",24.982,25.704,0.962,26.223,21.447,23.5,35.0,SASDSF8_fit1_model6.pdb,
SASDSF8,ok,239.0,869.0,49.04,"[32.0, 21.5, 30.3]","[-0.0, 0.0, -0.0]",31.263,27.541,1.0,29.519,21.668,76.5,18.0,SASDSF8_fit1_model7.pdb,
SASDSF8,ok,239.0,869.0,45.86,"[28.0, 20.4, 30.0]","[-0.0, 0.0, -0.0]",27.48,25.543,1.0,26.652,21.308,77.0,27.5,SASDSF8_fit1_model8.pdb,
SASDSF8,ok,478.0,869.0,64.19,"[32.3, 21.1, 51.3]","[-0.0, 0.0, -0.0]",38.954,39.424,1.0,41.354,29.492,30.5,36.0,SASDSF8_fit2_model1.pdb,
SASDSF8,ok,478.0,869.0,63.4,"[32.3, 20.6, 50.5]","[-0.0, 0.0, -0.0]",39.224,40.08,1.0,40.564,29.43,36.5,45.0,SASDSF8_fit2_model2.pdb,
SASDSF8,ok,478.0,869.0,63.33,"[33.0, 21.7, 49.5]","[-0.0, 0.0, -0.0]",38.806,39.675,1.0,39.637,28.777,39.5,51.0,SASDSF8_fit2_model3.pdb,
SASDSF8,ok,478.0,869.0,65.1,"[31.6, 21.0, 52.8]","[-0.0, 0.0, -0.0]",38.887,40.7,1.0,42.611,29.662,25.0,31.5,SASDSF8_fit2_model4.pdb,
SASDSF8,ok,239.0,869.0,45.9,"[28.0, 19.6, 30.6]","[-0.0, 0.0, -0.0]",24.983,25.705,0.962,26.225,21.448,23.5,35.0,SASDSF8_fit2_model5.pdb,
SASDSF8,ok,239.0,869.0,46.4,"[28.9, 20.8, 29.7]","[-0.0, 0.0, -0.0]",29.096,25.365,1.0,27.247,19.742,88.5,17.5,SASDSF8_fit2_model6.pdb,
SASDSF8,ok,239.0,869.0,46.94,"[29.6, 18.8, 31.2]","[-0.0, 0.0, -0.0]",29.42,26.961,1.0,27.726,23.201,96.0,26.0,SASDSF8_fit2_model7.pdb,
SASDSF8,ok,239.0,869.0,48.67,"[31.6, 22.8, 29.1]","[-0.0, 0.0, -0.0]",31.775,25.546,1.0,30.055,22.738,73.5,9.0,SASDSF8_fit2_model8.pdb,
SASDSF8,ok,478.0,869.0,64.54,"[33.8, 20.3, 51.0]","[-0.0, 0.0, -0.0]",39.578,38.834,1.0,41.7,30.119,28.5,26.0,SASDSF8_fit3_model1.pdb,
SASDSF8,ok,478.0,869.0,64.76,"[34.1, 21.3, 50.8]","[-0.0, 0.0, -0.0]",39.628,41.243,1.0,41.49,29.302,30.5,48.5,SASDSF8_fit3_model2.pdb,
SASDSF8,ok,478.0,869.0,64.77,"[34.8, 20.5, 50.6]","[-0.0, 0.0, -0.0]",39.586,39.362,1.0,41.769,30.002,34.0,31.5,SASDSF8_fit3_model3.pdb,
SASDSF8,ok,478.0,869.0,63.49,"[32.3, 21.4, 50.3]","[-0.0, 0.0, -0.0]",38.891,37.893,1.0,39.05,28.977,47.0,34.5,SASDSF8_fit3_model4.pdb,
SASDSF8,ok,478.0,869.0,64.39,"[33.0, 20.0, 51.5]","[-0.0, 0.0, -0.0]",38.018,41.729,1.0,41.731,29.311,20.0,50.0,SASDSF8_fit3_model5.pdb,
SASDSF8,ok,239.0,869.0,46.4,"[28.9, 20.8, 29.7]","[-0.0, 0.0, -0.0]",29.096,25.365,1.0,27.247,19.742,88.5,17.5,SASDSF8_fit3_model6.pdb,
SASDSF8,ok,239.0,869.0,50.66,"[33.1, 23.5, 30.2]","[-0.0, 0.0, -0.0]",32.451,27.422,1.0,32.123,24.073,54.5,9.0,SASDSF8_fit3_model7.pdb,
SASDSG2,coordenadas_vazias,,,,,,,,,,,,,SASDSG2_fit1_model1.pdb,
SASDSG7,ok,892.0,1019.0,0.55,"[0.1, -0.2, -0.5]","[0.0, -0.0, -0.0]",7.886,9.845,0.178,8.324,6.839,27.5,97.0,SASDSG7_fit1_model1.pdb,
SASDSG7,ok,446.0,1019.0,1.86,"[-0.6, 0.2, -1.8]","[0.0, -0.0, -0.0]",9.821,10.743,0.121,10.068,7.812,44.0,76.0,SASDSG7_fit2_model1.pdb,
SASDSG7,ok,223.0,1019.0,55.5,"[-29.9, 28.8, -36.8]","[0.0, -0.0, -0.0]",32.687,29.943,1.0,30.302,25.827,93.0,38.5,SASDSG7_fit3_model1.pdb,
SASDSG8,ok,478.0,5000.0,63.49,"[33.7, 16.9, 51.1]","[-0.1, 0.0, 0.0]",32.357,25.972,0.973,34.499,21.989,32.0,8.0,SASDSG8_fit1_model1.pdb,
SASDSG8,ok,478.0,5000.0,66.59,"[32.7, 22.1, 53.7]","[-0.1, 0.0, 0.0]",34.315,37.041,0.987,36.245,23.958,32.5,58.0,SASDSG8_fit1_model2.pdb,
SASDSG8,ok,478.0,5000.0,63.68,"[32.9, 20.2, 50.6]","[-0.1, 0.0, 0.0]",30.839,33.298,0.977,35.664,21.121,19.5,30.0,SASDSG8_fit1_model3.pdb,
SASDSG8,ok,478.0,5000.0,63.51,"[32.4, 19.5, 51.1]","[-0.1, 0.0, 0.0]",29.584,32.404,0.979,35.021,22.022,16.0,27.5,SASDSG8_fit1_model4.pdb,
SASDSG8,ok,239.0,5000.0,48.93,"[28.6, 23.0, 32.4]","[-0.1, 0.0, 0.0]",28.246,26.862,0.979,26.858,20.944,82.5,50.0,SASDSG8_fit1_model5.pdb,
SASDSG8,ok,239.0,5000.0,46.53,"[28.9, 22.1, 29.0]","[-0.1, 0.0, 0.0]",27.697,24.946,0.971,26.697,19.4,69.0,21.5,SASDSG8_fit1_model6.pdb,
SASDSG8,ok,478.0,5000.0,63.77,"[30.0, 21.7, 52.0]","[-0.1, 0.0, 0.0]",33.296,34.823,0.983,33.016,24.45,55.0,67.0,SASDSG8_fit2_model1.pdb,
SASDSG8,ok,478.0,5000.0,63.08,"[33.9, 18.9, 49.7]","[-0.1, 0.0, 0.0]",32.821,27.958,0.971,35.669,22.174,24.5,10.0,SASDSG8_fit2_model2.pdb,
SASDSG8,ok,478.0,5000.0,63.49,"[32.8, 18.5, 51.1]","[-0.1, 0.0, 0.0]",32.052,26.344,0.969,34.298,22.767,32.5,9.0,SASDSG8_fit2_model3.pdb,
SASDSG8,ok,478.0,5000.0,65.11,"[33.5, 20.9, 51.8]","[-0.1, 0.0, 0.0]",33.538,35.691,0.971,35.684,23.629,29.0,50.0,SASDSG8_fit2_model4.pdb,
SASDSG8,ok,239.0,5000.0,46.95,"[31.0, 18.2, 30.2]","[-0.1, 0.0, 0.0]",26.826,25.091,0.946,25.828,19.838,80.5,27.5,SASDSG8_fit2_model5.pdb,
SASDSG8,ok,239.0,5000.0,48.09,"[26.9, 22.4, 32.9]","[-0.1, 0.0, 0.0]",27.542,26.332,0.954,25.749,19.771,87.0,58.5,SASDSG8_fit2_model6.pdb,
SASDSG8,ok,478.0,5000.0,64.2,"[34.9, 18.4, 50.7]","[-0.1, 0.0, 0.0]",30.991,34.389,0.969,35.516,23.165,21.5,38.0,SASDSG8_fit3_model1.pdb,
SASDSG8,ok,478.0,5000.0,64.35,"[33.0, 20.0, 51.5]","[-0.1, 0.0, 0.0]",31.945,34.715,0.99,35.665,22.453,20.0,40.0,SASDSG8_fit3_model2.pdb,
SASDSG8,ok,478.0,5000.0,63.01,"[33.1, 20.5, 49.5]","[-0.1, 0.0, 0.0]",33.093,32.574,0.985,34.547,21.758,36.0,32.5,SASDSG8_fit3_model3.pdb,
SASDSG8,ok,239.0,5000.0,47.3,"[30.4, 20.6, 29.7]","[-0.1, 0.0, 0.0]",27.878,25.413,0.967,26.368,18.554,83.5,32.0,SASDSG8_fit3_model4.pdb,
SASDSG8,ok,239.0,5000.0,47.76,"[31.4, 19.1, 30.5]","[-0.1, 0.0, 0.0]",28.126,25.279,0.979,26.896,18.401,80.5,17.5,SASDSG8_fit3_model5.pdb,
SASDSG8,ok,239.0,5000.0,44.25,"[28.3, 17.0, 29.5]","[-0.1, 0.0, 0.0]",20.986,23.638,0.958,23.094,18.007,12.0,77.0,SASDSG8_fit3_model6.pdb,
SASDSH2,coordenadas_vazias,,,,,,,,,,,,,SASDSH2_fit1_model1.pdb,
SASDSH2,ok,152.0,716.0,0.17,"[0.1, -0.1, 0.0]","[-0.0, 0.0, 0.0]",5.839,5.759,0.395,5.867,3.964,49.0,48.0,SASDSH2_fit2_model1.pdb,
SASDSH8,ok,478.0,5000.0,67.1,"[34.1, 23.0, 52.9]","[0.1, -0.0, -0.2]",36.135,38.248,0.99,38.616,24.7,25.5,45.5,SASDSH8_fit1_model1.pdb,
SASDSH8,ok,478.0,5000.0,65.62,"[32.9, 22.3, 52.1]","[0.1, -0.0, -0.2]",34.525,37.617,0.985,36.018,23.63,32.5,67.5,SASDSH8_fit1_model2.pdb,
SASDSH8,ok,478.0,5000.0,64.13,"[31.7, 21.6, 51.3]","[0.1, -0.0, -0.2]",33.946,35.395,0.983,35.019,25.798,39.5,55.0,SASDSH8_fit1_model3.pdb,
SASDSH8,ok,478.0,5000.0,65.61,"[32.7, 21.9, 52.4]","[0.1, -0.0, -0.2]",35.242,33.139,1.0,36.094,26.516,38.0,25.0,SASDSH8_fit1_model4.pdb,
SASDSH8,ok,478.0,5000.0,63.57,"[33.7, 16.9, 51.1]","[0.1, -0.0, -0.2]",33.511,26.67,0.985,35.733,23.741,27.5,4.0,SASDSH8_fit1_model5.pdb,
SASDSH8,ok,478.0,5000.0,63.6,"[32.4, 19.5, 51.1]","[0.1, -0.0, -0.2]",30.477,32.693,0.992,36.086,23.769,16.0,21.5,SASDSH8_fit1_model6.pdb,
SASDSH8,ok,239.0,5000.0,48.27,"[30.5, 23.8, 28.9]","[0.1, -0.0, -0.2]",30.302,26.326,0.983,29.576,21.322,62.5,17.0,SASDSH8_fit1_model7.pdb,
SASDSH8,ok,239.0,5000.0,47.89,"[31.5, 21.6, 28.8]","[0.1, -0.0, -0.2]",30.05,26.234,1.0,28.856,19.967,72.0,14.0,SASDSH8_fit1_model8.pdb,
SASDSH8,ok,478.0,5000.0,63.87,"[30.0, 21.7, 52.0]","[0.1, -0.0, -0.2]",34.322,35.475,0.99,33.84,25.561,54.0,66.5,SASDSH8_fit2_model1.pdb,
SASDSH8,ok,478.0,5000.0,63.58,"[32.8, 18.5, 51.1]","[0.1, -0.0, -0.2]",33.286,27.126,0.981,35.375,24.938,29.0,7.0,SASDSH8_fit2_model2.pdb,
SASDSH8,ok,478.0,5000.0,66.66,"[36.5, 18.5, 52.5]","[0.1, -0.0, -0.2]",35.411,33.758,0.979,37.48,26.168,32.0,19.0,SASDSH8_fit2_model3.pdb,
SASDSH8,ok,478.0,5000.0,66.44,"[35.4, 19.9, 52.5]","[0.1, -0.0, -0.2]",36.018,36.748,1.0,38.904,25.035,30.0,36.0,SASDSH8_fit2_model4.pdb,
SASDSH8,ok,239.0,5000.0,47.47,"[30.1, 21.5, 29.7]","[0.1, -0.0, -0.2]",28.402,25.944,0.975,27.457,19.506,73.0,21.0,SASDSH8_fit2_model5.pdb,
SASDSH8,ok,239.0,5000.0,48.79,"[28.0, 24.3, 31.7]","[0.1, -0.0, -0.2]",29.495,27.636,0.967,28.304,19.67,69.0,42.5,SASDSH8_fit2_model6.pdb,
SASDSH8,ok,239.0,5000.0,49.13,"[31.2, 20.0, 32.3]","[0.1, -0.0, -0.2]",28.836,27.299,0.975,28.021,22.461,72.0,31.5,SASDSH8_fit2_model7.pdb,
SASDSH8,ok,239.0,5000.0,48.15,"[26.9, 22.4, 32.9]","[0.1, -0.0, -0.2]",28.796,27.343,0.983,26.621,20.783,94.0,62.0,SASDSH8_fit2_model8.pdb,
SASDSH8,ok,478.0,5000.0,65.54,"[33.3, 23.6, 51.2]","[0.1, -0.0, -0.2]",34.799,37.661,0.981,35.844,25.929,35.0,68.0,SASDSH8_fit3_model1.pdb,
SASDSH8,ok,478.0,5000.0,64.02,"[32.8, 22.5, 50.1]","[0.1, -0.0, -0.2]",34.418,36.836,0.987,35.599,24.359,34.0,66.0,SASDSH8_fit3_model2.pdb,
SASDSH8,ok,478.0,5000.0,66.16,"[35.2, 20.2, 52.2]","[0.1, -0.0, -0.2]",34.559,38.604,0.983,36.438,27.36,32.5,70.0,SASDSH8_fit3_model3.pdb,
SASDSH8,ok,478.0,5000.0,61.72,"[31.8, 18.4, 49.5]","[0.1, -0.0, -0.2]",27.412,32.555,0.983,34.152,23.601,7.5,35.5,SASDSH8_fit3_model4.pdb,
SASDSH8,ok,478.0,5000.0,67.16,"[36.2, 20.3, 52.7]","[0.1, -0.0, -0.2]",35.204,39.834,0.987,37.312,27.729,27.0,70.5,SASDSH8_fit3_model5.pdb,
SASDSH8,ok,239.0,5000.0,47.32,"[30.4, 20.6, 29.7]","[0.1, -0.0, -0.2]",29.055,25.902,0.975,27.017,19.124,90.0,28.0,SASDSH8_fit3_model6.pdb,
SASDSH8,ok,239.0,5000.0,44.28,"[28.3, 17.0, 29.5]","[0.1, -0.0, -0.2]",21.764,24.263,0.962,23.975,18.997,12.5,65.5,SASDSH8_fit3_model7.pdb,
SASDSJ7,ok,473.0,1007.0,55.79,"[21.3, 6.1, 51.2]","[-0.0, -0.0, -0.0]",28.494,34.079,0.93,29.605,26.485,26.5,93.5,SASDSJ7_fit1_model1.pdb,
SASDSJ7,ok,812.0,1007.0,3.56,"[2.6, 0.6, 2.3]","[-0.0, -0.0, -0.0]",9.199,8.028,0.538,6.398,4.443,100.0,87.0,SASDSJ7_fit2_model1.pdb,
SASDSJ8,ok,478.0,5000.0,63.45,"[33.0, 22.5, 49.4]","[-0.0, 0.1, 0.1]",32.347,34.394,0.975,33.441,21.668,37.0,63.5,SASDSJ8_fit1_model1.pdb,
SASDSJ8,ok,478.0,5000.0,65.89,"[35.0, 21.0, 51.8]","[-0.0, 0.1, 0.1]",33.299,34.841,0.979,35.828,23.866,26.0,39.5,SASDSJ8_fit1_model2.pdb,
SASDSJ8,ok,478.0,5000.0,65.46,"[32.9, 22.3, 52.1]","[-0.0, 0.1, 0.1]",32.507,35.142,0.973,34.032,21.507,30.0,63.0,SASDSJ8_fit1_model3.pdb,
SASDSJ8,ok,478.0,5000.0,65.45,"[32.7, 21.9, 52.4]","[-0.0, 0.1, 0.1]",32.999,30.395,0.992,34.279,24.024,37.0,20.0,SASDSJ8_fit1_model4.pdb,
SASDSJ8,ok,478.0,5000.0,63.42,"[33.7, 16.9, 51.1]","[-0.0, 0.1, 0.1]",31.146,24.008,0.971,33.568,21.584,26.0,3.0,SASDSJ8_fit1_model5.pdb,
SASDSJ8,ok,478.0,5000.0,63.44,"[32.4, 19.5, 51.1]","[-0.0, 0.1, 0.1]",28.063,29.785,0.979,34.077,21.426,15.5,19.0,SASDSJ8_fit1_model6.pdb,
SASDSJ8,ok,239.0,5000.0,46.25,"[30.4, 17.4, 30.3]","[-0.0, 0.1, 0.1]",28.017,25.673,0.983,25.995,18.508,98.5,39.0,SASDSJ8_fit1_model7.pdb,
SASDSJ8,ok,478.0,5000.0,67.09,"[35.2, 22.6, 52.5]","[-0.0, 0.1, 0.1]",33.544,36.572,0.975,36.017,22.817,25.5,54.5,SASDSJ8_fit2_model1.pdb,
SASDSJ8,ok,478.0,5000.0,66.04,"[36.7, 18.9, 51.6]","[-0.0, 0.1, 0.1]",32.106,36.559,0.973,35.381,24.225,22.5,60.0,SASDSJ8_fit2_model2.pdb,
SASDSJ8,ok,478.0,5000.0,64.97,"[34.2, 20.1, 51.5]","[-0.0, 0.1, 0.1]",32.822,30.725,0.987,35.484,22.725,29.5,21.5,SASDSJ8_fit2_model3.pdb,
SASDSJ8,ok,478.0,5000.0,63.42,"[32.8, 18.5, 51.1]","[-0.0, 0.1, 0.1]",30.952,24.639,0.971,33.246,22.912,26.0,5.5,SASDSJ8_fit2_model4.pdb,
SASDSJ8,ok,478.0,5000.0,64.65,"[35.1, 18.1, 51.3]","[-0.0, 0.1, 0.1]",32.131,34.803,0.979,34.468,24.031,28.5,53.5,SASDSJ8_fit2_model5.pdb,
SASDSJ8,ok,478.0,5000.0,63.7,"[34.6, 16.9, 50.8]","[-0.0, 0.1, 0.1]",27.613,32.516,0.967,34.479,23.548,11.5,33.5,SASDSJ8_fit2_model6.pdb,
SASDSJ8,ok,478.0,5000.0,65.04,"[33.5, 20.9, 51.8]","[-0.0, 0.1, 0.1]",32.574,33.617,0.971,34.721,23.161,27.5,34.0,SASDSJ8_fit2_model7.pdb,
SASDSJ8,ok,239.0,5000.0,48.0,"[26.9, 22.4, 32.9]","[-0.0, 0.1, 0.1]",28.298,26.996,0.95,26.285,20.36,92.5,62.5,SASDSJ8_fit2_model8.pdb,
SASDSJ8,ok,478.0,5000.0,63.87,"[32.8, 22.5, 50.1]","[-0.0, 0.1, 0.1]",32.413,34.57,0.973,33.91,22.413,32.5,61.5,SASDSJ8_fit3_model1.pdb,
SASDSJ8,ok,478.0,5000.0,66.02,"[35.2, 20.2, 52.2]","[-0.0, 0.1, 0.1]",32.461,36.069,0.973,34.295,25.096,31.5,65.0,SASDSJ8_fit3_model2.pdb,
SASDSJ8,ok,478.0,5000.0,67.01,"[36.2, 20.3, 52.7]","[-0.0, 0.1, 0.1]",33.112,37.296,0.973,35.255,25.206,27.0,66.5,SASDSJ8_fit3_model3.pdb,
SASDSJ8,ok,478.0,5000.0,62.94,"[33.1, 20.5, 49.5]","[-0.0, 0.1, 0.1]",32.101,30.826,0.981,33.644,21.848,32.0,25.0,SASDSJ8_fit3_model4.pdb,
SASDSJ8,ok,239.0,5000.0,47.21,"[30.4, 20.6, 29.7]","[-0.0, 0.1, 0.1]",28.65,25.763,0.967,26.731,18.67,87.5,30.5,SASDSJ8_fit3_model5.pdb,
SASDSJ8,ok,239.0,5000.0,46.88,"[31.0, 18.2, 30.2]","[-0.0, 0.1, 0.1]",27.717,25.598,0.941,26.329,20.56,88.0,24.0,SASDSJ8_fit3_model6.pdb,
SASDSK8,ok,478.0,5000.0,66.63,"[35.0, 20.1, 53.2]","[0.1, -0.0, 0.0]",31.647,32.537,0.946,33.601,22.502,37.0,43.0,SASDSK8_fit1_model1.pdb,
SASDSK8,ok,478.0,5000.0,63.97,"[31.7, 21.6, 51.3]","[0.1, -0.0, 0.0]",30.573,32.205,0.941,31.216,21.906,43.5,59.5,SASDSK8_fit1_model2.pdb,
SASDSK8,ok,478.0,5000.0,65.46,"[32.7, 21.9, 52.4]","[0.1, -0.0, 0.0]",31.574,29.216,0.948,32.262,22.547,40.5,26.5,SASDSK8_fit1_model3.pdb,
SASDSK8,ok,478.0,5000.0,63.41,"[33.7, 16.9, 51.1]","[0.1, -0.0, 0.0]",30.081,23.387,0.948,32.23,20.465,29.5,6.5,SASDSK8_fit1_model4.pdb,
SASDSK8,ok,478.0,5000.0,63.44,"[32.4, 19.5, 51.1]","[0.1, -0.0, 0.0]",27.457,29.687,0.948,32.569,19.645,17.5,26.0,SASDSK8_fit1_model5.pdb,
SASDSK8,ok,478.0,5000.0,64.97,"[34.2, 20.1, 51.5]","[0.1, -0.0, 0.0]",31.73,30.019,0.948,33.599,21.073,35.0,25.0,SASDSK8_fit2_model1.pdb,
SASDSK8,ok,478.0,5000.0,67.09,"[35.2, 22.6, 52.5]","[0.1, -0.0, 0.0]",32.423,36.101,0.95,34.412,21.303,34.0,68.0,SASDSK8_fit2_model2.pdb,
SASDSK8,ok,478.0,5000.0,63.42,"[32.8, 18.5, 51.1]","[0.1, -0.0, 0.0]",30.143,23.755,0.948,31.931,20.476,34.0,8.0,SASDSK8_fit2_model3.pdb,
SASDSK8,ok,478.0,5000.0,64.64,"[35.1, 18.1, 51.3]","[0.1, -0.0, 0.0]",30.566,34.238,0.944,32.727,22.08,30.5,62.5,SASDSK8_fit2_model4.pdb,
SASDSK8,ok,478.0,5000.0,66.22,"[35.5, 20.1, 52.2]","[0.1, -0.0, 0.0]",31.785,34.132,0.952,33.59,23.196,34.0,55.5,SASDSK8_fit2_model5.pdb,
SASDSK8,ok,478.0,5000.0,65.04,"[33.5, 20.9, 51.8]","[0.1, -0.0, 0.0]",31.469,33.127,0.948,33.031,20.775,33.0,50.5,SASDSK8_fit2_model6.pdb,
SASDSK8,ok,239.0,5000.0,48.02,"[26.9, 22.4, 32.9]","[0.1, -0.0, 0.0]",27.353,25.478,0.895,25.026,19.261,97.5,56.0,SASDSK8_fit2_model7.pdb,
SASDSK8,ok,478.0,5000.0,63.87,"[32.8, 22.5, 50.1]","[0.1, -0.0, 0.0]",31.236,33.661,0.946,31.888,19.877,38.5,72.0,SASDSK8_fit3_model1.pdb,
SASDSK8,ok,478.0,5000.0,66.01,"[35.2, 20.2, 52.2]","[0.1, -0.0, 0.0]",31.131,35.405,0.946,32.662,22.645,36.5,73.0,SASDSK8_fit3_model2.pdb,
SASDSK8,ok,478.0,5000.0,67.01,"[36.2, 20.3, 52.7]","[0.1, -0.0, 0.0]",31.688,36.519,0.95,33.663,22.739,33.5,74.0,SASDSK8_fit3_model3.pdb,
SASDSK8,ok,239.0,5000.0,47.21,"[30.4, 20.6, 29.7]","[0.1, -0.0, 0.0]",28.047,24.751,0.895,26.113,18.426,90.0,26.5,SASDSK8_fit3_model4.pdb,
SASDSK8,ok,239.0,5000.0,46.86,"[31.0, 18.2, 30.2]","[0.1, -0.0, 0.0]",26.787,24.871,0.895,25.761,19.579,87.5,25.5,SASDSK8_fit3_model5.pdb,
SASDSL2,ok,181.0,2231.0,3.78,"[-0.6, -1.6, 3.4]","[-0.0, 0.0, 0.0]",5.57,5.529,0.254,5.264,4.025,71.5,67.5,SASDSL2_fit1_model1.pdb,
SASDSL2,ok,181.0,2231.0,1.14,"[-0.6, 0.4, 0.9]","[-0.0, 0.0, 0.0]",4.272,4.466,0.182,4.101,3.5,79.5,95.0,SASDSL2_fit1_model2.pdb,
SASDSL8,ok,478.0,5000.0,64.15,"[31.7, 21.6, 51.3]","[0.0, 0.1, -0.2]",30.6,32.486,0.958,32.004,21.744,37.5,55.0,SASDSL8_fit1_model1.pdb,
SASDSL8,ok,478.0,5000.0,62.71,"[33.9, 19.6, 48.9]","[0.0, 0.1, -0.2]",29.641,32.866,0.973,30.631,22.289,35.5,84.0,SASDSL8_fit1_model2.pdb,
SASDSL8,ok,478.0,5000.0,65.64,"[32.7, 21.9, 52.4]","[0.0, 0.1, -0.2]",31.916,29.481,0.977,33.071,22.8,35.0,23.0,SASDSL8_fit1_model3.pdb,
SASDSL8,ok,478.0,5000.0,63.61,"[33.7, 16.9, 51.1]","[0.0, 0.1, -0.2]",30.073,23.425,0.958,32.249,20.061,29.0,7.0,SASDSL8_fit1_model4.pdb,
SASDSL8,ok,478.0,5000.0,63.63,"[32.4, 19.5, 51.1]","[0.0, 0.1, -0.2]",27.411,29.851,0.967,32.824,20.279,16.0,24.0,SASDSL8_fit1_model5.pdb,
SASDSL8,ok,478.0,5000.0,63.89,"[30.0, 21.7, 52.0]","[0.0, 0.1, -0.2]",31.084,32.27,0.967,30.878,22.442,51.5,63.0,SASDSL8_fit2_model1.pdb,
SASDSL8,ok,478.0,5000.0,65.16,"[34.2, 20.1, 51.5]","[0.0, 0.1, -0.2]",31.69,30.259,0.969,34.136,21.224,30.5,25.0,SASDSL8_fit2_model2.pdb,
SASDSL8,ok,478.0,5000.0,63.61,"[32.8, 18.5, 51.1]","[0.0, 0.1, -0.2]",29.776,24.098,0.954,32.006,20.961,29.0,9.0,SASDSL8_fit2_model3.pdb,
SASDSL8,ok,478.0,5000.0,66.4,"[35.5, 20.1, 52.2]","[0.0, 0.1, -0.2]",31.821,34.001,0.969,34.09,23.184,28.5,49.5,SASDSL8_fit2_model4.pdb,
SASDSL8,ok,239.0,5000.0,49.16,"[31.2, 20.0, 32.3]","[0.0, 0.1, -0.2]",27.061,25.898,0.925,26.639,21.133,61.5,29.0,SASDSL8_fit2_model5.pdb,
SASDSL8,ok,239.0,5000.0,48.17,"[26.9, 22.4, 32.9]","[0.0, 0.1, -0.2]",27.09,26.105,0.921,25.403,19.557,86.5,62.5,SASDSL8_fit2_model6.pdb,
SASDSL8,ok,478.0,5000.0,65.57,"[33.3, 23.6, 51.2]","[0.0, 0.1, -0.2]",31.518,34.853,0.964,32.956,21.967,33.5,69.5,SASDSL8_fit3_model1.pdb,
SASDSL8,ok,478.0,5000.0,64.05,"[32.8, 22.5, 50.1]","[0.0, 0.1, -0.2]",31.232,33.928,0.956,32.728,21.404,32.0,66.5,SASDSL8_fit3_model2.pdb,
SASDSL8,ok,478.0,5000.0,66.2,"[35.2, 20.2, 52.2]","[0.0, 0.1, -0.2]",30.987,35.423,0.96,33.032,23.135,31.0,70.5,SASDSL8_fit3_model3.pdb,
SASDSL8,ok,478.0,5000.0,65.62,"[34.8, 20.8, 51.5]","[0.0, 0.1, -0.2]",31.425,35.089,0.958,33.16,23.736,35.5,69.0,SASDSL8_fit3_model4.pdb,
SASDSL8,ok,478.0,5000.0,67.19,"[36.2, 20.3, 52.7]","[0.0, 0.1, -0.2]",31.586,36.492,0.958,33.802,23.108,26.5,70.5,SASDSL8_fit3_model5.pdb,
SASDSL8,ok,239.0,5000.0,47.36,"[30.4, 20.6, 29.7]","[0.0, 0.1, -0.2]",27.374,24.775,0.929,25.914,17.481,83.5,29.5,SASDSL8_fit3_model6.pdb,
SASDSM2,ok,77.0,446.0,21.48,"[-12.4, 10.5, 14.8]","[-3.7, -3.4, 0.9]",16.505,15.806,0.662,15.159,10.204,70.0,58.0,SASDSM2_fit1_model1.pdb,
SASDSM2,ok,77.0,446.0,27.61,"[-15.0, 19.0, -10.7]","[-3.7, -3.4, 0.9]",19.227,19.061,0.766,19.274,13.875,48.5,45.5,SASDSM2_fit1_model2.pdb,
SASDSM8,ok,478.0,2070.0,61.26,"[31.7, 18.5, 49.1]","[0.0, 0.0, 0.0]",31.105,39.867,0.954,36.65,29.222,5.0,90.0,SASDSM8_fit1_model1.pdb,
SASDSM8,ok,478.0,2070.0,62.6,"[33.9, 19.6, 48.9]","[0.0, 0.0, 0.0]",36.791,40.511,0.967,37.728,29.533,36.0,93.5,SASDSM8_fit1_model2.pdb,
SASDSM8,ok,478.0,2070.0,65.53,"[32.7, 21.9, 52.4]","[0.0, 0.0, 0.0]",40.267,36.712,0.998,40.688,31.655,43.5,20.5,SASDSM8_fit1_model3.pdb,
SASDSM8,ok,478.0,2070.0,63.49,"[33.7, 16.9, 51.1]","[0.0, 0.0, 0.0]",37.595,30.031,0.977,40.572,29.207,24.5,0.5,SASDSM8_fit1_model4.pdb,
SASDSM8,ok,478.0,2070.0,63.51,"[32.4, 19.5, 51.1]","[0.0, 0.0, 0.0]",37.19,40.251,0.969,40.736,29.68,21.5,44.0,SASDSM8_fit1_model5.pdb,
SASDSM8,ok,478.0,2070.0,63.77,"[30.0, 21.7, 52.0]","[0.0, 0.0, 0.0]",39.117,40.104,0.998,38.783,30.064,53.0,60.5,SASDSM8_fit2_model1.pdb,
SASDSM8,ok,478.0,2070.0,65.04,"[34.2, 20.1, 51.5]","[0.0, 0.0, 0.0]",40.077,38.988,0.998,42.289,28.998,36.5,30.0,SASDSM8_fit2_model2.pdb,
SASDSM8,ok,478.0,2070.0,63.49,"[32.8, 18.5, 51.1]","[0.0, 0.0, 0.0]",37.873,31.946,0.998,40.679,29.67,25.5,5.5,SASDSM8_fit2_model3.pdb,
SASDSM8,ok,478.0,2070.0,66.29,"[35.5, 20.1, 52.2]","[0.0, 0.0, 0.0]",40.283,43.404,0.998,42.266,31.859,35.0,68.0,SASDSM8_fit2_model4.pdb,
SASDSM8,ok,239.0,2070.0,48.08,"[26.9, 22.4, 32.9]","[0.0, 0.0, 0.0]",30.143,27.858,0.996,27.806,22.424,97.5,51.5,SASDSM8_fit2_model5.pdb,
SASDSM8,ok,239.0,2070.0,46.94,"[31.0, 18.2, 30.2]","[0.0, 0.0, 0.0]",28.508,26.131,0.954,27.412,21.409,73.5,19.0,SASDSM8_fit2_model6.pdb,
SASDSM8,ok,478.0,2070.0,65.46,"[33.3, 23.6, 51.2]","[0.0, 0.0, 0.0]",38.886,43.139,0.998,39.937,30.007,41.0,79.5,SASDSM8_fit3_model1.pdb,
SASDSM8,ok,478.0,2070.0,63.94,"[32.8, 22.5, 50.1]","[0.0, 0.0, 0.0]",39.187,41.195,0.998,39.915,28.756,42.0,66.0,SASDSM8_fit3_model2.pdb,
SASDSM8,ok,478.0,2070.0,66.09,"[35.2, 20.2, 52.2]","[0.0, 0.0, 0.0]",38.984,43.217,0.998,40.74,32.491,32.5,69.5,SASDSM8_fit3_model3.pdb,
SASDSM8,ok,478.0,2070.0,65.51,"[34.8, 20.8, 51.5]","[0.0, 0.0, 0.0]",39.723,43.581,0.998,40.712,31.047,42.0,75.0,SASDSM8_fit3_model4.pdb,
SASDSM8,ok,478.0,2070.0,67.08,"[36.2, 20.3, 52.7]","[0.0, 0.0, 0.0]",39.965,45.208,0.998,41.882,32.253,29.5,79.0,SASDSM8_fit3_model5.pdb,
SASDSM8,ok,239.0,2070.0,47.28,"[30.4, 20.6, 29.7]","[0.0, 0.0, 0.0]",29.85,25.544,0.996,27.082,19.426,94.0,20.5,SASDSM8_fit3_model6.pdb,
SASDSM8,ok,239.0,2070.0,44.26,"[27.1, 20.3, 28.5]","[0.0, 0.0, 0.0]",27.941,23.557,0.954,25.238,18.047,96.0,16.0,SASDSM8_fit3_model7.pdb,
SASDSN2,ok,77.0,754.0,20.49,"[-11.9, 1.6, 16.6]","[0.0, 0.0, -0.0]",15.074,15.667,0.792,16.286,9.795,33.5,41.5,SASDSN2_fit1_model1.pdb,
SASDSN7,ok,778.0,1031.0,262.45,"[151.4, 151.5, 151.7]","[0.0, 0.0, 0.0]",222.297,223.914,1.0,223.916,215.018,34.0,50.0,SASDSN7_fit1_model1.pdb,
SASDSP2,coordenadas_vazias,,,,,,,,,,,,,SASDSP2_fit1_model1.pdb,
SASDSP2,ok,1220.0,168.0,71.87,"[-32.4, 33.0, 55.0]","[-0.1, 0.3, -0.2]",23.506,53.342,0.48,51.362,25.25,0.0,57.5,SASDSP2_fit2_model1.pdb,
SASDSP2,ok,1220.0,168.0,71.42,"[-33.5, 33.1, 53.7]","[-0.1, 0.3, -0.2]",23.613,59.847,0.48,51.587,24.45,0.0,77.0,SASDSP2_fit2_model10.pdb,
SASDSP2,ok,1220.0,168.0,71.23,"[-31.4, 34.1, 54.1]","[-0.1, 0.3, -0.2]",22.81,56.381,0.473,50.711,25.465,0.0,70.5,SASDSP2_fit2_model2.pdb,
SASDSP2,ok,1220.0,168.0,70.53,"[-32.0, 34.1, 52.8]","[-0.1, 0.3, -0.2]",22.884,50.262,0.48,49.561,25.283,0.0,52.5,SASDSP2_fit2_model3.pdb,
SASDSP2,ok,1220.0,168.0,70.74,"[-31.2, 32.9, 54.3]","[-0.1, 0.3, -0.2]",22.377,56.054,0.48,51.086,25.006,0.0,69.0,SASDSP2_fit2_model4.pdb,
SASDSP2,ok,1220.0,168.0,70.46,"[-31.0, 33.5, 53.7]","[-0.1, 0.3, -0.2]",22.831,48.443,0.48,50.563,25.204,0.0,40.0,SASDSP2_fit2_model5.pdb,
SASDSP2,ok,1220.0,168.0,71.7,"[-32.3, 32.7, 55.1]","[-0.1, 0.3, -0.2]",23.229,44.436,0.48,50.193,25.553,0.0,28.0,SASDSP2_fit2_model6.pdb,
SASDSP2,ok,1220.0,168.0,71.38,"[-33.6, 32.1, 54.2]","[-0.1, 0.3, -0.2]",22.902,51.493,0.475,50.413,25.181,0.0,55.0,SASDSP2_fit2_model7.pdb,
SASDSP2,ok,1220.0,168.0,72.09,"[-33.0, 33.5, 54.7]","[-0.1, 0.3, -0.2]",22.95,49.214,0.466,51.354,25.128,0.0,43.0,SASDSP2_fit2_model8.pdb,
SASDSP2,ok,1220.0,168.0,71.58,"[-32.1, 33.4, 54.6]","[-0.1, 0.3, -0.2]",22.964,52.056,0.48,50.478,25.296,0.0,55.5,SASDSP2_fit2_model9.pdb,
SASDSP8,ok,3854.0,371.0,262.48,"[153.1, 153.1, 148.4]","[0.0, 0.0, 0.0]",239.906,239.699,1.0,238.003,222.275,60.0,59.5,SASDSP8_fit1_model1.pdb,
SASDSQ2,ok,1368.0,961.0,26.61,"[-1.8, 22.9, -13.3]","[-0.0, 0.0, 0.1]",54.08,58.73,0.783,54.76,22.837,47.5,59.5,SASDSQ2_fit1_model1.pdb,
SASDSQ2,ok,1368.0,961.0,26.53,"[-1.4, 23.5, -12.1]","[-0.0, 0.0, 0.1]",64.068,64.321,0.812,52.02,23.809,86.0,86.0,SASDSQ2_fit1_model10.pdb,
SASDSQ2,ok,1368.0,961.0,27.18,"[-0.9, 23.7, -13.2]","[-0.0, 0.0, 0.1]",61.535,65.613,0.812,52.038,24.096,83.5,91.0,SASDSQ2_fit1_model2.pdb,
SASDSQ2,ok,1368.0,961.0,27.08,"[-1.1, 23.9, -12.6]","[-0.0, 0.0, 0.1]",61.268,60.451,0.812,53.758,23.845,77.0,75.0,SASDSQ2_fit1_model3.pdb,
SASDSQ2,ok,1368.0,961.0,26.37,"[-1.4, 22.7, -13.2]","[-0.0, 0.0, 0.1]",56.656,56.104,0.795,53.172,23.659,69.0,66.0,SASDSQ2_fit1_model4.pdb,
SASDSQ2,ok,1368.0,961.0,27.18,"[-1.1, 24.2, -12.2]","[-0.0, 0.0, 0.1]",54.004,58.912,0.771,50.115,24.23,65.0,73.5,SASDSQ2_fit1_model5.pdb,
SASDSQ2,ok,1368.0,961.0,26.55,"[-1.6, 22.9, -13.3]","[-0.0, 0.0, 0.1]",61.318,64.239,0.812,53.316,24.425,83.0,91.0,SASDSQ2_fit1_model6.pdb,
SASDSQ2,ok,1368.0,961.0,26.84,"[-2.5, 24.2, -11.3]","[-0.0, 0.0, 0.1]",54.217,55.475,0.747,55.025,21.771,45.0,52.5,SASDSQ2_fit1_model7.pdb,
SASDSQ2,ok,1368.0,961.0,26.06,"[-1.2, 23.5, -11.2]","[-0.0, 0.0, 0.1]",62.729,64.131,0.812,51.776,22.47,86.5,88.0,SASDSQ2_fit1_model8.pdb,
SASDSQ2,ok,1368.0,961.0,26.36,"[-1.5, 23.3, -12.1]","[-0.0, 0.0, 0.1]",58.468,59.128,0.76,53.438,21.183,75.0,75.5,SASDSQ2_fit1_model9.pdb,
SASDSQ2,coordenadas_vazias,,,,,,,,,,,,,SASDSQ2_fit2_model1.pdb,
SASDSQ7,ok,425.0,695.0,36.53,"[-12.7, 24.9, -23.5]","[-0.0, 0.0, -0.0]",19.98,18.754,0.852,18.41,15.264,74.5,55.0,SASDSQ7_fit1_model1.pdb,
SASDSQ7,ok,425.0,695.0,41.47,"[-39.8, -0.8, 11.6]","[-0.0, 0.0, -0.0]",22.985,22.763,0.944,23.612,19.101,29.5,26.5,SASDSQ7_fit1_model2.pdb,
SASDSQ7,ok,425.0,695.0,31.09,"[-2.7, -24.7, 18.6]","[-0.0, 0.0, -0.0]",16.678,14.6,0.661,17.294,13.005,34.5,5.0,SASDSQ7_fit1_model3.pdb,
SASDSQ8,ok,3900.0,308.0,262.72,"[152.9, 153.5, 148.7]","[0.0, 0.0, 0.0]",237.495,237.122,1.0,236.102,220.11,59.5,58.0,SASDSQ8_fit1_model1.pdb,
SASDSQ9,ok,172.0,1546.0,45.11,"[13.0, -40.3, 15.5]","[-0.0, 0.0, 0.0]",22.724,22.623,0.988,24.743,21.28,11.5,10.0,SASDSQ9_fit1_model1.pdb,
SASDSQ9,ok,1338.0,1546.0,0.72,"[0.6, 0.2, -0.4]","[-0.0, 0.0, 0.0]",3.143,3.12,0.371,2.833,1.83,81.0,79.0,SASDSQ9_fit2_model1.pdb,
SASDSR2,ok,1168.0,1161.0,56.88,"[-5.3, 42.3, -37.7]","[0.0, 0.0, -0.0]",51.611,53.833,0.8,57.383,27.509,37.0,42.0,SASDSR2_fit1_model1.pdb,
SASDSR2,ok,1168.0,1161.0,57.27,"[-4.7, 42.0, -38.6]","[0.0, 0.0, -0.0]",52.193,51.961,0.8,57.941,29.015,34.0,33.5,SASDSR2_fit1_model10.pdb,
SASDSR2,ok,1168.0,1161.0,55.55,"[-3.6, 42.2, -36.0]","[0.0, 0.0, -0.0]",41.748,39.422,0.795,55.272,29.343,17.0,14.5,SASDSR2_fit1_model2.pdb,
SASDSR2,ok,1168.0,1161.0,56.33,"[-4.8, 41.4, -37.9]","[0.0, 0.0, -0.0]",48.115,47.455,0.8,57.312,29.414,28.5,27.5,SASDSR2_fit1_model3.pdb,
SASDSR2,ok,1168.0,1161.0,55.98,"[-4.6, 41.9, -36.9]","[0.0, 0.0, -0.0]",50.098,48.465,0.8,57.281,29.31,28.0,26.5,SASDSR2_fit1_model4.pdb,
SASDSR2,ok,1168.0,1161.0,57.02,"[-4.7, 42.0, -38.3]","[0.0, 0.0, -0.0]",49.674,53.253,0.8,57.195,28.747,29.5,37.0,SASDSR2_fit1_model5.pdb,
SASDSR2,ok,1168.0,1161.0,56.63,"[-4.8, 42.5, -37.1]","[0.0, 0.0, -0.0]",47.824,50.65,0.8,56.766,27.561,26.0,30.5,SASDSR2_fit1_model6.pdb,
SASDSR2,ok,1168.0,1161.0,56.63,"[-4.6, 42.5, -37.2]","[0.0, 0.0, -0.0]",51.971,53.42,0.8,57.835,28.725,33.0,35.5,SASDSR2_fit1_model7.pdb,
SASDSR2,ok,1168.0,1161.0,55.8,"[-6.1, 41.2, -37.2]","[0.0, 0.0, -0.0]",50.898,52.1,0.8,56.635,28.349,33.5,37.0,SASDSR2_fit1_model8.pdb,
SASDSR2,ok,1168.0,1161.0,56.47,"[-4.1, 42.5, -37.0]","[0.0, 0.0, -0.0]",48.526,49.222,0.8,55.768,28.354,30.5,32.5,SASDSR2_fit1_model9.pdb,
SASDSS2,ok,1128.0,1250.0,46.74,"[3.2, 41.9, -20.4]","[-0.0, 0.0, 0.0]",55.258,51.547,0.802,49.218,26.771,75.5,61.5,SASDSS2_fit1_model1.pdb,
SASDSS2,ok,1128.0,1250.0,47.55,"[3.8, 42.2, -21.6]","[-0.0, 0.0, 0.0]",52.79,48.322,0.798,49.027,28.591,66.5,47.5,SASDSS2_fit1_model10.pdb,
SASDSS2,ok,1128.0,1250.0,47.49,"[3.6, 42.2, -21.5]","[-0.0, 0.0, 0.0]",55.795,54.256,0.804,48.103,25.169,82.0,76.5,SASDSS2_fit1_model2.pdb,
SASDSS2,ok,1128.0,1250.0,47.58,"[4.2, 42.3, -21.4]","[-0.0, 0.0, 0.0]",55.992,53.98,0.8,48.454,26.726,83.0,77.5,SASDSS2_fit1_model3.pdb,
SASDSS2,ok,1128.0,1250.0,48.16,"[4.7, 43.0, -21.2]","[-0.0, 0.0, 0.0]",56.919,54.638,0.806,49.297,26.68,80.0,72.5,SASDSS2_fit1_model4.pdb,
SASDSS2,ok,1128.0,1250.0,47.72,"[3.3, 42.7, -21.1]","[-0.0, 0.0, 0.0]",56.113,54.21,0.803,50.215,27.536,74.5,70.5,SASDSS2_fit1_model5.pdb,
SASDSS2,ok,1128.0,1250.0,47.54,"[3.3, 42.5, -21.1]","[-0.0, 0.0, 0.0]",52.567,49.852,0.796,49.063,25.229,66.5,52.5,SASDSS2_fit1_model6.pdb,
SASDSS2,ok,1128.0,1250.0,46.85,"[4.3, 41.4, -21.5]","[-0.0, 0.0, 0.0]",56.331,54.314,0.805,48.261,26.962,82.5,74.0,SASDSS2_fit1_model7.pdb,
SASDSS2,ok,1128.0,1250.0,47.26,"[3.8, 42.2, -21.0]","[-0.0, 0.0, 0.0]",52.622,51.22,0.803,48.54,25.084,68.0,64.0,SASDSS2_fit1_model8.pdb,
SASDSS2,ok,1128.0,1250.0,47.8,"[4.9, 42.5, -21.3]","[-0.0, 0.0, 0.0]",55.206,52.047,0.805,48.285,28.71,80.0,69.5,SASDSS2_fit1_model9.pdb,
SASDSS2,coordenadas_vazias,,,,,,,,,,,,,SASDSS2_fit2_model1.pdb,
SASDSS5,ok,621.0,1384.0,30.51,"[18.7, 9.7, -22.1]","[-0.0, -0.0, 0.0]",13.356,12.242,0.77,12.483,11.222,85.0,41.0,SASDSS5_fit1_model1.pdb,
SASDSS7,coordenadas_vazias,,,,,,,,,,,,,SASDSS7_fit1_model1.mrc,
SASDSS7,ok,1107.0,1498.0,6.37,"[-5.3, -0.9, -3.5]","[-0.0, -0.0, 0.0]",10.596,11.216,0.424,10.442,7.67,52.5,62.0,SASDSS7_fit2_model1.pdb,
SASDSS7,ok,1107.0,1498.0,56.1,"[-30.6, 43.2, 18.7]","[-0.0, -0.0, 0.0]",26.611,26.279,0.762,26.737,21.904,47.5,43.5,SASDSS7_fit3_model1.pdb,
SASDST2,ok,1124.0,466.0,35.76,"[-9.6, 52.4, 1.1]","[-11.7, 16.7, -0.3]",29.131,29.311,0.56,38.397,26.437,8.0,9.0,SASDST2_fit1_model1.pdb,
SASDST2,ok,1124.0,466.0,34.72,"[-9.5, 51.3, 2.1]","[-11.7, 16.7, -0.3]",31.831,32.715,0.582,37.924,22.447,19.0,24.5,SASDST2_fit1_model10.pdb,
SASDST2,ok,1124.0,466.0,35.32,"[-10.8, 52.0, 1.5]","[-11.7, 16.7, -0.3]",31.301,31.833,0.569,38.292,23.777,16.5,19.5,SASDST2_fit1_model2.pdb,
SASDST2,ok,1124.0,466.0,36.05,"[-9.1, 52.6, 0.9]","[-11.7, 16.7, -0.3]",27.981,25.835,0.563,39.868,22.322,6.5,3.0,SASDST2_fit1_model3.pdb,
SASDST2,ok,1124.0,466.0,34.66,"[-8.4, 51.2, 0.9]","[-11.7, 16.7, -0.3]",31.184,31.113,0.58,38.312,24.43,20.0,19.5,SASDST2_fit1_model4.pdb,
SASDST2,ok,1124.0,466.0,36.27,"[-11.2, 52.9, 0.5]","[-11.7, 16.7, -0.3]",32.231,31.797,0.581,38.858,24.87,19.5,18.0,SASDST2_fit1_model5.pdb,
SASDST2,ok,1124.0,466.0,36.59,"[-9.2, 53.2, 1.4]","[-11.7, 16.7, -0.3]",31.02,31.497,0.577,38.963,23.866,14.5,16.5,SASDST2_fit1_model6.pdb,
SASDST2,ok,1124.0,466.0,35.9,"[-10.8, 52.6, 1.0]","[-11.7, 16.7, -0.3]",28.531,28.332,0.562,39.528,23.856,6.5,6.0,SASDST2_fit1_model7.pdb,
SASDST2,ok,1124.0,466.0,36.93,"[-9.2, 53.5, 1.0]","[-11.7, 16.7, -0.3]",32.251,30.534,0.572,38.42,25.226,17.5,13.5,SASDST2_fit1_model8.pdb,
SASDST2,ok,1124.0,466.0,37.3,"[-9.3, 53.9, 1.6]","[-11.7, 16.7, -0.3]",30.392,30.326,0.572,39.572,24.86,13.0,11.5,SASDST2_fit1_model9.pdb,
SASDST2,coordenadas_vazias,,,,,,,,,,,,,SASDST2_fit2_model1.pdb,
SASDST7,coordenadas_vazias,,,,,,,,,,,,,SASDST7_fit1_model1.mrc,
SASDST7,ok,1107.0,1516.0,9.75,"[-5.7, -1.2, -7.8]","[0.0, -0.0, -0.0]",15.567,11.06,0.622,12.363,7.646,84.5,30.5,SASDST7_fit2_model1.pdb,
SASDST7,ok,1107.0,1516.0,59.43,"[-40.1, 43.8, 1.6]","[0.0, -0.0, -0.0]",23.427,21.649,0.803,29.514,18.61,16.5,7.5,SASDST7_fit3_model1.pdb,
SASDSU2,coordenadas_vazias,,,,,,,,,,,,,SASDSU2_fit1_model1.pdb,
SASDSU2,ok,1120.0,199.0,43.11,"[-33.4, 12.6, 24.0]","[0.2, -0.1, 0.2]",32.401,43.042,0.76,41.689,20.73,23.5,54.0,SASDSU2_fit2_model1.pdb,
SASDSU2,ok,1120.0,199.0,43.39,"[-34.9, 12.9, 22.1]","[0.2, -0.1, 0.2]",29.762,41.724,0.729,39.432,21.452,15.5,55.5,SASDSU2_fit2_model10.pdb,
SASDSU2,ok,1120.0,199.0,42.45,"[-33.3, 13.1, 22.8]","[0.2, -0.1, 0.2]",28.307,39.733,0.735,39.56,19.97,14.0,50.5,SASDSU2_fit2_model2.pdb,
SASDSU2,ok,1120.0,199.0,42.14,"[-32.8, 13.5, 22.7]","[0.2, -0.1, 0.2]",30.742,42.766,0.713,39.133,19.358,21.0,64.5,SASDSU2_fit2_model3.pdb,
SASDSU2,ok,1120.0,199.0,42.5,"[-33.8, 12.2, 22.5]","[0.2, -0.1, 0.2]",32.626,42.729,0.76,40.75,20.373,25.0,58.5,SASDSU2_fit2_model4.pdb,
SASDSU2,ok,1120.0,199.0,41.9,"[-32.9, 12.4, 22.7]","[0.2, -0.1, 0.2]",27.779,37.419,0.754,39.682,20.261,14.0,44.0,SASDSU2_fit2_model5.pdb,
SASDSU2,ok,1120.0,199.0,43.02,"[-33.7, 12.7, 23.4]","[0.2, -0.1, 0.2]",30.102,42.381,0.732,40.754,20.251,17.0,58.0,SASDSU2_fit2_model6.pdb,
SASDSU2,ok,1120.0,199.0,43.13,"[-33.5, 12.8, 23.8]","[0.2, -0.1, 0.2]",32.625,45.909,0.76,42.257,20.732,28.0,63.5,SASDSU2_fit2_model7.pdb,
SASDSU2,ok,1120.0,199.0,41.77,"[-32.5, 13.1, 22.7]","[0.2, -0.1, 0.2]",26.346,39.058,0.73,38.93,18.907,10.0,50.0,SASDSU2_fit2_model8.pdb,
SASDSU2,ok,1120.0,199.0,41.62,"[-32.8, 12.6, 22.2]","[0.2, -0.1, 0.2]",31.148,43.149,0.751,39.425,19.258,25.5,63.5,SASDSU2_fit2_model9.pdb,
SASDSU5,ok,184.0,1914.0,29.54,"[19.9, -11.1, -18.9]","[0.0, -0.0, -0.0]",13.793,17.3,0.592,17.334,11.598,12.5,49.0,SASDSU5_fit1_model1.pdb,
SASDSU6,ok,1300.0,1183.0,0.25,"[0.1, -0.0, 0.2]","[0.0, 0.0, -0.0]",16.266,18.485,0.511,17.474,7.539,39.5,59.0,SASDSU6_fit1_model1.pdb,
SASDSU7,coordenadas_vazias,,,,,,,,,,,,,SASDSU7_fit1_model1.mrc,
SASDSU7,ok,1107.0,3665.0,14.07,"[-7.2, 0.9, 12.1]","[-0.0, 0.0, 0.0]",15.455,16.12,0.456,12.001,8.013,95.0,98.5,SASDSU7_fit2_model1.pdb,
SASDSU8,ok,1448.0,509.0,47.84,"[20.8, -0.2, 43.1]","[0.0, 0.0, 0.0]",19.877,20.815,0.736,21.036,18.223,19.0,39.5,SASDSU8_fit1_model1.pdb,
SASDSV5,ok,292.0,763.0,129.37,"[-9.2, 105.8, 73.9]","[-0.0, -0.0, -0.0]",108.77,106.922,1.0,107.431,99.938,67.5,43.0,SASDSV5_fit1_model1.pdb,
SASDSV6,ok,187.0,4217.0,0.46,"[-0.3, 0.3, 0.1]","[0.0, -0.0, -0.0]",5.697,4.955,0.273,9.883,4.321,7.5,3.5,SASDSV6_fit1_model1.pdb,
SASDSV7,coordenadas_vazias,,,,,,,,,,,,,SASDSV7_fit1_model1.mrc,
SASDSV7,ok,1107.0,1642.0,15.86,"[-7.4, 3.0, 13.7]","[0.0, -0.0, -0.0]",9.024,9.876,0.341,10.594,8.673,5.0,26.5,SASDSV7_fit2_model1.pdb,
SASDSV7,ok,1107.0,1642.0,30.64,"[-23.4, 13.0, -14.9]","[0.0, -0.0, -0.0]",21.103,22.975,0.764,18.023,12.167,88.0,98.5,SASDSV7_fit3_model1.pdb,
SASDSV8,ok,450.0,1189.0,78.08,"[20.7, 33.8, 67.3]","[-0.0, -0.0, 0.0]",52.857,53.542,1.0,53.722,48.416,34.0,48.0,SASDSV8_fit1_model1.pdb,
SASDSV8,ok,1065.0,1189.0,2.82,"[1.8, 0.0, -2.1]","[-0.0, -0.0, 0.0]",4.627,4.637,0.379,5.148,3.205,29.0,30.0,SASDSV8_fit2_model1.pdb,
SASDSW6,ok,1674.0,336.0,62.17,"[-41.4, -32.2, 33.3]","[-0.0, 0.0, -0.0]",39.794,38.458,0.899,43.302,31.03,21.5,12.5,SASDSW6_fit1_model1.pdb,
SASDSW7,ok,767.0,1085.0,21.89,"[-0.4, -18.1, 12.3]","[-0.0, -0.0, 0.0]",10.534,9.276,0.914,10.595,9.295,48.0,0.0,SASDSW7_fit1_model1.pdb,
SASDSW7,coordenadas_vazias,,,,,,,,,,,,,SASDSW7_fit2_model1.pdb,
SASDSX6,ok,185.0,2134.0,49.11,"[24.9, 38.9, 16.7]","[0.0, 0.0, 0.0]",31.021,33.057,1.0,31.086,25.703,49.0,76.0,SASDSX6_fit1_model1.pdb,
SASDSX7,ok,893.0,975.0,38.96,"[15.8, 34.1, 10.3]","[-0.0, 0.0, -0.0]",14.35,16.29,0.702,16.138,11.767,25.0,53.5,SASDSX7_fit1_model1.pdb,
SASDSX7,ok,879.0,975.0,31.28,"[25.9, 9.8, 14.5]","[-0.0, 0.0, -0.0]",13.879,14.037,0.641,14.686,12.415,32.0,35.0,SASDSX7_fit2_model1.pdb,
SASDSX7,ok,448.0,975.0,4.46,"[-4.1, -1.2, 1.4]","[-0.0, 0.0, -0.0]",10.519,9.646,0.435,9.459,5.855,84.5,59.0,SASDSX7_fit3_model1.pdb,
SASDSY6,ok,408.0,1174.0,7.77,"[-5.5, -5.5, 0.0]","[-0.0, -0.0, 0.0]",8.611,7.166,0.395,10.392,5.96,17.5,3.0,SASDSY6_fit1_model1.pdb,
SASDSZ6,ok,408.0,1795.0,7.78,"[-5.5, -5.5, -0.0]","[-0.0, 0.0, -0.0]",7.061,7.664,0.38,10.579,5.3,6.5,12.0,SASDSZ6_fit1_model1.pdb,
SASDT55,ok,141.0,2400.0,8.31,"[8.3, 0.5, -0.6]","[-0.0, -0.0, 0.0]",4.89,5.023,0.113,5.085,3.841,32.0,46.0,SASDT55_fit1_model1.pdb,
SASDT65,ok,141.0,323.0,14.01,"[13.9, -1.1, 0.2]","[-0.0, -0.0, -0.1]",10.323,10.188,0.681,11.306,10.061,4.5,2.0,SASDT65_fit1_model1.pdb,
SASDT72,ok,581.0,957.0,5.24,"[2.5, 0.6, -4.6]","[0.0, 0.0, -0.0]",5.886,9.088,0.25,30.497,5.833,0.5,1.0,SASDT72_fit1_model1.pdb,
SASDT75,ok,349.0,1116.0,8.41,"[7.1, 2.1, -4.0]","[-0.0, 0.0, -0.0]",15.115,11.576,0.67,12.492,7.181,71.5,36.5,SASDT75_fit1_model1.pdb,
SASDT75,ok,349.0,1116.0,13.56,"[-7.7, -9.7, 5.6]","[-0.0, 0.0, -0.0]",26.839,26.082,0.742,25.718,16.837,59.0,54.5,SASDT75_fit1_model2.pdb,
SASDT82,ok,295.0,689.0,22.78,"[-3.5, -5.3, -21.9]","[0.0, -0.0, 0.0]",10.135,10.522,0.519,11.009,9.359,7.0,18.5,SASDT82_fit1_model1.pdb,
SASDT82,ok,943.0,689.0,0.52,"[-0.0, -0.0, -0.5]","[0.0, -0.0, 0.0]",5.686,5.755,0.369,5.192,4.013,77.0,79.5,SASDT82_fit2_model1.pdb,
SASDT85,ok,369.0,1214.0,8.22,"[0.7, -6.9, -4.5]","[0.0, 0.0, 0.0]",9.785,10.897,0.637,9.659,5.567,52.5,67.5,SASDT85_fit1_model1.pdb,
SASDT85,ok,369.0,1214.0,20.55,"[5.4, -9.4, 17.5]","[0.0, 0.0, 0.0]",22.947,30.168,0.751,24.51,14.728,36.0,90.5,SASDT85_fit1_model2.pdb,
SASDT95,ok,450.0,1885.0,10.62,"[8.5, -1.7, -6.1]","[0.0, 0.0, 0.0]",9.668,9.344,0.569,9.352,6.179,57.5,50.0,SASDT95_fit1_model1.pdb,
SASDT95,ok,450.0,1885.0,35.05,"[-31.6, -14.1, 5.8]","[0.0, 0.0, 0.0]",27.062,31.002,0.773,38.409,24.043,4.5,15.5,SASDT95_fit1_model2.pdb,
SASDT97,ok,1152.0,761.0,1.0,"[0.8, 0.2, 0.6]","[-0.0, 0.0, 0.0]",9.894,12.252,0.346,9.862,7.608,51.0,89.0,SASDT97_fit1_model1.pdb,
SASDTA5,ok,916.0,1222.0,5.84,"[1.7, -1.5, -5.4]","[-0.0, 0.0, 0.0]",16.278,18.992,0.619,14.485,10.013,68.5,90.0,SASDTA5_fit1_model1.pdb,
SASDTA5,ok,916.0,1222.0,8.22,"[0.4, 6.5, -5.0]","[-0.0, 0.0, 0.0]",16.802,19.691,0.62,15.699,9.97,59.5,81.5,SASDTA5_fit1_model2.pdb,
SASDTA5,ok,916.0,1222.0,6.49,"[1.3, 4.1, -4.9]","[-0.0, 0.0, 0.0]",14.216,17.614,0.608,14.814,9.668,42.5,74.0,SASDTA5_fit1_model3.pdb,
SASDTA5,ok,916.0,1222.0,7.23,"[1.3, 4.6, -5.4]","[-0.0, 0.0, 0.0]",14.847,18.309,0.608,15.456,9.75,42.0,74.5,SASDTA5_fit1_model4.pdb,
SASDTA5,ok,916.0,1222.0,8.89,"[1.7, 5.8, -6.6]","[-0.0, 0.0, 0.0]",16.196,20.126,0.621,16.494,9.53,47.5,80.5,SASDTA5_fit1_model5.pdb,
SASDTB5,ok,928.0,1083.0,7.39,"[-2.3, 4.2, -5.7]","[-0.0, 0.0, 0.0]",12.265,15.143,0.316,15.692,8.592,13.0,45.0,SASDTB5_fit1_model1.pdb,
SASDTB5,ok,928.0,1083.0,8.38,"[-1.6, 7.9, -2.5]","[-0.0, 0.0, 0.0]",12.773,14.305,0.318,16.135,8.011,16.5,30.5,SASDTB5_fit1_model2.pdb,
SASDTB5,ok,928.0,1083.0,13.78,"[-2.5, 13.4, -2.3]","[-0.0, 0.0, 0.0]",15.119,16.493,0.32,18.783,10.192,18.0,30.0,SASDTB5_fit1_model3.pdb,
SASDTC5,ok,1818.0,1740.0,21.25,"[-4.5, 19.8, -6.1]","[-0.0, -0.0, 0.0]",12.235,11.945,0.489,14.481,9.232,19.5,17.5,SASDTC5_fit1_model1.pdb,
SASDTC5,ok,1820.0,1740.0,10.66,"[8.4, -6.5, 1.4]","[-0.0, -0.0, 0.0]",16.096,13.991,0.587,14.043,7.377,70.5,49.0,SASDTC5_fit2_model1.pdb,
SASDTD5,ok,889.0,1702.0,252.84,"[113.7, 165.4, 153.7]","[0.0, -0.0, -0.0]",195.405,199.502,1.0,200.827,182.274,10.0,38.5,SASDTD5_fit1_model1.pdb,
SASDTD5,ok,889.0,1702.0,252.29,"[113.0, 164.2, 154.7]","[0.0, -0.0, -0.0]",195.391,197.965,1.0,200.632,181.762,18.0,28.5,SASDTD5_fit1_model2.pdb,
SASDTD5,ok,889.0,1702.0,249.93,"[115.5, 164.0, 149.1]","[0.0, -0.0, -0.0]",193.704,196.053,1.0,198.225,181.71,15.0,36.5,SASDTD5_fit1_model3.pdb,
SASDTE2,ok,223.0,144.0,1.64,"[-0.6, -1.1, 0.4]","[-0.7, 0.0, -0.8]",30.504,34.439,0.731,26.948,7.792,74.0,96.5,SASDTE2_fit1_model1.pdb,
SASDTE2,ok,220.0,144.0,5.63,"[1.4, -1.9, 4.1]","[-0.7, 0.0, -0.8]",31.431,33.791,0.8,26.615,8.66,80.0,96.5,SASDTE2_fit1_model2.pdb,
SASDTP5,ok,441.0,1189.0,121.76,"[-29.7, -9.9, -117.7]","[0.0, -0.0, 0.0]",97.718,98.696,1.0,96.71,84.512,61.0,64.5,SASDTP5_fit1_model1.pdb,
SASDTP5,ok,441.0,1189.0,5.71,"[-0.4, -2.6, -5.1]","[0.0, -0.0, 0.0]",12.941,12.582,0.508,11.489,8.194,63.5,60.0,SASDTP5_fit2_model1.pdb,
SASDTQ5,ok,327.0,750.0,6.19,"[1.0, -3.6, -5.0]","[0.0, -0.0, 0.0]",8.393,9.034,0.349,8.758,5.356,33.5,66.5,SASDTQ5_fit1_model1.pdb,
SASDTR2,ok,123.0,1300.0,15.62,"[5.9, -13.9, -4.2]","[-0.0, 0.0, 0.0]",7.575,7.572,0.634,7.323,6.604,88.5,87.0,SASDTR2_fit1_model1.pdb,
SASDTS2,ok,123.0,973.0,15.61,"[5.9, -13.9, -4.2]","[0.0, -0.0, -0.0]",7.768,7.435,0.61,7.511,6.799,85.0,37.5,SASDTS2_fit1_model1.pdb,
SASDTS4,ok,554.0,3279.0,10.59,"[6.9, 6.8, 4.3]","[-0.0, 0.0, 0.0]",9.87,11.062,0.327,10.333,6.489,42.5,67.0,SASDTS4_fit1_model1.pdb,
SASDTS4,ok,554.0,3279.0,20.03,"[-5.0, 18.2, -6.7]","[-0.0, 0.0, 0.0]",15.414,15.335,0.487,16.232,9.685,35.5,35.0,SASDTS4_fit1_model2.pdb,
SASDTS4,ok,554.0,3279.0,13.26,"[10.6, 6.9, -4.0]","[-0.0, 0.0, 0.0]",11.428,9.679,0.348,10.427,6.79,87.0,29.5,SASDTS4_fit1_model3.pdb,
SASDTS4,ok,554.0,3279.0,6.04,"[-3.5, 4.9, -0.3]","[-0.0, 0.0, 0.0]",9.001,8.695,0.309,9.416,5.935,37.0,29.5,SASDTS4_fit1_model4.pdb,
SASDTS4,ok,554.0,3279.0,20.08,"[15.1, 10.1, 8.5]","[-0.0, 0.0, 0.0]",13.679,14.06,0.386,14.83,9.358,31.5,39.5,SASDTS4_fit1_model5.pdb,
SASDTS4,ok,554.0,3279.0,20.65,"[-1.7, 14.7, -14.4]","[-0.0, 0.0, 0.0]",12.367,15.144,0.453,14.916,11.35,6.0,53.0,SASDTS4_fit1_model6.pdb,
SASDTS4,ok,554.0,3279.0,18.56,"[14.5, 11.3, 2.4]","[-0.0, 0.0, 0.0]",15.333,14.621,0.406,15.999,9.782,42.5,34.0,SASDTS4_fit1_model7.pdb,
SASDTS4,ok,554.0,3279.0,18.7,"[-4.9, 9.9, -15.1]","[-0.0, 0.0, 0.0]",10.595,17.078,0.424,17.55,7.539,7.0,44.5,SASDTS4_fit1_model8.pdb,
SASDTS8,ok,2033.0,1674.0,0.21,"[0.1, 0.2, -0.0]","[-0.0, 0.0, 0.0]",1.922,1.743,0.182,1.776,1.454,86.5,36.0,SASDTS8_fit1_model1.pdb,
SASDTS8,ok,274.0,1674.0,31.44,"[-14.7, -21.6, 17.4]","[-0.0, 0.0, 0.0]",15.42,14.898,0.905,14.911,11.916,65.5,49.5,SASDTS8_fit2_model1.pdb,
SASDTT2,ok,123.0,1625.0,15.62,"[5.9, -13.9, -4.2]","[-0.0, 0.0, -0.0]",6.677,6.545,0.593,6.532,5.855,63.5,53.0,SASDTT2_fit1_model1.pdb,
SASDTT5,ok,506.0,736.0,0.08,"[0.0, 0.0, -0.1]","[-0.0, -0.0, -0.0]",12.257,9.687,0.567,11.294,6.905,61.5,17.0,SASDTT5_fit1_model1.pdb,
SASDTT8,ok,408.0,258.0,6.12,"[1.2, 2.3, -5.4]","[-0.1, -0.1, 0.1]",15.824,22.516,0.569,25.504,10.775,14.0,39.0,SASDTT8_fit1_model1.pdb,
SASDTT8,ok,1175.0,258.0,81.65,"[8.6, -2.4, -81.1]","[-0.1, -0.1, 0.1]",41.628,40.974,0.849,47.608,39.162,6.5,4.0,SASDTT8_fit2_model1.pdb,
SASDTU2,ok,974.0,4957.0,0.75,"[-0.1, 0.3, 0.7]","[-0.0, 0.0, -0.0]",7.025,7.486,0.373,9.119,3.358,25.0,28.0,SASDTU2_fit1_model1.pdb,
SASDTU2,ok,400.0,4957.0,5.75,"[1.9, -4.0, -3.6]","[-0.0, 0.0, -0.0]",7.337,7.299,0.365,8.352,5.768,23.0,22.5,SASDTU2_fit2_model1.pdb,
SASDTU2,ok,400.0,4957.0,5.57,"[2.1, -2.9, -4.3]","[-0.0, 0.0, -0.0]",7.942,7.845,0.335,8.344,5.261,36.0,33.5,SASDTU2_fit3_model1.pdb,
SASDTU4,ok,6576.0,623.0,0.05,"[0.0, 0.0, 0.0]","[-0.0, -0.1, -0.0]",14.23,14.435,0.268,14.178,12.226,54.5,64.0,SASDTU4_fit1_model1.pdb,
SASDTU5,ok,495.0,170.0,63.79,"[-50.3, -37.4, 13.1]","[-0.4, 0.1, 0.1]",31.127,33.821,0.901,32.765,24.393,28.5,59.5,SASDTU5_fit1_model1.pdb,
SASDTU5,ok,495.0,170.0,62.79,"[-46.9, -38.1, 18.0]","[-0.4, 0.1, 0.1]",32.589,37.625,0.889,34.561,22.14,33.5,71.0,SASDTU5_fit1_model2.pdb,
SASDTU5,ok,495.0,170.0,58.76,"[-48.7, -29.3, 16.1]","[-0.4, 0.1, 0.1]",29.208,35.476,0.901,33.391,22.312,20.0,67.0,SASDTU5_fit1_model3.pdb,
SASDTU8,ok,1629.0,1730.0,0.13,"[-0.0, -0.1, 0.0]","[0.0, -0.0, -0.0]",15.925,15.505,0.503,14.259,7.757,68.0,62.5,SASDTU8_fit1_model1.pdb,
SASDTV4,ok,2200.0,1274.0,28.36,"[0.0, -0.0, 28.4]","[0.0, 0.0, -0.0]",11.955,13.392,0.449,12.83,10.784,16.0,76.0,SASDTV4_fit1_model1.pdb,
SASDTV4,ok,2192.0,1274.0,6.03,"[-0.7, 1.6, -5.8]","[0.0, 0.0, -0.0]",8.698,9.308,0.236,8.864,7.229,41.5,80.0,SASDTV4_fit2_model1.pdb,
SASDTV8,ok,219.0,312.0,12.67,"[9.7, 3.9, -4.0]","[-0.9, -1.4, 0.4]",49.59,47.899,1.0,48.711,45.198,67.0,31.5,SASDTV8_fit1_model1.pdb,
SASDTW4,ok,4236.0,908.0,91.02,"[64.4, 64.4, 0.7]","[-0.0, 0.0, -0.0]",43.545,43.484,0.892,43.559,43.319,46.0,20.0,SASDTW4_fit1_model1.pdb,
SASDTX4,ok,361.0,949.0,58.96,"[42.0, 7.0, 40.8]","[-0.0, -0.0, 0.0]",37.267,41.934,1.0,40.588,37.031,2.0,72.0,SASDTX4_fit1_model1.pdb,
SASDTX8,ok,127.0,1649.0,25.81,"[-24.5, -8.1, -0.3]","[0.0, 0.0, 0.0]",12.975,13.415,0.89,13.152,11.54,41.5,68.0,SASDTX8_fit1_model1.pdb,
SASDTY8,ok,270.0,1210.0,3.4,"[0.5, 3.4, 0.2]","[-0.0, 0.0, -0.0]",4.542,4.962,0.285,4.672,3.137,41.0,78.0,SASDTY8_fit1_model1.pdb,
SASDU39,ok,2629.0,381.0,10.94,"[-1.6, 1.2, -10.7]","[-0.1, 0.1, 0.1]",10.072,10.431,0.606,45.745,10.224,0.0,1.0,SASDU39_fit1_model1.pdb,
SASDU45,ok,1808.0,834.0,107.48,"[55.2, -45.5, 80.2]","[-0.0, 0.0, -0.0]",64.483,70.893,0.999,64.754,60.902,48.0,87.0,SASDU45_fit1_model1.pdb,
SASDU59,ok,248.0,1638.0,5.26,"[4.2, -0.8, -3.1]","[-0.0, 0.0, 0.0]",19.71,14.502,0.73,20.66,5.438,46.0,29.5,SASDU59_fit1_model1.pdb,
SASDU59,ok,256.0,1638.0,3.25,"[-1.3, -2.6, -1.5]","[-0.0, 0.0, 0.0]",25.229,25.738,0.75,21.569,4.187,88.0,95.0,SASDU59_fit2_model1.pdb,
SASDU59,ok,255.0,1638.0,5.73,"[-4.1, -1.6, -3.6]","[-0.0, 0.0, 0.0]",15.552,19.725,0.718,22.114,4.696,22.5,36.5,SASDU59_fit3_model1.pdb,
SASDU69,ok,376.0,272.0,1.33,"[-0.5, -0.3, 1.2]","[0.0, 0.1, 0.0]",15.506,18.922,0.604,18.161,8.789,31.5,55.5,SASDU69_fit1_model1.pdb,
SASDU69,ok,373.0,272.0,2.74,"[-2.0, -0.9, 1.6]","[0.0, 0.1, 0.0]",19.523,17.984,0.662,18.713,7.812,61.0,44.5,SASDU69_fit2_model1.pdb,
SASDU69,ok,370.0,272.0,5.76,"[1.1, -1.3, 5.5]","[0.0, 0.1, 0.0]",19.558,18.585,0.757,18.337,6.771,59.5,51.5,SASDU69_fit3_model1.pdb,
SASDU78,ok,380.0,1119.0,19.53,"[-7.4, 10.9, 14.4]","[-0.0, -0.0, 0.0]",7.13,7.981,0.479,7.736,6.429,13.0,62.5,SASDU78_fit1_model1.pdb,
SASDU78,coordenadas_vazias,,,,,,,,,,,,,SASDU78_fit2_model1.pdb,
SASDU79,ok,848.0,1175.0,3.28,"[0.2, -3.0, 1.3]","[0.0, 0.0, -0.0]",6.245,6.819,0.216,6.796,5.03,29.5,51.5,SASDU79_fit1_model1.pdb,
SASDU88,ok,769.0,1284.0,6.5,"[-6.2, -1.2, 1.7]","[0.0, -0.0, 0.0]",9.736,8.605,0.525,8.974,5.667,72.5,42.5,SASDU88_fit1_model1.pdb,
SASDU89,ok,178.0,4726.0,56.41,"[-10.6, 2.2, 55.4]","[-0.0, -0.0, -0.0]",34.045,29.44,1.0,30.045,21.537,85.0,44.5,SASDU89_fit1_model1.pdb,
SASDU93,ok,538.0,462.0,67.47,"[-37.4, 13.1, -54.5]","[0.0, -0.1, 0.1]",49.651,46.39,1.0,48.296,38.035,61.0,31.5,SASDU93_fit1_model1.pdb,
SASDU98,ok,1538.0,1702.0,3.18,"[-2.1, 0.5, -2.4]","[0.0, -0.0, -0.0]",8.002,6.786,0.417,7.034,4.942,90.5,39.0,SASDU98_fit1_model1.pdb,
SASDU99,ok,745.0,197.0,1.36,"[0.4, -1.0, 0.9]","[0.1, -0.1, -0.1]",25.754,20.508,0.836,23.051,7.217,68.5,42.0,SASDU99_fit1_model1.pdb,
SASDUA2,ok,158.0,3543.0,1.73,"[0.0, 0.7, 1.6]","[-0.0, 0.0, 0.0]",10.759,10.78,0.633,8.664,2.845,95.0,95.0,SASDUA2_fit1_model1.pdb,
SASDUA2,ok,644.0,3543.0,0.6,"[-0.0, -0.0, 0.6]","[-0.0, 0.0, 0.0]",3.998,3.883,0.374,8.054,2.184,9.5,8.5,SASDUA2_fit1_model2.pdb,
SASDUA3,ok,896.0,254.0,87.11,"[80.4, 13.6, -30.2]","[-0.1, -0.2, 0.2]",57.41,52.431,1.0,54.261,39.877,75.5,35.5,SASDUA3_fit1_model1.pdb,
SASDUA4,ok,124.0,901.0,36.6,"[29.4, 17.5, 13.1]","[-0.0, 0.0, 0.0]",21.655,22.749,1.0,23.209,20.482,11.5,43.0,SASDUA4_fit1_model1.pdb,
SASDUA4,ok,124.0,901.0,36.6,"[29.4, 17.5, 13.1]","[-0.0, 0.0, 0.0]",21.655,22.749,1.0,23.209,20.482,11.5,43.0,SASDUA4_fit2_model1.pdb,
SASDUA4,ok,124.0,901.0,36.6,"[29.4, 17.5, 13.1]","[-0.0, 0.0, 0.0]",21.655,22.749,1.0,23.209,20.482,11.5,43.0,SASDUA4_fit3_model1.pdb,
SASDUA4,ok,124.0,901.0,36.6,"[29.4, 17.5, 13.1]","[-0.0, 0.0, 0.0]",21.655,22.749,1.0,23.209,20.482,11.5,43.0,SASDUA4_fit4_model1.pdb,
SASDUA8,ok,3076.0,1559.0,0.39,"[0.2, 0.1, 0.3]","[-0.0, 0.0, 0.0]",12.718,13.269,0.559,11.6,9.253,66.5,75.0,SASDUA8_fit1_model1.pdb,
SASDUB2,ok,107.0,356.0,1.22,"[-0.0, -0.5, 1.1]","[-0.0, -0.1, -0.1]",8.719,8.284,0.533,14.145,4.944,11.0,8.5,SASDUB2_fit1_model1.pdb,
SASDUB2,ok,530.0,356.0,1.18,"[-0.4, -0.7, 0.9]","[-0.0, -0.1, -0.1]",7.466,6.82,0.474,12.65,4.145,12.0,9.0,SASDUB2_fit1_model2.pdb,
SASDUB4,ok,1204.0,1562.0,81.02,"[39.8, 47.5, 52.2]","[-0.0, 0.0, 0.0]",47.192,47.15,1.0,47.258,45.115,48.0,44.5,SASDUB4_fit1_model1.pdb,
SASDUB4,ok,1204.0,1562.0,81.02,"[39.8, 47.5, 52.2]","[-0.0, 0.0, 0.0]",47.192,47.15,1.0,47.258,45.115,48.0,44.5,SASDUB4_fit2_model1.pdb,
SASDUB4,ok,1204.0,1562.0,81.02,"[39.8, 47.5, 52.2]","[-0.0, 0.0, 0.0]",47.192,47.15,1.0,47.258,45.115,48.0,44.5,SASDUB4_fit3_model1.pdb,
SASDUB4,ok,1204.0,1562.0,81.02,"[39.8, 47.5, 52.2]","[-0.0, 0.0, 0.0]",47.192,47.15,1.0,47.258,45.115,48.0,44.5,SASDUB4_fit4_model1.pdb,
SASDUC3,ok,955.0,282.0,8.28,"[7.5, 0.7, 2.4]","[-0.5, -0.1, 0.5]",17.958,18.093,0.476,16.809,8.073,62.5,63.5,SASDUC3_fit1_model1.pdb,
SASDUC4,ok,1560.0,1749.0,82.25,"[49.0, 64.9, 12.1]","[0.0, 0.0, -0.0]",43.105,42.861,0.996,41.612,38.6,89.0,78.5,SASDUC4_fit1_model1.pdb,
SASDUC4,ok,1560.0,1749.0,82.25,"[49.0, 64.9, 12.1]","[0.0, 0.0, -0.0]",43.105,42.861,0.996,41.612,38.6,89.0,78.5,SASDUC4_fit2_model1.pdb,
SASDUC4,ok,1560.0,1749.0,82.25,"[49.0, 64.9, 12.1]","[0.0, 0.0, -0.0]",43.105,42.861,0.996,41.612,38.6,89.0,78.5,SASDUC4_fit3_model1.pdb,
SASDUC4,ok,1560.0,1749.0,82.25,"[49.0, 64.9, 12.1]","[0.0, 0.0, -0.0]",43.105,42.861,0.996,41.612,38.6,89.0,78.5,SASDUC4_fit4_model1.pdb,
SASDUC9,ok,614.0,316.0,51.24,"[-44.6, -3.3, 25.0]","[0.0, -0.1, 0.0]",46.311,34.922,1.0,38.4,30.518,100.0,17.0,SASDUC9_fit1_model1.pdb,
SASDUD4,ok,193.0,1453.0,38.72,"[12.0, 33.2, -15.9]","[0.0, 0.0, 0.0]",22.755,21.82,1.0,22.924,21.546,43.0,6.0,SASDUD4_fit1_model1.pdb,
SASDUD4,ok,193.0,1453.0,38.72,"[12.0, 33.2, -15.9]","[0.0, 0.0, 0.0]",22.755,21.82,1.0,22.924,21.546,43.0,6.0,SASDUD4_fit2_model1.pdb,
SASDUD4,ok,193.0,1453.0,38.72,"[12.0, 33.2, -15.9]","[0.0, 0.0, 0.0]",22.755,21.82,1.0,22.924,21.546,43.0,6.0,SASDUD4_fit3_model1.pdb,
SASDUD4,ok,193.0,1453.0,38.72,"[12.0, 33.2, -15.9]","[0.0, 0.0, 0.0]",22.755,21.82,1.0,22.924,21.546,43.0,6.0,SASDUD4_fit4_model1.pdb,
SASDUE3,ok,1447.0,1960.0,32.78,"[25.6, 6.6, 19.3]","[-0.0, 0.0, -0.0]",22.489,25.176,0.61,22.97,13.626,46.5,73.0,SASDUE3_fit1_model1.pdb,
SASDUE4,ok,164.0,1089.0,28.75,"[-2.0, 14.8, 24.6]","[0.0, 0.0, 0.0]",16.544,14.191,0.988,16.478,13.905,53.0,5.5,SASDUE4_fit1_model1.pdb,
SASDUE4,ok,164.0,1089.0,28.75,"[-2.0, 14.8, 24.6]","[0.0, 0.0, 0.0]",16.544,14.191,0.988,16.478,13.905,53.0,5.5,SASDUE4_fit2_model1.pdb,
SASDUE4,ok,164.0,1089.0,28.75,"[-2.0, 14.8, 24.6]","[0.0, 0.0, 0.0]",16.544,14.191,0.988,16.478,13.905,53.0,5.5,SASDUE4_fit3_model1.pdb,
SASDUE4,ok,164.0,1089.0,28.75,"[-2.0, 14.8, 24.6]","[0.0, 0.0, 0.0]",16.544,14.191,0.988,16.478,13.905,53.0,5.5,SASDUE4_fit4_model1.pdb,
SASDUF2,ok,467.0,1751.0,67.42,"[-30.2, 51.3, 31.7]","[0.0, -0.0, 0.0]",38.591,35.849,1.0,37.066,31.848,73.5,32.0,SASDUF2_fit1_model1.pdb,
SASDUF2,ok,467.0,1751.0,55.35,"[-23.2, 46.6, 18.9]","[0.0, -0.0, 0.0]",27.137,25.516,0.972,26.837,21.828,55.0,30.0,SASDUF2_fit1_model2.pdb,
SASDUF2,ok,467.0,1751.0,51.02,"[-13.3, 44.6, 21.0]","[0.0, -0.0, 0.0]",22.45,24.626,0.831,23.284,21.406,24.5,79.0,SASDUF2_fit1_model3.pdb,
SASDUF2,ok,467.0,1751.0,43.22,"[-10.7, 32.8, 26.0]","[0.0, -0.0, 0.0]",22.364,31.135,0.709,26.139,17.247,22.0,96.0,SASDUF2_fit1_model4.pdb,
SASDUG2,ok,467.0,944.0,50.75,"[-12.4, 41.5, 26.5]","[0.0, 0.0, 0.0]",28.046,30.812,0.923,28.574,20.182,46.0,82.0,SASDUG2_fit1_model1.pdb,
SASDUG2,ok,467.0,944.0,68.27,"[-20.9, 58.4, 28.6]","[0.0, 0.0, 0.0]",40.433,36.579,1.0,39.01,32.286,62.0,24.0,SASDUG2_fit1_model2.pdb,
SASDUG2,ok,467.0,944.0,40.78,"[-12.7, 33.1, 20.1]","[0.0, 0.0, 0.0]",17.61,20.125,0.715,19.336,16.423,9.5,70.0,SASDUG2_fit1_model3.pdb,
SASDUH2,ok,467.0,1713.0,59.65,"[-31.8, 36.9, 34.5]","[-0.0, 0.0, -0.0]",31.768,35.177,0.998,33.024,28.638,20.0,87.0,SASDUH2_fit1_model1.pdb,
SASDUH2,ok,467.0,1713.0,67.26,"[-16.8, 55.7, 33.8]","[-0.0, 0.0, -0.0]",41.522,40.474,1.0,39.488,33.241,71.5,64.5,SASDUH2_fit1_model2.pdb,
SASDUH2,ok,467.0,1713.0,38.36,"[-10.3, 33.2, 16.2]","[-0.0, 0.0, -0.0]",18.357,18.751,0.794,18.067,14.854,58.0,73.0,SASDUH2_fit1_model3.pdb,
SASDUH2,ok,467.0,1713.0,54.31,"[-21.2, 36.3, 34.4]","[-0.0, 0.0, -0.0]",25.823,36.232,0.839,31.507,23.856,7.0,95.0,SASDUH2_fit1_model4.pdb,
SASDUH2,ok,467.0,1713.0,54.08,"[-26.5, 40.9, 23.4]","[-0.0, 0.0, -0.0]",30.669,26.835,0.989,27.345,23.592,80.5,45.0,SASDUH2_fit1_model5.pdb,
SASDUH3,ok,566.0,1494.0,60.74,"[-58.4, -14.9, 7.3]","[-0.0, 0.0, -0.0]",38.943,38.568,0.624,47.544,37.366,3.0,2.0,SASDUH3_fit1_model1.pdb,
SASDUH3,ok,566.0,1494.0,43.51,"[-24.1, -25.6, 25.6]","[-0.0, 0.0, -0.0]",26.408,29.99,0.622,30.671,21.756,13.5,41.5,SASDUH3_fit1_model2.pdb,
SASDUH3,ok,566.0,1494.0,26.38,"[-5.1, 24.4, -8.7]","[-0.0, 0.0, -0.0]",23.39,22.886,0.622,22.973,17.162,58.0,49.0,SASDUH3_fit1_model3.pdb,
SASDUH3,ok,566.0,1494.0,46.27,"[8.5, 0.7, -45.5]","[-0.0, 0.0, -0.0]",11.426,15.978,0.484,28.45,10.699,1.0,6.5,SASDUH3_fit1_model4.pdb,
SASDUH3,ok,600.0,1494.0,21.11,"[-17.4, -12.0, 0.4]","[-0.0, 0.0, -0.0]",20.43,24.963,0.883,28.302,12.999,16.0,31.0,SASDUH3_fit2_model1.pdb,
SASDUJ2,ok,467.0,2327.0,49.6,"[-11.7, 40.6, 26.0]","[0.0, -0.0, -0.0]",24.055,31.439,0.777,28.144,17.469,18.0,81.5,SASDUJ2_fit1_model1.pdb,
SASDUJ2,ok,467.0,2327.0,62.92,"[-22.5, 52.1, 27.2]","[0.0, -0.0, -0.0]",33.395,31.469,1.0,33.085,27.642,52.5,28.5,SASDUJ2_fit1_model2.pdb,
SASDUJ2,ok,467.0,2327.0,50.74,"[-18.1, 45.6, 13.0]","[0.0, -0.0, -0.0]",27.41,26.896,0.893,24.341,18.046,92.5,89.5,SASDUJ2_fit1_model3.pdb,
SASDUJ2,ok,467.0,2327.0,63.06,"[-18.1, 49.5, 34.6]","[0.0, -0.0, -0.0]",37.002,36.502,0.991,34.905,28.167,80.5,71.0,SASDUJ2_fit1_model4.pdb,
SASDUJ8,ok,910.0,1184.0,140.93,"[81.1, 81.7, 81.3]","[-0.0, -0.0, -0.0]",106.315,102.419,1.0,105.773,90.483,51.5,32.0,SASDUJ8_fit1_model1.pdb,
SASDUJ8,ok,910.0,1184.0,141.1,"[81.2, 81.9, 81.3]","[-0.0, -0.0, -0.0]",105.536,101.432,1.0,104.175,92.812,61.5,33.0,SASDUJ8_fit2_model1.pdb,
SASDUJ8,ok,910.0,1184.0,140.91,"[81.1, 81.5, 81.5]","[-0.0, -0.0, -0.0]",109.11,104.024,1.0,108.113,87.173,55.5,39.5,SASDUJ8_fit2_model2.pdb,
SASDUJ8,ok,910.0,1184.0,140.93,"[81.1, 81.4, 81.6]","[-0.0, -0.0, -0.0]",110.011,104.028,1.0,107.737,86.6,66.5,39.0,SASDUJ8_fit2_model3.pdb,
SASDUJ8,ok,910.0,1184.0,141.21,"[81.3, 81.6, 81.7]","[-0.0, -0.0, -0.0]",106.333,101.865,1.0,105.817,91.921,53.5,30.0,SASDUJ8_fit2_model4.pdb,
SASDUJ8,ok,910.0,1184.0,141.16,"[81.2, 81.6, 81.6]","[-0.0, -0.0, -0.0]",106.719,102.397,1.0,105.551,93.221,62.5,32.0,SASDUJ8_fit2_model5.pdb,
SASDUK2,ok,387.0,818.0,4.74,"[-2.9, -0.7, 3.6]","[0.0, 0.0, 0.0]",4.192,6.727,0.054,6.808,4.296,0.0,43.0,SASDUK2_fit1_model1.pdb,
SASDUK8,ok,910.0,1308.0,137.68,"[84.4, 77.5, 76.3]","[0.0, -0.0, -0.0]",98.263,97.583,1.0,92.741,80.687,76.5,72.5,SASDUK8_fit1_model1.pdb,
SASDUK8,ok,910.0,1308.0,137.31,"[83.7, 77.8, 76.1]","[0.0, -0.0, -0.0]",98.55,97.981,1.0,94.518,79.381,74.5,70.5,SASDUK8_fit2_model1.pdb,
SASDUK8,ok,910.0,1308.0,137.25,"[83.7, 77.7, 76.1]","[0.0, -0.0, -0.0]",98.319,97.283,1.0,94.398,79.786,75.5,69.0,SASDUK8_fit2_model2.pdb,
SASDUK8,ok,910.0,1308.0,136.94,"[84.0, 76.8, 76.2]","[0.0, -0.0, -0.0]",96.948,96.341,1.0,91.836,81.854,77.0,75.0,SASDUK8_fit2_model3.pdb,
SASDUK8,ok,862.0,1308.0,57.73,"[26.5, -45.9, 22.9]","[0.0, -0.0, -0.0]",30.87,34.783,0.921,34.454,27.702,15.0,54.0,SASDUK8_fit3_model1.pdb,
SASDUL2,ok,1223.0,1048.0,0.67,"[0.7, 0.0, -0.1]","[-0.0, 0.0, 0.0]",3.728,3.852,0.259,4.565,2.81,18.0,24.0,SASDUL2_fit1_model1.pdb,
SASDUL2,ok,709.0,1048.0,0.04,"[-0.0, -0.0, -0.0]","[-0.0, 0.0, 0.0]",4.57,3.756,0.372,5.086,2.386,31.0,6.5,SASDUL2_fit1_model2.pdb,
SASDUL8,ok,910.0,1425.0,142.01,"[84.5, 77.7, 83.6]","[-0.0, -0.0, -0.0]",108.53,104.677,1.0,104.295,91.975,76.0,51.5,SASDUL8_fit1_model1.pdb,
SASDUL8,ok,910.0,1425.0,141.94,"[84.1, 77.5, 84.0]","[-0.0, -0.0, -0.0]",108.079,105.565,1.0,104.483,92.514,73.5,57.5,SASDUL8_fit2_model1.pdb,
SASDUL8,ok,910.0,1425.0,141.92,"[84.3, 77.6, 83.7]","[-0.0, -0.0, -0.0]",108.444,105.63,1.0,105.548,92.136,72.5,51.0,SASDUL8_fit2_model2.pdb,
SASDUL8,ok,910.0,1425.0,141.97,"[84.4, 77.7, 83.6]","[-0.0, -0.0, -0.0]",108.06,104.711,1.0,103.619,91.287,71.0,52.5,SASDUL8_fit2_model3.pdb,
SASDUL8,ok,856.0,1425.0,57.24,"[52.5, -0.0, -22.8]","[-0.0, -0.0, -0.0]",26.733,29.02,0.915,27.381,20.988,43.0,72.0,SASDUL8_fit3_model1.pdb,
SASDUM2,ok,1144.0,1183.0,1.17,"[-0.5, -0.9, -0.6]","[0.0, -0.0, -0.0]",5.607,4.542,0.367,5.268,3.312,62.0,22.0,SASDUM2_fit1_model1.pdb,
SASDUM2,ok,516.0,1183.0,0.04,"[0.0, 0.0, -0.0]","[0.0, -0.0, -0.0]",6.774,5.109,0.415,5.96,3.735,79.0,20.5,SASDUM2_fit1_model2.pdb,
SASDUM5,ok,4104.0,1276.0,297.27,"[171.9, 171.7, 171.3]","[-0.0, -0.0, 0.0]",218.472,218.709,1.0,220.792,215.41,30.0,32.5,SASDUM5_fit1_model1.pdb,
SASDUN2,ok,442.0,1280.0,35.76,"[20.9, 24.4, 15.7]","[-0.0, 0.0, -0.0]",16.219,16.841,0.661,16.901,14.584,17.5,47.0,SASDUN2_fit1_model1.pdb,
SASDUN5,ok,2052.0,970.0,284.37,"[171.1, 171.4, 149.0]","[-0.0, 0.0, 0.0]",215.076,207.53,1.0,214.737,206.221,51.5,7.5,SASDUN5_fit1_model1.pdb,
SASDUN5,ok,4104.0,970.0,297.26,"[171.9, 171.7, 171.3]","[-0.0, 0.0, 0.0]",221.058,221.306,1.0,223.688,218.068,29.0,31.5,SASDUN5_fit1_model2.pdb,
SASDUP2,ok,442.0,1602.0,59.2,"[26.2, -40.7, -34.1]","[0.0, 0.0, -0.0]",37.586,30.65,1.0,32.108,24.647,99.0,33.5,SASDUP2_fit1_model1.pdb,
SASDUP5,ok,4104.0,1434.0,297.26,"[171.9, 171.7, 171.3]","[0.0, 0.0, -0.0]",236.413,236.704,1.0,238.707,233.282,30.0,32.0,SASDUP5_fit1_model1.pdb,
SASDUQ2,ok,442.0,508.0,14.26,"[1.5, 12.3, 7.1]","[-0.1, 0.0, 0.1]",18.366,22.67,0.638,17.363,9.205,59.0,94.5,SASDUQ2_fit1_model1.pdb,
SASDUQ3,ok,51.0,185.0,24.94,"[-0.9, -11.1, 22.2]","[-0.1, 0.2, -0.0]",15.948,19.897,0.882,19.062,14.624,2.5,65.0,SASDUQ3_fit1_model1.pdb,
SASDUQ3,ok,51.0,185.0,22.37,"[-2.9, -4.1, 21.8]","[-0.1, 0.2, -0.0]",14.34,18.887,0.863,17.051,13.644,2.5,82.0,SASDUQ3_fit1_model2.pdb,
SASDUQ3,ok,51.0,185.0,9.72,"[-3.9, 6.3, -6.5]","[-0.1, 0.2, -0.0]",7.297,8.335,0.588,9.841,6.918,1.5,15.0,SASDUQ3_fit1_model3.pdb,
SASDUQ3,ok,51.0,185.0,32.51,"[27.6, -16.0, -5.4]","[-0.1, 0.2, -0.0]",14.33,15.889,0.843,22.338,12.448,5.0,10.0,SASDUQ3_fit1_model4.pdb,
SASDUQ3,ok,51.0,185.0,34.8,"[-0.3, -34.3, -4.7]","[-0.1, 0.2, -0.0]",20.723,20.7,0.922,25.368,19.259,4.5,4.5,SASDUQ3_fit1_model5.pdb,
SASDUQ3,ok,51.0,185.0,19.46,"[4.5, 16.9, -9.0]","[-0.1, 0.2, -0.0]",13.914,14.201,0.725,15.394,11.759,14.0,18.5,SASDUQ3_fit1_model6.pdb,
SASDUQ4,ok,1556.0,839.0,65.36,"[-34.2, 55.7, -0.0]","[0.0, 0.0, -0.0]",31.588,31.678,0.902,30.454,27.084,61.5,62.0,SASDUQ4_fit1_model1.pdb,
SASDUQ5,ok,4104.0,1340.0,297.28,"[171.9, 171.7, 171.3]","[-0.0, -0.0, 0.0]",234.293,234.612,1.0,236.628,231.305,29.5,32.0,SASDUQ5_fit1_model1.pdb,
SASDUQ5,ok,4104.0,1340.0,274.42,"[158.2, 158.2, 158.9]","[-0.0, -0.0, 0.0]",218.219,212.813,1.0,213.986,209.513,100.0,23.0,SASDUQ5_fit1_model2.pdb,
SASDUR2,ok,924.0,1374.0,5.15,"[-0.8, 3.7, -3.5]","[-0.0, -0.0, -0.0]",17.476,17.951,0.587,12.858,9.241,97.5,98.5,SASDUR2_fit1_model1.pdb,
SASDUR3,ok,51.0,195.0,32.97,"[1.6, -24.5, -22.3]","[-0.1, 0.3, -0.7]",14.021,22.522,0.824,17.922,12.17,4.0,98.5,SASDUR3_fit1_model1.pdb,
SASDUR3,ok,51.0,195.0,39.56,"[37.1, -0.2, 12.7]","[-0.1, 0.3, -0.7]",24.682,32.574,0.902,31.503,23.948,3.0,66.5,SASDUR3_fit1_model2.pdb,
SASDUR3,ok,51.0,195.0,32.89,"[-31.2, 11.1, 0.3]","[-0.1, 0.3, -0.7]",20.799,19.843,0.765,27.182,19.405,2.0,0.5,SASDUR3_fit1_model3.pdb,
SASDUR3,ok,51.0,195.0,14.99,"[2.3, -9.7, -11.6]","[-0.1, 0.3, -0.7]",9.233,11.5,0.529,9.897,6.682,33.0,93.5,SASDUR3_fit1_model4.pdb,
SASDUR3,ok,51.0,195.0,38.39,"[-6.2, -26.7, 25.9]","[-0.1, 0.3, -0.7]",24.054,31.196,0.941,31.362,22.418,4.0,47.5,SASDUR3_fit1_model5.pdb,
SASDUR3,ok,51.0,195.0,25.72,"[16.9, 19.4, 2.1]","[-0.1, 0.3, -0.7]",17.501,17.52,0.706,19.406,14.334,22.5,23.5,SASDUR3_fit1_model6.pdb,
SASDUR3,ok,51.0,195.0,36.34,"[-30.4, 1.1, 19.4]","[-0.1, 0.3, -0.7]",21.979,28.962,0.941,26.477,21.217,1.5,94.0,SASDUR3_fit1_model7.pdb,
SASDUR3,ok,51.0,195.0,16.99,"[4.0, -10.6, -13.1]","[-0.1, 0.3, -0.7]",14.798,16.567,0.902,14.629,6.866,52.0,83.0,SASDUR3_fit1_model8.pdb,
SASDUR4,ok,1556.0,918.0,65.35,"[-34.2, 55.7, -0.0]","[-0.0, -0.0, 0.0]",32.29,32.098,0.892,31.634,27.036,58.5,55.5,SASDUR4_fit1_model1.pdb,
SASDUR5,ok,4104.0,1456.0,297.26,"[171.9, 171.7, 171.3]","[0.0, 0.0, 0.0]",236.172,236.494,1.0,238.45,232.986,31.0,35.0,SASDUR5_fit1_model1.pdb,
SASDUS2,ok,925.0,651.0,58.83,"[-18.5, 55.8, -0.2]","[0.0, -0.0, -0.0]",31.766,32.687,0.932,28.101,22.453,95.5,98.5,SASDUS2_fit1_model1.pdb,
SASDUS8,ok,616.0,1041.0,81.29,"[-14.4, -76.5, 23.4]","[0.0, 0.0, 0.0]",68.659,68.282,1.0,67.253,62.359,80.5,72.0,SASDUS8_fit1_model1.pdb,
SASDUS8,coordenadas_vazias,,,,,,,,,,,,,SASDUS8_fit2_model1.pdb,
SASDUT2,ok,146.0,272.0,14.81,"[1.9, 13.7, -5.1]","[0.0, -0.1, 0.0]",21.154,10.425,0.836,16.463,7.984,96.5,11.5,SASDUT2_fit1_model1.pdb,
SASDUT6,ok,523.0,1094.0,1.66,"[-1.6, -0.2, 0.1]","[0.0, -0.0, -0.0]",54.656,52.679,0.727,43.348,13.311,93.5,85.5,SASDUT6_fit1_model1.pdb,
SASDUT8,ok,1378.0,1075.0,123.18,"[-101.1, 16.2, 68.5]","[-0.0, -0.0, 0.0]",93.779,94.758,1.0,100.148,88.029,17.5,22.0,SASDUT8_fit1_model1.pdb,
SASDUT8,coordenadas_vazias,,,,,,,,,,,,,SASDUT8_fit2_model1.pdb,
SASDUU2,ok,125.0,403.0,7.46,"[0.2, -5.9, 4.1]","[-0.1, 0.2, -0.2]",12.687,12.839,0.752,11.897,4.647,56.5,59.5,SASDUU2_fit1_model1.pdb,
SASDUU5,ok,826.0,1159.0,101.7,"[54.5, 85.5, -8.3]","[-0.0, 0.0, -0.0]",59.9,59.935,0.988,54.911,37.843,82.0,82.0,SASDUU5_fit1_model1.pdb,
SASDUU6,ok,409.0,885.0,4.95,"[-2.0, 2.0, -4.0]","[0.0, 0.0, 0.0]",30.25,27.732,0.822,42.173,9.275,30.0,26.0,SASDUU6_fit1_model1.pdb,
SASDUU8,ok,1994.0,1883.0,5.96,"[5.4, 0.2, -2.6]","[0.0, 0.0, -0.0]",20.253,19.341,0.711,15.933,4.533,87.0,72.5,SASDUU8_fit1_model1.pdb,
SASDUU8,coordenadas_vazias,,,,,,,,,,,,,SASDUU8_fit2_model1.pdb,
SASDUV5,ok,730.0,358.0,58.99,"[24.1, 51.2, 16.3]","[0.0, -0.1, -0.1]",39.017,43.913,0.94,41.243,32.449,35.5,66.0,SASDUV5_fit1_model1.pdb,
SASDUV6,ok,619.0,969.0,6.9,"[0.7, 0.1, 6.9]","[0.0, 0.0, -0.0]",17.754,16.125,0.36,48.772,13.359,2.5,1.0,SASDUV6_fit1_model1.pdb,
SASDUV8,ok,616.0,1178.0,79.63,"[-12.7, -74.8, 24.0]","[0.0, 0.0, 0.0]",59.566,60.937,1.0,57.774,53.122,72.5,97.5,SASDUV8_fit1_model1.pdb,
SASDUW2,ok,1269.0,309.0,9.53,"[3.4, -8.9, 1.1]","[0.1, -0.0, -0.1]",13.389,11.149,0.716,17.777,6.792,20.5,10.0,SASDUW2_fit1_model1.pdb,
SASDUW3,ok,717.0,1280.0,52.55,"[-3.3, -48.4, 20.2]","[0.0, -0.0, 0.0]",36.422,33.226,0.962,28.569,18.602,95.0,82.0,SASDUW3_fit1_model1.pdb,
SASDUW3,ok,717.0,1280.0,52.55,"[-3.3, -48.4, 20.2]","[0.0, -0.0, 0.0]",33.83,28.564,0.934,26.084,17.819,99.5,72.5,SASDUW3_fit2_model1.pdb,
SASDUW3,ok,717.0,1280.0,52.55,"[-3.3, -48.4, 20.2]","[0.0, -0.0, 0.0]",32.421,31.369,0.946,27.25,17.602,87.5,83.5,SASDUW3_fit3_model1.pdb,
SASDUW5,ok,166.0,262.0,14.33,"[-1.0, 13.2, -5.4]","[-0.1, -0.0, -0.0]",21.458,15.696,0.801,19.23,12.221,72.5,25.0,SASDUW5_fit1_model1.pdb,
SASDUW5,ok,331.0,262.0,24.75,"[-0.2, 23.4, 8.0]","[-0.1, -0.0, -0.0]",20.203,26.586,0.541,20.982,14.915,44.0,98.0,SASDUW5_fit2_model1.pdb,
SASDUW6,ok,3474.0,3447.0,0.01,"[-0.0, 0.0, 0.0]","[-0.0, -0.0, -0.0]",1.819,2.458,0.18,9.297,2.174,0.0,1.5,SASDUW6_fit1_model1.pdb,
SASDUW6,ok,236.0,3447.0,4.06,"[-2.7, 1.7, -2.5]","[-0.0, -0.0, -0.0]",9.861,9.031,0.53,10.883,3.387,37.0,30.0,SASDUW6_fit2_model1.pdb,
SASDUW8,ok,616.0,1414.0,66.73,"[34.9, 55.6, 11.7]","[0.0, -0.0, -0.0]",52.951,53.116,1.0,51.339,46.031,85.5,92.0,SASDUW8_fit1_model1.pdb,
SASDUX3,ok,6375.0,125.0,7.6,"[-0.4, 0.0, -0.1]","[5.6, 4.5, -1.2]",54.498,54.742,0.996,56.171,51.618,32.5,35.5,SASDUX3_fit1_model1.pdb,
SASDUX3,ok,3000.0,125.0,16.18,"[-0.2, 1.6, 13.7]","[5.6, 4.5, -1.2]",26.44,26.375,0.993,27.936,24.364,28.5,26.0,SASDUX3_fit2_model1.pdb,
SASDUX3,ok,1810.0,125.0,249.4,"[146.2, 147.5, 147.1]","[5.6, 4.5, -1.2]",214.802,215.157,1.0,221.702,199.958,26.5,28.0,SASDUX3_fit3_model1.pdb,
SASDUX5,ok,179.0,2357.0,28.79,"[10.9, -6.9, 25.8]","[-0.0, -0.0, 0.0]",15.309,15.173,0.704,16.129,14.038,26.0,19.5,SASDUX5_fit1_model1.pdb,
SASDUX5,ok,358.0,2357.0,11.59,"[3.6, -9.9, -4.9]","[-0.0, -0.0, 0.0]",9.035,8.722,0.52,7.797,5.341,81.0,76.5,SASDUX5_fit2_model1.pdb,
SASDUX6,ok,4832.0,4781.0,0.01,"[0.0, 0.0, 0.0]","[0.0, -0.0, -0.0]",1.604,2.076,0.147,6.683,1.881,0.0,1.5,SASDUX6_fit1_model1.pdb,
SASDUX6,ok,164.0,4781.0,21.18,"[-2.1, -3.7, 20.8]","[0.0, -0.0, -0.0]",11.327,12.847,0.61,9.797,5.861,83.5,100.0,SASDUX6_fit2_model1.pdb,
SASDUX8,ok,1378.0,571.0,124.48,"[-101.2, 16.0, 70.7]","[0.0, 0.0, 0.0]",94.351,97.377,1.0,102.126,90.866,11.0,24.5,SASDUX8_fit1_model1.pdb,
SASDUY5,ok,689.0,1602.0,6.51,"[-1.0, 4.0, 5.0]","[0.0, 0.0, -0.0]",10.763,11.496,0.315,12.324,7.825,31.5,40.5,SASDUY5_fit1_model1.pdb,
SASDUY5,ok,179.0,1602.0,28.8,"[10.9, -6.9, 25.8]","[0.0, 0.0, -0.0]",17.592,17.895,0.626,17.794,15.561,41.0,55.0,SASDUY5_fit2_model1.pdb,
SASDUY6,ok,2420.0,2385.0,0.01,"[0.0, 0.0, 0.0]","[-0.0, -0.0, -0.0]",2.298,3.124,0.238,6.275,2.707,0.0,2.5,SASDUY6_fit1_model1.pdb,
SASDUY6,ok,394.0,2385.0,1.15,"[0.2, -1.1, 0.1]","[-0.0, -0.0, -0.0]",5.369,5.671,0.368,6.662,4.329,12.0,21.0,SASDUY6_fit2_model1.pdb,
SASDUZ6,ok,1027.0,1026.0,0.03,"[-0.0, 0.0, 0.0]","[0.0, -0.0, -0.0]",3.926,6.223,0.368,5.39,2.796,5.0,83.0,SASDUZ6_fit1_model1.pdb,
SASDUZ6,ok,319.0,1026.0,16.56,"[-9.7, -4.0, 12.8]","[0.0, -0.0, -0.0]",9.472,10.29,0.589,8.557,6.416,80.5,93.5,SASDUZ6_fit2_model1.pdb,
SASDV25,ok,1177.0,1283.0,27.58,"[7.4, -1.6, 26.6]","[0.0, -0.0, 0.0]",17.566,17.367,0.851,18.173,16.784,23.0,17.0,SASDV25_fit1_model1.pdb,
SASDV25,ok,1261.0,1283.0,78.14,"[-4.0, 68.4, -37.5]","[0.0, -0.0, 0.0]",55.777,56.645,1.0,57.748,46.028,25.5,38.5,SASDV25_fit2_model1.pdb,
SASDV26,ok,2736.0,1200.0,0.02,"[0.0, -0.0, 0.0]","[-0.0, 0.0, -0.0]",11.254,11.079,0.355,10.118,5.486,83.5,79.0,SASDV26_fit1_model1.pdb,
SASDV39,ok,586.0,1413.0,0.79,"[0.7, -0.4, -0.1]","[0.0, 0.0, -0.0]",4.374,5.048,0.145,4.756,3.829,16.5,82.5,SASDV39_fit1_model1.pdb,
SASDV39,ok,293.0,1413.0,1.84,"[-0.0, -1.8, 0.4]","[0.0, 0.0, -0.0]",5.759,6.262,0.048,6.236,4.961,26.0,52.0,SASDV39_fit2_model1.pdb,
SASDV46,ok,130.0,93.0,36.88,"[-9.8, -23.5, 30.0]","[5.1, -4.7, 2.0]",24.285,26.191,0.923,25.621,16.178,35.0,54.5,SASDV46_fit1_model1.pdb,
SASDV46,ok,130.0,93.0,96.49,"[67.4, 51.8, 49.2]","[5.1, -4.7, 2.0]",84.109,81.93,1.0,76.744,61.927,97.0,85.5,SASDV46_fit2_model1.pdb,
SASDV49,ok,225.0,990.0,3.8,"[-0.8, 2.0, 3.1]","[0.0, 0.0, -0.0]",6.49,7.374,0.222,6.461,4.335,53.0,93.0,SASDV49_fit1_model1.pdb,
SASDV49,ok,450.0,990.0,2.44,"[2.4, -0.2, -0.4]","[0.0, 0.0, -0.0]",5.625,6.584,0.371,6.649,4.862,12.0,43.5,SASDV49_fit2_model1.pdb,
SASDV54,coordenadas_vazias,,,,,,,,,,,,,SASDV54_fit1_model1.png,
SASDV56,ok,207.0,277.0,47.56,"[5.4, 45.2, -14.1]","[-0.0, 0.1, 0.0]",22.402,23.647,0.802,23.98,17.087,33.0,47.0,SASDV56_fit1_model1.pdb,
SASDV56,ok,207.0,277.0,127.18,"[73.7, 90.3, 51.0]","[-0.0, 0.1, 0.0]",97.032,75.057,1.0,103.16,73.746,23.5,1.0,SASDV56_fit2_model1.pdb,
SASDV66,ok,207.0,320.0,55.69,"[-46.9, -5.5, 29.2]","[0.2, 0.1, 0.1]",36.816,36.081,1.0,39.961,31.852,12.5,9.0,SASDV66_fit1_model1.pdb,
SASDV76,ok,284.0,391.0,53.22,"[-50.9, -1.3, -15.4]","[0.0, 0.0, -0.0]",45.201,47.504,1.0,39.426,31.951,93.5,99.5,SASDV76_fit1_model1.pdb,
SASDV76,ok,284.0,391.0,113.15,"[80.5, 58.3, 54.1]","[0.0, 0.0, -0.0]",87.606,89.597,1.0,88.719,81.199,40.5,57.5,SASDV76_fit2_model1.pdb,
SASDV83,ok,233.0,153.0,6.83,"[2.5, 5.7, -2.5]","[0.1, -0.3, -0.2]",19.815,21.215,0.627,27.69,14.004,10.0,15.0,SASDV83_fit1_model1.pdb,
SASDV83,ok,224.0,153.0,10.35,"[4.2, -9.6, 1.5]","[0.1, -0.3, -0.2]",32.308,34.57,0.79,27.364,13.603,78.0,87.5,SASDV83_fit2_model1.pdb,
SASDV83,ok,362.0,153.0,5.86,"[-0.8, -4.8, -3.9]","[0.1, -0.3, -0.2]",32.914,27.255,0.82,27.336,12.314,81.5,49.5,SASDV83_fit3_model1.pdb,
SASDV93,ok,254.0,175.0,7.83,"[5.7, 4.2, 2.0]","[-0.3, -0.3, -0.0]",34.362,23.15,0.799,28.376,12.48,89.0,28.5,SASDV93_fit1_model1.pdb,
SASDV93,ok,255.0,175.0,6.02,"[2.3, 4.9, -1.8]","[-0.3, -0.3, -0.0]",33.194,21.556,0.796,28.005,11.796,91.5,25.0,SASDV93_fit2_model1.pdb,
SASDV93,ok,254.0,175.0,4.09,"[1.3, 2.3, -2.7]","[-0.3, -0.3, -0.0]",31.339,21.494,0.752,27.629,10.446,75.0,25.0,SASDV93_fit3_model1.pdb,
SASDV98,ok,1932.0,1189.0,65.84,"[-4.3, -17.5, -63.3]","[0.0, -0.0, 0.0]",28.725,28.997,0.872,30.083,24.731,26.0,32.0,SASDV98_fit1_model1.pdb,
SASDV98,ok,1932.0,1189.0,66.72,"[-5.1, -17.4, -64.2]","[0.0, -0.0, 0.0]",29.867,31.637,0.873,30.652,26.788,32.5,75.5,SASDV98_fit1_model2.pdb,
SASDV98,ok,1932.0,1189.0,66.65,"[-6.0, -17.6, -64.0]","[0.0, -0.0, 0.0]",29.839,31.527,0.873,30.206,26.316,39.0,72.0,SASDV98_fit1_model3.pdb,
SASDV98,ok,1932.0,1189.0,65.41,"[-4.8, -16.6, -63.1]","[0.0, -0.0, 0.0]",27.78,28.133,0.858,29.352,25.018,14.0,19.5,SASDV98_fit1_model4.pdb,
SASDVA8,ok,220.0,1729.0,22.93,"[15.8, -14.3, 8.4]","[-0.0, -0.0, 0.0]",10.878,12.406,0.527,11.661,9.371,26.5,66.0,SASDVA8_fit1_model1.pdb,
SASDVA8,ok,220.0,1729.0,17.18,"[15.0, -5.8, -6.0]","[-0.0, -0.0, 0.0]",14.295,14.207,0.568,14.323,6.844,50.0,48.5,SASDVA8_fit1_model2.pdb,
SASDVA8,ok,220.0,1729.0,27.36,"[18.4, -19.2, 6.5]","[-0.0, -0.0, 0.0]",12.904,14.314,0.591,13.389,9.84,40.0,73.0,SASDVA8_fit1_model3.pdb,
SASDVB8,ok,880.0,929.0,0.04,"[0.0, -0.0, -0.0]","[-0.0, 0.0, 0.0]",8.971,6.104,0.431,8.197,4.642,85.5,14.0,SASDVB8_fit1_model1.pdb,
SASDVC3,ok,797.0,1161.0,3.82,"[-3.6, 1.3, -0.1]","[0.0, -0.0, 0.0]",4.04,3.817,0.371,4.057,2.606,47.5,34.0,SASDVC3_fit1_model1.pdb,
SASDVC7,ok,1976.0,979.0,2.05,"[0.4, 1.9, 0.5]","[-0.0, -0.0, -0.0]",10.125,10.455,0.309,9.93,6.091,55.5,66.5,SASDVC7_fit1_model1.pdb,
SASDVC9,ok,245.0,166.0,7.34,"[-4.2, 3.6, -4.2]","[0.0, -0.0, 0.6]",24.756,28.309,0.596,32.461,16.056,14.0,30.0,SASDVC9_fit1_model1.pdb,
SASDVC9,ok,240.0,166.0,4.95,"[1.3, -1.8, 5.0]","[0.0, -0.0, 0.6]",31.066,37.39,0.646,32.722,21.414,39.0,71.0,SASDVC9_fit2_model1.pdb,
SASDVC9,ok,238.0,166.0,6.17,"[-2.3, -3.6, 5.1]","[0.0, -0.0, 0.6]",25.526,28.832,0.664,32.526,21.375,15.0,28.5,SASDVC9_fit3_model1.pdb,
SASDVD6,ok,101.0,3958.0,0.49,"[-0.1, -0.2, -0.4]","[0.0, 0.0, -0.0]",3.61,4.385,0.119,4.964,2.48,12.5,30.5,SASDVD6_fit1_model1.pdb,
SASDVD6,ok,101.0,3958.0,0.49,"[-0.1, -0.2, -0.4]","[0.0, 0.0, -0.0]",3.61,4.385,0.119,4.964,2.48,12.5,30.5,SASDVD6_fit2_model1.pdb,
SASDVD7,ok,366.0,1383.0,1.29,"[-0.9, 0.9, -0.4]","[0.0, 0.0, 0.0]",4.684,4.23,0.295,4.092,3.38,88.5,64.0,SASDVD7_fit1_model1.pdb,
SASDVD9,ok,208.0,151.0,23.49,"[6.2, 6.8, -1.5]","[12.6, -1.4, -22.6]",26.812,35.9,0.635,33.384,22.838,7.5,71.5,SASDVD9_fit1_model1.pdb,
SASDVD9,ok,201.0,151.0,25.47,"[-3.7, -5.7, -3.4]","[12.6, -1.4, -22.6]",30.786,34.655,0.642,32.985,22.629,27.0,62.5,SASDVD9_fit2_model1.pdb,
SASDVD9,ok,206.0,151.0,25.9,"[-5.9, 0.5, -4.5]","[12.6, -1.4, -22.6]",35.681,25.952,0.636,32.615,23.873,68.0,2.5,SASDVD9_fit3_model1.pdb,
SASDVE2,ok,4380.0,945.0,0.04,"[-0.0, 0.0, -0.0]","[-0.0, 0.0, -0.0]",4.363,2.87,0.16,4.579,2.859,17.5,0.5,SASDVE2_fit1_model1.pdb,
SASDVE6,ok,100.0,1373.0,0.77,"[0.4, 0.2, -0.7]","[0.0, 0.0, -0.0]",3.944,4.469,0.18,5.353,3.006,11.0,16.5,SASDVE6_fit1_model1.pdb,
SASDVE6,ok,100.0,1373.0,0.77,"[0.4, 0.2, -0.7]","[0.0, 0.0, -0.0]",3.944,4.469,0.18,5.353,3.006,11.0,16.5,SASDVE6_fit2_model1.pdb,
SASDVE7,ok,2532.0,692.0,16.66,"[9.3, 13.5, -2.8]","[-0.0, -0.0, -0.0]",13.947,14.197,0.404,12.264,8.376,91.0,94.0,SASDVE7_fit1_model1.pdb,
SASDVE9,ok,240.0,213.0,6.41,"[-3.6, 0.8, 5.2]","[-0.1, -0.0, -0.1]",34.584,37.696,0.796,29.131,13.073,95.5,100.0,SASDVE9_fit1_model1.pdb,
SASDVE9,ok,236.0,213.0,8.36,"[-7.6, 3.3, 1.3]","[-0.1, -0.0, -0.1]",29.03,28.762,0.674,27.79,12.861,57.0,55.0,SASDVE9_fit2_model1.pdb,
SASDVE9,ok,231.0,213.0,5.86,"[0.0, 5.8, -0.8]","[-0.1, -0.0, -0.1]",29.735,33.231,0.684,29.417,12.804,54.0,86.5,SASDVE9_fit3_model1.pdb,
SASDVF6,ok,233.0,337.0,55.29,"[-21.1, 49.6, 12.8]","[0.1, 0.1, 0.3]",19.505,28.257,0.901,30.694,16.989,5.0,42.0,SASDVF6_fit1_model1.pdb,
SASDVF6,ok,233.0,337.0,55.37,"[-36.6, 37.3, -18.2]","[0.1, 0.1, 0.3]",20.951,26.927,0.88,32.211,20.579,0.5,15.5,SASDVF6_fit1_model2.pdb,
SASDVF6,ok,233.0,337.0,64.28,"[57.7, 28.3, 4.1]","[0.1, 0.1, 0.3]",38.724,40.006,0.966,51.958,37.371,3.0,7.0,SASDVF6_fit1_model3.pdb,
SASDVF6,ok,233.0,337.0,76.74,"[-67.2, -23.4, -28.2]","[0.1, 0.1, 0.3]",44.207,63.912,0.961,65.585,42.156,2.0,43.0,SASDVF6_fit1_model4.pdb,
SASDVF6,ok,233.0,337.0,56.15,"[-15.6, -27.9, -45.8]","[0.1, 0.1, 0.3]",31.391,43.91,0.884,42.562,29.601,3.0,61.5,SASDVF6_fit1_model5.pdb,
SASDVF6,ok,233.0,337.0,48.56,"[17.8, -41.5, 18.0]","[0.1, 0.1, 0.3]",20.715,21.808,0.961,27.538,19.595,2.0,4.5,SASDVF6_fit1_model6.pdb,
SASDVF6,ok,233.0,337.0,41.42,"[5.1, 41.2, 1.1]","[0.1, 0.1, 0.3]",20.338,19.875,0.876,24.402,19.038,4.0,1.0,SASDVF6_fit1_model7.pdb,
SASDVF6,ok,233.0,337.0,55.44,"[19.7, 20.8, 47.8]","[0.1, 0.1, 0.3]",32.754,44.122,0.961,43.154,32.151,1.5,59.0,SASDVF6_fit1_model8.pdb,
SASDVG2,ok,1338.0,292.0,39.99,"[25.6, 29.8, 10.2]","[0.2, 0.4, 0.5]",33.959,32.697,0.823,29.259,13.987,86.5,76.0,SASDVG2_fit1_model1.pdb,
SASDVG2,ok,1338.0,292.0,31.56,"[21.7, 11.8, 20.7]","[0.2, 0.4, 0.5]",31.955,30.083,0.818,26.508,16.248,92.0,75.5,SASDVG2_fit2_model1.pdb,
SASDVG2,ok,1338.0,292.0,14.98,"[-5.9, 7.8, 11.9]","[0.2, 0.4, 0.5]",24.304,14.66,0.736,25.761,14.299,42.0,1.0,SASDVG2_fit2_model2.pdb,
SASDVG2,ok,1338.0,292.0,21.21,"[12.9, 6.8, 16.3]","[0.2, 0.4, 0.5]",19.29,16.492,0.637,23.042,12.544,21.0,8.5,SASDVG2_fit3_model1.pdb,
SASDVG2,ok,1338.0,292.0,18.63,"[16.6, 5.7, 7.7]","[0.2, 0.4, 0.5]",30.413,20.938,0.869,27.86,9.524,64.0,17.5,SASDVG2_fit3_model2.pdb,
SASDVG2,ok,1338.0,292.0,15.84,"[-10.1, 10.5, 7.0]","[0.2, 0.4, 0.5]",32.307,25.968,0.778,26.52,9.651,86.5,45.0,SASDVG2_fit3_model3.pdb,
SASDVG4,ok,586.0,1226.0,0.8,"[0.7, -0.4, -0.1]","[0.0, 0.0, 0.0]",4.741,4.529,0.225,5.132,4.148,18.5,10.5,SASDVG4_fit1_model1.pdb,
SASDVG4,ok,293.0,1226.0,1.85,"[-0.0, -1.8, 0.4]","[0.0, 0.0, 0.0]",7.633,6.059,0.259,6.406,4.889,91.0,33.0,SASDVG4_fit1_model2.pdb,
SASDVG4,ok,293.0,1226.0,1.85,"[-0.0, -1.8, 0.4]","[0.0, 0.0, 0.0]",7.633,6.059,0.259,6.406,4.889,91.0,33.0,SASDVG4_fit2_model1.pdb,
SASDVG4,ok,586.0,1226.0,0.8,"[0.7, -0.4, -0.1]","[0.0, 0.0, 0.0]",4.741,4.529,0.225,5.132,4.148,18.5,10.5,SASDVG4_fit3_model1.pdb,
SASDVG6,ok,2248.0,1067.0,71.06,"[-69.2, 6.1, -14.9]","[-0.0, -0.0, -0.0]",40.946,39.722,0.989,33.782,31.34,99.0,96.5,SASDVG6_fit1_model1.pdb,
SASDVG6,ok,1512.0,1067.0,71.28,"[-69.4, 6.0, -15.3]","[-0.0, -0.0, -0.0]",39.471,38.139,0.99,33.361,29.275,97.5,93.0,SASDVG6_fit2_model1.pdb,
SASDVH2,ok,1318.0,2191.0,45.81,"[-10.2, 17.9, 40.9]","[-0.0, 0.0, 0.0]",25.255,23.108,0.934,24.899,21.339,53.5,16.0,SASDVH2_fit1_model1.pdb,
SASDVH2,ok,1318.0,2191.0,45.81,"[-10.2, 17.9, 40.9]","[-0.0, 0.0, 0.0]",25.255,23.108,0.934,24.899,21.339,53.5,16.0,SASDVH2_fit2_model1.pdb,
SASDVH2,ok,1318.0,2191.0,50.62,"[24.1, 42.0, 14.9]","[-0.0, 0.0, 0.0]",39.094,34.684,0.918,30.482,18.833,96.5,79.5,SASDVH2_fit2_model2.pdb,
SASDVH2,ok,1318.0,2191.0,45.81,"[-10.2, 17.9, 40.9]","[-0.0, 0.0, 0.0]",25.255,23.108,0.934,24.899,21.339,53.5,16.0,SASDVH2_fit3_model1.pdb,
SASDVH2,ok,1318.0,2191.0,62.56,"[12.3, 28.1, 54.5]","[-0.0, 0.0, 0.0]",31.823,33.26,0.878,35.326,28.556,12.0,24.5,SASDVH2_fit3_model2.pdb,
SASDVH2,ok,1318.0,2191.0,50.62,"[24.1, 42.0, 14.9]","[-0.0, 0.0, 0.0]",39.094,34.684,0.918,30.482,18.833,96.5,79.5,SASDVH2_fit3_model3.pdb,
SASDVH4,ok,225.0,835.0,3.74,"[-0.8, 2.0, 3.1]","[0.0, 0.1, 0.0]",7.255,7.312,0.262,7.136,4.889,55.5,56.0,SASDVH4_fit1_model1.pdb,
SASDVH4,ok,450.0,835.0,2.46,"[2.4, -0.2, -0.4]","[0.0, 0.1, 0.0]",8.573,7.646,0.502,7.407,5.012,87.5,57.5,SASDVH4_fit2_model1.pdb,
SASDVH7,ok,167.0,986.0,23.33,"[20.8, -2.5, 10.2]","[-0.0, 0.0, 0.0]",10.129,11.973,0.683,11.042,9.514,8.0,82.0,SASDVH7_fit1_model1.pdb,
SASDVJ4,ok,518.0,1008.0,3.38,"[1.7, 1.5, -2.5]","[0.0, -0.0, -0.0]",5.63,5.547,0.141,6.767,4.87,7.0,6.0,SASDVJ4_fit1_model1.pdb,
SASDVJ6,ok,3616.0,954.0,2.25,"[0.4, -1.2, -1.9]","[-0.0, -0.0, -0.0]",8.69,7.736,0.324,9.284,6.119,33.0,20.0,SASDVJ6_fit1_model1.pdb,
SASDVJ6,coordenadas_vazias,,,,,,,,,,,,,SASDVJ6_fit2_model1.pdb,
SASDVJ9,ok,1546.0,1529.0,18.6,"[-0.0, -0.0, 18.6]","[0.0, 0.0, -0.0]",16.984,16.45,0.592,19.164,12.609,27.0,22.0,SASDVJ9_fit1_model1.pdb,
SASDVK2,ok,223.0,1079.0,2.1,"[1.6, 1.4, -0.1]","[0.0, -0.0, 0.0]",3.383,3.341,0.17,3.544,3.095,22.5,17.0,SASDVK2_fit1_model1.pdb,
SASDVK4,ok,434.0,991.0,30.04,"[-4.4, 19.5, -22.5]","[0.0, 0.0, -0.0]",14.378,15.183,0.747,15.337,13.117,20.0,44.0,SASDVK4_fit1_model1.pdb,
SASDVK6,ok,3616.0,968.0,2.32,"[-2.0, -1.0, -0.4]","[0.0, -0.0, 0.0]",6.301,11.981,0.179,8.934,5.294,4.5,97.5,SASDVK6_fit1_model1.pdb,
SASDVK6,coordenadas_vazias,,,,,,,,,,,,,SASDVK6_fit2_model1.pdb,
SASDVL2,ok,558.0,717.0,1.04,"[-0.4, -0.5, 0.8]","[0.0, 0.0, 0.0]",7.888,8.621,0.423,8.189,4.906,43.5,58.5,SASDVL2_fit1_model1.pdb,
SASDVL4,ok,432.0,2605.0,52.18,"[6.9, -31.3, -41.2]","[0.0, -0.0, -0.0]",30.334,27.18,0.991,31.04,25.022,39.5,12.5,SASDVL4_fit1_model1.pdb,
SASDVL5,ok,62.0,162.0,32.71,"[-0.2, 32.3, 6.3]","[-0.3, 0.2, -0.2]",23.392,23.481,0.952,26.465,22.18,11.0,11.0,SASDVL5_fit1_model1.pdb,
SASDVL6,ok,3476.0,1052.0,1.6,"[0.2, 0.5, -1.5]","[-0.0, -0.0, -0.0]",10.264,8.158,0.407,8.459,5.545,93.0,46.5,SASDVL6_fit1_model1.pdb,
SASDVL6,coordenadas_vazias,,,,,,,,,,,,,SASDVL6_fit2_model1.pdb,
SASDVL9,ok,1288.0,1765.0,0.37,"[0.0, 0.0, -0.4]","[0.0, 0.0, -0.0]",9.868,9.818,0.35,13.744,5.989,15.0,15.0,SASDVL9_fit1_model1.pdb,
SASDVM2,ok,1068.0,958.0,11.35,"[5.0, -10.0, -1.9]","[-0.0, 0.0, -0.0]",6.443,7.841,0.32,8.631,5.519,3.5,23.0,SASDVM2_fit1_model1.pdb,
SASDVM4,ok,424.0,895.0,27.96,"[26.5, -4.0, 8.1]","[-0.0, -0.0, 0.0]",14.116,11.45,0.776,13.262,10.534,75.5,13.5,SASDVM4_fit1_model1.pdb,
SASDVM6,ok,1738.0,955.0,1.48,"[-0.1, 0.6, -1.3]","[0.0, -0.0, 0.0]",6.74,9.319,0.303,8.473,4.964,15.5,66.0,SASDVM6_fit1_model1.pdb,
SASDVM6,coordenadas_vazias,,,,,,,,,,,,,SASDVM6_fit2_model1.pdb,
SASDVM9,ok,1288.0,1673.0,9.52,"[-0.0, 0.0, -9.5]","[0.0, 0.0, 0.0]",10.272,10.491,0.443,13.579,8.085,11.0,14.0,SASDVM9_fit1_model1.pdb,
SASDVN2,ok,211.0,2323.0,72.91,"[17.8, 56.8, 42.2]","[-0.0, 0.0, -0.0]",51.61,42.543,1.0,50.426,40.305,60.5,5.5,SASDVN2_fit1_model1.pdb,
SASDVN2,ok,211.0,2323.0,69.29,"[4.5, 59.9, 34.5]","[-0.0, 0.0, -0.0]",49.321,46.803,1.0,49.052,42.139,52.0,31.0,SASDVN2_fit2_model1.pdb,
SASDVN2,ok,211.0,2323.0,65.07,"[11.1, 52.3, 37.1]","[-0.0, 0.0, -0.0]",40.828,34.743,1.0,43.86,34.455,34.0,1.0,SASDVN2_fit2_model2.pdb,
SASDVN2,ok,211.0,2323.0,61.6,"[13.8, 56.1, 21.5]","[-0.0, 0.0, -0.0]",35.879,40.435,1.0,42.962,35.369,2.0,33.5,SASDVN2_fit3_model1.pdb,
SASDVN2,ok,211.0,2323.0,65.07,"[11.1, 52.3, 37.1]","[-0.0, 0.0, -0.0]",40.828,34.743,1.0,43.86,34.455,34.0,1.0,SASDVN2_fit3_model2.pdb,
SASDVN2,ok,211.0,2323.0,74.63,"[10.4, 61.2, 41.4]","[-0.0, 0.0, -0.0]",53.97,46.84,1.0,52.932,44.81,59.5,7.5,SASDVN2_fit3_model3.pdb,
SASDVN4,ok,411.0,2212.0,48.84,"[9.1, -44.6, -17.8]","[-0.0, -0.0, -0.0]",26.984,22.879,0.998,26.042,22.045,64.0,6.5,SASDVN4_fit1_model1.pdb,
SASDVP2,ok,2179.0,1307.0,37.01,"[32.2, -1.9, 18.1]","[0.0, 0.0, 0.0]",17.429,19.366,0.465,22.829,12.995,14.0,21.5,SASDVP2_fit1_model1.pdb,
SASDVP2,ok,4360.0,1307.0,31.26,"[30.1, -3.0, 7.9]","[0.0, 0.0, 0.0]",14.562,15.211,0.437,18.792,10.326,16.5,19.5,SASDVP2_fit2_model1.pdb,
SASDVP2,ok,6540.0,1307.0,32.7,"[29.6, -5.5, 12.9]","[0.0, 0.0, 0.0]",13.19,13.344,0.416,18.363,11.151,9.0,9.5,SASDVP2_fit3_model1.pdb,
SASDVP4,ok,428.0,1057.0,48.61,"[9.3, -44.3, -17.6]","[0.0, -0.0, -0.0]",26.672,22.815,0.958,26.613,22.035,51.0,3.5,SASDVP4_fit1_model1.pdb,
SASDVQ4,ok,428.0,936.0,114.63,"[77.1, 76.8, 36.0]","[0.0, 0.0, -0.0]",82.782,80.736,1.0,85.47,80.181,23.5,4.0,SASDVQ4_fit1_model1.pdb,
SASDVQ6,ok,1442.0,1273.0,6.09,"[5.2, 0.2, -3.2]","[-0.0, -0.0, -0.0]",14.886,10.33,0.54,15.617,10.929,41.5,0.0,SASDVQ6_fit1_model1.pdb,
SASDVQ6,ok,1442.0,1273.0,260.91,"[158.2, 149.8, 143.4]","[-0.0, -0.0, -0.0]",197.92,213.514,1.0,209.105,194.814,8.0,65.5,SASDVQ6_fit2_model1.pdb,
SASDVQ6,ok,1447.0,1273.0,42.28,"[-7.9, -18.5, 37.2]","[-0.0, -0.0, -0.0]",25.383,24.361,0.73,26.961,21.724,30.5,16.0,SASDVQ6_fit3_model1.pdb,
SASDVQ7,ok,203.0,84.0,18.96,"[7.4, 0.8, 20.1]","[-1.2, -0.3, 3.2]",19.352,21.869,0.399,24.683,18.009,6.0,22.0,SASDVQ7_fit1_model1.pdb,
SASDVQ7,ok,203.0,84.0,58.46,"[-22.8, -31.0, 48.0]","[-1.2, -0.3, 3.2]",27.149,42.446,0.724,41.043,27.597,0.0,62.5,SASDVQ7_fit1_model2.pdb,
SASDVQ7,ok,203.0,84.0,83.57,"[5.5, -2.4, 86.5]","[-1.2, -0.3, 3.2]",32.993,33.982,0.66,60.282,27.588,3.0,3.0,SASDVQ7_fit1_model3.pdb,
SASDVQ7,ok,203.0,84.0,85.45,"[-54.1, -15.0, 68.7]","[-1.2, -0.3, 3.2]",29.922,63.881,0.739,60.399,26.703,3.0,62.5,SASDVQ7_fit1_model4.pdb,
SASDVQ7,ok,203.0,84.0,48.2,"[-11.3, -11.2, 49.1]","[-1.2, -0.3, 3.2]",21.686,30.063,0.468,34.875,19.66,4.0,21.5,SASDVQ7_fit1_model5.pdb,
SASDVQ7,ok,203.0,84.0,95.17,"[-31.0, 4.8, 93.5]","[-1.2, -0.3, 3.2]",27.614,32.29,0.704,65.219,28.519,0.0,1.5,SASDVQ7_fit1_model6.pdb,
SASDVQ9,ok,380.0,1084.0,31.32,"[-19.7, -1.6, 24.3]","[-0.0, 0.0, 0.0]",17.984,26.327,0.568,21.966,16.737,2.5,96.5,SASDVQ9_fit1_model1.pdb,
SASDVR4,coordenadas_vazias,,,,,,,,,,,,,SASDVR4_fit1_model1.pdb,
SASDVR9,ok,231.0,1147.0,3.55,"[-0.9, -2.9, -1.8]","[0.0, 0.0, -0.0]",5.383,5.591,0.346,4.998,4.092,71.5,82.5,SASDVR9_fit1_model1.pdb,
SASDVS4,coordenadas_vazias,,,,,,,,,,,,,SASDVS4_fit1_model1.pdb,
SASDVS5,ok,95.0,203.0,39.17,"[-31.0, 23.8, 2.1]","[0.1, 0.1, 0.3]",13.922,15.381,0.853,23.752,12.934,1.0,3.5,SASDVS5_fit1_model1.pdb,
SASDVT4,coordenadas_vazias,,,,,,,,,,,,,SASDVT4_fit1_model1.pdb,
SASDVT5,ok,480.0,1151.0,3.59,"[-3.6, -0.4, -0.4]","[-0.0, -0.0, -0.0]",3.691,4.374,0.19,5.621,3.67,0.5,9.0,SASDVT5_fit1_model1.pdb,
SASDVT5,ok,417.0,1151.0,25.32,"[-17.8, 12.0, -13.5]","[-0.0, -0.0, -0.0]",12.52,11.922,0.777,11.78,9.453,72.0,55.0,SASDVT5_fit2_model1.pdb,
SASDVU4,coordenadas_vazias,,,,,,,,,,,,,SASDVU4_fit1_model1.pdb,
SASDVU5,ok,417.0,1920.0,25.32,"[-17.8, 12.0, -13.5]","[-0.0, -0.0, -0.0]",15.343,12.424,0.698,12.826,9.443,88.0,37.5,SASDVU5_fit1_model1.pdb,
SASDVV4,ok,1177.0,923.0,27.64,"[7.4, -1.6, 26.6]","[-0.0, -0.0, -0.0]",10.779,10.447,0.752,12.093,10.304,11.0,3.5,SASDVV4_fit1_model1.pdb,
SASDVV6,coordenadas_vazias,,,,,,,,,,,,,SASDVV6_fit1_model1.pdb,
SASDVW3,ok,1096.0,886.0,69.4,"[56.1, -25.5, 31.9]","[0.0, 0.0, -0.0]",28.314,33.597,0.863,32.927,25.484,8.5,57.5,SASDVW3_fit1_model1.pdb,
SASDVW4,ok,1177.0,1010.0,27.61,"[7.4, -1.6, 26.6]","[0.0, -0.0, 0.0]",10.134,9.799,0.783,11.999,9.065,11.5,6.5,SASDVW4_fit1_model1.pdb,
SASDVW5,ok,1664.0,3552.0,17.25,"[-10.9, -7.4, -11.2]","[-0.0, 0.0, -0.0]",13.076,12.275,0.393,22.362,11.512,2.0,1.0,SASDVW5_fit1_model1.pdb,
SASDVW5,ok,1664.0,3552.0,1.36,"[0.0, -1.3, -0.5]","[-0.0, 0.0, -0.0]",10.132,10.197,0.219,12.218,7.398,15.5,15.5,SASDVW5_fit1_model2.pdb,
SASDVW7,ok,522.0,352.0,2.64,"[2.2, 1.3, -0.8]","[0.0, 0.1, 0.1]",9.203,18.226,0.41,14.97,5.334,14.0,95.0,SASDVW7_fit1_model1.pdb,
SASDVW7,ok,521.0,352.0,3.46,"[-1.5, -0.3, 3.1]","[0.0, 0.1, 0.1]",12.189,18.499,0.674,13.653,6.252,32.5,100.0,SASDVW7_fit2_model1.pdb,
SASDVW7,ok,526.0,352.0,4.2,"[-3.0, -2.3, -1.6]","[0.0, 0.1, 0.1]",17.929,7.129,0.656,14.386,6.049,96.0,3.5,SASDVW7_fit3_model1.pdb,
SASDVX2,ok,3078.0,293.0,10.31,"[-0.1, -9.3, -4.4]","[-0.1, 0.1, -0.1]",22.914,24.188,0.845,19.554,8.533,80.5,90.0,SASDVX2_fit1_model1.pdb,
SASDVX2,ok,1465.0,293.0,15.07,"[3.9, 7.6, -12.6]","[-0.1, 0.1, -0.1]",22.752,23.905,0.687,19.831,7.939,71.5,81.0,SASDVX2_fit2_model1.pdb,
SASDVX4,ok,1177.0,876.0,27.64,"[7.4, -1.6, 26.6]","[-0.0, 0.0, -0.0]",10.922,10.78,0.725,12.069,9.95,17.5,13.5,SASDVX4_fit1_model1.pdb,
SASDVX7,ok,351.0,248.0,3.78,"[-3.6, 0.5, 1.1]","[-0.0, -0.0, 0.0]",24.571,14.825,0.695,21.756,8.012,78.0,17.0,SASDVX7_fit1_model1.pdb,
SASDVX7,ok,366.0,248.0,2.75,"[1.7, 1.7, 1.3]","[-0.0, -0.0, 0.0]",17.525,24.623,0.678,21.98,9.347,25.0,75.5,SASDVX7_fit2_model1.pdb,
SASDVX7,ok,358.0,248.0,7.97,"[6.8, -4.0, -1.0]","[-0.0, -0.0, 0.0]",25.32,11.871,0.682,21.682,11.215,74.5,1.5,SASDVX7_fit3_model1.pdb,
SASDVY2,ok,1053.0,1746.0,0.93,"[0.5, -0.1, 0.8]","[0.0, -0.0, 0.0]",4.001,3.999,0.291,5.601,3.488,5.0,5.0,SASDVY2_fit1_model1.pdb,
SASDVY4,ok,1177.0,1603.0,27.62,"[7.4, -1.6, 26.6]","[-0.0, -0.0, 0.0]",15.687,15.718,0.884,16.66,14.931,12.5,13.5,SASDVY4_fit1_model1.pdb,
SASDVY5,ok,1326.0,231.0,35.98,"[8.4, -12.5, -34.9]","[1.0, 0.2, -2.0]",14.883,22.238,0.336,30.006,11.998,2.0,18.0,SASDVY5_fit1_model1.pdb,
SASDVZ2,ok,1188.0,1621.0,105.21,"[67.9, 43.8, 67.4]","[-0.0, -0.0, 0.0]",65.423,70.457,1.0,65.777,48.667,48.5,81.5,SASDVZ2_fit1_model1.pdb,
SASDVZ5,ok,5149.0,1533.0,0.0,"[-0.0, 0.0, 0.0]","[-0.0, -0.0, 0.0]",4.786,4.552,0.221,4.377,3.551,91.0,73.0,SASDVZ5_fit1_model1.pdb,
SASDW23,ok,697.0,1050.0,143.47,"[82.9, 84.1, 81.5]","[-0.0, -0.0, 0.0]",116.738,118.709,1.0,116.213,109.69,58.0,85.0,SASDW23_fit1_model1.pdb,
SASDW23,ok,697.0,1050.0,0.61,"[0.2, -0.5, 0.2]","[-0.0, -0.0, 0.0]",4.041,5.442,0.138,5.016,3.744,3.5,81.0,SASDW23_fit2_model1.pdb,
SASDW37,ok,962.0,1523.0,125.49,"[-91.4, -30.4, 80.4]","[0.0, 0.0, 0.0]",75.267,89.89,1.0,82.974,67.482,13.0,96.0,SASDW37_fit1_model1.pdb,
SASDW47,ok,1686.0,920.0,264.58,"[-150.1, -157.1, 151.0]","[0.0, -0.0, -0.0]",204.738,219.686,1.0,214.483,197.247,5.0,85.5,SASDW47_fit1_model1.pdb,
SASDW56,ok,379.0,883.0,1.12,"[0.7, 0.7, 0.6]","[0.0, 0.0, 0.0]",4.721,6.529,0.158,6.725,4.327,3.5,46.5,SASDW56_fit1_model1.pdb,
SASDW56,ok,379.0,883.0,1.44,"[-0.7, 0.6, 1.1]","[0.0, 0.0, 0.0]",8.174,6.017,0.398,7.821,4.432,64.0,13.0,SASDW56_fit1_model2.pdb,
SASDW56,ok,379.0,883.0,1.12,"[0.7, 0.7, 0.6]","[0.0, 0.0, 0.0]",4.721,6.529,0.158,6.725,4.327,3.5,46.5,SASDW56_fit2_model1.pdb,
SASDW57,ok,1704.0,1479.0,184.32,"[-133.0, -36.7, 122.2]","[-0.0, -0.0, -0.0]",139.408,120.363,1.0,127.739,106.91,90.5,23.0,SASDW57_fit1_model1.pdb,
SASDW67,ok,362.0,5000.0,178.8,"[-97.9, -106.8, 104.8]","[0.1, 0.1, 0.2]",152.467,139.515,1.0,146.541,123.833,96.5,16.0,SASDW67_fit1_model1.pdb,
SASDW74,ok,1949.0,1620.0,0.7,"[0.0, 0.5, -0.5]","[-0.0, 0.0, 0.0]",3.526,2.672,0.252,3.58,2.617,42.5,0.5,SASDW74_fit1_model1.pdb,
SASDW77,ok,371.0,1769.0,183.61,"[-79.3, -102.5, 130.1]","[0.0, -0.0, 0.0]",150.154,150.625,1.0,151.994,121.484,39.5,41.5,SASDW77_fit1_model1.pdb,
SASDW84,ok,884.0,1046.0,18.27,"[-14.2, 4.8, 10.4]","[0.0, 0.0, -0.0]",7.202,9.421,0.381,9.203,6.544,7.0,57.5,SASDW84_fit1_model1.pdb,
SASDW87,ok,642.0,1809.0,210.59,"[-93.1, -115.2, 149.7]","[0.0, 0.0, 0.0]",181.654,179.457,1.0,176.391,152.605,86.5,68.0,SASDW87_fit1_model1.pdb,
SASDW94,ok,4176.0,1154.0,0.03,"[-0.0, 0.0, -0.0]","[-0.0, -0.0, -0.0]",4.126,4.121,0.137,4.189,4.082,13.5,11.0,SASDW94_fit1_model1.pdb,
SASDW96,ok,926.0,1841.0,1.37,"[1.0, 0.5, -0.9]","[-0.0, 0.0, 0.0]",12.337,12.149,0.285,15.032,11.234,10.0,7.5,SASDW96_fit1_model1.pdb,
SASDW96,ok,926.0,1841.0,34.61,"[-2.1, -30.8, 15.6]","[-0.0, 0.0, 0.0]",23.62,25.684,0.637,26.198,17.172,32.0,46.0,SASDW96_fit2_model1.pdb,
SASDW96,ok,926.0,1841.0,143.95,"[121.8, -72.5, -25.1]","[-0.0, 0.0, 0.0]",79.967,93.32,0.637,122.347,78.425,1.5,13.5,SASDW96_fit2_model2.pdb,
SASDW96,ok,926.0,1841.0,55.88,"[29.5, -43.2, 19.6]","[-0.0, 0.0, 0.0]",28.924,34.151,0.63,37.678,27.131,1.0,17.0,SASDW96_fit2_model3.pdb,
SASDW96,ok,926.0,1841.0,106.17,"[61.6, -78.8, -35.7]","[-0.0, 0.0, 0.0]",59.245,80.576,0.637,81.871,54.748,5.5,48.0,SASDW96_fit2_model4.pdb,
SASDW96,ok,926.0,1841.0,57.97,"[31.8, -45.1, 17.6]","[-0.0, 0.0, 0.0]",30.337,35.061,0.627,39.749,28.704,1.0,12.0,SASDW96_fit2_model5.pdb,
SASDW97,ok,268.0,1823.0,50.5,"[44.7, 12.2, -20.0]","[-0.0, 0.0, 0.0]",28.936,25.617,0.951,28.593,24.158,56.0,10.5,SASDW97_fit1_model1.pdb,
SASDW97,ok,3496.0,1823.0,0.01,"[0.0, -0.0, 0.0]","[-0.0, 0.0, 0.0]",8.941,10.038,0.487,10.119,5.249,30.5,49.5,SASDW97_fit2_model1.pdb,
SASDWA3,ok,385.0,1191.0,42.21,"[15.9, 31.3, 23.4]","[-0.0, 0.0, 0.0]",20.168,22.875,0.93,22.75,17.898,17.5,51.5,SASDWA3_fit1_model1.pdb,
SASDWA4,ok,1388.0,1142.0,96.1,"[71.6, -0.0, 64.1]","[0.0, 0.0, -0.0]",57.23,57.533,1.0,59.658,54.588,23.5,27.0,SASDWA4_fit1_model1.pdb,
SASDWA7,ok,856.0,1306.0,2.39,"[0.3, 0.1, -2.4]","[0.0, -0.0, -0.0]",3.416,3.676,0.204,3.76,3.178,11.0,40.5,SASDWA7_fit1_model1.pdb,
SASDWB3,ok,586.0,973.0,109.1,"[8.6, 21.5, 106.6]","[-0.0, 0.0, 0.0]",73.289,78.093,1.0,75.62,69.982,20.5,76.0,SASDWB3_fit1_model1.pdb,
SASDWB4,ok,1992.0,907.0,97.82,"[64.8, 64.8, 34.2]","[0.0, -0.0, 0.0]",61.49,61.589,1.0,59.592,55.525,68.5,69.0,SASDWB4_fit1_model1.pdb,
SASDWB7,coordenadas_vazias,,,,,,,,,,,,,SASDWB7_fit1_model1.mrc,
SASDWB7,ok,4422.0,288.0,58.97,"[57.5, -13.1, -2.9]","[0.0, -0.1, 0.1]",52.254,36.163,0.987,39.961,29.075,99.5,24.5,SASDWB7_fit2_model1.pdb,
SASDWC3,ok,4080.0,739.0,153.58,"[88.8, 88.8, 88.8]","[0.0, 0.8, -0.5]",102.677,102.747,1.0,103.56,102.651,0.5,1.5,SASDWC3_fit1_model1.pdb,
SASDWD6,ok,1362.0,232.0,1.59,"[1.0, 0.9, 1.0]","[0.1, 0.0, 0.0]",19.248,20.798,0.36,19.724,16.221,39.5,74.5,SASDWD6_fit1_model1.pdb,
SASDWD6,ok,1360.0,232.0,52.68,"[-13.6, -46.4, -20.6]","[0.1, 0.0, 0.0]",25.31,29.061,0.663,33.936,19.425,8.5,24.0,SASDWD6_fit2_model1.pdb,
SASDWE6,ok,816.0,3122.0,0.77,"[0.3, 0.7, 0.1]","[-0.0, -0.0, -0.0]",10.471,9.789,0.339,11.303,7.383,34.5,25.0,SASDWE6_fit1_model1.pdb,
SASDWE7,ok,881.0,1962.0,0.97,"[-0.9, 0.5, -0.0]","[-0.0, 0.0, 0.0]",4.463,4.388,0.157,7.666,4.099,0.5,0.5,SASDWE7_fit1_model1.pdb,
SASDWE8,ok,145.0,212.0,25.17,"[-4.6, 20.9, 1.4]","[-0.7, -3.6, -2.5]",28.732,23.902,0.655,32.226,12.123,36.0,22.5,SASDWE8_fit1_model1.pdb,
SASDWE8,ok,942.0,212.0,455.52,"[-347.9, 117.6, -271.3]","[-0.7, -3.6, -2.5]",423.617,423.61,1.0,409.464,385.729,90.0,90.0,SASDWE8_fit2_model1.pdb,
SASDWF4,ok,408.0,1847.0,7.78,"[-5.5, -5.5, -0.1]","[0.0, -0.0, 0.0]",6.958,6.89,0.358,9.135,5.423,12.5,12.0,SASDWF4_fit1_model1.pdb,
SASDWF4,ok,408.0,1847.0,7.76,"[-5.5, -5.5, -0.0]","[0.0, -0.0, 0.0]",7.158,7.275,0.422,9.008,5.62,11.5,14.0,SASDWF4_fit2_model1.pdb,
SASDWF4,ok,408.0,1847.0,7.77,"[-5.5, -5.5, -0.0]","[0.0, -0.0, 0.0]",6.893,7.021,0.346,9.143,5.444,11.5,13.0,SASDWF4_fit3_model1.pdb,
SASDWF4,ok,408.0,1847.0,7.76,"[-5.5, -5.5, 0.0]","[0.0, -0.0, 0.0]",7.188,7.375,0.397,9.13,5.437,11.5,16.0,SASDWF4_fit4_model1.pdb,
SASDWF4,ok,408.0,1847.0,7.79,"[-5.5, -5.5, 0.0]","[0.0, -0.0, 0.0]",6.043,6.487,0.397,9.241,5.554,3.5,6.5,SASDWF4_fit5_model1.pdb,
SASDWF7,ok,945.0,1601.0,1.95,"[-1.9, 0.2, -0.1]","[-0.0, 0.0, -0.0]",5.149,5.206,0.149,8.658,3.621,2.5,2.5,SASDWF7_fit1_model1.pdb,
SASDWF8,ok,83.0,354.0,7.89,"[-7.7, -1.2, -0.3]","[0.1, 0.0, -0.0]",24.435,23.788,0.699,22.208,9.313,83.5,72.0,SASDWF8_fit1_model1.pdb,
SASDWF8,ok,942.0,354.0,231.74,"[-201.9, -112.6, 14.4]","[0.1, 0.0, -0.0]",171.955,170.283,1.0,195.08,168.261,5.5,2.5,SASDWF8_fit2_model1.pdb,
SASDWG4,ok,408.0,1976.0,7.77,"[-5.5, -5.5, 0.0]","[0.0, -0.0, 0.0]",4.66,4.582,0.279,9.045,4.473,0.5,0.5,SASDWG4_fit1_model1.pdb,
SASDWG4,ok,408.0,1976.0,7.77,"[-5.5, -5.5, -0.0]","[0.0, -0.0, 0.0]",4.914,4.719,0.277,8.984,4.588,0.5,0.5,SASDWG4_fit2_model1.pdb,
SASDWG4,ok,408.0,1976.0,7.78,"[-5.5, -5.5, 0.0]","[0.0, -0.0, 0.0]",4.699,4.487,0.282,8.896,4.598,1.0,0.0,SASDWG4_fit3_model1.pdb,
SASDWG4,ok,408.0,1976.0,7.76,"[-5.5, -5.5, 0.0]","[0.0, -0.0, 0.0]",4.704,4.683,0.294,9.08,4.576,0.5,0.5,SASDWG4_fit4_model1.pdb,
SASDWG4,ok,408.0,1976.0,7.8,"[-5.5, -5.6, -0.1]","[0.0, -0.0, 0.0]",4.902,4.601,0.304,9.016,4.596,0.5,0.5,SASDWG4_fit5_model1.pdb,
SASDWG7,ok,1705.0,1390.0,2.33,"[-0.5, 0.2, 2.3]","[-0.0, 0.0, -0.0]",3.993,2.927,0.429,3.234,1.966,88.5,31.5,SASDWG7_fit1_model1.pdb,
SASDWG8,ok,1818.0,1410.0,0.98,"[-0.6, -0.8, -0.1]","[-0.0, -0.0, -0.0]",2.555,2.557,0.31,2.792,1.927,29.0,29.0,SASDWG8_fit1_model1.pdb,
SASDWG8,ok,270.0,1410.0,24.86,"[-5.0, 23.3, 7.0]","[-0.0, -0.0, -0.0]",8.684,8.442,0.574,9.517,7.994,13.5,7.5,SASDWG8_fit2_model1.pdb,
SASDWG9,ok,112.0,750.0,22.4,"[16.4, -10.8, -10.7]","[-0.0, 0.0, -0.0]",12.449,12.655,0.92,12.288,10.552,57.0,64.0,SASDWG9_fit1_model1.pdb,
SASDWH3,ok,283.0,1444.0,35.76,"[-13.5, -26.6, 19.8]","[0.0, -0.0, 0.0]",19.361,21.451,0.961,20.651,18.219,14.5,88.5,SASDWH3_fit1_model1.pdb,
SASDWH7,ok,1597.0,1047.0,0.96,"[-0.1, 0.5, 0.8]","[0.0, 0.0, -0.0]",2.633,3.151,0.322,3.329,2.114,14.0,37.5,SASDWH7_fit1_model1.pdb,
SASDWH8,ok,1638.0,377.0,0.11,"[-0.0, 0.0, -0.0]","[0.0, 0.1, -0.1]",16.365,14.722,0.547,16.385,6.824,49.0,39.5,SASDWH8_fit1_model1.pdb,
SASDWJ3,ok,479.0,1153.0,20.67,"[11.8, 5.3, -16.2]","[0.0, -0.0, -0.0]",8.514,8.925,0.53,9.654,7.662,11.0,25.5,SASDWJ3_fit1_model1.pdb,
SASDWJ6,ok,927.0,2271.0,7.01,"[-0.3, -2.3, 6.6]","[-0.0, -0.0, 0.0]",12.703,12.923,0.366,13.963,8.837,25.0,27.0,SASDWJ6_fit1_model1.pdb,
SASDWJ6,ok,927.0,2271.0,46.69,"[-27.1, 10.0, 36.7]","[-0.0, -0.0, 0.0]",23.91,24.133,0.674,26.675,15.933,26.5,27.5,SASDWJ6_fit2_model1.pdb,
SASDWJ6,ok,927.0,2271.0,178.8,"[59.1, -47.6, 161.9]","[-0.0, -0.0, 0.0]",76.736,137.172,0.681,151.45,73.087,2.5,37.5,SASDWJ6_fit2_model2.pdb,
SASDWJ6,ok,927.0,2271.0,67.81,"[-25.8, 59.1, 21.1]","[-0.0, -0.0, 0.0]",40.704,42.654,0.683,46.498,33.323,23.5,32.5,SASDWJ6_fit2_model3.pdb,
SASDWJ6,ok,927.0,2271.0,134.24,"[6.8, 124.3, 50.2]","[-0.0, -0.0, 0.0]",70.538,92.284,0.681,103.666,68.376,2.5,30.5,SASDWJ6_fit2_model4.pdb,
SASDWJ7,ok,1739.0,1358.0,0.9,"[0.2, -0.9, 0.1]","[0.0, -0.0, -0.0]",3.419,3.262,0.358,3.249,1.897,63.0,51.5,SASDWJ7_fit1_model1.pdb,
SASDWJ8,ok,2458.0,496.0,0.02,"[0.0, -0.0, 0.0]","[-0.0, 0.0, 0.0]",12.355,12.096,0.43,12.404,5.149,49.0,44.5,SASDWJ8_fit1_model1.pdb,
SASDWK2,ok,448.0,933.0,1.43,"[0.2, 0.9, 1.1]","[-0.0, 0.0, -0.0]",6.862,6.763,0.306,6.744,4.209,54.0,51.0,SASDWK2_fit1_model1.pdb,
SASDWK2,ok,448.0,933.0,1.43,"[0.2, 0.9, 1.1]","[-0.0, 0.0, -0.0]",6.862,6.763,0.306,6.744,4.209,54.0,51.0,SASDWK2_fit2_model1.pdb,
SASDWK3,ok,565.0,1198.0,29.66,"[10.0, 14.2, 24.0]","[0.0, -0.0, -0.0]",14.532,13.178,0.712,14.175,11.995,60.5,22.0,SASDWK3_fit1_model1.pdb,
SASDWK5,ok,323.0,1662.0,74.65,"[8.2, 39.7, 62.7]","[0.0, 0.0, 0.0]",54.45,55.743,1.0,54.143,50.404,60.5,83.0,SASDWK5_fit1_model1.pdb,
SASDWK7,ok,1449.0,1307.0,2.84,"[1.6, 0.9, 2.2]","[-0.0, -0.0, -0.0]",2.864,3.097,0.239,3.122,2.314,25.0,47.0,SASDWK7_fit1_model1.pdb,
SASDWK8,ok,1457.0,1125.0,6.3,"[-0.2, -0.7, 6.3]","[-0.0, 0.0, 0.0]",7.155,7.378,0.278,35.327,4.812,2.0,2.5,SASDWK8_fit1_model1.pdb,
SASDWK8,ok,834.0,1125.0,0.57,"[-0.0, 0.0, -0.6]","[-0.0, 0.0, 0.0]",38.343,38.283,0.65,34.407,7.892,77.0,76.5,SASDWK8_fit2_model1.pdb,
SASDWL3,ok,128.0,1465.0,47.26,"[-37.3, 14.2, 25.3]","[0.0, 0.0, -0.0]",33.838,32.838,1.0,35.172,24.725,40.0,32.0,SASDWL3_fit1_model1.pdb,
SASDWL7,ok,2017.0,1359.0,0.58,"[-0.6, -0.0, -0.1]","[0.0, -0.0, -0.0]",3.792,3.361,0.389,3.122,1.919,84.0,62.5,SASDWL7_fit1_model1.pdb,
SASDWL8,ok,880.0,1484.0,0.88,"[-0.1, 0.2, 0.9]","[0.0, -0.0, 0.0]",5.725,7.537,0.186,28.649,7.141,0.0,0.5,SASDWL8_fit1_model1.pdb,
SASDWL8,ok,834.0,1484.0,181.14,"[-105.7, -81.6, -122.4]","[0.0, -0.0, 0.0]",131.661,142.156,1.0,127.04,97.651,62.5,97.0,SASDWL8_fit2_model1.pdb,
SASDWM2,ok,524.0,1061.0,11.36,"[2.8, -10.9, 2.0]","[0.0, -0.0, -0.0]",4.739,5.635,0.206,14.421,5.776,0.0,0.0,SASDWM2_fit1_model1.pdb,
SASDWM2,ok,410.0,1061.0,0.85,"[0.3, 0.8, -0.0]","[0.0, -0.0, -0.0]",11.632,10.621,0.49,12.923,9.506,21.5,7.0,SASDWM2_fit2_model1.pdb,
SASDWM3,ok,777.0,2243.0,0.14,"[0.0, 0.1, -0.1]","[-0.0, -0.0, 0.0]",11.676,12.827,0.62,8.631,4.296,85.0,96.5,SASDWM3_fit1_model1.pdb,
SASDWM7,ok,1536.0,874.0,0.47,"[-0.2, 0.4, 0.2]","[0.0, 0.0, 0.0]",4.343,3.663,0.449,3.401,2.583,98.0,70.0,SASDWM7_fit1_model1.pdb,
SASDWM8,ok,1198.0,187.0,109.14,"[3.2, -5.6, 111.0]","[-0.2, 2.5, 2.2]",84.113,85.387,1.0,74.635,60.806,88.5,95.0,SASDWM8_fit1_model1.pdb,
SASDWM8,ok,1198.0,187.0,154.2,"[-152.0, 20.9, 21.9]","[-0.2, 2.5, 2.2]",119.02,112.709,1.0,117.164,84.353,57.0,32.0,SASDWM8_fit2_model1.pdb,
SASDWN3,ok,364.0,589.0,0.05,"[-0.0, -0.0, 0.0]","[0.0, -0.0, -0.0]",32.84,28.858,0.885,31.331,6.418,55.5,43.0,SASDWN3_fit1_model1.pdb,
SASDWN5,ok,395.0,5000.0,4.97,"[2.4, -3.9, 1.9]","[-0.0, -0.0, -0.0]",11.374,11.332,0.678,9.051,3.571,98.5,98.0,SASDWN5_fit1_model1.pdb,
SASDWN5,ok,1063.0,5000.0,3.36,"[0.0, -0.4, 3.3]","[-0.0, -0.0, -0.0]",2.439,2.711,0.141,8.379,2.579,0.0,1.0,SASDWN5_fit2_model1.pdb,
SASDWN6,ok,1911.0,208.0,3.34,"[0.6, -1.2, 3.1]","[-0.1, 0.0, 0.1]",25.203,21.026,0.373,22.328,16.747,94.0,26.5,SASDWN6_fit1_model1.pdb,
SASDWN6,ok,1911.0,208.0,5.36,"[4.9, -0.5, -1.8]","[-0.1, 0.0, 0.1]",22.477,21.426,0.232,22.234,18.718,53.0,34.0,SASDWN6_fit2_model1.pdb,
SASDWN6,ok,1911.0,208.0,310.42,"[144.9, 86.2, 260.7]","[-0.1, 0.0, 0.1]",160.876,265.841,0.907,254.772,150.941,1.5,61.0,SASDWN6_fit3_model1.pdb,
SASDWN6,ok,1911.0,208.0,19.34,"[12.1, -7.9, 12.8]","[-0.1, 0.0, 0.1]",24.025,21.498,0.429,23.513,18.179,64.5,28.0,SASDWN6_fit3_model2.pdb,
SASDWN6,ok,1911.0,208.0,71.22,"[27.7, 64.8, -10.3]","[-0.1, 0.0, 0.1]",63.663,58.825,0.864,60.668,38.227,69.0,42.5,SASDWN6_fit3_model3.pdb,
SASDWN6,ok,1911.0,208.0,335.73,"[-246.0, -56.5, 221.5]","[-0.1, 0.0, 0.1]",176.231,304.965,0.907,289.001,168.77,0.5,73.0,SASDWN6_fit3_model4.pdb,
SASDWN6,ok,1911.0,208.0,137.12,"[44.5, 56.9, 116.6]","[-0.1, 0.0, 0.1]",75.758,83.934,0.904,85.467,70.274,6.0,45.5,SASDWN6_fit3_model5.pdb,
SASDWN7,ok,1788.0,1412.0,0.98,"[-0.1, 0.9, -0.4]","[0.0, 0.0, -0.0]",3.612,3.6,0.344,3.423,1.924,67.0,66.0,SASDWN7_fit1_model1.pdb,
SASDWP3,ok,850.0,1174.0,0.04,"[-0.0, 0.0, -0.0]","[-0.0, -0.0, 0.0]",31.402,36.196,0.792,29.506,8.593,58.5,89.5,SASDWP3_fit1_model1.pdb,
SASDWP5,ok,395.0,5000.0,4.94,"[2.4, -3.9, 1.9]","[0.0, -0.0, 0.0]",11.146,10.894,0.613,8.906,3.843,99.5,97.5,SASDWP5_fit1_model1.pdb,
SASDWP5,ok,897.0,5000.0,1.21,"[-1.0, 0.5, -0.5]","[0.0, -0.0, 0.0]",3.248,2.756,0.156,8.069,3.07,1.5,0.0,SASDWP5_fit2_model1.pdb,
SASDWP7,ok,1469.0,1475.0,2.95,"[-0.8, 2.7, 0.9]","[0.0, -0.0, 0.0]",3.348,2.295,0.331,3.082,2.046,69.5,2.5,SASDWP7_fit1_model1.pdb,
SASDWP9,ok,749.0,1956.0,2.16,"[1.0, 1.9, 0.4]","[-0.0, -0.0, -0.0]",8.794,7.797,0.437,9.068,5.394,46.0,31.5,SASDWP9_fit1_model1.pdb,
SASDWQ3,ok,1166.0,1570.0,0.02,"[-0.0, -0.0, 0.0]","[0.0, -0.0, 0.0]",28.596,28.446,0.717,25.134,7.087,82.5,80.5,SASDWQ3_fit1_model1.pdb,
SASDWR3,ok,305.0,1703.0,3.77,"[-3.6, 1.1, -0.0]","[-0.0, 0.0, -0.0]",22.183,22.694,0.767,20.155,4.766,60.0,64.0,SASDWR3_fit1_model1.pdb,
SASDWR3,ok,314.0,1703.0,2.87,"[0.7, 2.7, 0.8]","[-0.0, 0.0, -0.0]",10.24,11.111,0.551,20.447,4.545,12.5,14.0,SASDWR3_fit2_model1.pdb,
SASDWR3,ok,314.0,1703.0,5.45,"[-2.2, 0.1, 5.0]","[-0.0, 0.0, -0.0]",23.933,24.262,0.768,19.901,5.175,71.5,74.5,SASDWR3_fit3_model1.pdb,
SASDWS3,ok,896.0,5000.0,4.73,"[-4.3, 0.0, 1.9]","[0.1, 0.0, 0.0]",10.066,9.367,0.411,9.308,4.466,62.5,51.0,SASDWS3_fit1_model1.pdb,
SASDWS3,ok,896.0,5000.0,7.13,"[-6.2, -1.1, -3.2]","[0.1, 0.0, 0.0]",11.638,10.64,0.441,9.767,5.04,81.5,63.5,SASDWS3_fit1_model2.pdb,
SASDWS3,ok,896.0,5000.0,6.53,"[-6.4, -0.8, -0.6]","[0.1, 0.0, 0.0]",9.645,8.952,0.397,9.139,5.194,60.5,47.0,SASDWS3_fit1_model3.pdb,
SASDWS6,ok,741.0,918.0,0.89,"[0.5, -0.4, -0.6]","[0.0, 0.0, -0.0]",7.374,4.408,0.564,5.619,2.974,98.0,17.0,SASDWS6_fit1_model1.pdb,
SASDWS6,ok,246.0,918.0,3.45,"[0.1, 2.4, -2.5]","[0.0, 0.0, -0.0]",7.3,5.325,0.512,5.635,3.826,99.5,39.5,SASDWS6_fit2_model1.pdb,
SASDWT3,ok,129.0,1108.0,1.6,"[1.5, 0.1, -0.5]","[0.0, 0.0, -0.0]",3.391,3.351,0.186,3.705,2.881,21.5,19.0,SASDWT3_fit1_model1.pdb,
SASDWT5,ok,282.0,1447.0,1.79,"[0.9, 0.2, -1.5]","[-0.0, -0.0, 0.0]",3.848,3.654,0.17,3.57,3.203,89.5,67.0,SASDWT5_fit1_model1.pdb,
SASDWT6,ok,739.0,2028.0,5.14,"[0.3, -5.1, 0.3]","[-0.0, 0.0, -0.0]",3.386,3.422,0.134,6.669,3.483,0.0,0.0,SASDWT6_fit1_model1.pdb,
SASDWT6,ok,245.0,2028.0,8.98,"[-3.1, -8.3, -1.6]","[-0.0, 0.0, -0.0]",5.925,5.97,0.049,7.298,5.038,8.5,10.0,SASDWT6_fit2_model1.pdb,
SASDWU3,ok,575.0,462.0,29.85,"[-9.7, -27.8, -4.8]","[-0.1, 0.1, -0.1]",16.136,16.095,0.588,17.678,13.212,25.0,24.0,SASDWU3_fit1_model1.pdb,
SASDWU3,ok,575.0,462.0,14.66,"[12.7, -6.2, 3.1]","[-0.1, 0.1, -0.1]",13.894,15.134,0.522,15.398,8.588,29.0,45.5,SASDWU3_fit1_model2.pdb,
SASDWU3,ok,575.0,462.0,27.44,"[-14.9, -23.0, -1.9]","[-0.1, 0.1, -0.1]",16.455,15.7,0.609,15.839,12.128,64.5,46.0,SASDWU3_fit1_model3.pdb,
SASDWU6,ok,264.0,1076.0,109.03,"[-83.7, -61.8, 32.6]","[0.0, 0.0, -0.0]",85.987,83.119,1.0,86.629,82.915,41.5,2.0,SASDWU6_fit1_model1.pdb,
SASDWU6,ok,133.0,1076.0,117.22,"[-75.6, -58.6, 67.7]","[0.0, 0.0, -0.0]",97.561,97.097,1.0,97.236,95.461,71.0,41.0,SASDWU6_fit1_model2.pdb,
SASDWV3,ok,193.0,213.0,31.32,"[-1.6, 30.6, 7.3]","[0.6, 0.2, 0.0]",20.338,21.932,0.959,20.428,14.715,49.5,77.0,SASDWV3_fit1_model1.pdb,
SASDWV3,ok,193.0,213.0,35.13,"[14.1, 32.1, 6.0]","[0.6, 0.2, 0.0]",19.399,18.88,0.938,18.084,13.503,87.0,79.0,SASDWV3_fit1_model2.pdb,
SASDWV3,ok,193.0,213.0,35.54,"[16.3, 29.8, 11.9]","[0.6, 0.2, 0.0]",21.971,23.495,0.99,18.281,14.677,95.5,100.0,SASDWV3_fit1_model3.pdb,
SASDWV3,ok,193.0,213.0,34.38,"[7.1, 33.9, 0.8]","[0.6, 0.2, 0.0]",21.898,23.584,1.0,20.376,15.369,84.5,99.0,SASDWV3_fit1_model4.pdb,
SASDWV6,ok,4080.0,923.0,0.02,"[0.0, 0.0, -0.0]","[-0.0, 0.0, -0.0]",4.762,4.751,0.214,4.793,4.635,34.0,29.0,SASDWV6_fit1_model1.pdb,
SASDWW6,ok,8160.0,517.0,64.35,"[45.5, 0.0, 45.5]","[-0.1, -0.0, 0.0]",17.97,40.767,0.432,32.074,16.85,3.0,95.5,SASDWW6_fit1_model1.pdb,
SASDWW6,ok,8168.0,517.0,64.36,"[28.7, 16.1, 55.3]","[-0.1, -0.0, 0.0]",30.221,29.126,0.68,34.404,20.971,30.5,26.0,SASDWW6_fit2_model1.pdb,
SASDWX6,ok,8160.0,546.0,64.35,"[45.5, 0.0, 45.5]","[-0.0, -0.0, 0.0]",31.229,34.648,0.51,34.131,31.084,1.5,58.5,SASDWX6_fit1_model1.pdb,
SASDWX6,ok,8168.0,546.0,64.38,"[28.7, 16.1, 55.3]","[-0.0, -0.0, 0.0]",37.005,36.782,0.722,33.533,30.082,88.5,85.5,SASDWX6_fit2_model1.pdb,
SASDWY5,ok,379.0,813.0,3.66,"[-0.4, -2.6, 2.5]","[-0.0, 0.0, -0.0]",8.239,6.049,0.369,8.417,5.368,45.5,6.5,SASDWY5_fit1_model1.pdb,
SASDWY5,ok,379.0,813.0,1.92,"[1.0, -1.5, -0.6]","[-0.0, 0.0, -0.0]",5.453,7.275,0.19,6.831,4.084,10.0,75.0,SASDWY5_fit1_model2.pdb,
SASDWY6,ok,8160.0,532.0,64.34,"[45.5, 0.0, 45.5]","[0.0, -0.0, -0.0]",29.196,35.255,0.484,32.704,26.034,24.0,74.5,SASDWY6_fit1_model1.pdb,
SASDWY6,ok,8168.0,532.0,64.37,"[28.7, 16.1, 55.3]","[0.0, -0.0, -0.0]",37.302,36.979,0.745,32.805,26.824,92.0,89.0,SASDWY6_fit2_model1.pdb,
SASDWY9,ok,62.0,179.0,27.19,"[-1.5, -9.5, 25.0]","[-0.2, -0.1, -0.5]",12.217,22.271,0.758,17.953,10.542,4.5,98.5,SASDWY9_fit1_model1.pdb,
SASDWY9,ok,62.0,179.0,37.7,"[1.5, 31.0, 20.7]","[-0.2, -0.1, -0.5]",24.112,30.917,0.855,29.465,22.035,7.5,67.5,SASDWY9_fit2_model1.pdb,
SASDWY9,ok,62.0,179.0,30.96,"[1.1, 25.0, 17.5]","[-0.2, -0.1, -0.5]",19.737,23.079,0.839,23.652,18.607,0.5,39.0,SASDWY9_fit3_model1.pdb,
SASDWZ9,ok,62.0,179.0,25.59,"[-16.3, 17.4, 9.6]","[0.1, 0.0, 0.5]",19.023,17.54,0.79,21.487,14.523,16.5,5.5,SASDWZ9_fit1_model1.pdb,
SASDX22,ok,531.0,1154.0,3.39,"[-2.1, -0.5, -2.7]","[0.0, 0.0, -0.0]",13.878,11.142,0.557,11.111,7.351,80.0,50.5,SASDX22_fit1_model1.pdb,
SASDX32,ok,588.0,1028.0,1.71,"[1.2, -1.2, -0.2]","[0.0, 0.0, 0.0]",10.104,12.037,0.486,11.593,6.538,28.0,58.0,SASDX32_fit1_model1.pdb,
SASDX39,ok,5421.0,1039.0,2.53,"[0.8, 2.1, -1.1]","[-0.0, -0.0, 0.0]",6.899,7.614,0.358,7.415,4.431,35.0,56.5,SASDX39_fit1_model1.pdb,
SASDX49,ok,3018.0,1082.0,3.49,"[2.8, 0.6, -2.0]","[-0.0, 0.0, 0.0]",6.113,8.36,0.243,7.961,4.65,4.5,61.0,SASDX49_fit1_model1.pdb,
SASDX54,ok,2329.0,1930.0,0.01,"[0.0, 0.0, -0.0]","[0.0, 0.0, -0.0]",16.302,16.51,0.745,13.244,2.905,81.0,85.0,SASDX54_fit1_model1.pdb,
SASDX54,coordenadas_vazias,,,,,,,,,,,,,SASDX54_fit2_model1.mrc,
SASDX59,ok,5208.0,973.0,5.63,"[5.4, 1.6, -0.3]","[-0.0, 0.0, 0.0]",12.844,8.323,0.542,8.446,3.859,99.0,48.5,SASDX59_fit1_model1.pdb,
SASDX69,ok,5307.0,1041.0,4.31,"[-4.0, 0.8, 1.6]","[-0.0, -0.0, 0.0]",10.595,9.403,0.513,8.15,5.001,97.5,86.5,SASDX69_fit1_model1.pdb,
SASDX77,ok,208.0,315.0,53.33,"[31.6, 40.0, -15.7]","[0.0, 0.0, 0.1]",33.255,40.791,0.942,41.033,29.213,8.0,47.5,SASDX77_fit1_model1.pdb,
SASDX77,ok,208.0,315.0,45.61,"[8.4, 44.3, -7.3]","[0.0, 0.0, 0.1]",30.243,31.045,0.933,34.075,27.454,9.5,11.5,SASDX77_fit1_model2.pdb,
SASDX77,ok,208.0,315.0,40.8,"[3.4, 37.8, 15.3]","[0.0, 0.0, 0.1]",25.038,31.639,0.918,28.981,23.177,7.5,79.5,SASDX77_fit1_model3.pdb,
SASDX82,ok,226.0,974.0,39.21,"[-39.1, 0.6, -2.7]","[0.0, 0.0, -0.0]",26.229,25.656,1.0,24.734,21.244,94.5,76.0,SASDX82_fit1_model1.pdb,
SASDX84,coordenadas_vazias,,,,,,,,,,,,,SASDX84_fit1_model1.png,
SASDX84,coordenadas_vazias,,,,,,,,,,,,,SASDX84_fit1_model2.png,
SASDX84,ok,578.0,246.0,23.74,"[9.1, -17.5, 13.2]","[0.2, -0.1, -0.3]",21.078,20.222,0.531,21.608,14.927,42.0,33.5,SASDX84_fit1_model3.pdb,
SASDX92,ok,226.0,923.0,39.2,"[-39.1, 0.6, -2.7]","[-0.0, 0.0, 0.0]",25.946,25.618,1.0,24.116,20.54,99.5,95.0,SASDX92_fit1_model1.pdb,
SASDX92,ok,362.0,923.0,46.61,"[0.0, -24.5, -39.6]","[-0.0, 0.0, 0.0]",19.02,19.068,0.884,24.881,17.526,7.0,7.0,SASDX92_fit2_model1.pdb,
SASDX94,ok,681.0,1682.0,0.17,"[-0.1, -0.1, 0.1]","[0.0, -0.0, -0.0]",8.195,8.048,0.266,10.778,6.072,12.5,10.0,SASDX94_fit1_model1.pdb,
SASDXA4,coordenadas_vazias,,,,,,,,,,,,,SASDXA4_fit1_model1.png,
SASDXA4,ok,1257.0,1032.0,21.78,"[21.1, -2.6, -4.6]","[-0.0, -0.0, -0.0]",21.398,23.638,0.726,18.955,10.302,81.0,95.5,SASDXA4_fit1_model2.pdb,
SASDXB4,coordenadas_vazias,,,,,,,,,,,,,SASDXB4_fit1_model1.png,
SASDXB4,ok,957.0,1192.0,0.01,"[-0.0, -0.0, -0.0]","[-0.0, 0.0, 0.0]",13.615,14.998,0.386,14.65,7.691,32.5,55.5,SASDXB4_fit1_model2.pdb,
SASDXB7,ok,242.0,1065.0,9.24,"[-8.5, 0.9, -3.5]","[-0.0, -0.0, -0.0]",10.808,10.458,0.388,10.622,5.489,55.0,44.5,SASDXB7_fit1_model1.pdb,
SASDXB7,ok,5975.0,1065.0,0.0,"[-0.0, -0.0, -0.0]","[-0.0, -0.0, -0.0]",9.746,9.828,0.36,11.267,3.386,26.5,28.5,SASDXB7_fit2_model1.pdb,
SASDXB7,ok,2339.0,1065.0,6.95,"[6.9, -1.1, 0.5]","[-0.0, -0.0, -0.0]",9.063,9.247,0.544,11.186,4.939,18.0,21.0,SASDXB7_fit3_model1.pdb,
SASDXC2,ok,22597.0,4226.0,0.16,"[-0.1, 0.1, -0.1]","[-0.0, 0.0, 0.0]",3.241,2.944,0.116,11.057,2.711,1.0,1.0,SASDXC2_fit1_model1.pdb,
SASDXC3,ok,565.0,367.0,6.07,"[-3.3, 2.1, -4.7]","[0.0, 0.0, -0.0]",15.469,10.353,0.582,16.246,7.225,44.5,13.0,SASDXC3_fit1_model1.pdb,
SASDXC3,ok,569.0,367.0,3.85,"[1.1, 0.0, -3.7]","[0.0, 0.0, -0.0]",15.319,9.396,0.582,15.902,5.408,44.0,11.0,SASDXC3_fit2_model1.pdb,
SASDXC3,ok,576.0,367.0,4.19,"[2.3, -2.4, 2.5]","[0.0, 0.0, -0.0]",17.497,11.945,0.663,15.701,6.038,69.5,24.0,SASDXC3_fit3_model1.pdb,
SASDXC4,coordenadas_vazias,,,,,,,,,,,,,SASDXC4_fit1_model1.png,
SASDXC4,ok,999.0,1322.0,2.71,"[-1.3, -2.4, 0.1]","[-0.0, -0.0, 0.0]",10.161,13.152,0.343,13.36,6.502,12.0,49.5,SASDXC4_fit1_model2.pdb,
SASDXC7,ok,5386.0,1063.0,0.01,"[0.0, -0.0, 0.0]","[0.0, 0.0, 0.0]",6.161,4.63,0.453,5.684,2.927,63.0,20.5,SASDXC7_fit1_model1.pdb,
SASDXC7,ok,489.0,1063.0,2.96,"[0.8, -1.8, 2.2]","[0.0, 0.0, 0.0]",9.955,7.855,0.468,9.66,7.471,62.0,2.5,SASDXC7_fit2_model1.pdb,
SASDXC7,ok,2651.0,1063.0,1.32,"[-0.4, -1.2, -0.4]","[0.0, 0.0, 0.0]",6.707,5.883,0.682,6.3,4.943,78.5,22.5,SASDXC7_fit3_model1.pdb,
SASDXD3,ok,277.0,211.0,3.23,"[-2.7, 1.3, -1.1]","[0.2, 0.3, -0.3]",23.515,30.193,0.592,25.911,11.105,34.0,85.5,SASDXD3_fit1_model1.pdb,
SASDXD3,ok,265.0,211.0,4.18,"[-0.4, -2.4, 2.8]","[0.2, 0.3, -0.3]",25.528,23.805,0.664,25.916,10.225,47.0,35.5,SASDXD3_fit2_model1.pdb,
SASDXD3,ok,259.0,211.0,4.54,"[3.6, 1.2, -3.1]","[0.2, 0.3, -0.3]",26.421,26.568,0.676,26.53,10.532,49.5,50.0,SASDXD3_fit3_model1.pdb,
SASDXD9,ok,1951.0,2286.0,39.01,"[33.4, 17.9, 9.1]","[-0.0, -0.0, 0.0]",18.525,20.672,0.972,18.231,12.009,56.0,96.5,SASDXD9_fit1_model1.pdb,
SASDXE3,ok,123.0,215.0,2.67,"[-2.5, -0.8, -0.2]","[0.1, -0.4, 0.2]",21.775,23.254,0.528,30.713,17.925,8.5,13.5,SASDXE3_fit1_model1.pdb,
SASDXE3,ok,120.0,215.0,3.51,"[1.1, -1.6, -2.9]","[0.1, -0.4, 0.2]",37.997,37.533,0.767,30.085,14.166,98.0,96.0,SASDXE3_fit2_model1.pdb,
SASDXE3,ok,123.0,215.0,6.24,"[1.2, 5.7, 1.5]","[0.1, -0.4, 0.2]",31.291,28.234,0.659,30.583,16.76,55.5,33.5,SASDXE3_fit3_model1.pdb,
SASDXF2,ok,540.0,1341.0,5.18,"[0.6, 4.6, 2.3]","[0.0, -0.0, -0.0]",7.016,7.037,0.156,7.637,5.68,26.5,27.5,SASDXF2_fit1_model1.pdb,
SASDXF2,ok,540.0,1341.0,4.81,"[-2.3, 3.9, 1.6]","[0.0, -0.0, -0.0]",6.863,6.605,0.176,7.225,5.792,33.0,25.0,SASDXF2_fit2_model1.pdb,
SASDXF3,ok,1512.0,1918.0,0.22,"[-0.2, -0.1, 0.0]","[0.0, -0.0, 0.0]",14.456,14.719,0.34,12.855,8.318,74.0,79.5,SASDXF3_fit1_model1.pdb,
SASDXF6,ok,933.0,1703.0,19.0,"[-16.6, 3.5, 8.5]","[-0.0, 0.0, 0.0]",12.665,13.983,0.616,12.196,8.353,56.0,73.0,SASDXF6_fit1_model1.pdb,
SASDXF6,ok,933.0,1703.0,19.92,"[-17.2, 4.4, 9.0]","[-0.0, 0.0, 0.0]",12.358,13.63,0.569,12.655,8.18,44.0,61.0,SASDXF6_fit2_model1.pdb,
SASDXF6,ok,933.0,1703.0,19.0,"[-16.6, 3.5, 8.5]","[-0.0, 0.0, 0.0]",15.225,17.247,0.663,14.842,8.709,53.0,69.0,SASDXF6_fit3_model1.pdb,
SASDXG2,ok,834.0,950.0,0.85,"[0.4, -0.6, -0.4]","[-0.0, -0.0, -0.0]",6.78,6.128,0.332,5.731,2.856,90.5,64.0,SASDXG2_fit1_model1.pdb,
SASDXG2,ok,540.0,950.0,5.18,"[0.6, 4.6, 2.3]","[-0.0, -0.0, -0.0]",7.832,6.067,0.352,7.672,4.386,58.5,5.0,SASDXG2_fit1_model2.pdb,
SASDXG2,ok,834.0,950.0,0.85,"[0.4, -0.6, -0.4]","[-0.0, -0.0, -0.0]",6.78,6.128,0.332,5.731,2.856,90.5,64.0,SASDXG2_fit2_model1.pdb,
SASDXG2,ok,540.0,950.0,4.79,"[-2.3, 3.9, 1.6]","[-0.0, -0.0, -0.0]",7.577,6.311,0.419,7.355,5.649,67.0,4.0,SASDXG2_fit2_model2.pdb,
SASDXH2,ok,463.0,717.0,54.07,"[-52.3, 5.3, 12.6]","[-0.0, 0.0, -0.0]",28.58,26.721,0.991,27.646,20.783,68.5,36.0,SASDXH2_fit1_model1.pdb,
SASDXH7,ok,581.0,937.0,5.27,"[2.5, 0.6, -4.6]","[0.0, 0.0, 0.0]",7.841,6.029,0.341,30.096,7.731,0.5,0.0,SASDXH7_fit1_model1.pdb,
SASDXJ2,ok,924.0,1145.0,132.26,"[114.6, 62.3, 21.6]","[-0.0, -0.0, -0.0]",83.504,88.587,1.0,89.589,69.344,34.0,46.5,SASDXJ2_fit1_model1.pdb,
SASDXK2,ok,2420.0,581.0,31.02,"[29.5, 8.7, 4.0]","[0.0, -0.0, -0.0]",12.575,13.069,0.942,16.345,11.943,2.0,5.0,SASDXK2_fit1_model1.pdb,
SASDXQ9,ok,982.0,378.0,0.66,"[-0.3, 0.2, 0.6]","[-0.2, 0.0, -0.0]",10.399,17.364,0.358,15.527,6.796,11.0,94.0,SASDXQ9_fit1_model1.pdb,
SASDXQ9,ok,1021.0,378.0,80.85,"[-61.5, 47.3, -23.3]","[-0.2, 0.0, -0.0]",52.313,44.294,1.0,54.649,39.896,38.5,5.5,SASDXQ9_fit2_model1.pdb,
SASDXQ9,ok,1021.0,378.0,75.3,"[-61.0, 38.9, -21.5]","[-0.2, 0.0, -0.0]",48.739,41.77,1.0,47.575,35.001,56.5,17.0,SASDXQ9_fit2_model2.pdb,
SASDXQ9,ok,1021.0,378.0,86.03,"[-62.5, 43.9, -39.9]","[-0.2, 0.0, -0.0]",54.581,52.808,1.0,59.702,45.963,14.5,7.0,SASDXQ9_fit2_model3.pdb,
SASDXT3,ok,565.0,366.0,6.2,"[-3.3, 2.1, -4.7]","[0.1, -0.1, 0.1]",19.091,18.803,0.768,15.589,6.042,87.0,84.0,SASDXT3_fit1_model1.pdb,
SASDXT3,ok,572.0,366.0,3.61,"[2.2, -2.9, 0.4]","[0.1, -0.1, 0.1]",15.34,11.007,0.717,15.982,6.341,44.5,21.0,SASDXT3_fit2_model1.pdb,
SASDXT3,ok,559.0,366.0,5.12,"[-4.5, 2.0, 1.2]","[0.1, -0.1, 0.1]",14.664,16.632,0.705,15.257,6.529,45.0,66.0,SASDXT3_fit3_model1.pdb,
SASDXV3,ok,706.0,1241.0,136.8,"[80.0, 78.6, 78.3]","[-0.0, -0.0, -0.0]",103.005,103.581,1.0,100.299,83.979,60.5,63.5,SASDXV3_fit1_model1.pdb,
SASDXW3,ok,508.0,1349.0,68.95,"[21.9, 43.1, 49.1]","[0.0, 0.0, -0.0]",40.951,43.307,1.0,43.312,40.928,0.5,50.0,SASDXW3_fit1_model1.pdb,
SASDXX3,ok,494.0,1489.0,16.53,"[-0.0, 0.0, -16.5]","[-0.0, -0.0, 0.0]",5.783,6.027,0.348,6.215,5.698,2.0,22.0,SASDXX3_fit1_model1.pdb,
SASDXX4,ok,651.0,1143.0,1.97,"[-0.4, -1.5, -1.2]","[-0.0, -0.0, -0.0]",4.341,6.305,0.212,5.548,3.873,4.0,79.0,SASDXX4_fit1_model1.pdb,
SASDXY3,ok,506.0,1507.0,15.55,"[-0.0, -0.0, -15.5]","[0.0, -0.0, -0.0]",5.743,5.827,0.338,6.027,5.533,7.0,19.0,SASDXY3_fit1_model1.pdb,
SASDXY4,ok,613.0,1208.0,0.75,"[0.5, -0.5, -0.2]","[-0.0, 0.0, 0.0]",5.089,5.767,0.282,5.355,3.789,38.0,64.5,SASDXY4_fit1_model1.pdb,
SASDYD4,ok,301.0,156.0,9.65,"[3.8, -2.9, 7.9]","[-0.1, 0.6, -0.2]",37.158,35.491,0.684,33.67,13.165,77.0,64.5,SASDYD4_fit1_model1.pdb,
SASDYD4,ok,296.0,156.0,10.64,"[-3.9, 7.2, 7.2]","[-0.1, 0.6, -0.2]",33.539,35.525,0.622,32.947,15.194,53.5,63.5,SASDYD4_fit2_model1.pdb,
SASDYD4,ok,300.0,156.0,11.17,"[7.3, -5.2, 5.9]","[-0.1, 0.6, -0.2]",34.762,33.851,0.687,33.392,15.586,61.0,52.5,SASDYD4_fit3_model1.pdb,
SASDYE4,ok,322.0,232.0,8.02,"[2.5, -0.3, -7.8]","[0.3, 0.1, -0.2]",25.427,28.985,0.758,23.716,11.401,64.0,85.0,SASDYE4_fit1_model1.pdb,
SASDYE4,ok,326.0,232.0,1.62,"[1.0, -1.2, -0.8]","[0.3, 0.1, -0.2]",28.864,13.397,0.761,23.406,10.182,87.0,4.0,SASDYE4_fit2_model1.pdb,
SASDYE4,ok,321.0,232.0,8.61,"[0.1, 6.6, 5.4]","[0.3, 0.1, -0.2]",27.405,33.862,0.701,24.352,12.996,72.5,98.0,SASDYE4_fit3_model1.pdb,
